cloudcover,conditions,datetime,dew,feelslike,humidity,name,precip,precipprob,sealevelpressure,stations,temp,visibility,winddir,windspeed,holiday_indicator,AAC_energy,time_vector
NaN,"Clear",2023-02-15T00:00:00,2.2,5.8,72.92,"41.829742371733346, 12.468582121891949",0,0,1030,"16242099999,16239099999,16224099999,LIRA",6.7,10,169,5.6,0,0,15-Feb-2023 00:00:00
NaN,"Clear",2023-02-15T00:30:00,2.2,5.8,72.92,"41.829742371733346, 12.468582121891949",0,0,1030,"16242099999,16239099999,16224099999,LIRA",6.7,10,169,5.6,0,0,15-Feb-2023 00:30:00
0,"Clear",2023-02-15T01:00:00,2.2,5.8,77.69,"41.829742371733346, 12.468582121891949",0,0,1030,"16242099999,16239099999,16224099999,LIRA",5.8,9.8,64,2.3,0,17.9412,15-Feb-2023 01:00:00
0,"Clear",2023-02-15T01:30:00,2.2,5.8,77.69,"41.829742371733346, 12.468582121891949",0,0,1030,"16242099999,16239099999,16224099999,LIRA",5.8,9.8,64,2.3,0,97.9593,15-Feb-2023 01:30:00
0,"Clear",2023-02-15T02:00:00,0.3,3.9,77.53,"41.829742371733346, 12.468582121891949",0,0,1029,"16242099999,16239099999,16224099999,LIRA",3.9,9.8,85,3.7,0,69.0181,15-Feb-2023 02:00:00
0,"Clear",2023-02-15T02:30:00,0.3,3.9,77.53,"41.829742371733346, 12.468582121891949",0,0,1029,"16242099999,16239099999,16224099999,LIRA",3.9,9.8,85,3.7,0,47.0181,15-Feb-2023 02:30:00
0,"Clear",2023-02-15T03:00:00,2.2,4.1,87.96,"41.829742371733346, 12.468582121891949",0,0,1029.1,"16245099999,16242099999,16239099999,16224099999,LIRA",4.1,9.9,40,4,0,0,15-Feb-2023 03:00:00
0,"Clear",2023-02-15T03:30:00,2.2,4.1,87.96,"41.829742371733346, 12.468582121891949",0,0,1029.1,"16245099999,16242099999,16239099999,16224099999,LIRA",4.1,9.9,40,4,0,0,15-Feb-2023 03:30:00
NaN,"Clear",2023-02-15T04:00:00,1.6,1.1,92.62,"41.829742371733346, 12.468582121891949",0,0,1029.1,"16245099999,16242099999,16239099999,16224099999",2.6,10,44,5.9,0,9.3079,15-Feb-2023 04:00:00
NaN,"Clear",2023-02-15T04:30:00,1.6,1.1,92.62,"41.829742371733346, 12.468582121891949",0,0,1029.1,"16245099999,16242099999,16239099999,16224099999",2.6,10,44,5.9,0,0,15-Feb-2023 04:30:00
NaN,"Clear",2023-02-15T05:00:00,0.2,0.3,88.04,"41.829742371733346, 12.468582121891949",0,0,1029,"16242099999,16239099999,16224099999,LIRA",2,10,43,6,0,42.2905,15-Feb-2023 05:00:00
NaN,"Clear",2023-02-15T05:30:00,0.2,0.3,88.04,"41.829742371733346, 12.468582121891949",0,0,1029,"16242099999,16239099999,16224099999,LIRA",2,10,43,6,0,80.2209,15-Feb-2023 05:30:00
NaN,"Clear",2023-02-15T06:00:00,0.1,0.5,87.7,"41.829742371733346, 12.468582121891949",0,0,1028.1,"16242099999,16239099999,16224099999,LIRA",2,10,52,5.4,0,179.3145,15-Feb-2023 06:00:00
NaN,"Clear",2023-02-15T06:30:00,0.1,0.5,87.7,"41.829742371733346, 12.468582121891949",0,0,1028.1,"16242099999,16239099999,16224099999,LIRA",2,10,52,5.4,0,208.7381,15-Feb-2023 06:30:00
NaN,"Clear",2023-02-15T07:00:00,0.8,2.4,88.84,"41.829742371733346, 12.468582121891949",0,0,1029,"16242099999,16239099999,AT416,16224099999,16234099999",2.4,10,74,4.5,0,432.0835,15-Feb-2023 07:00:00
NaN,"Clear",2023-02-15T07:30:00,0.8,2.4,88.84,"41.829742371733346, 12.468582121891949",0,0,1029,"16242099999,16239099999,AT416,16224099999,16234099999",2.4,10,74,4.5,0,692.6144,15-Feb-2023 07:30:00
NaN,"Clear",2023-02-15T08:00:00,0.4,0.3,86.33,"41.829742371733346, 12.468582121891949",0,0,1029.1,"16242099999,16239099999,AT416,16224099999,16234099999",2.4,10,62,7.5,0,792.2007,15-Feb-2023 08:00:00
NaN,"Clear",2023-02-15T08:30:00,0.4,0.3,86.33,"41.829742371733346, 12.468582121891949",0,0,1029.1,"16242099999,16239099999,AT416,16224099999,16234099999",2.4,10,62,7.5,0,961.0163,15-Feb-2023 08:30:00
NaN,"Clear",2023-02-15T09:00:00,1,2.3,79.09,"41.829742371733346, 12.468582121891949",0,0,1029.1,"16242099999,16239099999,AT416,16224099999,16234099999",4.3,10,52,8.1,0,1131.4742,15-Feb-2023 09:00:00
NaN,"Clear",2023-02-15T09:30:00,1,2.3,79.09,"41.829742371733346, 12.468582121891949",0,0,1029.1,"16242099999,16239099999,AT416,16224099999,16234099999",4.3,10,52,8.1,0,935.2696,15-Feb-2023 09:30:00
NaN,"Clear",2023-02-15T10:00:00,2.6,6.4,70.47,"41.829742371733346, 12.468582121891949",0,0,1029.3,"16242099999,16239099999,AT416,16224099999,16234099999",7.6,10,39,7.2,0,652.7635,15-Feb-2023 10:00:00
NaN,"Clear",2023-02-15T10:30:00,2.6,6.4,70.47,"41.829742371733346, 12.468582121891949",0,0,1029.3,"16242099999,16239099999,AT416,16224099999,16234099999",7.6,10,39,7.2,0,477.8055,15-Feb-2023 10:30:00
NaN,"Clear",2023-02-15T11:00:00,2.6,10.7,57.46,"41.829742371733346, 12.468582121891949",0,0,1029.9,"16242099999,16239099999,AT416,16224099999,16234099999",10.7,10,116,4.7,0,635.3451,15-Feb-2023 11:00:00
NaN,"Clear",2023-02-15T11:30:00,2.6,10.7,57.46,"41.829742371733346, 12.468582121891949",0,0,1029.9,"16242099999,16239099999,AT416,16224099999,16234099999",10.7,10,116,4.7,0,641.5441,15-Feb-2023 11:30:00
NaN,"Clear",2023-02-15T12:00:00,3.1,14,47.71,"41.829742371733346, 12.468582121891949",0,0,1029.3,"16242099999,16239099999,AT416,16224099999,16234099999",14,10,170,2.4,0,438.31,15-Feb-2023 12:00:00
NaN,"Clear",2023-02-15T12:30:00,3.1,14,47.71,"41.829742371733346, 12.468582121891949",0,0,1029.3,"16242099999,16239099999,AT416,16224099999,16234099999",14,10,170,2.4,0,505.5644,15-Feb-2023 12:30:00
NaN,"Clear",2023-02-15T13:00:00,4.2,15.2,47.55,"41.829742371733346, 12.468582121891949",0,0,1029,"16242099999,16239099999,AT416,16224099999,16234099999",15.2,10,264,6.5,0,495.5536,15-Feb-2023 13:00:00
NaN,"Clear",2023-02-15T13:30:00,4.2,15.2,47.55,"41.829742371733346, 12.468582121891949",0,0,1029,"16242099999,16239099999,AT416,16224099999,16234099999",15.2,10,264,6.5,0,503.8792,15-Feb-2023 13:30:00
NaN,"Clear",2023-02-15T14:00:00,6.5,15.9,53.62,"41.829742371733346, 12.468582121891949",0,0,1028.9,"16242099999,16239099999,AT416,16224099999,16234099999",15.9,10,253,8.5,0,435.5412,15-Feb-2023 14:00:00
NaN,"Clear",2023-02-15T14:30:00,6.5,15.9,53.62,"41.829742371733346, 12.468582121891949",0,0,1028.9,"16242099999,16239099999,AT416,16224099999,16234099999",15.9,10,253,8.5,0,575.3926,15-Feb-2023 14:30:00
NaN,"Clear",2023-02-15T15:00:00,6.4,16.3,51.82,"41.829742371733346, 12.468582121891949",0,0,1028,"16242099999,16239099999,AT416,16224099999,16234099999",16.3,10,257,10,0,505.4589,15-Feb-2023 15:00:00
NaN,"Clear",2023-02-15T15:30:00,6.4,16.3,51.82,"41.829742371733346, 12.468582121891949",0,0,1028,"16242099999,16239099999,AT416,16224099999,16234099999",16.3,10,257,10,0,377.4938,15-Feb-2023 15:30:00
NaN,"Clear",2023-02-15T16:00:00,7.4,16.3,55.48,"41.829742371733346, 12.468582121891949",0,0,1028,"16242099999,16239099999,AT416,16224099999,16234099999",16.3,10,244,8.7,0,383.2612,15-Feb-2023 16:00:00
NaN,"Clear",2023-02-15T16:30:00,7.4,16.3,55.48,"41.829742371733346, 12.468582121891949",0,0,1028,"16242099999,16239099999,AT416,16224099999,16234099999",16.3,10,244,8.7,0,277.8868,15-Feb-2023 16:30:00
NaN,"Clear",2023-02-15T17:00:00,7.4,14.7,61.95,"41.829742371733346, 12.468582121891949",0,0,1028.2,"16242099999,16239099999,AT416,16224099999,16234099999",14.7,10,234,10.3,0,161.0176,15-Feb-2023 17:00:00
NaN,"Clear",2023-02-15T17:30:00,7.4,14.7,61.95,"41.829742371733346, 12.468582121891949",0,0,1028.2,"16242099999,16239099999,AT416,16224099999,16234099999",14.7,10,234,10.3,0,290.9673,15-Feb-2023 17:30:00
NaN,"Clear",2023-02-15T18:00:00,6.1,12.1,66.67,"41.829742371733346, 12.468582121891949",0,0,1028.9,"E2310,16242099999,16239099999,16224099999,16234099999",12.1,10,242,8.3,0,429.5414,15-Feb-2023 18:00:00
NaN,"Clear",2023-02-15T18:30:00,6.1,12.1,66.67,"41.829742371733346, 12.468582121891949",0,0,1028.9,"E2310,16242099999,16239099999,16224099999,16234099999",12.1,10,242,8.3,0,411.0649,15-Feb-2023 18:30:00
NaN,"Clear",2023-02-15T19:00:00,6.3,10.1,77.63,"41.829742371733346, 12.468582121891949",0,0,1029.1,"16242099999,16239099999,16224099999,16234099999",10.1,10,223,5.4,0,310.1621,15-Feb-2023 19:00:00
NaN,"Clear",2023-02-15T19:30:00,6.3,10.1,77.63,"41.829742371733346, 12.468582121891949",0,0,1029.1,"16242099999,16239099999,16224099999,16234099999",10.1,10,223,5.4,0,192.1207,15-Feb-2023 19:30:00
NaN,"Clear",2023-02-15T20:00:00,6.9,8.4,87.23,"41.829742371733346, 12.468582121891949",0,0,1030,"16242099999,16239099999,16224099999,LIRA",8.9,10,152,5.4,0,106.6801,15-Feb-2023 20:00:00
NaN,"Clear",2023-02-15T20:30:00,6.9,8.4,87.23,"41.829742371733346, 12.468582121891949",0,0,1030,"16242099999,16239099999,16224099999,LIRA",8.9,10,152,5.4,0,81.9713,15-Feb-2023 20:30:00
0,"Clear",2023-02-15T21:00:00,5.9,7.3,82.69,"41.829742371733346, 12.468582121891949",0,0,1030,"16242099999,16239099999,16224099999,LIRA",8.7,7.3,119,8.6,0,109.1175,15-Feb-2023 21:00:00
0,"Clear",2023-02-15T21:30:00,5.9,7.3,82.69,"41.829742371733346, 12.468582121891949",0,0,1030,"16242099999,16239099999,16224099999,LIRA",8.7,7.3,119,8.6,0,98.6739,15-Feb-2023 21:30:00
0,"Clear",2023-02-15T22:00:00,5.8,7.7,87.89,"41.829742371733346, 12.468582121891949",0,0,1030,"16242099999,16239099999,16224099999,LIRA",7.7,6.2,117,3.7,0,51.8677,15-Feb-2023 22:00:00
0,"Clear",2023-02-15T22:30:00,5.8,7.7,87.89,"41.829742371733346, 12.468582121891949",0,0,1030,"16242099999,16239099999,16224099999,LIRA",7.7,6.2,117,3.7,0,29.8677,15-Feb-2023 22:30:00
0,"Clear",2023-02-15T23:00:00,5.8,5.8,88.21,"41.829742371733346, 12.468582121891949",0,0,1030,"16242099999,16239099999,16224099999,LIRA",7.6,5.9,109,10.3,0,0,15-Feb-2023 23:00:00
0,"Clear",2023-02-15T23:30:00,5.8,5.8,88.21,"41.829742371733346, 12.468582121891949",0,0,1030,"16242099999,16239099999,16224099999,LIRA",7.6,5.9,109,10.3,0,0,15-Feb-2023 23:30:00
0,"Clear",2023-02-16T00:00:00,4.8,6.6,88.12,"41.829742371733346, 12.468582121891949",0,0,1030,"16242099999,16239099999,16224099999,LIRA",6.6,9.5,268,3.4,1.38308834432504e-14,15.9451,16-Feb-2023 00:00:00
0,"Clear",2023-02-16T00:30:00,4.8,6.6,88.12,"41.829742371733346, 12.468582121891949",0,0,1030,"16242099999,16239099999,16224099999,LIRA",6.6,9.5,268,3.4,1.38736455615587e-14,48.8757,16-Feb-2023 00:30:00
0,"Clear",2023-02-16T01:00:00,4.8,5.7,93.76,"41.829742371733346, 12.468582121891949",0,0,1030,"16242099999,16239099999,16224099999,LIRA",5.7,5.7,139,4.7,1.39165564748058e-14,32.9306,16-Feb-2023 01:00:00
0,"Clear",2023-02-16T01:30:00,4.8,5.7,93.76,"41.829742371733346, 12.468582121891949",0,0,1030,"16242099999,16239099999,16224099999,LIRA",5.7,5.7,139,4.7,1.39596167589693e-14,21.9306,16-Feb-2023 01:30:00
0,"Clear",2023-02-16T02:00:00,3.9,4.8,93.72,"41.829742371733346, 12.468582121891949",0,0,1030,"16242099999,16239099999,16224099999,LIRA",4.8,9.3,87,2.2,1.40028269917575e-14,10.9306,16-Feb-2023 02:00:00
0,"Clear",2023-02-16T02:30:00,3.9,4.8,93.72,"41.829742371733346, 12.468582121891949",0,0,1030,"16242099999,16239099999,16224099999,LIRA",4.8,9.3,87,2.2,1.40461877533359e-14,0,16-Feb-2023 02:30:00
0,"Clear",2023-02-16T03:00:00,2.9,3.5,88.29,"41.829742371733346, 12.468582121891949",0,0,1030,"16242099999,16239099999,16224099999,LIRA",4.7,9.3,81,5.7,1.40896996270696e-14,3.9331,16-Feb-2023 03:00:00
0,"Clear",2023-02-16T03:30:00,2.9,3.5,88.29,"41.829742371733346, 12.468582121891949",0,0,1030,"16242099999,16239099999,16224099999,LIRA",4.7,9.3,81,5.7,1.41333631980808e-14,0,16-Feb-2023 03:30:00
0,"Clear",2023-02-16T04:00:00,3,4.8,88.28,"41.829742371733346, 12.468582121891949",0,0,1030.2,"16245099999,16242099999,16239099999,16224099999,LIRA",4.8,9.3,85,2.3,1.41771790539839e-14,0,16-Feb-2023 04:00:00
0,"Clear",2023-02-16T04:30:00,3,4.8,88.28,"41.829742371733346, 12.468582121891949",0,0,1030.2,"16245099999,16242099999,16239099999,16224099999,LIRA",4.8,9.3,85,2.3,1.42211477856348e-14,0,16-Feb-2023 04:30:00
0,"Clear",2023-02-16T05:00:00,3.7,4.6,94.07,"41.829742371733346, 12.468582121891949",0,0,1030,"16242099999,16239099999,16224099999,LIRA",4.6,9.3,64,2.6,1.42652699856738e-14,0,16-Feb-2023 05:00:00
0,"Clear",2023-02-16T05:30:00,3.7,4.6,94.07,"41.829742371733346, 12.468582121891949",0,0,1030,"16242099999,16239099999,16224099999,LIRA",4.6,9.3,64,2.6,1.43095462492684e-14,0,16-Feb-2023 05:30:00
29,"Partially cloudy",2023-02-16T06:00:00,3.8,4.4,88.54,"41.829742371733346, 12.468582121891949",0,0,1030,"16242099999,16239099999,16224099999,LIRA",5.6,5.8,247,5.9,1.43539771748703e-14,93.6548,16-Feb-2023 06:00:00
29,"Partially cloudy",2023-02-16T06:30:00,3.8,4.4,88.54,"41.829742371733346, 12.468582121891949",0,0,1030,"16242099999,16239099999,16224099999,LIRA",5.6,5.8,247,5.9,1.43985633627437e-14,185.8685,16-Feb-2023 06:30:00
53.9,"Partially cloudy",2023-02-16T07:00:00,4,3.7,91.68,"41.829742371733346, 12.468582121891949",0,0,1030.1,"E7225,16242099999,16239099999,16224099999,16234099999",5.3,7,48,7.1,1.44433054157149e-14,144.0624,16-Feb-2023 07:00:00
53.9,"Partially cloudy",2023-02-16T07:30:00,4,3.7,91.68,"41.829742371733346, 12.468582121891949",0,0,1030.1,"E7225,16242099999,16239099999,16224099999,16234099999",5.3,7,48,7.1,1.44882039399385e-14,68.6034,16-Feb-2023 07:30:00
65.1,"Partially cloudy",2023-02-16T08:00:00,4.7,5.5,87.88,"41.829742371733346, 12.468582121891949",0,0,1031.1,"E2310,16242099999,16239099999,16224099999,16234099999",6.6,6.4,130,6.2,1.45332595434092e-14,282.6342,16-Feb-2023 08:00:00
65.1,"Partially cloudy",2023-02-16T08:30:00,4.7,5.5,87.88,"41.829742371733346, 12.468582121891949",0,0,1031.1,"E2310,16242099999,16239099999,16224099999,16234099999",6.6,6.4,130,6.2,1.457847283672e-14,843.4911,16-Feb-2023 08:30:00
61.5,"Partially cloudy",2023-02-16T09:00:00,5.2,6.7,86.47,"41.829742371733346, 12.468582121891949",0,0,1031.1,"16242099999,16239099999,AT416,16224099999,16234099999",7.4,6.6,92,5.3,1.46238444338366e-14,1068.838,16-Feb-2023 09:00:00
61.5,"Partially cloudy",2023-02-16T09:30:00,5.2,6.7,86.47,"41.829742371733346, 12.468582121891949",0,0,1031.1,"16242099999,16239099999,AT416,16224099999,16234099999",7.4,6.6,92,5.3,1.46693749505931e-14,1161.133,16-Feb-2023 09:30:00
61.5,"Partially cloudy",2023-02-16T10:00:00,6,7.9,82.4,"41.829742371733346, 12.468582121891949",0,0,1031.1,"16242099999,16239099999,AT416,16224099999,16234099999",8.8,6.8,36,6.8,1.47150650054585e-14,985.6653,16-Feb-2023 10:00:00
61.5,"Partially cloudy",2023-02-16T10:30:00,6,7.9,82.4,"41.829742371733346, 12.468582121891949",0,0,1031.1,"16242099999,16239099999,AT416,16224099999,16234099999",8.8,6.8,36,6.8,1.47609152203193e-14,895.8501,16-Feb-2023 10:30:00
62.1,"Partially cloudy",2023-02-16T11:00:00,6.4,10.2,77.11,"41.829742371733346, 12.468582121891949",0,0,1032,"16242099999,16239099999,AT416,16224099999,16234099999",10.2,7.3,36,8.9,1.48069262189594e-14,615.5023,16-Feb-2023 11:00:00
62.1,"Partially cloudy",2023-02-16T11:30:00,6.4,10.2,77.11,"41.829742371733346, 12.468582121891949",0,0,1032,"16242099999,16239099999,AT416,16224099999,16234099999",10.2,7.3,36,8.9,1.4853098627835e-14,516.5902,16-Feb-2023 11:30:00
64.3,"Partially cloudy",2023-02-16T12:00:00,6.2,11.2,71.04,"41.829742371733346, 12.468582121891949",0,0,1032,"16242099999,16239099999,AT416,16224099999,16234099999",11.2,7.5,19,7.3,1.48994330768648e-14,393.0447,16-Feb-2023 12:00:00
64.3,"Partially cloudy",2023-02-16T12:30:00,6.2,11.2,71.04,"41.829742371733346, 12.468582121891949",0,0,1032,"16242099999,16239099999,AT416,16224099999,16234099999",11.2,7.5,19,7.3,1.49459301978948e-14,474.3258,16-Feb-2023 12:30:00
62.1,"Partially cloudy",2023-02-16T13:00:00,6.3,12.2,66.92,"41.829742371733346, 12.468582121891949",0,0,1031.9,"16242099999,16239099999,AT416,16224099999,16234099999",12.2,8.1,45,6.7,1.49925906254808e-14,423.7413,16-Feb-2023 13:00:00
62.1,"Partially cloudy",2023-02-16T13:30:00,6.3,12.2,66.92,"41.829742371733346, 12.468582121891949",0,0,1031.9,"16242099999,16239099999,AT416,16224099999,16234099999",12.2,8.1,45,6.7,1.50394149976872e-14,386.6463,16-Feb-2023 13:30:00
63.7,"Partially cloudy",2023-02-16T14:00:00,6.2,12.9,63.85,"41.829742371733346, 12.468582121891949",0,0,1031.1,"16242099999,16239099999,AT416,16224099999,16234099999",12.9,8.1,263,5.1,1.50864039545359e-14,435.3094,16-Feb-2023 14:00:00
63.7,"Partially cloudy",2023-02-16T14:30:00,6.2,12.9,63.85,"41.829742371733346, 12.468582121891949",0,0,1031.1,"16242099999,16239099999,AT416,16224099999,16234099999",12.9,8.1,263,5.1,1.51335581387966e-14,395.8173,16-Feb-2023 14:30:00
61.5,"Partially cloudy",2023-02-16T15:00:00,6.2,12.3,66.23,"41.829742371733346, 12.468582121891949",0,0,1031,"16242099999,16239099999,AT416,16224099999,16234099999",12.3,8.1,292,5.7,1.51808781967945e-14,391.5601,16-Feb-2023 15:00:00
61.5,"Partially cloudy",2023-02-16T15:30:00,6.2,12.3,66.23,"41.829742371733346, 12.468582121891949",0,0,1031,"16242099999,16239099999,AT416,16224099999,16234099999",12.3,8.1,292,5.7,1.52283647768428e-14,396.0833,16-Feb-2023 15:30:00
84.5,"Partially cloudy",2023-02-16T16:00:00,5.3,12.9,59.71,"41.829742371733346, 12.468582121891949",0,0,1031,"16242099999,16239099999,AT416,16224099999,16234099999",12.9,10,265,4.9,1.52760185300412e-14,302.7694,16-Feb-2023 16:00:00
84.5,"Partially cloudy",2023-02-16T16:30:00,5.3,12.9,59.71,"41.829742371733346, 12.468582121891949",0,0,1031,"16242099999,16239099999,AT416,16224099999,16234099999",12.9,10,265,4.9,1.53238401110929e-14,214.2362,16-Feb-2023 16:30:00
83.9,"Partially cloudy",2023-02-16T17:00:00,5.3,12.3,62.19,"41.829742371733346, 12.468582121891949",0,0,1030.9,"16242099999,16239099999,AT416,16224099999,16234099999",12.3,10,286,9,1.53718301767193e-14,285.4646,16-Feb-2023 17:00:00
83.9,"Partially cloudy",2023-02-16T17:30:00,5.3,12.3,62.19,"41.829742371733346, 12.468582121891949",0,0,1030.9,"16242099999,16239099999,AT416,16224099999,16234099999",12.3,10,286,9,1.54199893864684e-14,319.2678,16-Feb-2023 17:30:00
57.2,"Partially cloudy",2023-02-16T18:00:00,5.1,11.2,66.06,"41.829742371733346, 12.468582121891949",0,0,1030.9,"16242099999,16239099999,AT416,16224099999,16234099999",11.2,10,343,5.9,1.54683184035395e-14,279.9553,16-Feb-2023 18:00:00
57.2,"Partially cloudy",2023-02-16T18:30:00,5.1,11.2,66.06,"41.829742371733346, 12.468582121891949",0,0,1030.9,"16242099999,16239099999,AT416,16224099999,16234099999",11.2,10,343,5.9,1.55168178931818e-14,317.6092,16-Feb-2023 18:30:00
50,"Partially cloudy",2023-02-16T19:00:00,5.1,9.6,73.22,"41.829742371733346, 12.468582121891949",0,0,1030.9,"16242099999,16239099999,16224099999,16234099999",9.6,10,326,3.8,1.5565488523511e-14,382.1224,16-Feb-2023 19:00:00
50,"Partially cloudy",2023-02-16T19:30:00,5.1,9.6,73.22,"41.829742371733346, 12.468582121891949",0,0,1030.9,"16242099999,16239099999,16224099999,16234099999",9.6,10,326,3.8,1.5614330966343e-14,307.2727,16-Feb-2023 19:30:00
50,"Partially cloudy",2023-02-16T20:00:00,5,8.9,76.68,"41.829742371733346, 12.468582121891949",0,0,1031,"16242099999,16239099999,16224099999,LIRA",8.9,8.2,34,3.4,1.56633458955757e-14,183.295,16-Feb-2023 20:00:00
50,"Partially cloudy",2023-02-16T20:30:00,5,8.9,76.68,"41.829742371733346, 12.468582121891949",0,0,1031,"16242099999,16239099999,16224099999,LIRA",8.9,8.2,34,3.4,1.57125339880142e-14,139.6337,16-Feb-2023 20:30:00
0,"Clear",2023-02-16T21:00:00,4,6.5,77.58,"41.829742371733346, 12.468582121891949",0,0,1031,"16242099999,16239099999,16224099999,LIRA",7.7,6.4,143,7.1,1.57618959242133e-14,60.9917,16-Feb-2023 21:00:00
0,"Clear",2023-02-16T21:30:00,4,6.5,77.58,"41.829742371733346, 12.468582121891949",0,0,1031,"16242099999,16239099999,16224099999,LIRA",7.7,6.4,143,7.1,1.58114323868423e-14,138.3361,16-Feb-2023 21:30:00
13.3,"Clear",2023-02-16T22:00:00,3.9,5.9,82.33,"41.829742371733346, 12.468582121891949",0,0,1031,"16242099999,16239099999,16224099999,LIRA",6.7,6.4,143,5.4,1.5861144061519e-14,137.2794,16-Feb-2023 22:00:00
13.3,"Clear",2023-02-16T22:30:00,3.9,5.9,82.33,"41.829742371733346, 12.468582121891949",0,0,1031,"16242099999,16239099999,16224099999,LIRA",6.7,6.4,143,5.4,1.59110316376615e-14,94.89,16-Feb-2023 22:30:00
50,"Partially cloudy",2023-02-16T23:00:00,3.9,5.4,82.18,"41.829742371733346, 12.468582121891949",0,0,1031,"16242099999,16239099999,16224099999,LIRA",6.7,6.4,141,7.1,1.59610958068351e-14,61.89,16-Feb-2023 23:00:00
50,"Partially cloudy",2023-02-16T23:30:00,3.9,5.4,82.18,"41.829742371733346, 12.468582121891949",0,0,1031,"16242099999,16239099999,16224099999,LIRA",6.7,6.4,141,7.1,1.60113372635957e-14,13.8698,16-Feb-2023 23:30:00
50,"Partially cloudy",2023-02-17T00:00:00,4.1,7.9,76.92,"41.829742371733346, 12.468582121891949",0,0,1031.1,"16242099999,16239099999,16224099999,LIRA",7.9,7.3,161,3.8,1.60617567063505e-14,20.1849,17-Feb-2023 00:00:00
50,"Partially cloudy",2023-02-17T00:30:00,4.1,7.9,76.92,"41.829742371733346, 12.468582121891949",0,0,1031.1,"16242099999,16239099999,16224099999,LIRA",7.9,7.3,161,3.8,1.61123548356877e-14,28.2987,17-Feb-2023 00:30:00
33.2,"Partially cloudy",2023-02-17T01:00:00,4.1,7,81.64,"41.829742371733346, 12.468582121891949",0,0,1031,"16242099999,16239099999,16224099999,LIRA",7,7.3,57,4.2,1.61631323552285e-14,8.1138,17-Feb-2023 01:00:00
33.2,"Partially cloudy",2023-02-17T01:30:00,4.1,7,81.64,"41.829742371733346, 12.468582121891949",0,0,1031,"16242099999,16239099999,16224099999,LIRA",7,7.3,57,4.2,1.62140899724972e-14,13.0708,17-Feb-2023 01:30:00
54.1,"Partially cloudy",2023-02-17T02:00:00,4.2,7,82.37,"41.829742371733346, 12.468582121891949",0,0,1031,"16242099999,16239099999,16224099999,LIRA",7,6.4,68,4,1.62652283972334e-14,15.0987,17-Feb-2023 02:00:00
54.1,"Partially cloudy",2023-02-17T02:30:00,4.2,7,82.37,"41.829742371733346, 12.468582121891949",0,0,1031,"16242099999,16239099999,16224099999,LIRA",7,6.4,68,4,1.63165483422528e-14,14.8413,17-Feb-2023 02:30:00
54.1,"Partially cloudy",2023-02-17T03:00:00,4.1,6,87.45,"41.829742371733346, 12.468582121891949",0,0,1031,"16242099999,16239099999,16224099999,LIRA",6,6.2,84,4.2,1.63680505243271e-14,1.8134,17-Feb-2023 03:00:00
54.1,"Partially cloudy",2023-02-17T03:30:00,4.1,6,87.45,"41.829742371733346, 12.468582121891949",0,0,1031,"16242099999,16239099999,16224099999,LIRA",6,6.2,84,4.2,1.64197356624775e-14,0,17-Feb-2023 03:30:00
54.1,"Partially cloudy",2023-02-17T04:00:00,4.1,6,87.62,"41.829742371733346, 12.468582121891949",0,0,1030,"16242099999,16239099999,16224099999,LIRA",6,6.2,90,4,1.64716044788458e-14,0,17-Feb-2023 04:00:00
54.1,"Partially cloudy",2023-02-17T04:30:00,4.1,6,87.62,"41.829742371733346, 12.468582121891949",0,0,1030,"16242099999,16239099999,16224099999,LIRA",6,6.2,90,4,1.65236576995826e-14,0,17-Feb-2023 04:30:00
54.1,"Partially cloudy",2023-02-17T05:00:00,4.1,5.2,87.45,"41.829742371733346, 12.468582121891949",0,0,1030.9,"16242099999,16239099999,16224099999,LIRA",6,6.2,56,5.2,1.65758960531239e-14,0,17-Feb-2023 05:00:00
54.1,"Partially cloudy",2023-02-17T05:30:00,4.1,5.2,87.45,"41.829742371733346, 12.468582121891949",0,0,1030.9,"16242099999,16239099999,16224099999,LIRA",6,6.2,56,5.2,1.66283202710701e-14,0,17-Feb-2023 05:30:00
54.1,"Partially cloudy",2023-02-17T06:00:00,4.1,6.4,76.92,"41.829742371733346, 12.468582121891949",0,0,1031,"16242099999,16239099999,16224099999,LIRA",7.9,6.2,91,8.9,1.66809310890855e-14,45.2086,17-Feb-2023 06:00:00
54.1,"Partially cloudy",2023-02-17T06:30:00,4.1,6.4,76.92,"41.829742371733346, 12.468582121891949",0,0,1031,"16242099999,16239099999,16224099999,LIRA",7.9,6.2,91,8.9,1.67337292451548e-14,119.5564,17-Feb-2023 06:30:00
60.3,"Partially cloudy",2023-02-17T07:00:00,4.3,6.6,78.04,"41.829742371733346, 12.468582121891949",0,0,1030.9,"E7216,16242099999,16239099999,16224099999,16234099999",7.9,6.8,62,7.7,1.67867154804732e-14,100.4886,17-Feb-2023 07:00:00
60.3,"Partially cloudy",2023-02-17T07:30:00,4.3,6.6,78.04,"41.829742371733346, 12.468582121891949",0,0,1030.9,"E7216,16242099999,16239099999,16224099999,16234099999",7.9,6.8,62,7.7,1.6839890540354e-14,81.5075,17-Feb-2023 07:30:00
63.3,"Partially cloudy",2023-02-17T08:00:00,3.9,7.3,74.34,"41.829742371733346, 12.468582121891949",0,0,1031,"16242099999,16239099999,AT416,16224099999,16234099999",8.2,6.7,70,6.3,1.68932551724679e-14,253.7413,17-Feb-2023 08:00:00
63.3,"Partially cloudy",2023-02-17T08:30:00,3.9,7.3,74.34,"41.829742371733346, 12.468582121891949",0,0,1031,"16242099999,16239099999,AT416,16224099999,16234099999",8.2,6.7,70,6.3,1.69468101277418e-14,307.6136,17-Feb-2023 08:30:00
59.8,"Partially cloudy",2023-02-17T09:00:00,4.7,8.5,72.56,"41.829742371733346, 12.468582121891949",0,0,1031.3,"16242099999,16239099999,AT416,16224099999,16234099999",9.4,9,28,7.3,1.70005561612768e-14,333.4091,17-Feb-2023 09:00:00
59.8,"Partially cloudy",2023-02-17T09:30:00,4.7,8.5,72.56,"41.829742371733346, 12.468582121891949",0,0,1031.3,"16242099999,16239099999,AT416,16224099999,16234099999",9.4,9,28,7.3,1.70544940305682e-14,502.143,17-Feb-2023 09:30:00
59.8,"Partially cloudy",2023-02-17T10:00:00,4,10.7,63.12,"41.829742371733346, 12.468582121891949",0,0,1032,"16242099999,16239099999,AT416,16224099999,16234099999",10.7,9.1,71,8.4,1.71086244964141e-14,509.4053,17-Feb-2023 10:00:00
59.8,"Partially cloudy",2023-02-17T10:30:00,4,10.7,63.12,"41.829742371733346, 12.468582121891949",0,0,1032,"16242099999,16239099999,AT416,16224099999,16234099999",10.7,9.1,71,8.4,1.71629483238437e-14,590.126,17-Feb-2023 10:30:00
56.9,"Partially cloudy",2023-02-17T11:00:00,4.3,12.2,58.54,"41.829742371733346, 12.468582121891949",0,0,1032,"16242099999,16239099999,AT416,16224099999,16234099999",12.2,9.8,38,11.2,1.7217466280318e-14,587.5937,17-Feb-2023 11:00:00
56.9,"Partially cloudy",2023-02-17T11:30:00,4.3,12.2,58.54,"41.829742371733346, 12.468582121891949",0,0,1032,"16242099999,16239099999,AT416,16224099999,16234099999",12.2,9.8,38,11.2,1.72721791366482e-14,713.041,17-Feb-2023 11:30:00
61.5,"Partially cloudy",2023-02-17T12:00:00,4.8,13,57.45,"41.829742371733346, 12.468582121891949",0,0,1031.9,"16242099999,16239099999,AT416,16224099999,16234099999",13,10,19,10.3,1.73270876679341e-14,715.2328,17-Feb-2023 12:00:00
61.5,"Partially cloudy",2023-02-17T12:30:00,4.8,13,57.45,"41.829742371733346, 12.468582121891949",0,0,1031.9,"16242099999,16239099999,AT416,16224099999,16234099999",13,10,19,10.3,0.0416666666666661,790.4941,17-Feb-2023 12:30:00
50.6,"Partially cloudy",2023-02-17T13:00:00,4.9,13.3,56.91,"41.829742371733346, 12.468582121891949",0,0,1031.1,"16242099999,16239099999,AT416,16224099999,16234099999",13.3,10,346,11.3,0.0833333333333339,852.4262,17-Feb-2023 13:00:00
50.6,"Partially cloudy",2023-02-17T13:30:00,4.9,13.3,56.91,"41.829742371733346, 12.468582121891949",0,0,1031.1,"16242099999,16239099999,AT416,16224099999,16234099999",13.3,10,346,11.3,0.125,682.1838,17-Feb-2023 13:30:00
59.7,"Partially cloudy",2023-02-17T14:00:00,4.8,13.2,56.53,"41.829742371733346, 12.468582121891949",0,0,1030.3,"16242099999,16239099999,AT416,16224099999,16234099999",13.2,10,335,14.2,0.166666666666666,404.7011,17-Feb-2023 14:00:00
59.7,"Partially cloudy",2023-02-17T14:30:00,4.8,13.2,56.53,"41.829742371733346, 12.468582121891949",0,0,1030.3,"16242099999,16239099999,AT416,16224099999,16234099999",13.2,10,335,14.2,0.208333333333334,322.8462,17-Feb-2023 14:30:00
57.2,"Partially cloudy",2023-02-17T15:00:00,4.8,14,53.93,"41.829742371733346, 12.468582121891949",0,0,1030,"16242099999,16239099999,AT416,16224099999,16234099999",14,10,308,11.8,0.25,263.7078,17-Feb-2023 15:00:00
57.2,"Partially cloudy",2023-02-17T15:30:00,4.8,14,53.93,"41.829742371733346, 12.468582121891949",0,0,1030,"16242099999,16239099999,AT416,16224099999,16234099999",14,10,308,11.8,0.291666666666666,239.0754,17-Feb-2023 15:30:00
56,"Partially cloudy",2023-02-17T16:00:00,5.7,13.1,60.7,"41.829742371733346, 12.468582121891949",0,0,1030,"16242099999,16239099999,AT416,16224099999,16234099999",13.1,10,286,12.2,0.333333333333334,357.989,17-Feb-2023 16:00:00
56,"Partially cloudy",2023-02-17T16:30:00,5.7,13.1,60.7,"41.829742371733346, 12.468582121891949",0,0,1030,"16242099999,16239099999,AT416,16224099999,16234099999",13.1,10,286,12.2,0.375,480.1953,17-Feb-2023 16:30:00
48.7,"Partially cloudy",2023-02-17T17:00:00,5.3,12.5,61.51,"41.829742371733346, 12.468582121891949",0,0,1030,"16242099999,16239099999,AT416,16224099999,16234099999",12.5,10,300,14.1,0.416666666666666,436.8724,17-Feb-2023 17:00:00
48.7,"Partially cloudy",2023-02-17T17:30:00,5.3,12.5,61.51,"41.829742371733346, 12.468582121891949",0,0,1030,"16242099999,16239099999,AT416,16224099999,16234099999",12.5,10,300,14.1,0.458333333333334,396.43,17-Feb-2023 17:30:00
30,"Partially cloudy",2023-02-17T18:00:00,6.3,11.3,71.27,"41.829742371733346, 12.468582121891949",0,0,1030,"16242099999,16239099999,AT416,16224099999,16234099999",11.3,10,297,8.7,0.5,253.8581,17-Feb-2023 18:00:00
30,"Partially cloudy",2023-02-17T18:30:00,6.3,11.3,71.27,"41.829742371733346, 12.468582121891949",0,0,1030,"16242099999,16239099999,AT416,16224099999,16234099999",11.3,10,297,8.7,0.541666666666666,353.5918,17-Feb-2023 18:30:00
NaN,"Clear",2023-02-17T19:00:00,6.2,10.1,76.92,"41.829742371733346, 12.468582121891949",0,0,1030.9,"16242099999,16239099999,16224099999,16234099999",10.1,10,314,4,0.583333333333334,365.0337,17-Feb-2023 19:00:00
NaN,"Clear",2023-02-17T19:30:00,6.2,10.1,76.92,"41.829742371733346, 12.468582121891949",0,0,1030.9,"16242099999,16239099999,16224099999,16234099999",10.1,10,314,4,0.625,290.0633,17-Feb-2023 19:30:00
26.6,"Partially cloudy",2023-02-17T20:00:00,6,9.5,77.23,"41.829742371733346, 12.468582121891949",0,0,1031,"16242099999,16239099999,16224099999,LIRA",9.8,10,180,5.1,0.666666666666666,192.1689,17-Feb-2023 20:00:00
26.6,"Partially cloudy",2023-02-17T20:30:00,6,9.5,77.23,"41.829742371733346, 12.468582121891949",0,0,1031,"16242099999,16239099999,16224099999,LIRA",9.8,10,180,5.1,0.708333333333334,166.5472,17-Feb-2023 20:30:00
NaN,"Clear",2023-02-17T21:00:00,5.2,8.9,77.62,"41.829742371733346, 12.468582121891949",0,0,1031,"16242099999,16239099999,16224099999,LIRA",8.9,10,330,3.5,0.75,103.5405,17-Feb-2023 21:00:00
NaN,"Clear",2023-02-17T21:30:00,5.2,8.9,77.62,"41.829742371733346, 12.468582121891949",0,0,1031,"16242099999,16239099999,16224099999,LIRA",8.9,10,330,3.5,0.791666666666666,186.0583,17-Feb-2023 21:30:00
NaN,"Clear",2023-02-17T22:00:00,6,8.8,82.44,"41.829742371733346, 12.468582121891949",0,0,1032,"16242099999,16239099999,16224099999,LIRA",8.8,10,332,4.3,0.833333333333334,109.9096,17-Feb-2023 22:00:00
NaN,"Clear",2023-02-17T22:30:00,6,8.8,82.44,"41.829742371733346, 12.468582121891949",0,0,1032,"16242099999,16239099999,16224099999,LIRA",8.8,10,332,4.3,0.875,54.1351,17-Feb-2023 22:30:00
0,"Clear",2023-02-17T23:00:00,5.9,7.7,88.06,"41.829742371733346, 12.468582121891949",0,0,1031.1,"16242099999,16239099999,16224099999,LIRA",7.7,9.7,NaN,3.6,0.916666666666666,14.6644,17-Feb-2023 23:00:00
0,"Clear",2023-02-17T23:30:00,5.9,7.7,88.06,"41.829742371733346, 12.468582121891949",0,0,1031.1,"16242099999,16239099999,16224099999,LIRA",7.7,9.7,NaN,3.6,0.958333333333334,0,17-Feb-2023 23:30:00
0,"Clear",2023-02-18T00:00:00,5,6.8,87.97,"41.829742371733346, 12.468582121891949",0,0,1032,"16242099999,16239099999,16224099999,LIRA",6.8,9.7,209,2.3,1,0,18-Feb-2023 00:00:00
0,"Clear",2023-02-18T00:30:00,5,6.8,87.97,"41.829742371733346, 12.468582121891949",0,0,1032,"16242099999,16239099999,16224099999,LIRA",6.8,9.7,209,2.3,1,68.9381,18-Feb-2023 00:30:00
79.5,"Partially cloudy",2023-02-18T01:00:00,4,5.8,87.89,"41.829742371733346, 12.468582121891949",0,0,1032,"16242099999,16239099999,16224099999,LIRA",5.8,9.7,61,2.5,1,83.8518,18-Feb-2023 01:00:00
79.5,"Partially cloudy",2023-02-18T01:30:00,4,5.8,87.89,"41.829742371733346, 12.468582121891949",0,0,1032,"16242099999,16239099999,16224099999,LIRA",5.8,9.7,61,2.5,1,94.7152,18-Feb-2023 01:30:00
44.8,"Partially cloudy",2023-02-18T02:00:00,4,5.8,88.05,"41.829742371733346, 12.468582121891949",0,0,1031,"16242099999,16239099999,16224099999,LIRA",5.8,9.8,67,3.8,1,64.4166,18-Feb-2023 02:00:00
44.8,"Partially cloudy",2023-02-18T02:30:00,4,5.8,88.05,"41.829742371733346, 12.468582121891949",0,0,1031,"16242099999,16239099999,16224099999,LIRA",5.8,9.8,67,3.8,1,42.4166,18-Feb-2023 02:30:00
8,"Clear",2023-02-18T03:00:00,2.9,3.9,93.49,"41.829742371733346, 12.468582121891949",0,0,1030.1,"16242099999,16239099999,16224099999,LIRA",3.9,9.6,NaN,3.4,1,54.8247,18-Feb-2023 03:00:00
8,"Clear",2023-02-18T03:30:00,2.9,3.9,93.49,"41.829742371733346, 12.468582121891949",0,0,1030.1,"16242099999,16239099999,16224099999,LIRA",3.9,9.6,NaN,3.4,1,17.911,18-Feb-2023 03:30:00
13.3,"Clear",2023-02-18T04:00:00,2.9,2.7,93.85,"41.829742371733346, 12.468582121891949",0,0,1031,"16242099999,16239099999,16224099999,LIRA",3.8,9.6,30,5.1,1,0,18-Feb-2023 04:00:00
13.3,"Clear",2023-02-18T04:30:00,2.9,2.7,93.85,"41.829742371733346, 12.468582121891949",0,0,1031,"16242099999,16239099999,16224099999,LIRA",3.8,9.6,30,5.1,1,0,18-Feb-2023 04:30:00
0,"Clear",2023-02-18T05:00:00,3,2.7,93.86,"41.829742371733346, 12.468582121891949",0,0,1030,"16242099999,16239099999,16224099999,LIRA",3.9,6,72,5.6,1,0,18-Feb-2023 05:00:00
0,"Clear",2023-02-18T05:30:00,3,2.7,93.86,"41.829742371733346, 12.468582121891949",0,0,1030,"16242099999,16239099999,16224099999,LIRA",3.9,6,72,5.6,1,45.805,18-Feb-2023 05:30:00
0,"Clear",2023-02-18T06:00:00,2.9,3.8,93.85,"41.829742371733346, 12.468582121891949",0,0,1030.1,"16242099999,16239099999,16224099999,LIRA",3.8,9.6,51,2,1,85.4867,18-Feb-2023 06:00:00
0,"Clear",2023-02-18T06:30:00,2.9,3.8,93.85,"41.829742371733346, 12.468582121891949",0,0,1030.1,"16242099999,16239099999,16224099999,LIRA",3.8,9.6,51,2,1,63.4867,18-Feb-2023 06:30:00
2,"Clear",2023-02-18T07:00:00,2,1.5,93.81,"41.829742371733346, 12.468582121891949",0,0,1031,"16242099999,16239099999,AT416,16224099999,LIRA",2.9,9.6,67,5.6,1,127.3226,18-Feb-2023 07:00:00
2,"Clear",2023-02-18T07:30:00,2,1.5,93.81,"41.829742371733346, 12.468582121891949",0,0,1031,"16242099999,16239099999,AT416,16224099999,LIRA",2.9,9.6,67,5.6,1,36.8419,18-Feb-2023 07:30:00
6.4,"Clear",2023-02-18T08:00:00,2.9,2.5,93.67,"41.829742371733346, 12.468582121891949",0,0,1031,"16242099999,16239099999,AT416,16224099999,LIRA",3.9,9.6,51,5.9,1,52.9653,18-Feb-2023 08:00:00
6.4,"Clear",2023-02-18T08:30:00,2.9,2.5,93.67,"41.829742371733346, 12.468582121891949",0,0,1031,"16242099999,16239099999,AT416,16224099999,LIRA",3.9,9.6,51,5.9,1,196.2217,18-Feb-2023 08:30:00
29,"Partially cloudy",2023-02-18T09:00:00,4.1,5.2,86.96,"41.829742371733346, 12.468582121891949",0,0,1031,"16242099999,16239099999,AT416,16224099999,LIRA",6.1,9.8,61,5.4,1,170.7889,18-Feb-2023 09:00:00
29,"Partially cloudy",2023-02-18T09:30:00,4.1,5.2,86.96,"41.829742371733346, 12.468582121891949",0,0,1031,"16242099999,16239099999,AT416,16224099999,LIRA",6.1,9.8,61,5.4,1,191.203,18-Feb-2023 09:30:00
33.1,"Partially cloudy",2023-02-18T10:00:00,5.1,6.7,80.76,"41.829742371733346, 12.468582121891949",0,0,1031.1,"16242099999,16239099999,AT416,16224099999,LIRA",8.2,10,26,8.9,1,180.6678,18-Feb-2023 10:00:00
33.1,"Partially cloudy",2023-02-18T10:30:00,5.1,6.7,80.76,"41.829742371733346, 12.468582121891949",0,0,1031.1,"16242099999,16239099999,AT416,16224099999,LIRA",8.2,10,26,8.9,1,134.7718,18-Feb-2023 10:30:00
33.1,"Partially cloudy",2023-02-18T11:00:00,5.1,10.1,70.84,"41.829742371733346, 12.468582121891949",0,0,1032,"16242099999,16239099999,AT416,16224099999,LIRA",10.1,10,43,6,1,202.9714,18-Feb-2023 11:00:00
33.1,"Partially cloudy",2023-02-18T11:30:00,5.1,10.1,70.84,"41.829742371733346, 12.468582121891949",0,0,1032,"16242099999,16239099999,AT416,16224099999,LIRA",10.1,10,43,6,1,300.6916,18-Feb-2023 11:30:00
33.6,"Partially cloudy",2023-02-18T12:00:00,4.1,12.1,58.07,"41.829742371733346, 12.468582121891949",0,0,1031,"16242099999,16239099999,AT416,16224099999,LIRA",12.1,10,14,5.8,1,495.6444,18-Feb-2023 12:00:00
33.6,"Partially cloudy",2023-02-18T12:30:00,4.1,12.1,58.07,"41.829742371733346, 12.468582121891949",0,0,1031,"16242099999,16239099999,AT416,16224099999,LIRA",12.1,10,14,5.8,1,613.0964,18-Feb-2023 12:30:00
30.7,"Partially cloudy",2023-02-18T13:00:00,4.1,13.9,51.48,"41.829742371733346, 12.468582121891949",0,0,1031,"16242099999,16239099999,AT416,16224099999,LIRA",13.9,10,311,5.1,1,538.4041,18-Feb-2023 13:00:00
30.7,"Partially cloudy",2023-02-18T13:30:00,4.1,13.9,51.48,"41.829742371733346, 12.468582121891949",0,0,1031,"16242099999,16239099999,AT416,16224099999,LIRA",13.9,10,311,5.1,1,434.3113,18-Feb-2023 13:30:00
55.1,"Partially cloudy",2023-02-18T14:00:00,4.1,13.1,54.49,"41.829742371733346, 12.468582121891949",0,0,1030,"16242099999,16239099999,AT416,16224099999,LIRA",13.1,10,337,7.9,1,356.0775,18-Feb-2023 14:00:00
55.1,"Partially cloudy",2023-02-18T14:30:00,4.1,13.1,54.49,"41.829742371733346, 12.468582121891949",0,0,1030,"16242099999,16239099999,AT416,16224099999,LIRA",13.1,10,337,7.9,1,383.9168,18-Feb-2023 14:30:00
90,"Partially cloudy",2023-02-18T15:00:00,4.2,13.9,51.94,"41.829742371733346, 12.468582121891949",0,0,1029,"16242099999,16239099999,AT416,16224099999,LIRA",13.9,10,321,8,1,334.7917,18-Feb-2023 15:00:00
90,"Partially cloudy",2023-02-18T15:30:00,4.2,13.9,51.94,"41.829742371733346, 12.468582121891949",0,0,1029,"16242099999,16239099999,AT416,16224099999,LIRA",13.9,10,321,8,1,299.7217,18-Feb-2023 15:30:00
34.7,"Partially cloudy",2023-02-18T16:00:00,4.3,13.9,52.66,"41.829742371733346, 12.468582121891949",0,0,1029,"16242099999,16239099999,AT416,16224099999,LIRA",13.9,10,303,6.1,1,186.6582,18-Feb-2023 16:00:00
34.7,"Partially cloudy",2023-02-18T16:30:00,4.3,13.9,52.66,"41.829742371733346, 12.468582121891949",0,0,1029,"16242099999,16239099999,AT416,16224099999,LIRA",13.9,10,303,6.1,1,266.6325,18-Feb-2023 16:30:00
81.5,"Partially cloudy",2023-02-18T17:00:00,5.2,13.8,56.17,"41.829742371733346, 12.468582121891949",0,0,1029,"16242099999,16239099999,AT416,16224099999,LIRA",13.8,10,285,7.8,1,144.1729,18-Feb-2023 17:00:00
81.5,"Partially cloudy",2023-02-18T17:30:00,5.2,13.8,56.17,"41.829742371733346, 12.468582121891949",0,0,1029,"16242099999,16239099999,AT416,16224099999,LIRA",13.8,10,285,7.8,1,132.3836,18-Feb-2023 17:30:00
81.5,"Partially cloudy",2023-02-18T18:00:00,6.1,11.2,70.95,"41.829742371733346, 12.468582121891949",0,0,1029,"16242099999,16239099999,AT416,16224099999,LIRA",11.2,10,249,8,1,218.4299,18-Feb-2023 18:00:00
81.5,"Partially cloudy",2023-02-18T18:30:00,6.1,11.2,70.95,"41.829742371733346, 12.468582121891949",0,0,1029,"16242099999,16239099999,AT416,16224099999,LIRA",11.2,10,249,8,1,287.3924,18-Feb-2023 18:30:00
90,"Partially cloudy",2023-02-18T19:00:00,5.3,11,67.84,"41.829742371733346, 12.468582121891949",0,0,1029,"16242099999,16239099999,16224099999,LIRA",11,10,188,7.9,1,328.8299,18-Feb-2023 19:00:00
90,"Partially cloudy",2023-02-18T19:30:00,5.3,11,67.84,"41.829742371733346, 12.468582121891949",0,0,1029,"16242099999,16239099999,16224099999,LIRA",11,10,188,7.9,1,310.321,18-Feb-2023 19:30:00
90,"Partially cloudy",2023-02-18T20:00:00,5.4,10.2,72.26,"41.829742371733346, 12.468582121891949",0,0,1029,"16242099999,16239099999,16224099999,LIRA",10.2,10,179,7.7,1,322.4249,18-Feb-2023 20:00:00
90,"Partially cloudy",2023-02-18T20:30:00,5.4,10.2,72.26,"41.829742371733346, 12.468582121891949",0,0,1029,"16242099999,16239099999,16224099999,LIRA",10.2,10,179,7.7,1,263.699,18-Feb-2023 20:30:00
90,"Partially cloudy",2023-02-18T21:00:00,6.3,10.2,76.9,"41.829742371733346, 12.468582121891949",0,0,1029,"16242099999,16239099999,16224099999,LIRA",10.2,10,162,9.3,1,141.0128,18-Feb-2023 21:00:00
90,"Partially cloudy",2023-02-18T21:30:00,6.3,10.2,76.9,"41.829742371733346, 12.468582121891949",0,0,1029,"16242099999,16239099999,16224099999,LIRA",10.2,10,162,9.3,1,41.9674,18-Feb-2023 21:30:00
54.1,"Partially cloudy",2023-02-18T22:00:00,6.1,9.5,77,"41.829742371733346, 12.468582121891949",0,0,1029,"16242099999,16239099999,16224099999,LIRA",9.9,10,138,5.7,1,13.3375,18-Feb-2023 22:00:00
54.1,"Partially cloudy",2023-02-18T22:30:00,6.1,9.5,77,"41.829742371733346, 12.468582121891949",0,0,1029,"16242099999,16239099999,16224099999,LIRA",9.9,10,138,5.7,1,0,18-Feb-2023 22:30:00
50,"Partially cloudy",2023-02-18T23:00:00,7,9.4,82.32,"41.829742371733346, 12.468582121891949",0,0,1029,"16242099999,16239099999,16224099999,LIRA",9.9,10,124,5.6,1,0,18-Feb-2023 23:00:00
50,"Partially cloudy",2023-02-18T23:30:00,7,9.4,82.32,"41.829742371733346, 12.468582121891949",0,0,1029,"16242099999,16239099999,16224099999,LIRA",9.9,10,124,5.6,1,0,18-Feb-2023 23:30:00
94.8,"Overcast",2023-02-19T00:00:00,7,10.7,77.52,"41.829742371733346, 12.468582121891949",0,0,1029,"16242099999,16239099999,16224099999,LIRA",10.7,10,121,5.6,1,45.9541,19-Feb-2023 00:00:00
94.8,"Overcast",2023-02-19T00:30:00,7,10.7,77.52,"41.829742371733346, 12.468582121891949",0,0,1029,"16242099999,16239099999,16224099999,LIRA",10.7,10,121,5.6,1,100.7186,19-Feb-2023 00:30:00
94.8,"Overcast",2023-02-19T01:00:00,7,10.7,77.81,"41.829742371733346, 12.468582121891949",0,0,1029,"16242099999,16239099999,16224099999,LIRA",10.7,10,115,5.3,1,129.7182,19-Feb-2023 01:00:00
94.8,"Overcast",2023-02-19T01:30:00,7,10.7,77.81,"41.829742371733346, 12.468582121891949",0,0,1029,"16242099999,16239099999,16224099999,LIRA",10.7,10,115,5.3,1,79.0591,19-Feb-2023 01:30:00
94.8,"Overcast",2023-02-19T02:00:00,7.1,9.5,82.89,"41.829742371733346, 12.468582121891949",0,0,1028,"16242099999,16239099999,16224099999,LIRA",9.8,9.9,86,5.1,1,39.1179,19-Feb-2023 02:00:00
94.8,"Overcast",2023-02-19T02:30:00,7.1,9.5,82.89,"41.829742371733346, 12.468582121891949",0,0,1028,"16242099999,16239099999,16224099999,LIRA",9.8,9.9,86,5.1,1,59.2648,19-Feb-2023 02:30:00
94.8,"Overcast",2023-02-19T03:00:00,8.1,9.8,88.74,"41.829742371733346, 12.468582121891949",0,0,1028,"16242099999,16239099999,16224099999,LIRA",9.8,9.9,342,2.2,1,33.1594,19-Feb-2023 03:00:00
94.8,"Overcast",2023-02-19T03:30:00,8.1,9.8,88.74,"41.829742371733346, 12.468582121891949",0,0,1028,"16242099999,16239099999,16224099999,LIRA",9.8,9.9,342,2.2,1,22.101,19-Feb-2023 03:30:00
99,"Overcast",2023-02-19T04:00:00,8.1,9,94.09,"41.829742371733346, 12.468582121891949",0,0,1027,"16242099999,16239099999,16224099999,LIRA",9,4.2,40,2.2,1,11.101,19-Feb-2023 04:00:00
99,"Overcast",2023-02-19T04:30:00,8.1,9,94.09,"41.829742371733346, 12.468582121891949",0,0,1027,"16242099999,16239099999,16224099999,LIRA",9,4.2,40,2.2,1,0.100999999999999,19-Feb-2023 04:30:00
99,"Overcast",2023-02-19T05:00:00,8.1,8,94.09,"41.829742371733346, 12.468582121891949",0,0,1027,"16242099999,16239099999,16224099999,LIRA",9,4.2,195,7,1,42.4183,19-Feb-2023 05:00:00
99,"Overcast",2023-02-19T05:30:00,8.1,8,94.09,"41.829742371733346, 12.468582121891949",0,0,1027,"16242099999,16239099999,16224099999,LIRA",9,4.2,195,7,1,31.4183,19-Feb-2023 05:30:00
84.6,"Partially cloudy",2023-02-19T06:00:00,8.9,9.8,94.13,"41.829742371733346, 12.468582121891949",0,0,1027,"16242099999,16239099999,16224099999,LIRA",9.8,5.1,74,3.8,1,50.6817,19-Feb-2023 06:00:00
84.6,"Partially cloudy",2023-02-19T06:30:00,8.9,9.8,94.13,"41.829742371733346, 12.468582121891949",0,0,1027,"16242099999,16239099999,16224099999,LIRA",9.8,5.1,74,3.8,1,59.3804,19-Feb-2023 06:30:00
88.8,"Partially cloudy",2023-02-19T07:00:00,8.9,9.8,94.13,"41.829742371733346, 12.468582121891949",0,0,1027,"E7225,16242099999,16239099999,16224099999,LIRA",9.8,5.9,146,3.9,1,85.8978,19-Feb-2023 07:00:00
88.8,"Partially cloudy",2023-02-19T07:30:00,8.9,9.8,94.13,"41.829742371733346, 12.468582121891949",0,0,1027,"E7225,16242099999,16239099999,16224099999,LIRA",9.8,5.9,146,3.9,1,99.8326,19-Feb-2023 07:30:00
88.8,"Partially cloudy",2023-02-19T08:00:00,9,9.6,94.14,"41.829742371733346, 12.468582121891949",0,0,1027,"16242099999,16239099999,AT416,16224099999,LIRA",9.9,5,88,5.4,1,109.6769,19-Feb-2023 08:00:00
88.8,"Partially cloudy",2023-02-19T08:30:00,9,9.6,94.14,"41.829742371733346, 12.468582121891949",0,0,1027,"16242099999,16239099999,AT416,16224099999,LIRA",9.9,5,88,5.4,1,68.1758,19-Feb-2023 08:30:00
88.8,"Partially cloudy",2023-02-19T09:00:00,9,10.8,88.66,"41.829742371733346, 12.468582121891949",0,0,1027,"16242099999,16239099999,AT416,16224099999,LIRA",10.8,6.9,126,5.6,1,53.403,19-Feb-2023 09:00:00
88.8,"Partially cloudy",2023-02-19T09:30:00,9,10.8,88.66,"41.829742371733346, 12.468582121891949",0,0,1027,"16242099999,16239099999,AT416,16224099999,LIRA",10.8,6.9,126,5.6,1,116.3869,19-Feb-2023 09:30:00
82.6,"Partially cloudy",2023-02-19T10:00:00,8.2,11.9,77.85,"41.829742371733346, 12.468582121891949",0,0,1026.9,"16242099999,16239099999,AT416,16224099999,LIRA",11.9,7.2,100,3.8,1,294.8488,19-Feb-2023 10:00:00
82.6,"Partially cloudy",2023-02-19T10:30:00,8.2,11.9,77.85,"41.829742371733346, 12.468582121891949",0,0,1026.9,"16242099999,16239099999,AT416,16224099999,LIRA",11.9,7.2,100,3.8,1,213.6563,19-Feb-2023 10:30:00
33.2,"Partially cloudy",2023-02-19T11:00:00,9.2,13.9,73.08,"41.829742371733346, 12.468582121891949",0,0,1026,"16242099999,16239099999,AT416,16224099999,LIRA",13.9,10,80,4,1,195.8866,19-Feb-2023 11:00:00
33.2,"Partially cloudy",2023-02-19T11:30:00,9.2,13.9,73.08,"41.829742371733346, 12.468582121891949",0,0,1026,"16242099999,16239099999,AT416,16224099999,LIRA",13.9,10,80,4,1,355.9376,19-Feb-2023 11:30:00
54.1,"Partially cloudy",2023-02-19T12:00:00,9.1,14.9,68.05,"41.829742371733346, 12.468582121891949",0,0,1026,"16242099999,16239099999,AT416,16224099999,LIRA",14.9,10,255,9.3,1,304.8531,19-Feb-2023 12:00:00
54.1,"Partially cloudy",2023-02-19T12:30:00,9.1,14.9,68.05,"41.829742371733346, 12.468582121891949",0,0,1026,"16242099999,16239099999,AT416,16224099999,LIRA",14.9,10,255,9.3,1,339.0354,19-Feb-2023 12:30:00
88.8,"Partially cloudy",2023-02-19T13:00:00,9.2,14.9,68.51,"41.829742371733346, 12.468582121891949",0,0,1026,"16242099999,16239099999,AT416,16224099999,LIRA",14.9,10,241,11.4,1,376.0908,19-Feb-2023 13:00:00
88.8,"Partially cloudy",2023-02-19T13:30:00,9.2,14.9,68.51,"41.829742371733346, 12.468582121891949",0,0,1026,"16242099999,16239099999,AT416,16224099999,LIRA",14.9,10,241,11.4,1,309.4585,19-Feb-2023 13:30:00
54.1,"Partially cloudy",2023-02-19T14:00:00,9.3,14.1,72.98,"41.829742371733346, 12.468582121891949",0,0,1025,"16242099999,16239099999,AT416,16224099999,LIRA",14.1,10,248,11.6,1,279.9368,19-Feb-2023 14:00:00
54.1,"Partially cloudy",2023-02-19T14:30:00,9.3,14.1,72.98,"41.829742371733346, 12.468582121891949",0,0,1025,"16242099999,16239099999,AT416,16224099999,LIRA",14.1,10,248,11.6,1,275.5576,19-Feb-2023 14:30:00
47.9,"Partially cloudy",2023-02-19T15:00:00,10,14.9,72.51,"41.829742371733346, 12.468582121891949",0,0,1024,"16242099999,16239099999,AT416,16224099999,LIRA",14.9,10,268,11.5,1,177.3264,19-Feb-2023 15:00:00
47.9,"Partially cloudy",2023-02-19T15:30:00,10,14.9,72.51,"41.829742371733346, 12.468582121891949",0,0,1024,"16242099999,16239099999,AT416,16224099999,LIRA",14.9,10,268,11.5,1,207.4344,19-Feb-2023 15:30:00
50,"Partially cloudy",2023-02-19T16:00:00,10.1,14,77.35,"41.829742371733346, 12.468582121891949",0,0,1024,"16242099999,16239099999,AT416,16224099999,LIRA",14,10,287,11.7,1,245.5802,19-Feb-2023 16:00:00
50,"Partially cloudy",2023-02-19T16:30:00,10.1,14,77.35,"41.829742371733346, 12.468582121891949",0,0,1024,"16242099999,16239099999,AT416,16224099999,LIRA",14,10,287,11.7,1,191.8063,19-Feb-2023 16:30:00
47.9,"Partially cloudy",2023-02-19T17:00:00,10.1,14,77.35,"41.829742371733346, 12.468582121891949",0,0,1024,"16242099999,16239099999,AT416,16224099999,LIRA",14,10,288,11.3,1,159.7392,19-Feb-2023 17:00:00
47.9,"Partially cloudy",2023-02-19T17:30:00,10.1,14,77.35,"41.829742371733346, 12.468582121891949",0,0,1024,"16242099999,16239099999,AT416,16224099999,LIRA",14,10,288,11.3,1,122.3291,19-Feb-2023 17:30:00
50,"Partially cloudy",2023-02-19T18:00:00,9.2,13,77.72,"41.829742371733346, 12.468582121891949",0,0,1024,"16242099999,16239099999,AT416,16224099999,LIRA",13,10,288,11,1,115.5029,19-Feb-2023 18:00:00
50,"Partially cloudy",2023-02-19T18:30:00,9.2,13,77.72,"41.829742371733346, 12.468582121891949",0,0,1024,"16242099999,16239099999,AT416,16224099999,LIRA",13,10,288,11,1,199.9525,19-Feb-2023 18:30:00
50,"Partially cloudy",2023-02-19T19:00:00,10,12,87.56,"41.829742371733346, 12.468582121891949",0,0,1024.9,"16242099999,16239099999,16224099999,LIRA",12,10,280,5.7,1,167.4133,19-Feb-2023 19:00:00
50,"Partially cloudy",2023-02-19T19:30:00,10,12,87.56,"41.829742371733346, 12.468582121891949",0,0,1024.9,"16242099999,16239099999,16224099999,LIRA",12,10,280,5.7,1,100.9663,19-Feb-2023 19:30:00
50,"Partially cloudy",2023-02-19T20:00:00,10,11.8,88.9,"41.829742371733346, 12.468582121891949",0,0,1025,"16242099999,16239099999,16224099999,LIRA",11.8,10,201,3.7,1,39.6092,19-Feb-2023 20:00:00
50,"Partially cloudy",2023-02-19T20:30:00,10,11.8,88.9,"41.829742371733346, 12.468582121891949",0,0,1025,"16242099999,16239099999,16224099999,LIRA",11.8,10,201,3.7,1,101.7079,19-Feb-2023 20:30:00
82.6,"Partially cloudy",2023-02-19T21:00:00,9.8,11.6,88.88,"41.829742371733346, 12.468582121891949",0,0,1025,"16242099999,16239099999,16224099999,LIRA",11.6,9.8,70,3.8,1,67.5239,19-Feb-2023 21:00:00
82.6,"Partially cloudy",2023-02-19T21:30:00,9.8,11.6,88.88,"41.829742371733346, 12.468582121891949",0,0,1025,"16242099999,16239099999,16224099999,LIRA",11.6,9.8,70,3.8,1,27.5688,19-Feb-2023 21:30:00
26.9,"Partially cloudy",2023-02-19T22:00:00,9,9.9,94.13,"41.829742371733346, 12.468582121891949",0,0,1025,"16242099999,16239099999,16224099999,LIRA",9.9,9.7,NaN,3.5,1,11.1436,19-Feb-2023 22:00:00
26.9,"Partially cloudy",2023-02-19T22:30:00,9,9.9,94.13,"41.829742371733346, 12.468582121891949",0,0,1025,"16242099999,16239099999,16224099999,LIRA",9.9,9.7,NaN,3.5,1,0.143600000000006,19-Feb-2023 22:30:00
50,"Partially cloudy",2023-02-19T23:00:00,9.6,11.4,88.86,"41.829742371733346, 12.468582121891949",0,0,1025,"16242099999,16239099999,16224099999,LIRA",11.4,7,110,3.9,1,0,19-Feb-2023 23:00:00
50,"Partially cloudy",2023-02-19T23:30:00,9.6,11.4,88.86,"41.829742371733346, 12.468582121891949",0,0,1025,"16242099999,16239099999,16224099999,LIRA",11.4,7,110,3.9,1,0,19-Feb-2023 23:30:00
50,"Partially cloudy",2023-02-20T00:00:00,8.7,10.5,88.79,"41.829742371733346, 12.468582121891949",0,0,1025,"16242099999,16239099999,16224099999,LIRA",10.5,9.6,285,4.3,2.55999999999993e-14,0,20-Feb-2023 00:00:00
50,"Partially cloudy",2023-02-20T00:30:00,8.7,10.5,88.79,"41.829742371733346, 12.468582121891949",0,0,1025,"16242099999,16239099999,16224099999,LIRA",10.5,9.6,285,4.3,2.56854935559693e-14,29.4776,20-Feb-2023 00:30:00
84.6,"Partially cloudy",2023-02-20T01:00:00,8.7,9.6,94.3,"41.829742371733346, 12.468582121891949",0,0,1025.9,"16242099999,16239099999,16224099999,LIRA",9.6,9.5,18,2.8,2.57713084483659e-14,18.4776,20-Feb-2023 01:00:00
84.6,"Partially cloudy",2023-02-20T01:30:00,8.7,9.6,94.3,"41.829742371733346, 12.468582121891949",0,0,1025.9,"16242099999,16239099999,16224099999,LIRA",9.6,9.5,18,2.8,2.58574460206864e-14,23.7171,20-Feb-2023 01:30:00
0,"Clear",2023-02-20T02:00:00,8.6,10.4,88.95,"41.829742371733346, 12.468582121891949",0,0,1026,"16242099999,16239099999,16224099999,LIRA",10.4,9.3,83,3.6,2.59439076211631e-14,5.2395,20-Feb-2023 02:00:00
0,"Clear",2023-02-20T02:30:00,8.6,10.4,88.95,"41.829742371733346, 12.468582121891949",0,0,1026,"16242099999,16239099999,16224099999,LIRA",10.4,9.3,83,3.6,2.60306946042247e-14,0,20-Feb-2023 02:30:00
0,"Clear",2023-02-20T03:00:00,8.7,10.4,88.95,"41.829742371733346, 12.468582121891949",0,0,1025,"16242099999,16239099999,16224099999,LIRA",10.4,9.2,279,3.8,2.61178083319901e-14,0,20-Feb-2023 03:00:00
0,"Clear",2023-02-20T03:30:00,8.7,10.4,88.95,"41.829742371733346, 12.468582121891949",0,0,1025,"16242099999,16239099999,16224099999,LIRA",10.4,9.2,279,3.8,2.62052501713906e-14,0,20-Feb-2023 03:30:00
0,"Clear",2023-02-20T04:00:00,7.6,9,88.7,"41.829742371733346, 12.468582121891949",0,0,1025,"16242099999,16239099999,16224099999,LIRA",9.4,9.2,117,5.3,2.62930214956473e-14,0,20-Feb-2023 04:00:00
0,"Clear",2023-02-20T04:30:00,7.6,9,88.7,"41.829742371733346, 12.468582121891949",0,0,1025,"16242099999,16239099999,16224099999,LIRA",9.4,9.2,117,5.3,2.6381123685783e-14,43.2756,20-Feb-2023 04:30:00
66,"Partially cloudy",2023-02-20T05:00:00,7.4,8.3,93.99,"41.829742371733346, 12.468582121891949",0,0,1025.3,"16245099999,16242099999,16239099999,16224099999",8.3,7.5,35,3.9,2.6469558127711e-14,35.4149,20-Feb-2023 05:00:00
66,"Partially cloudy",2023-02-20T05:30:00,7.4,8.3,93.99,"41.829742371733346, 12.468582121891949",0,0,1025.3,"16245099999,16242099999,16239099999,16224099999",8.3,7.5,35,3.9,2.65583262137299e-14,160.9662,20-Feb-2023 05:30:00
79.5,"Partially cloudy",2023-02-20T06:00:00,7.7,8.5,94.25,"41.829742371733346, 12.468582121891949",0,0,1026,"16242099999,16239099999,16224099999,LIRA",8.5,6.7,59,2.2,2.66474293440526e-14,184.336,20-Feb-2023 06:00:00
79.5,"Partially cloudy",2023-02-20T06:30:00,7.7,8.5,94.25,"41.829742371733346, 12.468582121891949",0,0,1026,"16242099999,16239099999,16224099999,LIRA",8.5,6.7,59,2.2,2.67368689238625e-14,268.3784,20-Feb-2023 06:30:00
34.2,"Partially cloudy",2023-02-20T07:00:00,6.7,5.8,100,"41.829742371733346, 12.468582121891949",0,0,1026.1,"16242099999,16239099999,AT416,16224099999,16234099999",6.7,7.8,52,5.8,2.68266463648252e-14,480.1331,20-Feb-2023 07:00:00
34.2,"Partially cloudy",2023-02-20T07:30:00,6.7,5.8,100,"41.829742371733346, 12.468582121891949",0,0,1026.1,"16242099999,16239099999,AT416,16224099999,16234099999",6.7,7.8,52,5.8,2.69167630866352e-14,500.0818,20-Feb-2023 07:30:00
33.8,"Partially cloudy",2023-02-20T08:00:00,5.6,5.4,95.39,"41.829742371733346, 12.468582121891949",0,0,1027.1,"16242099999,16239099999,AT416,16224099999,16234099999",6.3,8,43,5.5,2.70072205140383e-14,716.9441,20-Feb-2023 08:00:00
33.8,"Partially cloudy",2023-02-20T08:30:00,5.6,5.4,95.39,"41.829742371733346, 12.468582121891949",0,0,1027.1,"16242099999,16239099999,AT416,16224099999,16234099999",6.3,8,43,5.5,2.70980200783615e-14,908.5835,20-Feb-2023 08:30:00
34.5,"Partially cloudy",2023-02-20T09:00:00,6.6,6.7,94.83,"41.829742371733346, 12.468582121891949",0,0,1027.1,"16242099999,16239099999,AT416,16224099999,16234099999",7.4,6.2,36,5.5,2.71891632190767e-14,1051.7569,20-Feb-2023 09:00:00
34.5,"Partially cloudy",2023-02-20T09:30:00,6.6,6.7,94.83,"41.829742371733346, 12.468582121891949",0,0,1027.1,"16242099999,16239099999,AT416,16224099999,16234099999",7.4,6.2,36,5.5,2.72806513807901e-14,930.8164,20-Feb-2023 09:30:00
20.5,"Partially cloudy",2023-02-20T10:00:00,9.6,10.5,94.18,"41.829742371733346, 12.468582121891949",0,0,1027.1,"16242099999,16239099999,AT416,16224099999,16234099999",10.5,8.3,25,5.6,2.73724860147889e-14,630.6903,20-Feb-2023 10:00:00
20.5,"Partially cloudy",2023-02-20T10:30:00,9.6,10.5,94.18,"41.829742371733346, 12.468582121891949",0,0,1027.1,"16242099999,16239099999,AT416,16224099999,16234099999",10.5,8.3,25,5.6,2.74646685806235e-14,576.4853,20-Feb-2023 10:30:00
31.6,"Partially cloudy",2023-02-20T11:00:00,9.1,13.9,72.64,"41.829742371733346, 12.468582121891949",0,0,1027,"16242099999,16239099999,AT416,16224099999,16234099999",13.9,9.5,18,3.8,2.75572005430627e-14,570.1746,20-Feb-2023 11:00:00
31.6,"Partially cloudy",2023-02-20T11:30:00,9.1,13.9,72.64,"41.829742371733346, 12.468582121891949",0,0,1027,"16242099999,16239099999,AT416,16224099999,16234099999",13.9,9.5,18,3.8,2.76500833736579e-14,644.384,20-Feb-2023 11:30:00
35.7,"Partially cloudy",2023-02-20T12:00:00,9.1,15,67.84,"41.829742371733346, 12.468582121891949",0,0,1027,"16242099999,16239099999,AT416,16224099999,16234099999",15,10,NaN,3.7,2.77433185523442e-14,518.7946,20-Feb-2023 12:00:00
35.7,"Partially cloudy",2023-02-20T12:30:00,9.1,15,67.84,"41.829742371733346, 12.468582121891949",0,0,1027,"16242099999,16239099999,AT416,16224099999,16234099999",15,10,NaN,3.7,2.783690756436e-14,569.321,20-Feb-2023 12:30:00
48.2,"Rain, Partially cloudy",2023-02-20T13:00:00,9,15.7,64.53,"41.829742371733346, 12.468582121891949",0.012,100,1027,"16242099999,16239099999,AT416,16224099999,16234099999",15.7,10,346,5.9,2.79308519018305e-14,451.0652,20-Feb-2023 13:00:00
48.2,"Rain, Partially cloudy",2023-02-20T13:30:00,9,15.7,64.53,"41.829742371733346, 12.468582121891949",0.012,100,1027,"16242099999,16239099999,AT416,16224099999,16234099999",15.7,10,346,5.9,2.80251530653859e-14,250.0733,20-Feb-2023 13:30:00
48.2,"Partially cloudy",2023-02-20T14:00:00,9.1,15.7,64.67,"41.829742371733346, 12.468582121891949",0,0,1026.1,"16242099999,16239099999,AT416,16224099999,16234099999",15.7,10,253,9.9,2.81198125610472e-14,313.7353,20-Feb-2023 14:00:00
48.2,"Partially cloudy",2023-02-20T14:30:00,9.1,15.7,64.67,"41.829742371733346, 12.468582121891949",0,0,1026.1,"16242099999,16239099999,AT416,16224099999,16234099999",15.7,10,253,9.9,2.8214831901827e-14,365.65,20-Feb-2023 14:30:00
47,"Partially cloudy",2023-02-20T15:00:00,9.2,15.8,64.74,"41.829742371733346, 12.468582121891949",0,0,1026,"16242099999,16239099999,AT416,16224099999,16234099999",15.8,10,257,13,2.83102126093672e-14,320.1805,20-Feb-2023 15:00:00
47,"Partially cloudy",2023-02-20T15:30:00,9.2,15.8,64.74,"41.829742371733346, 12.468582121891949",0,0,1026,"16242099999,16239099999,AT416,16224099999,16234099999",15.8,10,257,13,2.84059562107887e-14,184.9161,20-Feb-2023 15:30:00
48.2,"Partially cloudy",2023-02-20T16:00:00,9.8,15.2,70.25,"41.829742371733346, 12.468582121891949",0,0,1025.9,"16242099999,16239099999,AT416,16224099999,16234099999",15.2,10,244,12.2,2.85020642403112e-14,452.2574,20-Feb-2023 16:00:00
48.2,"Partially cloudy",2023-02-20T16:30:00,9.8,15.2,70.25,"41.829742371733346, 12.468582121891949",0,0,1025.9,"16242099999,16239099999,AT416,16224099999,16234099999",15.2,10,244,12.2,2.85985382409095e-14,353.1218,20-Feb-2023 16:30:00
50,"Partially cloudy",2023-02-20T17:00:00,9,14.2,71.21,"41.829742371733346, 12.468582121891949",0,0,1025.1,"16242099999,16239099999,AT416,16224099999,16234099999",14.2,10,248,10.7,2.86953797611273e-14,323.4581,20-Feb-2023 17:00:00
50,"Partially cloudy",2023-02-20T17:30:00,9,14.2,71.21,"41.829742371733346, 12.468582121891949",0,0,1025.1,"16242099999,16239099999,AT416,16224099999,16234099999",14.2,10,248,10.7,2.87925903567161e-14,301.0709,20-Feb-2023 17:30:00
27.6,"Partially cloudy",2023-02-20T18:00:00,9.3,13,78.02,"41.829742371733346, 12.468582121891949",0,0,1025,"16242099999,16239099999,AT416,16224099999,16234099999",13,9.9,253,6.7,2.88901715923101e-14,263.2436,20-Feb-2023 18:00:00
27.6,"Partially cloudy",2023-02-20T18:30:00,9.3,13,78.02,"41.829742371733346, 12.468582121891949",0,0,1025,"16242099999,16239099999,AT416,16224099999,16234099999",13,9.9,253,6.7,2.89881250382044e-14,184.207,20-Feb-2023 18:30:00
29.9,"Partially cloudy",2023-02-20T19:00:00,9.3,11.8,84.56,"41.829742371733346, 12.468582121891949",0,0,1025.6,"16242099999,16239099999,16224099999,16234099999",11.8,9.9,231,7,2.9086452272012e-14,63.7693,20-Feb-2023 19:00:00
29.9,"Partially cloudy",2023-02-20T19:30:00,9.3,11.8,84.56,"41.829742371733346, 12.468582121891949",0,0,1025.6,"16242099999,16239099999,16224099999,16234099999",11.8,9.9,231,7,2.91851548803591e-14,134.7963,20-Feb-2023 19:30:00
NaN,"Clear",2023-02-20T20:00:00,8.2,10.8,83.73,"41.829742371733346, 12.468582121891949",0,0,1025.9,"16242099999,16239099999,16224099999,LIRA",10.8,10,172,5.1,2.92842344556255e-14,108.3664,20-Feb-2023 20:00:00
NaN,"Clear",2023-02-20T20:30:00,8.2,10.8,83.73,"41.829742371733346, 12.468582121891949",0,0,1025.9,"16242099999,16239099999,16224099999,LIRA",10.8,10,172,5.1,2.93836925976215e-14,34.3638,20-Feb-2023 20:30:00
NaN,"Clear",2023-02-20T21:00:00,8.9,10.7,88.21,"41.829742371733346, 12.468582121891949",0,0,1026,"16242099999,16239099999,16224099999,LIRA",10.7,10,201,5.3,2.94835309153027e-14,90.6122,20-Feb-2023 21:00:00
NaN,"Clear",2023-02-20T21:30:00,8.9,10.7,88.21,"41.829742371733346, 12.468582121891949",0,0,1026,"16242099999,16239099999,16224099999,LIRA",10.7,10,201,5.3,2.95837510234731e-14,20.592,20-Feb-2023 21:30:00
0,"Clear",2023-02-20T22:00:00,8.9,11.5,83.81,"41.829742371733346, 12.468582121891949",0,0,1026,"16242099999,16239099999,16224099999,LIRA",11.5,9.8,159,5.8,2.96843545444814e-14,1.36379999999999,20-Feb-2023 22:00:00
0,"Clear",2023-02-20T22:30:00,8.9,11.5,83.81,"41.829742371733346, 12.468582121891949",0,0,1026,"16242099999,16239099999,16224099999,LIRA",11.5,9.8,159,5.8,2.97853431099557e-14,0,20-Feb-2023 22:30:00
0,"Clear",2023-02-20T23:00:00,8.8,11.4,83.8,"41.829742371733346, 12.468582121891949",0,0,1026,"16242099999,16239099999,16224099999,LIRA",11.4,9.8,138,5.5,2.98867183574693e-14,0,20-Feb-2023 23:00:00
0,"Clear",2023-02-20T23:30:00,8.8,11.4,83.8,"41.829742371733346, 12.468582121891949",0,0,1026,"16242099999,16239099999,16224099999,LIRA",11.4,9.8,138,5.5,2.9988481932256e-14,0,20-Feb-2023 23:30:00
0,"Clear",2023-02-21T00:00:00,7.9,10.5,83.69,"41.829742371733346, 12.468582121891949",0,0,1025,"16242099999,16239099999,16224099999,LIRA",10.5,9.8,147,4,3.00906354889657e-14,0,21-Feb-2023 00:00:00
0,"Clear",2023-02-21T00:30:00,7.9,10.5,83.69,"41.829742371733346, 12.468582121891949",0,0,1025,"16242099999,16239099999,16224099999,LIRA",10.5,9.8,147,4,3.01931806882913e-14,0,21-Feb-2023 00:30:00
13.3,"Clear",2023-02-21T01:00:00,7.9,9.6,88.88,"41.829742371733346, 12.468582121891949",0,0,1025,"16242099999,16239099999,16224099999,LIRA",9.6,8.9,212,3.7,3.02961191987047e-14,0,21-Feb-2023 01:00:00
13.3,"Clear",2023-02-21T01:30:00,7.9,9.6,88.88,"41.829742371733346, 12.468582121891949",0,0,1025,"16242099999,16239099999,16224099999,LIRA",9.6,8.9,212,3.7,3.03994526982319e-14,0,21-Feb-2023 01:30:00
84.6,"Partially cloudy",2023-02-21T02:00:00,6.9,7.7,88.8,"41.829742371733346, 12.468582121891949",0,0,1025,"16242099999,16239099999,16224099999,LIRA",8.7,7.1,189,7.1,3.05031828710424e-14,0,21-Feb-2023 02:00:00
84.6,"Partially cloudy",2023-02-21T02:30:00,6.9,7.7,88.8,"41.829742371733346, 12.468582121891949",0,0,1025,"16242099999,16239099999,16224099999,LIRA",8.7,7.1,189,7.1,3.06073114092043e-14,0,21-Feb-2023 02:30:00
84.6,"Partially cloudy",2023-02-21T03:00:00,7.8,8.4,88.71,"41.829742371733346, 12.468582121891949",0,0,1024,"16242099999,16239099999,16224099999,LIRA",9.6,9.8,147,8.6,3.0711840014481e-14,0,21-Feb-2023 03:00:00
84.6,"Partially cloudy",2023-02-21T03:30:00,7.8,8.4,88.71,"41.829742371733346, 12.468582121891949",0,0,1024,"16242099999,16239099999,16224099999,LIRA",9.6,9.8,147,8.6,3.08167703948807e-14,0,21-Feb-2023 03:30:00
84.6,"Partially cloudy",2023-02-21T04:00:00,8,9.4,88.73,"41.829742371733346, 12.468582121891949",0,0,1024,"16242099999,16239099999,16224099999,LIRA",9.8,9.8,169,5.4,3.09221042664324e-14,43.0013,21-Feb-2023 04:00:00
84.6,"Partially cloudy",2023-02-21T04:30:00,8,9.4,88.73,"41.829742371733346, 12.468582121891949",0,0,1024,"16242099999,16239099999,16224099999,LIRA",9.8,9.8,169,5.4,3.10278433550035e-14,32.0013,21-Feb-2023 04:30:00
84.6,"Partially cloudy",2023-02-21T05:00:00,8.1,9.4,88.74,"41.829742371733346, 12.468582121891949",0,0,1024,"16242099999,16239099999,16224099999,LIRA",9.9,9.8,91,5.7,3.11339893928095e-14,21.0013,21-Feb-2023 05:00:00
84.6,"Partially cloudy",2023-02-21T05:30:00,8.1,9.4,88.74,"41.829742371733346, 12.468582121891949",0,0,1024,"16242099999,16239099999,16224099999,LIRA",9.9,9.8,91,5.7,3.1240544120211e-14,121.2312,21-Feb-2023 05:30:00
84.6,"Partially cloudy",2023-02-21T06:00:00,8,9.9,88.13,"41.829742371733346, 12.468582121891949",0,0,1024,"16242099999,16239099999,16224099999,LIRA",9.9,9.8,151,2.6,3.13475092875524e-14,245.1738,21-Feb-2023 06:00:00
84.6,"Partially cloudy",2023-02-21T06:30:00,8,9.9,88.13,"41.829742371733346, 12.468582121891949",0,0,1024,"16242099999,16239099999,16224099999,LIRA",9.9,9.8,151,2.6,3.14548866516313e-14,381.7137,21-Feb-2023 06:30:00
96.8,"Overcast",2023-02-21T07:00:00,8.3,8.8,91.57,"41.829742371733346, 12.468582121891949",0,0,1023.2,"16242099999,16239099999,F1107,16224099999,16234099999",9.6,9.1,98,7,3.15626779775167e-14,699.2416,21-Feb-2023 07:00:00
96.8,"Overcast",2023-02-21T07:30:00,8.3,8.8,91.57,"41.829742371733346, 12.468582121891949",0,0,1023.2,"16242099999,16239099999,F1107,16224099999,16234099999",9.6,9.1,98,7,3.1670885040409e-14,656.87,21-Feb-2023 07:30:00
90.6,"Overcast",2023-02-21T08:00:00,8.6,10.5,87.68,"41.829742371733346, 12.468582121891949",0,0,1024,"16242099999,16239099999,AT416,16224099999,16234099999",10.5,9.3,80,3.8,3.17795096220691e-14,1043.8767,21-Feb-2023 08:00:00
90.6,"Overcast",2023-02-21T08:30:00,8.6,10.5,87.68,"41.829742371733346, 12.468582121891949",0,0,1024,"16242099999,16239099999,AT416,16224099999,16234099999",10.5,9.3,80,3.8,3.18885535126574e-14,1180.0586,21-Feb-2023 08:30:00
90.6,"Overcast",2023-02-21T09:00:00,8.7,11.5,82.56,"41.829742371733346, 12.468582121891949",0,0,1024,"16242099999,16239099999,AT416,16224099999,16234099999",11.5,9.3,98,5.4,3.19980185126162e-14,1118.6543,21-Feb-2023 09:00:00
90.6,"Overcast",2023-02-21T09:30:00,8.7,11.5,82.56,"41.829742371733346, 12.468582121891949",0,0,1024,"16242099999,16239099999,AT416,16224099999,16234099999",11.5,9.3,98,5.4,3.21079064290569e-14,1018.0467,21-Feb-2023 09:30:00
90.6,"Overcast",2023-02-21T10:00:00,9.2,12.8,78.48,"41.829742371733346, 12.468582121891949",0,0,1024,"16242099999,16239099999,AT416,16224099999,16234099999",12.8,9.3,171,7.6,3.22182190776212e-14,813.1725,21-Feb-2023 10:00:00
90.6,"Overcast",2023-02-21T10:30:00,9.2,12.8,78.48,"41.829742371733346, 12.468582121891949",0,0,1024,"16242099999,16239099999,AT416,16224099999,16234099999",12.8,9.3,171,7.6,3.23289582843849e-14,592.9965,21-Feb-2023 10:30:00
90,"Partially cloudy",2023-02-21T11:00:00,8.6,13.5,71.91,"41.829742371733346, 12.468582121891949",0,0,1023.8,"16242099999,16239099999,AT416,16224099999,16234099999",13.5,9.5,177,11.9,3.24401258822042e-14,467.6102,21-Feb-2023 11:00:00
90,"Partially cloudy",2023-02-21T11:30:00,8.6,13.5,71.91,"41.829742371733346, 12.468582121891949",0,0,1023.8,"16242099999,16239099999,AT416,16224099999,16234099999",13.5,9.5,177,11.9,3.25517237125981e-14,514.9445,21-Feb-2023 11:30:00
90,"Partially cloudy",2023-02-21T12:00:00,7.5,14.8,61.86,"41.829742371733346, 12.468582121891949",0,0,1023.1,"16242099999,16239099999,AT416,16224099999,16234099999",14.8,9.6,162,8.6,3.26637536276749e-14,574.8551,21-Feb-2023 12:00:00
90,"Partially cloudy",2023-02-21T12:30:00,7.5,14.8,61.86,"41.829742371733346, 12.468582121891949",0,0,1023.1,"16242099999,16239099999,AT416,16224099999,16234099999",14.8,9.6,162,8.6,3.27762174864359e-14,617.9336,21-Feb-2023 12:30:00
90,"Partially cloudy",2023-02-21T13:00:00,8.2,14.9,64.56,"41.829742371733346, 12.468582121891949",0,0,1022.7,"16242099999,16239099999,AT416,16224099999,16234099999",14.9,9.6,187,10.9,3.28891171566804e-14,521.6611,21-Feb-2023 13:00:00
90,"Partially cloudy",2023-02-21T13:30:00,8.2,14.9,64.56,"41.829742371733346, 12.468582121891949",0,0,1022.7,"16242099999,16239099999,AT416,16224099999,16234099999",14.9,9.6,187,10.9,3.30024545169544e-14,420.2578,21-Feb-2023 13:30:00
90,"Partially cloudy",2023-02-21T14:00:00,8.2,14.9,64.29,"41.829742371733346, 12.468582121891949",0,0,1022,"16242099999,16239099999,AT416,16224099999,16234099999",14.9,9.6,196,11,3.3116231452812e-14,517.0286,21-Feb-2023 14:00:00
90,"Partially cloudy",2023-02-21T14:30:00,8.2,14.9,64.29,"41.829742371733346, 12.468582121891949",0,0,1022,"16242099999,16239099999,AT416,16224099999,16234099999",14.9,9.6,196,11,3.32304498587421e-14,476.1503,21-Feb-2023 14:30:00
90,"Partially cloudy",2023-02-21T15:00:00,8.3,14.2,67.54,"41.829742371733346, 12.468582121891949",0,0,1021.1,"16242099999,16239099999,AT416,16224099999,16234099999",14.2,9.8,217,7.6,3.3345111640141e-14,421.6168,21-Feb-2023 15:00:00
90,"Partially cloudy",2023-02-21T15:30:00,8.3,14.2,67.54,"41.829742371733346, 12.468582121891949",0,0,1021.1,"16242099999,16239099999,AT416,16224099999,16234099999",14.2,9.8,217,7.6,3.34602187095296e-14,477.5214,21-Feb-2023 15:30:00
90,"Partially cloudy",2023-02-21T16:00:00,8.3,14,68.53,"41.829742371733346, 12.468582121891949",0,0,1021,"16242099999,16239099999,AT416,16224099999,16234099999",14,9.8,221,9.5,3.35757729885032e-14,391.6018,21-Feb-2023 16:00:00
90,"Partially cloudy",2023-02-21T16:30:00,8.3,14,68.53,"41.829742371733346, 12.468582121891949",0,0,1021,"16242099999,16239099999,AT416,16224099999,16234099999",14,9.8,221,9.5,3.36917764097275e-14,254.57,21-Feb-2023 16:30:00
90,"Partially cloudy",2023-02-21T17:00:00,9.3,13.9,73.45,"41.829742371733346, 12.468582121891949",0,0,1020.1,"16242099999,16239099999,AT416,16224099999,16234099999",13.9,10,218,9.8,3.38082309131113e-14,206.1618,21-Feb-2023 17:00:00
90,"Partially cloudy",2023-02-21T17:30:00,9.3,13.9,73.45,"41.829742371733346, 12.468582121891949",0,0,1020.1,"16242099999,16239099999,AT416,16224099999,16234099999",13.9,10,218,9.8,3.39251384477802e-14,279.4358,21-Feb-2023 17:30:00
90,"Partially cloudy",2023-02-21T18:00:00,8.9,13.2,74.8,"41.829742371733346, 12.468582121891949",0,0,1020.1,"16242099999,16239099999,AT416,16224099999,16234099999",13.2,10,217,8.5,3.40425009740955e-14,251.7012,21-Feb-2023 18:00:00
90,"Partially cloudy",2023-02-21T18:30:00,8.9,13.2,74.8,"41.829742371733346, 12.468582121891949",0,0,1020.1,"16242099999,16239099999,AT416,16224099999,16234099999",13.2,10,217,8.5,3.41603204597825e-14,271.8779,21-Feb-2023 18:30:00
90,"Partially cloudy",2023-02-21T19:00:00,9.2,12.3,81.26,"41.829742371733346, 12.468582121891949",0,0,1020.1,"16242099999,16239099999,16224099999,16234099999",12.3,10,204,5.4,3.42785988819277e-14,295.6258,21-Feb-2023 19:00:00
90,"Partially cloudy",2023-02-21T19:30:00,9.2,12.3,81.26,"41.829742371733346, 12.468582121891949",0,0,1020.1,"16242099999,16239099999,16224099999,16234099999",12.3,10,204,5.4,3.43973382290215e-14,290.393,21-Feb-2023 19:30:00
88.8,"Partially cloudy",2023-02-21T20:00:00,9,12,82.03,"41.829742371733346, 12.468582121891949",0,0,1020,"16242099999,16239099999,16224099999,LIRA",12,10,209,5.2,3.45165404970416e-14,181.0238,21-Feb-2023 20:00:00
88.8,"Partially cloudy",2023-02-21T20:30:00,9,12,82.03,"41.829742371733346, 12.468582121891949",0,0,1020,"16242099999,16239099999,16224099999,LIRA",12,10,209,5.2,3.46362076914735e-14,164.1026,21-Feb-2023 20:30:00
88.8,"Partially cloudy",2023-02-21T21:00:00,9,11.8,83.12,"41.829742371733346, 12.468582121891949",0,0,1020,"16242099999,16239099999,16224099999,LIRA",11.8,10,220,7,3.47563418293775e-14,74.868,21-Feb-2023 21:00:00
88.8,"Partially cloudy",2023-02-21T21:30:00,9,11.8,83.12,"41.829742371733346, 12.468582121891949",0,0,1020,"16242099999,16239099999,16224099999,LIRA",11.8,10,220,7,3.48769449354268e-14,51.14,21-Feb-2023 21:30:00
88.8,"Partially cloudy",2023-02-21T22:00:00,9.1,11.8,83.13,"41.829742371733346, 12.468582121891949",0,0,1020,"16242099999,16239099999,16224099999,LIRA",11.8,10,245,4,3.49980190439515e-14,16.9009,21-Feb-2023 22:00:00
88.8,"Partially cloudy",2023-02-21T22:30:00,9.1,11.8,83.13,"41.829742371733346, 12.468582121891949",0,0,1020,"16242099999,16239099999,16224099999,LIRA",11.8,10,245,4,3.51195662010303e-14,0,21-Feb-2023 22:30:00
88.9,"Partially cloudy",2023-02-21T23:00:00,9.4,12.1,83.47,"41.829742371733346, 12.468582121891949",0,0,1020.1,"16245099999,16242099999,16239099999,LIRA",12.1,10,70,3.8,3.52415884604824e-14,0,21-Feb-2023 23:00:00
88.9,"Partially cloudy",2023-02-21T23:30:00,9.4,12.1,83.47,"41.829742371733346, 12.468582121891949",0,0,1020.1,"16245099999,16242099999,16239099999,LIRA",12.1,10,70,3.8,3.53640878859356e-14,0,21-Feb-2023 23:30:00
88,"Partially cloudy",2023-02-22T00:00:00,9.3,11.8,84.21,"41.829742371733346, 12.468582121891949",0,0,1020.1,"16245099999,16242099999,16239099999,16224099999,LIRA",11.8,10,347,2.5,3.54870665529434e-14,0,22-Feb-2023 00:00:00
88,"Partially cloudy",2023-02-22T00:30:00,9.3,11.8,84.21,"41.829742371733346, 12.468582121891949",0,0,1020.1,"16245099999,16242099999,16239099999,16224099999,LIRA",11.8,10,347,2.5,3.56105265449289e-14,47.8385,22-Feb-2023 00:30:00
84.2,"Partially cloudy",2023-02-22T01:00:00,9.1,11.8,83.4,"41.829742371733346, 12.468582121891949",0,0,1020.1,"16245099999,16242099999,16239099999,16224099999,LIRA",11.8,10,82,5.6,3.57344699552788e-14,36.8385,22-Feb-2023 01:00:00
84.2,"Partially cloudy",2023-02-22T01:30:00,9.1,11.8,83.4,"41.829742371733346, 12.468582121891949",0,0,1020.1,"16245099999,16242099999,16239099999,16224099999,LIRA",11.8,10,82,5.6,3.58588988894847e-14,25.8385,22-Feb-2023 01:30:00
79.5,"Partially cloudy",2023-02-22T02:00:00,9,11.6,83.82,"41.829742371733346, 12.468582121891949",0,0,1019,"16242099999,16239099999,16224099999,LIRA",11.6,9.7,83,5.5,3.59838154610404e-14,14.8385,22-Feb-2023 02:00:00
79.5,"Partially cloudy",2023-02-22T02:30:00,9,11.6,83.82,"41.829742371733346, 12.468582121891949",0,0,1019,"16242099999,16239099999,16224099999,LIRA",11.6,9.7,83,5.5,3.61092217935598e-14,3.83849999999999,22-Feb-2023 02:30:00
79.5,"Partially cloudy",2023-02-22T03:00:00,8,10.6,83.71,"41.829742371733346, 12.468582121891949",0,0,1019,"16242099999,16239099999,16224099999,LIRA",10.6,9.7,100,5.4,3.62351200229446e-14,0,22-Feb-2023 03:00:00
79.5,"Partially cloudy",2023-02-22T03:30:00,8,10.6,83.71,"41.829742371733346, 12.468582121891949",0,0,1019,"16242099999,16239099999,16224099999,LIRA",10.6,9.7,100,5.4,3.63615122932331e-14,0,22-Feb-2023 03:30:00
79.5,"Partially cloudy",2023-02-22T04:00:00,6.9,8.7,83.58,"41.829742371733346, 12.468582121891949",0,0,1019,"16242099999,16239099999,16224099999,LIRA",9.6,9.5,124,7.2,3.64884007587433e-14,0,22-Feb-2023 04:00:00
79.5,"Partially cloudy",2023-02-22T04:30:00,6.9,8.7,83.58,"41.829742371733346, 12.468582121891949",0,0,1019,"16242099999,16239099999,16224099999,LIRA",9.6,9.5,124,7.2,3.66157875862669e-14,0,22-Feb-2023 04:30:00
79.5,"Partially cloudy",2023-02-22T05:00:00,6.8,9.4,83.72,"41.829742371733346, 12.468582121891949",0,0,1018,"16242099999,16239099999,16224099999,LIRA",9.4,9.4,152,2,3.67436749508686e-14,0,22-Feb-2023 05:00:00
79.5,"Partially cloudy",2023-02-22T05:30:00,6.8,9.4,83.72,"41.829742371733346, 12.468582121891949",0,0,1018,"16242099999,16239099999,16224099999,LIRA",9.4,9.4,152,2,3.68720650380559e-14,50.6817,22-Feb-2023 05:30:00
50,"Partially cloudy",2023-02-22T06:00:00,6.8,9.4,83.72,"41.829742371733346, 12.468582121891949",0,0,1018.1,"16242099999,16239099999,16224099999,LIRA",9.4,9.2,171,2,3.70009600459979e-14,109.1848,22-Feb-2023 06:00:00
50,"Partially cloudy",2023-02-22T06:30:00,6.8,9.4,83.72,"41.829742371733346, 12.468582121891949",0,0,1018.1,"16242099999,16239099999,16224099999,LIRA",9.4,9.2,171,2,3.71303621812768e-14,145.2857,22-Feb-2023 06:30:00
90,"Partially cloudy",2023-02-22T07:00:00,7.1,8.9,88.09,"41.829742371733346, 12.468582121891949",0,0,1018.3,"E2310,16242099999,16239099999,16224099999,16234099999",8.9,8.1,40,3.2,3.7260273661082e-14,244.9394,22-Feb-2023 07:00:00
90,"Partially cloudy",2023-02-22T07:30:00,7.1,8.9,88.09,"41.829742371733346, 12.468582121891949",0,0,1018.3,"E2310,16242099999,16239099999,16224099999,16234099999",8.9,8.1,40,3.2,3.73906967154573e-14,387.4103,22-Feb-2023 07:30:00
90,"Partially cloudy",2023-02-22T08:00:00,8.1,10.1,87.11,"41.829742371733346, 12.468582121891949",0,0,1019.1,"16242099999,16239099999,AT416,16224099999,16234099999",10.1,8,83,4.2,3.75216335830005e-14,583.2365,22-Feb-2023 08:00:00
90,"Partially cloudy",2023-02-22T08:30:00,8.1,10.1,87.11,"41.829742371733346, 12.468582121891949",0,0,1019.1,"16242099999,16239099999,AT416,16224099999,16234099999",10.1,8,83,4.2,3.76530865130853e-14,634.8312,22-Feb-2023 08:30:00
83.9,"Partially cloudy",2023-02-22T09:00:00,8.3,11.2,82.76,"41.829742371733346, 12.468582121891949",0,0,1019.1,"16242099999,16239099999,AT416,16224099999,16234099999",11.2,8.6,64,3.5,3.77850577681343e-14,1183.4606,22-Feb-2023 09:00:00
83.9,"Partially cloudy",2023-02-22T09:30:00,8.3,11.2,82.76,"41.829742371733346, 12.468582121891949",0,0,1019.1,"16242099999,16239099999,AT416,16224099999,16234099999",11.2,8.6,64,3.5,3.79175496192689e-14,1456.4124,22-Feb-2023 09:30:00
47,"Partially cloudy",2023-02-22T10:00:00,9.3,12.9,78.72,"41.829742371733346, 12.468582121891949",0,0,1019.1,"16242099999,16239099999,AT416,16224099999,16234099999",12.9,8.6,28,5,3.8050564348557e-14,1077.7159,22-Feb-2023 10:00:00
47,"Partially cloudy",2023-02-22T10:30:00,9.3,12.9,78.72,"41.829742371733346, 12.468582121891949",0,0,1019.1,"16242099999,16239099999,AT416,16224099999,16234099999",12.9,8.6,28,5,3.81841042513139e-14,832.6169,22-Feb-2023 10:30:00
31.2,"Partially cloudy",2023-02-22T11:00:00,9.1,14.2,71.45,"41.829742371733346, 12.468582121891949",0,0,1019,"16242099999,16239099999,AT416,16224099999,16234099999",14.2,9.7,133,4.3,3.83181716317006e-14,728.6263,22-Feb-2023 11:00:00
31.2,"Partially cloudy",2023-02-22T11:30:00,9.1,14.2,71.45,"41.829742371733346, 12.468582121891949",0,0,1019,"16242099999,16239099999,AT416,16224099999,16234099999",14.2,9.7,133,4.3,3.84527688049984e-14,660.665,22-Feb-2023 11:30:00
33,"Partially cloudy",2023-02-22T12:00:00,7.1,15.1,58.65,"41.829742371733346, 12.468582121891949",0,0,1018.1,"16242099999,16239099999,AT416,16224099999,16234099999",15.1,9.9,133,4.5,3.85878980999376e-14,584.9357,22-Feb-2023 12:00:00
33,"Partially cloudy",2023-02-22T12:30:00,7.1,15.1,58.65,"41.829742371733346, 12.468582121891949",0,0,1018.1,"16242099999,16239099999,AT416,16224099999,16234099999",15.1,9.9,133,4.5,3.87235618542437e-14,514.0719,22-Feb-2023 12:30:00
33,"Partially cloudy",2023-02-22T13:00:00,6.2,15.2,55.11,"41.829742371733346, 12.468582121891949",0,0,1017.9,"16242099999,16239099999,AT416,16224099999,16234099999",15.2,10,150,4,3.88597624169396e-14,332.2444,22-Feb-2023 13:00:00
33,"Partially cloudy",2023-02-22T13:30:00,6.2,15.2,55.11,"41.829742371733346, 12.468582121891949",0,0,1017.9,"16242099999,16239099999,AT416,16224099999,16234099999",15.2,10,150,4,3.89965021507019e-14,356.0509,22-Feb-2023 13:30:00
33.9,"Partially cloudy",2023-02-22T14:00:00,6.9,15.4,56.68,"41.829742371733346, 12.468582121891949",0,0,1017.1,"16242099999,16239099999,AT416,16224099999,16234099999",15.4,10,280,7.3,3.91337834273548e-14,496.2858,22-Feb-2023 14:00:00
33.9,"Partially cloudy",2023-02-22T14:30:00,6.9,15.4,56.68,"41.829742371733346, 12.468582121891949",0,0,1017.1,"16242099999,16239099999,AT416,16224099999,16234099999",15.4,10,280,7.3,3.92716086301998e-14,498.6719,22-Feb-2023 14:30:00
35.7,"Partially cloudy",2023-02-22T15:00:00,8.3,15.1,63.73,"41.829742371733346, 12.468582121891949",0,0,1017.1,"16242099999,16239099999,AT416,16224099999,16234099999",15.1,10,259,7,3.94099801564004e-14,457.6381,22-Feb-2023 15:00:00
35.7,"Partially cloudy",2023-02-22T15:30:00,8.3,15.1,63.73,"41.829742371733346, 12.468582121891949",0,0,1017.1,"16242099999,16239099999,AT416,16224099999,16234099999",15.1,10,259,7,3.95489004124229e-14,369.9586,22-Feb-2023 15:30:00
50.8,"Partially cloudy",2023-02-22T16:00:00,9.1,15,67.75,"41.829742371733346, 12.468582121891949",0,0,1017,"16242099999,16239099999,AT416,16224099999,16234099999",15,10,244,10.1,3.96883718163936e-14,248.8899,22-Feb-2023 16:00:00
50.8,"Partially cloudy",2023-02-22T16:30:00,9.1,15,67.75,"41.829742371733346, 12.468582121891949",0,0,1017,"16242099999,16239099999,AT416,16224099999,16234099999",15,10,244,10.1,3.98283968005131e-14,436.7697,22-Feb-2023 16:30:00
33.7,"Partially cloudy",2023-02-22T17:00:00,9.1,14.2,71.56,"41.829742371733346, 12.468582121891949",0,0,1017,"16242099999,16239099999,AT416,16224099999,16234099999",14.2,10,257,12.2,3.99689778064422e-14,421.3872,22-Feb-2023 17:00:00
33.7,"Partially cloudy",2023-02-22T17:30:00,9.1,14.2,71.56,"41.829742371733346, 12.468582121891949",0,0,1017,"16242099999,16239099999,AT416,16224099999,16234099999",14.2,10,257,12.2,4.0110117287688e-14,384.6706,22-Feb-2023 17:30:00
53.6,"Partially cloudy",2023-02-22T18:00:00,8.7,13.1,74.98,"41.829742371733346, 12.468582121891949",0,0,1016.9,"16242099999,16239099999,AT416,16224099999,16234099999",13.1,10,245,8.2,4.02518177120476e-14,315.2691,22-Feb-2023 18:00:00
53.6,"Partially cloudy",2023-02-22T18:30:00,8.7,13.1,74.98,"41.829742371733346, 12.468582121891949",0,0,1016.9,"16242099999,16239099999,AT416,16224099999,16234099999",13.1,10,245,8.2,4.03940815569384e-14,203.6125,22-Feb-2023 18:30:00
31.8,"Partially cloudy",2023-02-22T19:00:00,8.2,12.1,76.91,"41.829742371733346, 12.468582121891949",0,0,1016.9,"16242099999,AU378,16239099999,16224099999,16234099999",12.1,10,240,5.7,4.05369113118141e-14,350.6622,22-Feb-2023 19:00:00
31.8,"Partially cloudy",2023-02-22T19:30:00,8.2,12.1,76.91,"41.829742371733346, 12.468582121891949",0,0,1016.9,"16242099999,AU378,16239099999,16224099999,16234099999",12.1,10,240,5.7,4.0680309480637e-14,270.334,22-Feb-2023 19:30:00
26.6,"Partially cloudy",2023-02-22T20:00:00,8,10.9,82.7,"41.829742371733346, 12.468582121891949",0,0,1017,"16242099999,AU378,16239099999,16224099999,LIRA",10.9,10,173,6.9,4.08242785771536e-14,217.6186,22-Feb-2023 20:00:00
26.6,"Partially cloudy",2023-02-22T20:30:00,8,10.9,82.7,"41.829742371733346, 12.468582121891949",0,0,1017,"16242099999,AU378,16239099999,16224099999,LIRA",10.9,10,173,6.9,4.0968821127339e-14,101.7401,22-Feb-2023 20:30:00
NaN,"Clear",2023-02-22T21:00:00,7.2,10.8,78.07,"41.829742371733346, 12.468582121891949",0,0,1017,"16242099999,AU378,16239099999,16224099999,LIRA",10.8,10,240,3.6,4.11139396719e-14,150.2801,22-Feb-2023 21:00:00
NaN,"Clear",2023-02-22T21:30:00,7.2,10.8,78.07,"41.829742371733346, 12.468582121891949",0,0,1017,"16242099999,AU378,16239099999,16224099999,LIRA",10.8,10,240,3.6,4.12596367614938e-14,129.8776,22-Feb-2023 21:30:00
NaN,"Clear",2023-02-22T22:00:00,7.1,8.9,83.29,"41.829742371733346, 12.468582121891949",0,0,1017,"16242099999,AU378,16239099999,16224099999,LIRA",9.8,10,159,7.4,4.14059149592026e-14,67.5088,22-Feb-2023 22:00:00
NaN,"Clear",2023-02-22T22:30:00,7.1,8.9,83.29,"41.829742371733346, 12.468582121891949",0,0,1017,"16242099999,AU378,16239099999,16224099999,LIRA",9.8,10,159,7.4,4.15527768430663e-14,25.2358,22-Feb-2023 22:30:00
0,"Clear",2023-02-22T23:00:00,7.1,9.4,83.45,"41.829742371733346, 12.468582121891949",0,0,1017,"16242099999,AU378,16239099999,16224099999,LIRA",9.7,9.8,170,5.1,4.17002250012452e-14,8.3107,22-Feb-2023 23:00:00
0,"Clear",2023-02-22T23:30:00,7.1,9.4,83.45,"41.829742371733346, 12.468582121891949",0,0,1017,"16242099999,AU378,16239099999,16224099999,LIRA",9.7,9.8,170,5.1,4.18482620345236e-14,0,22-Feb-2023 23:30:00
23.8,"Partially cloudy",2023-02-23T00:00:00,7,8.8,88.48,"41.829742371733346, 12.468582121891949",0,0,1017,"16242099999,AU378,16239099999,16224099999,LIRA",8.8,9.7,128,4.2,4.19968905588742e-14,19.3569,23-Feb-2023 00:00:00
23.8,"Partially cloudy",2023-02-23T00:30:00,7,8.8,88.48,"41.829742371733346, 12.468582121891949",0,0,1017,"16242099999,AU378,16239099999,16224099999,LIRA",8.8,9.7,128,4.2,4.21461132005624e-14,8.3569,23-Feb-2023 00:30:00
79.5,"Partially cloudy",2023-02-23T01:00:00,7,9.3,83.28,"41.829742371733346, 12.468582121891949",0,0,1016.9,"16242099999,16239099999,16224099999,LIRA",9.7,9.7,142,5.4,4.22959325986808e-14,0,23-Feb-2023 01:00:00
79.5,"Partially cloudy",2023-02-23T01:30:00,7,9.3,83.28,"41.829742371733346, 12.468582121891949",0,0,1016.9,"16242099999,16239099999,16224099999,LIRA",9.7,9.7,142,5.4,4.24463514077444e-14,0,23-Feb-2023 01:30:00
79.5,"Partially cloudy",2023-02-23T02:00:00,7,9.2,83.59,"41.829742371733346, 12.468582121891949",0,0,1016.9,"16242099999,16239099999,16224099999,LIRA",9.6,9.7,153,5.4,4.25973722927366e-14,0,23-Feb-2023 02:00:00
79.5,"Partially cloudy",2023-02-23T02:30:00,7,9.2,83.59,"41.829742371733346, 12.468582121891949",0,0,1016.9,"16242099999,16239099999,16224099999,LIRA",9.6,9.7,153,5.4,4.27489979316744e-14,48.9574,23-Feb-2023 02:30:00
79.5,"Partially cloudy",2023-02-23T03:00:00,6,9.6,78.18,"41.829742371733346, 12.468582121891949",0,0,1016,"16242099999,AU378,16239099999,16224099999,LIRA",9.6,9.6,139,4.2,4.29012310182356e-14,55.3981,23-Feb-2023 03:00:00
79.5,"Partially cloudy",2023-02-23T03:30:00,6,9.6,78.18,"41.829742371733346, 12.468582121891949",0,0,1016,"16242099999,AU378,16239099999,16224099999,LIRA",9.6,9.6,139,4.2,4.30540742567451e-14,33.3981,23-Feb-2023 03:30:00
84.6,"Partially cloudy",2023-02-23T04:00:00,5.1,8.6,78.57,"41.829742371733346, 12.468582121891949",0,0,1016,"16242099999,AU378,16239099999,16224099999,LIRA",8.6,9.6,30,3.9,4.32075303647716e-14,15.9574,23-Feb-2023 04:00:00
84.6,"Partially cloudy",2023-02-23T04:30:00,5.1,8.6,78.57,"41.829742371733346, 12.468582121891949",0,0,1016,"16242099999,AU378,16239099999,16224099999,LIRA",8.6,9.6,30,3.9,4.33616020757868e-14,0,23-Feb-2023 04:30:00
24,"Partially cloudy",2023-02-23T05:00:00,5.2,7.1,83.54,"41.829742371733346, 12.468582121891949",0,0,1016,"16242099999,16239099999,16224099999,LIRA",7.9,9.6,78,5.6,4.35162921340913e-14,44.5483,23-Feb-2023 05:00:00
24,"Partially cloudy",2023-02-23T05:30:00,5.2,7.1,83.54,"41.829742371733346, 12.468582121891949",0,0,1016,"16242099999,16239099999,16224099999,LIRA",7.9,9.6,78,5.6,4.36716032974438e-14,33.5483,23-Feb-2023 05:30:00
29,"Partially cloudy",2023-02-23T06:00:00,5.2,7,88.49,"41.829742371733346, 12.468582121891949",0,0,1015,"16242099999,AU378,16239099999,16224099999,LIRA",7,9.6,NaN,2.1,4.3827538339752e-14,61.5896,23-Feb-2023 06:00:00
29,"Partially cloudy",2023-02-23T06:30:00,5.2,7,88.49,"41.829742371733346, 12.468582121891949",0,0,1015,"16242099999,AU378,16239099999,16224099999,LIRA",7,9.6,NaN,2.1,4.39841000459379e-14,48.9032,23-Feb-2023 06:30:00
15.3,"Clear",2023-02-23T07:00:00,5.3,4.4,94.78,"41.829742371733346, 12.468582121891949",0,0,1015.2,"16242099999,16239099999,AT416,16224099999,16234099999",6.1,8.1,39,8.2,4.41412912145992e-14,124.5199,23-Feb-2023 07:00:00
15.3,"Clear",2023-02-23T07:30:00,5.3,4.4,94.78,"41.829742371733346, 12.468582121891949",0,0,1015.2,"16242099999,16239099999,AT416,16224099999,16234099999",6.1,8.1,39,8.2,4.4299114660733e-14,129.0605,23-Feb-2023 07:30:00
12.1,"Clear",2023-02-23T08:00:00,5.3,6.6,91.19,"41.829742371733346, 12.468582121891949",0,0,1016.1,"16242099999,16239099999,AT416,16224099999,16234099999",6.6,8,30,3.9,4.44575732105399e-14,375.1788,23-Feb-2023 08:00:00
12.1,"Clear",2023-02-23T08:30:00,5.3,6.6,91.19,"41.829742371733346, 12.468582121891949",0,0,1016.1,"16242099999,16239099999,AT416,16224099999,16234099999",6.6,8,30,3.9,4.46166697041169e-14,423.9939,23-Feb-2023 08:30:00
4.9,"Clear",2023-02-23T09:00:00,7.2,9,88.64,"41.829742371733346, 12.468582121891949",0,0,1016.1,"16242099999,16239099999,AT416,16224099999,16234099999",9,8.5,41,3,4.47764069982157e-14,888.0381,23-Feb-2023 09:00:00
4.9,"Clear",2023-02-23T09:30:00,7.2,9,88.64,"41.829742371733346, 12.468582121891949",0,0,1016.1,"16242099999,16239099999,AT416,16224099999,16234099999",9,8.5,41,3,4.49367879609833e-14,1008.5828,23-Feb-2023 09:30:00
37.9,"Partially cloudy",2023-02-23T10:00:00,8.2,11.9,78.01,"41.829742371733346, 12.468582121891949",0,0,1016.2,"16242099999,16239099999,AT416,16224099999,16234099999",11.9,9.2,102,3.4,4.50978154746888e-14,959.227,23-Feb-2023 10:00:00
37.9,"Partially cloudy",2023-02-23T10:30:00,8.2,11.9,78.01,"41.829742371733346, 12.468582121891949",0,0,1016.2,"16242099999,16239099999,AT416,16224099999,16234099999",11.9,9.2,102,3.4,4.52594924385146e-14,783.6899,23-Feb-2023 10:30:00
54.5,"Partially cloudy",2023-02-23T11:00:00,9.1,13.3,75.48,"41.829742371733346, 12.468582121891949",0,0,1017,"16242099999,16239099999,AT416,16224099999,16234099999",13.3,9.5,245,7.3,4.54218217632347e-14,491.2036,23-Feb-2023 11:00:00
54.5,"Partially cloudy",2023-02-23T11:30:00,9.1,13.3,75.48,"41.829742371733346, 12.468582121891949",0,0,1017,"16242099999,16239099999,AT416,16224099999,16234099999",13.3,9.5,245,7.3,4.55848063739739e-14,428.7569,23-Feb-2023 11:30:00
48.2,"Partially cloudy",2023-02-23T12:00:00,8.4,14.9,64.92,"41.829742371733346, 12.468582121891949",0,0,1016.2,"16242099999,16239099999,AT416,16224099999,16234099999",14.9,9.8,221,10.1,4.57484492130341e-14,557.5985,23-Feb-2023 12:00:00
48.2,"Partially cloudy",2023-02-23T12:30:00,8.4,14.9,64.92,"41.829742371733346, 12.468582121891949",0,0,1016.2,"16242099999,16239099999,AT416,16224099999,16234099999",14.9,9.8,221,10.1,4.5912753234508e-14,950.8285,23-Feb-2023 12:30:00
61.5,"Partially cloudy",2023-02-23T13:00:00,9.2,15,68.12,"41.829742371733346, 12.468582121891949",0,0,1016.2,"16242099999,16239099999,AT416,16224099999,16234099999",15,9.5,232,13.6,4.60777214070723e-14,918.2558,23-Feb-2023 13:00:00
61.5,"Partially cloudy",2023-02-23T13:30:00,9.2,15,68.12,"41.829742371733346, 12.468582121891949",0,0,1016.2,"16242099999,16239099999,AT416,16224099999,16234099999",15,9.5,232,13.6,4.62433567168491e-14,739.0231,23-Feb-2023 13:30:00
61.5,"Partially cloudy",2023-02-23T14:00:00,8,14.9,63.06,"41.829742371733346, 12.468582121891949",0,0,1016.1,"16242099999,16239099999,AT416,16224099999,16234099999",14.9,10,228,9.6,4.64096621619539e-14,657.1528,23-Feb-2023 14:00:00
61.5,"Partially cloudy",2023-02-23T14:30:00,8,14.9,63.06,"41.829742371733346, 12.468582121891949",0,0,1016.1,"16242099999,16239099999,AT416,16224099999,16234099999",14.9,10,228,9.6,4.65766407553237e-14,495.0465,23-Feb-2023 14:30:00
61.5,"Partially cloudy",2023-02-23T15:00:00,8.5,14.6,66.73,"41.829742371733346, 12.468582121891949",0,0,1015.2,"16242099999,16239099999,AT416,16224099999,16234099999",14.6,10,237,9.9,4.67442955276137e-14,309.5977,23-Feb-2023 15:00:00
61.5,"Partially cloudy",2023-02-23T15:30:00,8.5,14.6,66.73,"41.829742371733346, 12.468582121891949",0,0,1015.2,"16242099999,16239099999,AT416,16224099999,16234099999",14.6,10,237,9.9,4.69126295216788e-14,290.6114,23-Feb-2023 15:30:00
77.3,"Partially cloudy",2023-02-23T16:00:00,8.2,14.4,66.27,"41.829742371733346, 12.468582121891949",0,0,1015.2,"16242099999,16239099999,AT416,16224099999,16234099999",14.4,10,243,7.8,4.70816457954373e-14,334.2681,23-Feb-2023 16:00:00
77.3,"Partially cloudy",2023-02-23T16:30:00,8.2,14.4,66.27,"41.829742371733346, 12.468582121891949",0,0,1015.2,"16242099999,16239099999,AT416,16224099999,16234099999",14.4,10,243,7.8,4.72513474248027e-14,288.2807,23-Feb-2023 16:30:00
73.1,"Partially cloudy",2023-02-23T17:00:00,8.2,14,67.91,"41.829742371733346, 12.468582121891949",0,0,1015.2,"16242099999,16239099999,AT416,16224099999,16234099999",14,10,252,8.5,4.7421737498099e-14,348.0991,23-Feb-2023 17:00:00
73.1,"Partially cloudy",2023-02-23T17:30:00,8.2,14,67.91,"41.829742371733346, 12.468582121891949",0,0,1015.2,"16242099999,16239099999,AT416,16224099999,16234099999",14,10,252,8.5,4.75928191189591e-14,307.8715,23-Feb-2023 17:30:00
46.1,"Partially cloudy",2023-02-23T18:00:00,8.8,12.8,76.72,"41.829742371733346, 12.468582121891949",0,0,1015.2,"16242099999,16239099999,AT416,16224099999,16234099999",12.8,9.9,229,8.2,4.77645954092933e-14,388.2459,23-Feb-2023 18:00:00
46.1,"Partially cloudy",2023-02-23T18:30:00,8.8,12.8,76.72,"41.829742371733346, 12.468582121891949",0,0,1015.2,"16242099999,16239099999,AT416,16224099999,16234099999",12.8,9.9,229,8.2,4.79370695036367e-14,398.9124,23-Feb-2023 18:30:00
30,"Partially cloudy",2023-02-23T19:00:00,8.2,11.7,79.02,"41.829742371733346, 12.468582121891949",0,0,1016.1,"16242099999,AU378,16239099999,16224099999,16234099999",11.7,9.9,246,5.5,4.81102445520835e-14,404.8825,23-Feb-2023 19:00:00
30,"Partially cloudy",2023-02-23T19:30:00,8.2,11.7,79.02,"41.829742371733346, 12.468582121891949",0,0,1016.1,"16242099999,AU378,16239099999,16224099999,16234099999",11.7,9.9,246,5.5,4.82841237232922e-14,255.3879,23-Feb-2023 19:30:00
NaN,"Clear",2023-02-23T20:00:00,7.1,10.8,77.83,"41.829742371733346, 12.468582121891949",0,0,1016,"16242099999,AU378,16239099999,16224099999,LIRA",10.8,10,211,5.1,4.84587101987643e-14,176.24,23-Feb-2023 20:00:00
NaN,"Clear",2023-02-23T20:30:00,7.1,10.8,77.83,"41.829742371733346, 12.468582121891949",0,0,1016,"16242099999,AU378,16239099999,16224099999,LIRA",10.8,10,211,5.1,4.8634007175815e-14,169.2837,23-Feb-2023 20:30:00
NaN,"Clear",2023-02-23T21:00:00,7,8.9,83.03,"41.829742371733346, 12.468582121891949",0,0,1016,"16242099999,AU378,16239099999,16224099999,LIRA",9.8,10,153,7.2,4.88100178706158e-14,95.3081,23-Feb-2023 21:00:00
NaN,"Clear",2023-02-23T21:30:00,7,8.9,83.03,"41.829742371733346, 12.468582121891949",0,0,1016,"16242099999,AU378,16239099999,16224099999,LIRA",9.8,10,153,7.2,4.89867455124033e-14,159.3084,23-Feb-2023 21:30:00
30,"Partially cloudy",2023-02-23T22:00:00,7.1,9.9,83.04,"41.829742371733346, 12.468582121891949",0,0,1016,"16242099999,AU378,16239099999,16224099999,LIRA",9.9,10,153,3.6,4.91641933464871e-14,103.4619,23-Feb-2023 22:00:00
30,"Partially cloudy",2023-02-23T22:30:00,7.1,9.9,83.04,"41.829742371733346, 12.468582121891949",0,0,1016,"16242099999,AU378,16239099999,16224099999,LIRA",9.9,10,153,3.6,4.93423646373298e-14,55.5232,23-Feb-2023 22:30:00
NaN,"Clear",2023-02-23T23:00:00,6.1,8.9,82.92,"41.829742371733346, 12.468582121891949",0,0,1016.9,"16242099999,16239099999,16224099999,LIRA",8.9,10,158,4.2,4.95212626626856e-14,29.6976,23-Feb-2023 23:00:00
NaN,"Clear",2023-02-23T23:30:00,6.1,8.9,82.92,"41.829742371733346, 12.468582121891949",0,0,1016.9,"16242099999,16239099999,16224099999,LIRA",8.9,10,158,4.2,4.97008907166454e-14,0,23-Feb-2023 23:30:00
47.9,"Partially cloudy",2023-02-24T00:00:00,6.9,8.1,88.2,"41.829742371733346, 12.468582121891949",0,0,1016,"16242099999,16239099999,16224099999,LIRA",8.8,9.9,114,5.7,4.9881252112755e-14,0,24-Feb-2023 00:00:00
47.9,"Partially cloudy",2023-02-24T00:30:00,6.9,8.1,88.2,"41.829742371733346, 12.468582121891949",0,0,1016,"16242099999,16239099999,16224099999,LIRA",8.8,9.9,114,5.7,5.00623501780826e-14,0,24-Feb-2023 00:30:00
13.3,"Clear",2023-02-24T01:00:00,6.1,8.3,83.49,"41.829742371733346, 12.468582121891949",0,0,1016,"16242099999,AU378,16239099999,16224099999,LIRA",8.8,9.9,143,5.2,5.02441882563012e-14,0,24-Feb-2023 01:00:00
13.3,"Clear",2023-02-24T01:30:00,6.1,8.3,83.49,"41.829742371733346, 12.468582121891949",0,0,1016,"16242099999,AU378,16239099999,16224099999,LIRA",8.8,9.9,143,5.2,5.04267697108464e-14,0,24-Feb-2023 01:30:00
13.3,"Clear",2023-02-24T02:00:00,6.1,8.2,83.49,"41.829742371733346, 12.468582121891949",0,0,1016,"16242099999,AU378,16239099999,16224099999,LIRA",8.8,9.9,160,5.5,5.06100979189105e-14,0,24-Feb-2023 02:00:00
13.3,"Clear",2023-02-24T02:30:00,6.1,8.2,83.49,"41.829742371733346, 12.468582121891949",0,0,1016,"16242099999,AU378,16239099999,16224099999,LIRA",8.8,9.9,160,5.5,5.07941762745641e-14,15.6818,24-Feb-2023 02:30:00
50,"Partially cloudy",2023-02-24T03:00:00,6.1,7.1,93.53,"41.829742371733346, 12.468582121891949",0,0,1015,"16242099999,AU378,16239099999,16224099999,LIRA",7.1,8.1,90,2.6,5.09790081919529e-14,4.6818,24-Feb-2023 03:00:00
50,"Partially cloudy",2023-02-24T03:30:00,6.1,7.1,93.53,"41.829742371733346, 12.468582121891949",0,0,1015,"16242099999,AU378,16239099999,16224099999,LIRA",7.1,8.1,90,2.6,5.11645970992184e-14,0,24-Feb-2023 03:30:00
84.6,"Partially cloudy",2023-02-24T04:00:00,6.1,7,94.18,"41.829742371733346, 12.468582121891949",0,0,1015,"16242099999,AU378,16239099999,16224099999,LIRA",7,9.9,162,3.9,5.13509464416587e-14,0,24-Feb-2023 04:00:00
84.6,"Partially cloudy",2023-02-24T04:30:00,6.1,7,94.18,"41.829742371733346, 12.468582121891949",0,0,1015,"16242099999,AU378,16239099999,16224099999,LIRA",7,9.9,162,3.9,5.15380596849645e-14,38.7334,24-Feb-2023 04:30:00
29,"Partially cloudy",2023-02-24T05:00:00,6.9,8.1,88.2,"41.829742371733346, 12.468582121891949",0,0,1015,"16242099999,AU378,16239099999,16224099999,LIRA",8.8,9.9,153,5.9,5.17259403090666e-14,74.1348,24-Feb-2023 05:00:00
29,"Partially cloudy",2023-02-24T05:30:00,6.9,8.1,88.2,"41.829742371733346, 12.468582121891949",0,0,1015,"16242099999,AU378,16239099999,16224099999,LIRA",8.8,9.9,153,5.9,5.19145918113346e-14,97.6842,24-Feb-2023 05:30:00
84.6,"Partially cloudy",2023-02-24T06:00:00,5.3,6.1,94.14,"41.829742371733346, 12.468582121891949",0,0,1015,"16242099999,AU378,16239099999,16224099999,LIRA",6.1,7.2,63,4,5.21040177098551e-14,164.7695,24-Feb-2023 06:00:00
84.6,"Partially cloudy",2023-02-24T06:30:00,5.3,6.1,94.14,"41.829742371733346, 12.468582121891949",0,0,1015,"16242099999,AU378,16239099999,16224099999,LIRA",6.1,7.2,63,4,5.22942215372022e-14,206.6427,24-Feb-2023 06:30:00
12,"Clear",2023-02-24T07:00:00,5.7,5.8,94.32,"41.829742371733346, 12.468582121891949",0,0,1014.2,"E2310,16242099999,16239099999,16224099999,16234099999",6.5,9.2,75,5.1,5.24852068436773e-14,228.641,24-Feb-2023 07:00:00
12,"Clear",2023-02-24T07:30:00,5.7,5.8,94.32,"41.829742371733346, 12.468582121891949",0,0,1014.2,"E2310,16242099999,16239099999,16224099999,16234099999",6.5,9.2,75,5.1,5.26769772006277e-14,242.7278,24-Feb-2023 07:30:00
12,"Clear",2023-02-24T08:00:00,5.2,5.2,93.57,"41.829742371733346, 12.468582121891949",0,0,1015,"16242099999,16239099999,AT416,16234099999,LIRA",6.2,7,16,5.7,5.28695361941411e-14,196.3497,24-Feb-2023 08:00:00
12,"Clear",2023-02-24T08:30:00,5.2,5.2,93.57,"41.829742371733346, 12.468582121891949",0,0,1015,"16242099999,16239099999,AT416,16234099999,LIRA",6.2,7,16,5.7,5.30628874283256e-14,306.8863,24-Feb-2023 08:30:00
75.5,"Partially cloudy",2023-02-24T09:00:00,6.8,7.9,90.08,"41.829742371733346, 12.468582121891949",0,0,1015.1,"16242099999,16239099999,AT416,16224099999,16234099999",8.3,7.8,107,4.9,5.32570345286703e-14,413.8172,24-Feb-2023 09:00:00
75.5,"Partially cloudy",2023-02-24T09:30:00,6.8,7.9,90.08,"41.829742371733346, 12.468582121891949",0,0,1015.1,"16242099999,16239099999,AT416,16224099999,16234099999",8.3,7.8,107,4.9,5.3451981135662e-14,384.1933,24-Feb-2023 09:30:00
75.5,"Partially cloudy",2023-02-24T10:00:00,8.3,10.3,87.77,"41.829742371733346, 12.468582121891949",0,0,1015.1,"16242099999,16239099999,AT416,16224099999,16234099999",10.3,7.3,59,3.4,5.36477309081063e-14,396.7544,24-Feb-2023 10:00:00
75.5,"Partially cloudy",2023-02-24T10:30:00,8.3,10.3,87.77,"41.829742371733346, 12.468582121891949",0,0,1015.1,"16242099999,16239099999,AT416,16224099999,16234099999",10.3,7.3,59,3.4,5.38442875265307e-14,511.185,24-Feb-2023 10:30:00
50.6,"Partially cloudy",2023-02-24T11:00:00,9.2,13.6,74.7,"41.829742371733346, 12.468582121891949",0,0,1015.2,"16242099999,16239099999,AT416,16224099999,16234099999",13.6,9.5,143,11.8,5.40416546867225e-14,636.3706,24-Feb-2023 11:00:00
50.6,"Partially cloudy",2023-02-24T11:30:00,9.2,13.6,74.7,"41.829742371733346, 12.468582121891949",0,0,1015.2,"16242099999,16239099999,AT416,16224099999,16234099999",13.6,9.5,143,11.8,5.42398361030918e-14,768.145,24-Feb-2023 11:30:00
35.7,"Partially cloudy",2023-02-24T12:00:00,9.3,14.2,72.05,"41.829742371733346, 12.468582121891949",0,0,1015,"16242099999,16239099999,AT416,16224099999,16234099999",14.2,9.8,185,15.8,5.44388355121172e-14,680.6741,24-Feb-2023 12:00:00
35.7,"Partially cloudy",2023-02-24T12:30:00,9.3,14.2,72.05,"41.829742371733346, 12.468582121891949",0,0,1015,"16242099999,16239099999,AT416,16224099999,16234099999",14.2,9.8,185,15.8,0.0416666666666661,627.6438,24-Feb-2023 12:30:00
48.2,"Partially cloudy",2023-02-24T13:00:00,8.3,15.2,63.14,"41.829742371733346, 12.468582121891949",0,0,1014,"16242099999,16239099999,AT416,16224099999,16234099999",15.2,10,177,19.6,0.0833333333333339,494.072,24-Feb-2023 13:00:00
48.2,"Partially cloudy",2023-02-24T13:30:00,8.3,15.2,63.14,"41.829742371733346, 12.468582121891949",0,0,1014,"16242099999,16239099999,AT416,16224099999,16234099999",15.2,10,177,19.6,0.125,592.3284,24-Feb-2023 13:30:00
48.2,"Partially cloudy",2023-02-24T14:00:00,9.3,16,64.53,"41.829742371733346, 12.468582121891949",0,0,1013,"16242099999,16239099999,AT416,16224099999,16234099999",16,10,191,16.8,0.166666666666666,587.2124,24-Feb-2023 14:00:00
48.2,"Partially cloudy",2023-02-24T14:30:00,9.3,16,64.53,"41.829742371733346, 12.468582121891949",0,0,1013,"16242099999,16239099999,AT416,16224099999,16234099999",16,10,191,16.8,0.208333333333334,522.9128,24-Feb-2023 14:30:00
31.2,"Partially cloudy",2023-02-24T15:00:00,8.6,16,61.26,"41.829742371733346, 12.468582121891949",0,0,1012.1,"16242099999,16239099999,AT416,16224099999,16234099999",16,10,171,17.3,0.25,444.5452,24-Feb-2023 15:00:00
31.2,"Partially cloudy",2023-02-24T15:30:00,8.6,16,61.26,"41.829742371733346, 12.468582121891949",0,0,1012.1,"16242099999,16239099999,AT416,16224099999,16234099999",16,10,171,17.3,0.291666666666666,376.4331,24-Feb-2023 15:30:00
31.8,"Partially cloudy",2023-02-24T16:00:00,8.4,15.7,61.75,"41.829742371733346, 12.468582121891949",0,0,1011.1,"16242099999,16239099999,AT416,16224099999,16234099999",15.7,10,178,15.3,0.333333333333334,340.8977,24-Feb-2023 16:00:00
31.8,"Partially cloudy",2023-02-24T16:30:00,8.4,15.7,61.75,"41.829742371733346, 12.468582121891949",0,0,1011.1,"16242099999,16239099999,AT416,16224099999,16234099999",15.7,10,178,15.3,0.375,474.187,24-Feb-2023 16:30:00
38,"Partially cloudy",2023-02-24T17:00:00,8,15.4,61.59,"41.829742371733346, 12.468582121891949",0,0,1011,"16242099999,16239099999,AT416,16224099999,16234099999",15.4,10,172,13.5,0.416666666666666,504.2073,24-Feb-2023 17:00:00
38,"Partially cloudy",2023-02-24T17:30:00,8,15.4,61.59,"41.829742371733346, 12.468582121891949",0,0,1011,"16242099999,16239099999,AT416,16224099999,16234099999",15.4,10,172,13.5,0.458333333333334,392.1961,24-Feb-2023 17:30:00
50,"Partially cloudy",2023-02-24T18:00:00,9.3,14,73.32,"41.829742371733346, 12.468582121891949",0,0,1011.1,"16242099999,16239099999,AT416,16224099999,16234099999",14,10,213,13.8,0.5,349.8461,24-Feb-2023 18:00:00
50,"Partially cloudy",2023-02-24T18:30:00,9.3,14,73.32,"41.829742371733346, 12.468582121891949",0,0,1011.1,"16242099999,16239099999,AT416,16224099999,16234099999",14,10,213,13.8,0.541666666666666,293.0532,24-Feb-2023 18:30:00
30,"Partially cloudy",2023-02-24T19:00:00,9.4,12.9,79.04,"41.829742371733346, 12.468582121891949",0,0,1011.1,"16242099999,AU378,16239099999,16224099999,16234099999",12.9,10,134,11.4,0.583333333333334,275.7139,24-Feb-2023 19:00:00
30,"Partially cloudy",2023-02-24T19:30:00,9.4,12.9,79.04,"41.829742371733346, 12.468582121891949",0,0,1011.1,"16242099999,AU378,16239099999,16224099999,16234099999",12.9,10,134,11.4,0.625,276.5276,24-Feb-2023 19:30:00
NaN,"Clear",2023-02-24T20:00:00,8.3,12.1,78.02,"41.829742371733346, 12.468582121891949",0,0,1010.9,"16242099999,16239099999,16224099999,LIRA",12.1,10,149,4.7,0.666666666666666,460.6908,24-Feb-2023 20:00:00
NaN,"Clear",2023-02-24T20:30:00,8.3,12.1,78.02,"41.829742371733346, 12.468582121891949",0,0,1010.9,"16242099999,16239099999,16224099999,LIRA",12.1,10,149,4.7,0.708333333333334,348.5819,24-Feb-2023 20:30:00
NaN,"Clear",2023-02-24T21:00:00,6.5,12.9,64.95,"41.829742371733346, 12.468582121891949",0,0,1010,"16242099999,AU378,16239099999,16224099999,LIRA",12.9,10,76,7.9,0.75,262.525,24-Feb-2023 21:00:00
NaN,"Clear",2023-02-24T21:30:00,6.5,12.9,64.95,"41.829742371733346, 12.468582121891949",0,0,1010,"16242099999,AU378,16239099999,16224099999,LIRA",12.9,10,76,7.9,0.791666666666666,123.7862,24-Feb-2023 21:30:00
NaN,"Clear",2023-02-24T22:00:00,7.1,12.1,71.89,"41.829742371733346, 12.468582121891949",0,0,1009,"16242099999,16239099999,16224099999,LIRA",12.1,10,84,6.3,0.833333333333334,48.4526,24-Feb-2023 22:00:00
NaN,"Clear",2023-02-24T22:30:00,7.1,12.1,71.89,"41.829742371733346, 12.468582121891949",0,0,1009,"16242099999,16239099999,16224099999,LIRA",12.1,10,84,6.3,0.875,8.5843,24-Feb-2023 22:30:00
26.9,"Partially cloudy",2023-02-24T23:00:00,7.1,11.9,72.49,"41.829742371733346, 12.468582121891949",0,0,1009.9,"16242099999,16239099999,16224099999,LIRA",11.9,10,289,9.6,0.916666666666666,18.2844,24-Feb-2023 23:00:00
26.9,"Partially cloudy",2023-02-24T23:30:00,7.1,11.9,72.49,"41.829742371733346, 12.468582121891949",0,0,1009.9,"16242099999,16239099999,16224099999,LIRA",11.9,10,289,9.6,0.958333333333334,7.2844,24-Feb-2023 23:30:00
NaN,"Clear",2023-02-25T00:00:00,3.5,12.8,53.16,"41.829742371733346, 12.468582121891949",0,0,1008,"16242099999,AU378,16239099999,16224099999,LIRA",12.8,10,110,4.2,1,18.5275,25-Feb-2023 00:00:00
NaN,"Clear",2023-02-25T00:30:00,3.5,12.8,53.16,"41.829742371733346, 12.468582121891949",0,0,1008,"16242099999,AU378,16239099999,16224099999,LIRA",12.8,10,110,4.2,1,7.5275,25-Feb-2023 00:30:00
NaN,"Clear",2023-02-25T01:00:00,1.5,14.6,41.25,"41.829742371733346, 12.468582121891949",0,0,1008,"16242099999,AU378,16239099999,16224099999,LIRA",14.6,10,166,14.3,1,36.3997,25-Feb-2023 01:00:00
NaN,"Clear",2023-02-25T01:30:00,1.5,14.6,41.25,"41.829742371733346, 12.468582121891949",0,0,1008,"16242099999,AU378,16239099999,16224099999,LIRA",14.6,10,166,14.3,1,14.3997,25-Feb-2023 01:30:00
50,"Partially cloudy",2023-02-25T02:00:00,1.5,14.6,41.1,"41.829742371733346, 12.468582121891949",0,0,1007,"16242099999,AU378,16239099999,16224099999,LIRA",14.6,10,157,17.4,1,0,25-Feb-2023 02:00:00
50,"Partially cloudy",2023-02-25T02:30:00,1.5,14.6,41.1,"41.829742371733346, 12.468582121891949",0,0,1007,"16242099999,AU378,16239099999,16224099999,LIRA",14.6,10,157,17.4,1,0,25-Feb-2023 02:30:00
90,"Partially cloudy",2023-02-25T03:00:00,4.5,12.8,57.23,"41.829742371733346, 12.468582121891949",0,0,1006.7,"16245099999,16242099999,AU378,16224099999",12.8,10,127,15.7,1,0,25-Feb-2023 03:00:00
90,"Partially cloudy",2023-02-25T03:30:00,4.5,12.8,57.23,"41.829742371733346, 12.468582121891949",0,0,1006.7,"16245099999,16242099999,AU378,16224099999",12.8,10,127,15.7,1,0,25-Feb-2023 03:30:00
90,"Partially cloudy",2023-02-25T04:00:00,3.5,14.5,47.46,"41.829742371733346, 12.468582121891949",0,0,1006.1,"16245099999,16242099999,16239099999,16224099999,LIRA",14.5,10,163,19.5,1,0,25-Feb-2023 04:00:00
90,"Partially cloudy",2023-02-25T04:30:00,3.5,14.5,47.46,"41.829742371733346, 12.468582121891949",0,0,1006.1,"16245099999,16242099999,16239099999,16224099999,LIRA",14.5,10,163,19.5,1,0,25-Feb-2023 04:30:00
90,"Partially cloudy",2023-02-25T05:00:00,4.3,14.8,49.53,"41.829742371733346, 12.468582121891949",0,0,1005.1,"16242099999,AU378,16239099999,16224099999,LIRA",14.8,10,178,19.5,1,0,25-Feb-2023 05:00:00
90,"Partially cloudy",2023-02-25T05:30:00,4.3,14.8,49.53,"41.829742371733346, 12.468582121891949",0,0,1005.1,"16242099999,AU378,16239099999,16224099999,LIRA",14.8,10,178,19.5,1,0,25-Feb-2023 05:30:00
30,"Partially cloudy",2023-02-25T06:00:00,6.2,14.8,56.4,"41.829742371733346, 12.468582121891949",0,0,1005.9,"16242099999,AU378,16239099999,16224099999,LIRA",14.8,10,165,18.3,1,51.5679,25-Feb-2023 06:00:00
30,"Partially cloudy",2023-02-25T06:30:00,6.2,14.8,56.4,"41.829742371733346, 12.468582121891949",0,0,1005.9,"16242099999,AU378,16239099999,16224099999,LIRA",14.8,10,165,18.3,1,130.2043,25-Feb-2023 06:30:00
88.7,"Partially cloudy",2023-02-25T07:00:00,7.1,14.8,59.89,"41.829742371733346, 12.468582121891949",0,0,1004.9,"16242099999,16239099999,AT416,16224099999,LIRA",14.8,9.9,144,19.1,1,145.3736,25-Feb-2023 07:00:00
88.7,"Partially cloudy",2023-02-25T07:30:00,7.1,14.8,59.89,"41.829742371733346, 12.468582121891949",0,0,1004.9,"16242099999,16239099999,AT416,16224099999,LIRA",14.8,9.9,144,19.1,1,55.7372,25-Feb-2023 07:30:00
42.8,"Partially cloudy",2023-02-25T08:00:00,8.1,14.8,64.01,"41.829742371733346, 12.468582121891949",0,0,1004.1,"16242099999,16239099999,AT416,16224099999,LIRA",14.8,9.9,157,14.5,1,54.1652,25-Feb-2023 08:00:00
42.8,"Partially cloudy",2023-02-25T08:30:00,8.1,14.8,64.01,"41.829742371733346, 12.468582121891949",0,0,1004.1,"16242099999,16239099999,AT416,16224099999,LIRA",14.8,9.9,157,14.5,1,173.7584,25-Feb-2023 08:30:00
8.1,"Clear",2023-02-25T09:00:00,8.1,14.9,63.59,"41.829742371733346, 12.468582121891949",0,0,1004.1,"16242099999,16239099999,AT416,16224099999,LIRA",14.9,9.9,167,18.1,1,127.4112,25-Feb-2023 09:00:00
8.1,"Clear",2023-02-25T09:30:00,8.1,14.9,63.59,"41.829742371733346, 12.468582121891949",0,0,1004.1,"16242099999,16239099999,AT416,16224099999,LIRA",14.9,9.9,167,18.1,1,185.9299,25-Feb-2023 09:30:00
50,"Partially cloudy",2023-02-25T10:00:00,8.2,14.9,64.15,"41.829742371733346, 12.468582121891949",0,0,1004,"16242099999,16239099999,AT416,16224099999,LIRA",14.9,9.9,175,16.7,1,300.7177,25-Feb-2023 10:00:00
50,"Partially cloudy",2023-02-25T10:30:00,8.2,14.9,64.15,"41.829742371733346, 12.468582121891949",0,0,1004,"16242099999,16239099999,AT416,16224099999,LIRA",14.9,9.9,175,16.7,1,277.2217,25-Feb-2023 10:30:00
58.5,"Partially cloudy",2023-02-25T11:00:00,8.2,15.9,60.28,"41.829742371733346, 12.468582121891949",0,0,1004,"16242099999,16239099999,AT416,16224099999,LIRA",15.9,9.9,167,18.2,1,226.8576,25-Feb-2023 11:00:00
58.5,"Partially cloudy",2023-02-25T11:30:00,8.2,15.9,60.28,"41.829742371733346, 12.468582121891949",0,0,1004,"16242099999,16239099999,AT416,16224099999,LIRA",15.9,9.9,167,18.2,1,361.7006,25-Feb-2023 11:30:00
84.8,"Partially cloudy",2023-02-25T12:00:00,9.2,16,63.85,"41.829742371733346, 12.468582121891949",0,0,1004,"16242099999,16239099999,AT416,16224099999,LIRA",16,9.9,177,20.9,1,786.2856,25-Feb-2023 12:00:00
84.8,"Partially cloudy",2023-02-25T12:30:00,9.2,16,63.85,"41.829742371733346, 12.468582121891949",0,0,1004,"16242099999,16239099999,AT416,16224099999,LIRA",16,9.9,177,20.9,1,907.9226,25-Feb-2023 12:30:00
84.8,"Partially cloudy",2023-02-25T13:00:00,9.3,15.9,64.81,"41.829742371733346, 12.468582121891949",0,0,1003,"16242099999,16239099999,AT416,16224099999,LIRA",15.9,9.9,177,20.3,1,904.0657,25-Feb-2023 13:00:00
84.8,"Partially cloudy",2023-02-25T13:30:00,9.3,15.9,64.81,"41.829742371733346, 12.468582121891949",0,0,1003,"16242099999,16239099999,AT416,16224099999,LIRA",15.9,9.9,177,20.3,1,698.5582,25-Feb-2023 13:30:00
28.7,"Partially cloudy",2023-02-25T14:00:00,9.2,16,64.08,"41.829742371733346, 12.468582121891949",0,0,1001.9,"16242099999,16239099999,AT416,16224099999,LIRA",16,9.9,165,16.6,1,574.7233,25-Feb-2023 14:00:00
28.7,"Partially cloudy",2023-02-25T14:30:00,9.2,16,64.08,"41.829742371733346, 12.468582121891949",0,0,1001.9,"16242099999,16239099999,AT416,16224099999,LIRA",16,9.9,165,16.6,1,543.5967,25-Feb-2023 14:30:00
34.7,"Partially cloudy",2023-02-25T15:00:00,9.2,16.9,60.51,"41.829742371733346, 12.468582121891949",0,0,1001.1,"16242099999,16239099999,AT416,16224099999,LIRA",16.9,9.9,148,8.6,1,379.7939,25-Feb-2023 15:00:00
34.7,"Partially cloudy",2023-02-25T15:30:00,9.2,16.9,60.51,"41.829742371733346, 12.468582121891949",0,0,1001.1,"16242099999,16239099999,AT416,16224099999,LIRA",16.9,9.9,148,8.6,1,395.7959,25-Feb-2023 15:30:00
55.1,"Partially cloudy",2023-02-25T16:00:00,9.3,15.8,65.23,"41.829742371733346, 12.468582121891949",0,0,1001,"16242099999,16239099999,AT416,16224099999,LIRA",15.8,9.9,187,19.7,1,288.45,25-Feb-2023 16:00:00
55.1,"Partially cloudy",2023-02-25T16:30:00,9.3,15.8,65.23,"41.829742371733346, 12.468582121891949",0,0,1001,"16242099999,16239099999,AT416,16224099999,LIRA",15.8,9.9,187,19.7,1,309.7814,25-Feb-2023 16:30:00
51.1,"Partially cloudy",2023-02-25T17:00:00,10.2,14.9,73.27,"41.829742371733346, 12.468582121891949",0,0,1001,"16242099999,16239099999,AT416,16224099999,LIRA",14.9,9.9,203,6.1,1,295.5292,25-Feb-2023 17:00:00
51.1,"Partially cloudy",2023-02-25T17:30:00,10.2,14.9,73.27,"41.829742371733346, 12.468582121891949",0,0,1001,"16242099999,16239099999,AT416,16224099999,LIRA",14.9,9.9,203,6.1,1,326.1869,25-Feb-2023 17:30:00
50,"Partially cloudy",2023-02-25T18:00:00,8.4,14.9,65.27,"41.829742371733346, 12.468582121891949",0,0,1001,"16242099999,16239099999,AT416,16224099999,LIRA",14.9,9.9,200,5.3,1,337.2337,25-Feb-2023 18:00:00
50,"Partially cloudy",2023-02-25T18:30:00,8.4,14.9,65.27,"41.829742371733346, 12.468582121891949",0,0,1001,"16242099999,16239099999,AT416,16224099999,LIRA",14.9,9.9,200,5.3,1,188.9763,25-Feb-2023 18:30:00
45,"Partially cloudy",2023-02-25T19:00:00,8.4,14.8,65.7,"41.829742371733346, 12.468582121891949",0,0,1001,"16242099999,AU378,16239099999,16224099999,LIRA",14.8,9.9,151,4.3,1,126.8862,25-Feb-2023 19:00:00
45,"Partially cloudy",2023-02-25T19:30:00,8.4,14.8,65.7,"41.829742371733346, 12.468582121891949",0,0,1001,"16242099999,AU378,16239099999,16224099999,LIRA",14.8,9.9,151,4.3,1,96.5702,25-Feb-2023 19:30:00
50,"Partially cloudy",2023-02-25T20:00:00,8.4,15.7,62.12,"41.829742371733346, 12.468582121891949",0,0,1000,"16242099999,AU378,16239099999,16224099999,LIRA",15.7,10,185,18.9,1,59.295,25-Feb-2023 20:00:00
50,"Partially cloudy",2023-02-25T20:30:00,8.4,15.7,62.12,"41.829742371733346, 12.468582121891949",0,0,1000,"16242099999,AU378,16239099999,16224099999,LIRA",15.7,10,185,18.9,1,62.5368,25-Feb-2023 20:30:00
50,"Partially cloudy",2023-02-25T21:00:00,10.2,14.8,73.87,"41.829742371733346, 12.468582121891949",0,0,1000,"16242099999,AU378,16239099999,16224099999,LIRA",14.8,10,168,20.7,1,84.2247,25-Feb-2023 21:00:00
50,"Partially cloudy",2023-02-25T21:30:00,10.2,14.8,73.87,"41.829742371733346, 12.468582121891949",0,0,1000,"16242099999,AU378,16239099999,16224099999,LIRA",14.8,10,168,20.7,1,105.5855,25-Feb-2023 21:30:00
54.1,"Partially cloudy",2023-02-25T22:00:00,10.3,13.9,78.68,"41.829742371733346, 12.468582121891949",0,0,1000,"16242099999,AU378,16239099999,16224099999,LIRA",13.9,10,176,21.7,1,63.0826,25-Feb-2023 22:00:00
54.1,"Partially cloudy",2023-02-25T22:30:00,10.3,13.9,78.68,"41.829742371733346, 12.468582121891949",0,0,1000,"16242099999,AU378,16239099999,16224099999,LIRA",13.9,10,176,21.7,1,32.2123,25-Feb-2023 22:30:00
47.9,"Partially cloudy",2023-02-25T23:00:00,11,13,87.82,"41.829742371733346, 12.468582121891949",0,0,999,"16242099999,AU378,16239099999,16224099999,LIRA",13,10,176,16.6,1,0,25-Feb-2023 23:00:00
47.9,"Partially cloudy",2023-02-25T23:30:00,11,13,87.82,"41.829742371733346, 12.468582121891949",0,0,999,"16242099999,AU378,16239099999,16224099999,LIRA",13,10,176,16.6,1,0,25-Feb-2023 23:30:00
29,"Partially cloudy",2023-02-26T00:00:00,9.3,12.9,78.68,"41.829742371733346, 12.468582121891949",0,0,999,"16242099999,AU378,16239099999,16224099999,LIRA",12.9,10,150,11.3,1,0,26-Feb-2023 00:00:00
29,"Partially cloudy",2023-02-26T00:30:00,9.3,12.9,78.68,"41.829742371733346, 12.468582121891949",0,0,999,"16242099999,AU378,16239099999,16224099999,LIRA",12.9,10,150,11.3,1,48.9937,26-Feb-2023 00:30:00
29,"Partially cloudy",2023-02-26T01:00:00,9.3,12.8,79.2,"41.829742371733346, 12.468582121891949",0,0,998,"16242099999,AU378,16239099999,16224099999,LIRA",12.8,10,200,7.3,1,166.1901,26-Feb-2023 01:00:00
29,"Partially cloudy",2023-02-26T01:30:00,9.3,12.8,79.2,"41.829742371733346, 12.468582121891949",0,0,998,"16242099999,AU378,16239099999,16224099999,LIRA",12.8,10,200,7.3,1,178.4462,26-Feb-2023 01:30:00
50,"Partially cloudy",2023-02-26T02:00:00,9.3,12.8,79.2,"41.829742371733346, 12.468582121891949",0,0,998,"16242099999,16239099999,16224099999,LIRA",12.8,10,189,8.8,1,254.0005,26-Feb-2023 02:00:00
50,"Partially cloudy",2023-02-26T02:30:00,9.3,12.8,79.2,"41.829742371733346, 12.468582121891949",0,0,998,"16242099999,16239099999,16224099999,LIRA",12.8,10,189,8.8,1,258.8481,26-Feb-2023 02:30:00
84.6,"Partially cloudy",2023-02-26T03:00:00,9.3,12.8,79.2,"41.829742371733346, 12.468582121891949",0,0,997.9,"16242099999,AU378,16239099999,16224099999,LIRA",12.8,10,115,3.9,1,142.7513,26-Feb-2023 03:00:00
84.6,"Partially cloudy",2023-02-26T03:30:00,9.3,12.8,79.2,"41.829742371733346, 12.468582121891949",0,0,997.9,"16242099999,AU378,16239099999,16224099999,LIRA",12.8,10,115,3.9,1,125.8461,26-Feb-2023 03:30:00
74,"Partially cloudy",2023-02-26T04:00:00,11.4,12.5,93.33,"41.829742371733346, 12.468582121891949",0,0,997.3,"16245099999,16242099999,16224099999",12.5,10,135,6.9,1,139.2817,26-Feb-2023 04:00:00
74,"Partially cloudy",2023-02-26T04:30:00,11.4,12.5,93.33,"41.829742371733346, 12.468582121891949",0,0,997.3,"16245099999,16242099999,16224099999",12.5,10,135,6.9,1,138.5608,26-Feb-2023 04:30:00
59.8,"Partially cloudy",2023-02-26T05:00:00,10.5,12.8,85.91,"41.829742371733346, 12.468582121891949",0,0,996.3,"16245099999,16242099999,16239099999,16224099999",12.8,10,163,7.1,1,70.2732,26-Feb-2023 05:00:00
59.8,"Partially cloudy",2023-02-26T05:30:00,10.5,12.8,85.91,"41.829742371733346, 12.468582121891949",0,0,996.3,"16245099999,16242099999,16239099999,16224099999",12.8,10,163,7.1,1,56.3141,26-Feb-2023 05:30:00
29,"Partially cloudy",2023-02-26T06:00:00,11.2,12.9,89.15,"41.829742371733346, 12.468582121891949",0,0,996,"16242099999,16239099999,16224099999,LIRA",12.9,10,134,9.6,1,21.3549,26-Feb-2023 06:00:00
29,"Partially cloudy",2023-02-26T06:30:00,11.2,12.9,89.15,"41.829742371733346, 12.468582121891949",0,0,996,"16242099999,16239099999,16224099999,LIRA",12.9,10,134,9.6,1,52.9746,26-Feb-2023 06:30:00
84.6,"Rain, Partially cloudy",2023-02-26T07:00:00,11.2,12.2,93.78,"41.829742371733346, 12.468582121891949",2.429,100,995.9,"16242099999,16239099999,AT416,16224099999,LIRA",12.2,10,184,10.3,1,39.6606,26-Feb-2023 07:00:00
84.6,"Rain, Partially cloudy",2023-02-26T07:30:00,11.2,12.2,93.78,"41.829742371733346, 12.468582121891949",2.429,100,995.9,"16242099999,16239099999,AT416,16224099999,LIRA",12.2,10,184,10.3,1,28.6606,26-Feb-2023 07:30:00
88.8,"Partially cloudy",2023-02-26T08:00:00,11.2,12.2,93.78,"41.829742371733346, 12.468582121891949",0,0,995.9,"16242099999,16239099999,AT416,16224099999,LIRA",12.2,9.6,194,9,1,68.3001,26-Feb-2023 08:00:00
88.8,"Partially cloudy",2023-02-26T08:30:00,11.2,12.2,93.78,"41.829742371733346, 12.468582121891949",0,0,995.9,"16242099999,16239099999,AT416,16224099999,LIRA",12.2,9.6,194,9,1,231.2489,26-Feb-2023 08:30:00
88.8,"Partially cloudy",2023-02-26T09:00:00,11,12.1,92.98,"41.829742371733346, 12.468582121891949",0,0,996,"16242099999,16239099999,AT416,16224099999,LIRA",12.1,5.5,225,22.4,1,173.3206,26-Feb-2023 09:00:00
88.8,"Partially cloudy",2023-02-26T09:30:00,11,12.1,92.98,"41.829742371733346, 12.468582121891949",0,0,996,"16242099999,16239099999,AT416,16224099999,LIRA",12.1,5.5,225,22.4,1,103.2235,26-Feb-2023 09:30:00
88.8,"Partially cloudy",2023-02-26T10:00:00,11,12.1,92.98,"41.829742371733346, 12.468582121891949",0,0,996,"16242099999,16239099999,AT416,16224099999,LIRA",12.1,7.3,241,12.7,1,212.1511,26-Feb-2023 10:00:00
88.8,"Partially cloudy",2023-02-26T10:30:00,11,12.1,92.98,"41.829742371733346, 12.468582121891949",0,0,996,"16242099999,16239099999,AT416,16224099999,LIRA",12.1,7.3,241,12.7,1,397.9346,26-Feb-2023 10:30:00
88.8,"Partially cloudy",2023-02-26T11:00:00,10.9,12.2,91.75,"41.829742371733346, 12.468582121891949",0,0,996.9,"16242099999,16239099999,AT416,16224099999,LIRA",12.2,10,223,9.7,1,494.5671,26-Feb-2023 11:00:00
88.8,"Partially cloudy",2023-02-26T11:30:00,10.9,12.2,91.75,"41.829742371733346, 12.468582121891949",0,0,996.9,"16242099999,16239099999,AT416,16224099999,LIRA",12.2,10,223,9.7,1,460.8737,26-Feb-2023 11:30:00
88.8,"Partially cloudy",2023-02-26T12:00:00,9.9,13,81.06,"41.829742371733346, 12.468582121891949",0,0,996.9,"16242099999,16239099999,AT416,16224099999,LIRA",13,10,257,15.1,1,459.6334,26-Feb-2023 12:00:00
88.8,"Partially cloudy",2023-02-26T12:30:00,9.9,13,81.06,"41.829742371733346, 12.468582121891949",0,0,996.9,"16242099999,16239099999,AT416,16224099999,LIRA",13,10,257,15.1,1,594.0948,26-Feb-2023 12:30:00
88.8,"Rain, Partially cloudy",2023-02-26T13:00:00,9.9,12.2,85.83,"41.829742371733346, 12.468582121891949",5.557,100,997,"16242099999,16239099999,AT416,16224099999,LIRA",12.2,10,241,12.8,1,485.168,26-Feb-2023 13:00:00
88.8,"Rain, Partially cloudy",2023-02-26T13:30:00,9.9,12.2,85.83,"41.829742371733346, 12.468582121891949",5.557,100,997,"16242099999,16239099999,AT416,16224099999,LIRA",12.2,10,241,12.8,1,437.3705,26-Feb-2023 13:30:00
88.8,"Partially cloudy",2023-02-26T14:00:00,9.1,13.1,76.83,"41.829742371733346, 12.468582121891949",0,0,997,"16242099999,16239099999,AT416,16224099999,LIRA",13.1,10,240,19.3,1,431.6328,26-Feb-2023 14:00:00
88.8,"Partially cloudy",2023-02-26T14:30:00,9.1,13.1,76.83,"41.829742371733346, 12.468582121891949",0,0,997,"16242099999,16239099999,AT416,16224099999,LIRA",13.1,10,240,19.3,1,298.7936,26-Feb-2023 14:30:00
50,"Partially cloudy",2023-02-26T15:00:00,8.2,13.1,72.3,"41.829742371733346, 12.468582121891949",0,0,997.9,"16242099999,16239099999,AT416,16224099999,LIRA",13.1,10,258,17.1,1,142.2931,26-Feb-2023 15:00:00
50,"Partially cloudy",2023-02-26T15:30:00,8.2,13.1,72.3,"41.829742371733346, 12.468582121891949",0,0,997.9,"16242099999,16239099999,AT416,16224099999,LIRA",13.1,10,258,17.1,1,145.7491,26-Feb-2023 15:30:00
47.9,"Partially cloudy",2023-02-26T16:00:00,8.1,13,71.8,"41.829742371733346, 12.468582121891949",0,0,998,"16242099999,16239099999,AT416,16224099999,LIRA",13,10,231,14.2,1,86.2645,26-Feb-2023 16:00:00
47.9,"Partially cloudy",2023-02-26T16:30:00,8.1,13,71.8,"41.829742371733346, 12.468582121891949",0,0,998,"16242099999,16239099999,AT416,16224099999,LIRA",13,10,231,14.2,1,215.176,26-Feb-2023 16:30:00
50,"Partially cloudy",2023-02-26T17:00:00,8,12.2,75.51,"41.829742371733346, 12.468582121891949",0,0,998.9,"16242099999,16239099999,AT416,16224099999,LIRA",12.2,10,228,13.6,1,187.2689,26-Feb-2023 17:00:00
50,"Partially cloudy",2023-02-26T17:30:00,8,12.2,75.51,"41.829742371733346, 12.468582121891949",0,0,998.9,"16242099999,16239099999,AT416,16224099999,LIRA",12.2,10,228,13.6,1,129.1304,26-Feb-2023 17:30:00
50,"Partially cloudy",2023-02-26T18:00:00,8,12,76.29,"41.829742371733346, 12.468582121891949",0,0,999,"16242099999,16239099999,AT416,16224099999,LIRA",12,10,229,10.7,1,52.6794,26-Feb-2023 18:00:00
50,"Partially cloudy",2023-02-26T18:30:00,8,12,76.29,"41.829742371733346, 12.468582121891949",0,0,999,"16242099999,16239099999,AT416,16224099999,LIRA",12,10,229,10.7,1,168.3914,26-Feb-2023 18:30:00
54.1,"Rain, Partially cloudy",2023-02-26T19:00:00,8.1,11.1,81.51,"41.829742371733346, 12.468582121891949",0.337,100,1000,"16242099999,AU378,16239099999,16224099999,LIRA",11.1,10,188,11.8,1,255.3775,26-Feb-2023 19:00:00
54.1,"Rain, Partially cloudy",2023-02-26T19:30:00,8.1,11.1,81.51,"41.829742371733346, 12.468582121891949",0.337,100,1000,"16242099999,AU378,16239099999,16224099999,LIRA",11.1,10,188,11.8,1,269.6208,26-Feb-2023 19:30:00
50,"Partially cloudy",2023-02-26T20:00:00,7.2,10.2,81.79,"41.829742371733346, 12.468582121891949",0,0,1001,"16242099999,AU378,16239099999,16224099999,LIRA",10.2,6.4,233,11.1,1,204.7214,26-Feb-2023 20:00:00
50,"Partially cloudy",2023-02-26T20:30:00,7.2,10.2,81.79,"41.829742371733346, 12.468582121891949",0,0,1001,"16242099999,AU378,16239099999,16224099999,LIRA",10.2,6.4,233,11.1,1,205.5434,26-Feb-2023 20:30:00
54.1,"Partially cloudy",2023-02-26T21:00:00,8.1,8.7,87.98,"41.829742371733346, 12.468582121891949",0,0,1002,"16242099999,AU378,16239099999,16224099999,LIRA",10,6.2,166,9.5,1,138.1359,26-Feb-2023 21:00:00
54.1,"Partially cloudy",2023-02-26T21:30:00,8.1,8.7,87.98,"41.829742371733346, 12.468582121891949",0,0,1002,"16242099999,AU378,16239099999,16224099999,LIRA",10,6.2,166,9.5,1,68.9975,26-Feb-2023 21:30:00
54.1,"Partially cloudy",2023-02-26T22:00:00,8.1,9.2,88.74,"41.829742371733346, 12.468582121891949",0,0,1002,"16242099999,16239099999,16224099999,LIRA",9.8,10,72,6.2,1,47.833,26-Feb-2023 22:00:00
54.1,"Partially cloudy",2023-02-26T22:30:00,8.1,9.2,88.74,"41.829742371733346, 12.468582121891949",0,0,1002,"16242099999,16239099999,16224099999,LIRA",9.8,10,72,6.2,1,53.7949,26-Feb-2023 22:30:00
54.1,"Partially cloudy",2023-02-26T23:00:00,8.1,7,94.09,"41.829742371733346, 12.468582121891949",0,0,1003,"16242099999,AU378,16239099999,16224099999,LIRA",9,7,12,12.6,1,30.7367,26-Feb-2023 23:00:00
54.1,"Partially cloudy",2023-02-26T23:30:00,8.1,7,94.09,"41.829742371733346, 12.468582121891949",0,0,1003,"16242099999,AU378,16239099999,16224099999,LIRA",9,7,12,12.6,1,19.7367,26-Feb-2023 23:30:00
54.1,"Partially cloudy",2023-02-27T00:00:00,6.2,6.2,87.97,"41.829742371733346, 12.468582121891949",0,0,1004,"16242099999,AU378,16239099999,16224099999,LIRA",8.1,9.7,36,10.5,8.55563710622149e-14,0,27-Feb-2023 00:00:00
54.1,"Partially cloudy",2023-02-27T00:30:00,6.2,6.2,87.97,"41.829742371733346, 12.468582121891949",0,0,1004,"16242099999,AU378,16239099999,16224099999,LIRA",8.1,9.7,36,10.5,8.58887090686408e-14,0,27-Feb-2023 00:30:00
50,"Rain, Partially cloudy",2023-02-27T01:00:00,6.2,6.1,88.58,"41.829742371733346, 12.468582121891949",6.929,100,1004,"16242099999,16239099999,16224099999,LIRA",8,10,66,10.7,8.62225000913927e-14,0,27-Feb-2023 01:00:00
50,"Rain, Partially cloudy",2023-02-27T01:30:00,6.2,6.1,88.58,"41.829742371733346, 12.468582121891949",6.929,100,1004,"16242099999,16239099999,16224099999,LIRA",8,10,66,10.7,8.65577511962471e-14,0,27-Feb-2023 01:30:00
58.1,"Partially cloudy",2023-02-27T02:00:00,6.2,5.4,87.96,"41.829742371733346, 12.468582121891949",0,0,1004.4,"16245099999,16242099999,AU378,16239099999,16224099999,LIRA",8.1,9.6,72,16.6,8.68944694811631e-14,0,27-Feb-2023 02:00:00
58.1,"Partially cloudy",2023-02-27T02:30:00,6.2,5.4,87.96,"41.829742371733346, 12.468582121891949",0,0,1004.4,"16245099999,16242099999,AU378,16239099999,16224099999,LIRA",8.1,9.6,72,16.6,8.72326620820616e-14,0,27-Feb-2023 02:30:00
55.9,"Partially cloudy",2023-02-27T03:00:00,6.2,5.3,88.51,"41.829742371733346, 12.468582121891949",0,0,1005.2,"16245099999,16242099999,16239099999,16224099999,LIRA",7.9,10,334,15.4,8.75723361787536e-14,2.3601,27-Feb-2023 03:00:00
55.9,"Partially cloudy",2023-02-27T03:30:00,6.2,5.3,88.51,"41.829742371733346, 12.468582121891949",0,0,1005.2,"16245099999,16242099999,16239099999,16224099999,LIRA",7.9,10,334,15.4,8.79134989838245e-14,5.2181,27-Feb-2023 03:30:00
50,"Partially cloudy",2023-02-27T04:00:00,6.9,6.5,94.04,"41.829742371733346, 12.468582121891949",0,0,1006,"16242099999,16239099999,16224099999,LIRA",7.8,10,43,7.8,8.82561577484912e-14,0,27-Feb-2023 04:00:00
50,"Partially cloudy",2023-02-27T04:30:00,6.9,6.5,94.04,"41.829742371733346, 12.468582121891949",0,0,1006,"16242099999,16239099999,16224099999,LIRA",7.8,10,43,7.8,8.86003197686098e-14,0,27-Feb-2023 04:30:00
84.6,"Partially cloudy",2023-02-27T05:00:00,6.9,6.6,93.87,"41.829742371733346, 12.468582121891949",0,0,1007,"16242099999,16239099999,16224099999,LIRA",7.8,7.3,65,7.6,8.89459923734145e-14,0,27-Feb-2023 05:00:00
84.6,"Partially cloudy",2023-02-27T05:30:00,6.9,6.6,93.87,"41.829742371733346, 12.468582121891949",0,0,1007,"16242099999,16239099999,16224099999,LIRA",7.8,7.3,65,7.6,8.92931829314533e-14,48.0628,27-Feb-2023 05:30:00
50,"Partially cloudy",2023-02-27T06:00:00,6.9,5.5,99.63,"41.829742371733346, 12.468582121891949",0,0,1007,"16242099999,16239099999,16224099999,LIRA",7,10,68,7.8,8.96418988566763e-14,88.6518,27-Feb-2023 06:00:00
50,"Partially cloudy",2023-02-27T06:30:00,6.9,5.5,99.63,"41.829742371733346, 12.468582121891949",0,0,1007,"16242099999,16239099999,16224099999,LIRA",7,10,68,7.8,8.99921475970278e-14,139.3263,27-Feb-2023 06:30:00
50,"Rain, Partially cloudy",2023-02-27T07:00:00,5.9,5.6,92.65,"41.829742371733346, 12.468582121891949",5.249,100,1008.2,"16242099999,16239099999,AT416,16224099999,16234099999",7,10,27,7.7,9.03439366404608e-14,360.8505,27-Feb-2023 07:00:00
50,"Rain, Partially cloudy",2023-02-27T07:30:00,5.9,5.6,92.65,"41.829742371733346, 12.468582121891949",5.249,100,1008.2,"16242099999,16239099999,AT416,16224099999,16234099999",7,10,27,7.7,9.06972735211083e-14,644.4218,27-Feb-2023 07:30:00
50,"Partially cloudy",2023-02-27T08:00:00,6.2,5.4,98.54,"41.829742371733346, 12.468582121891949",0,0,1009,"16242099999,16239099999,AT416,16224099999,16234099999",6.4,10,353,5.6,9.10521658077248e-14,987.5679,27-Feb-2023 08:00:00
50,"Partially cloudy",2023-02-27T08:30:00,6.2,5.4,98.54,"41.829742371733346, 12.468582121891949",0,0,1009,"16242099999,16239099999,AT416,16224099999,16234099999",6.4,10,353,5.6,9.14086211097827e-14,1049.0322,27-Feb-2023 08:30:00
33.9,"Partially cloudy",2023-02-27T09:00:00,6.4,7.6,88.58,"41.829742371733346, 12.468582121891949",0,0,1009.1,"16242099999,16239099999,AT416,16224099999,16234099999",8.2,10,39,5.3,9.17666470837258e-14,1145.055,27-Feb-2023 09:00:00
33.9,"Partially cloudy",2023-02-27T09:30:00,6.4,7.6,88.58,"41.829742371733346, 12.468582121891949",0,0,1009.1,"16242099999,16239099999,AT416,16224099999,16234099999",8.2,10,39,5.3,9.21262514212602e-14,967.5333,27-Feb-2023 09:30:00
33.9,"Partially cloudy",2023-02-27T10:00:00,7.1,10.2,81.47,"41.829742371733346, 12.468582121891949",0,0,1010.1,"16242099999,16239099999,AT416,16224099999,16234099999",10.2,10,100,6.6,9.24874418555317e-14,631.2073,27-Feb-2023 10:00:00
33.9,"Partially cloudy",2023-02-27T10:30:00,7.1,10.2,81.47,"41.829742371733346, 12.468582121891949",0,0,1010.1,"16242099999,16239099999,AT416,16224099999,16234099999",10.2,10,100,6.6,9.2850226167465e-14,567.1528,27-Feb-2023 10:30:00
50,"Partially cloudy",2023-02-27T11:00:00,7.3,12.5,70.45,"41.829742371733346, 12.468582121891949",0,0,1010.1,"16242099999,16239099999,AT416,16224099999,16234099999",12.5,10,149,11.2,9.32146121738992e-14,531.2595,27-Feb-2023 11:00:00
50,"Partially cloudy",2023-02-27T11:30:00,7.3,12.5,70.45,"41.829742371733346, 12.468582121891949",0,0,1010.1,"16242099999,16239099999,AT416,16224099999,16234099999",12.5,10,149,11.2,9.358060773385e-14,769.4994,27-Feb-2023 11:30:00
74.9,"Partially cloudy",2023-02-27T12:00:00,6.9,12.9,66.91,"41.829742371733346, 12.468582121891949",0,0,1010.1,"16242099999,16239099999,AT416,16224099999,16234099999",12.9,10,167,12.1,9.39482207549336e-14,646.1843,27-Feb-2023 12:00:00
74.9,"Partially cloudy",2023-02-27T12:30:00,6.9,12.9,66.91,"41.829742371733346, 12.468582121891949",0,0,1010.1,"16242099999,16239099999,AT416,16224099999,16234099999",12.9,10,167,12.1,9.43174591813466e-14,656.0335,27-Feb-2023 12:30:00
74.9,"Partially cloudy",2023-02-27T13:00:00,6.2,14,59.46,"41.829742371733346, 12.468582121891949",0,0,1010.1,"16242099999,16239099999,AT416,16224099999,16234099999",14,10,209,13.1,9.46883310002125e-14,475.5851,27-Feb-2023 13:00:00
74.9,"Partially cloudy",2023-02-27T13:30:00,6.2,14,59.46,"41.829742371733346, 12.468582121891949",0,0,1010.1,"16242099999,16239099999,AT416,16224099999,16234099999",14,10,209,13.1,9.50608442480931e-14,355.1358,27-Feb-2023 13:30:00
78.5,"Partially cloudy",2023-02-27T14:00:00,6.3,13.4,62.19,"41.829742371733346, 12.468582121891949",0,0,1010.1,"16242099999,16239099999,AT416,16224099999,16234099999",13.4,10,195,14,9.54350069988093e-14,253.4299,27-Feb-2023 14:00:00
78.5,"Partially cloudy",2023-02-27T14:30:00,6.3,13.4,62.19,"41.829742371733346, 12.468582121891949",0,0,1010.1,"16242099999,16239099999,AT416,16224099999,16234099999",13.4,10,195,14,9.5810827369874e-14,348.5282,27-Feb-2023 14:30:00
74.9,"Partially cloudy",2023-02-27T15:00:00,6.9,12.5,68.54,"41.829742371733346, 12.468582121891949",0,0,1010.2,"16242099999,16239099999,AT416,16224099999,16234099999",12.5,10,290,8,9.61883135290916e-14,353.3111,27-Feb-2023 15:00:00
74.9,"Partially cloudy",2023-02-27T15:30:00,6.9,12.5,68.54,"41.829742371733346, 12.468582121891949",0,0,1010.2,"16242099999,16239099999,AT416,16224099999,16234099999",12.5,10,290,8,9.65674736822183e-14,203.0281,27-Feb-2023 15:30:00
59,"Partially cloudy",2023-02-27T16:00:00,7.2,13.5,65.69,"41.829742371733346, 12.468582121891949",0,0,1010.4,"16242099999,16239099999,AT416,16224099999,16234099999",13.5,10,237,13.6,9.69483160794815e-14,258.0167,27-Feb-2023 16:00:00
59,"Partially cloudy",2023-02-27T16:30:00,7.2,13.5,65.69,"41.829742371733346, 12.468582121891949",0,0,1010.4,"16242099999,16239099999,AT416,16224099999,16234099999",13.5,10,237,13.6,9.73308490222703e-14,229.9446,27-Feb-2023 16:30:00
61.5,"Partially cloudy",2023-02-27T17:00:00,6.5,12.5,66.78,"41.829742371733346, 12.468582121891949",0,0,1011.2,"16242099999,16239099999,AT416,16224099999,16234099999",12.5,10,230,11,9.77150808506313e-14,159.5205,27-Feb-2023 17:00:00
61.5,"Partially cloudy",2023-02-27T17:30:00,6.5,12.5,66.78,"41.829742371733346, 12.468582121891949",0,0,1011.2,"16242099999,16239099999,AT416,16224099999,16234099999",12.5,10,230,11,9.81010199498775e-14,66.6613,27-Feb-2023 17:30:00
50,"Partially cloudy",2023-02-27T18:00:00,7.5,11.3,77.55,"41.829742371733346, 12.468582121891949",0,0,1012.1,"16242099999,16239099999,AT416,16224099999,16234099999",11.3,10,55,10.4,9.84886747573691e-14,121.9552,27-Feb-2023 18:00:00
50,"Partially cloudy",2023-02-27T18:30:00,7.5,11.3,77.55,"41.829742371733346, 12.468582121891949",0,0,1012.1,"16242099999,16239099999,AT416,16224099999,16234099999",11.3,10,55,10.4,9.88780537498443e-14,119.6287,27-Feb-2023 18:30:00
59,"Rain, Partially cloudy",2023-02-27T19:00:00,7.3,10.1,83,"41.829742371733346, 12.468582121891949",0.75,100,1012.8,"16242099999,16239099999,16224099999,16234099999",10.1,10,62,12,9.9269165450118e-14,52.8348,27-Feb-2023 19:00:00
59,"Rain, Partially cloudy",2023-02-27T19:30:00,7.3,10.1,83,"41.829742371733346, 12.468582121891949",0.75,100,1012.8,"16242099999,16239099999,16224099999,16234099999",10.1,10,62,12,9.9662018433955e-14,296.7774,27-Feb-2023 19:30:00
50,"Partially cloudy",2023-02-27T20:00:00,7.1,7.3,87.3,"41.829742371733346, 12.468582121891949",0,0,1013,"16242099999,AU378,16239099999,16224099999,LIRA",9.1,10,39,11.2,1.00056621317233e-13,305.3341,27-Feb-2023 20:00:00
50,"Partially cloudy",2023-02-27T20:30:00,7.1,7.3,87.3,"41.829742371733346, 12.468582121891949",0,0,1013,"16242099999,AU378,16239099999,16224099999,LIRA",9.1,10,39,11.2,1.00452982762732e-13,240.2783,27-Feb-2023 20:30:00
50,"Partially cloudy",2023-02-27T21:00:00,7,7.7,87.89,"41.829742371733346, 12.468582121891949",0,0,1014,"16242099999,16239099999,16224099999,LIRA",8.9,10,60,8.4,1.00851111487101e-13,101.001,27-Feb-2023 21:00:00
50,"Partially cloudy",2023-02-27T21:30:00,7,7.7,87.89,"41.829742371733346, 12.468582121891949",0,0,1014,"16242099999,16239099999,16224099999,LIRA",8.9,10,60,8.4,1.01251016247854e-13,81.979,27-Feb-2023 21:30:00
26.6,"Partially cloudy",2023-02-27T22:00:00,6.9,6.8,92.59,"41.829742371733346, 12.468582121891949",0,0,1014,"16242099999,AU378,16239099999,16224099999,LIRA",8.1,10,62,7.7,1.01652705850245e-13,51.4296,27-Feb-2023 22:00:00
26.6,"Partially cloudy",2023-02-27T22:30:00,6.9,6.8,92.59,"41.829742371733346, 12.468582121891949",0,0,1014,"16242099999,AU378,16239099999,16224099999,LIRA",8.1,10,62,7.7,1.0205618915434e-13,3.3599,27-Feb-2023 22:30:00
26.9,"Partially cloudy",2023-02-27T23:00:00,6.9,6.2,93.23,"41.829742371733346, 12.468582121891949",0,0,1014,"16242099999,16239099999,16224099999,LIRA",7.9,10,58,9.9,1.02461475061828e-13,0,27-Feb-2023 23:00:00
26.9,"Partially cloudy",2023-02-27T23:30:00,6.9,6.2,93.23,"41.829742371733346, 12.468582121891949",0,0,1014,"16242099999,16239099999,16224099999,LIRA",7.9,10,58,9.9,1.02868572523002e-13,0,27-Feb-2023 23:30:00
84.6,"Partially cloudy",2023-02-28T00:00:00,6,5.3,92.54,"41.829742371733346, 12.468582121891949",0,0,1014,"16242099999,AU378,16239099999,16224099999,LIRA",7.2,10,44,9.6,1.03277490543917e-13,0,28-Feb-2023 00:00:00
84.6,"Partially cloudy",2023-02-28T00:30:00,6,5.3,92.54,"41.829742371733346, 12.468582121891949",0,0,1014,"16242099999,AU378,16239099999,16224099999,LIRA",7.2,10,44,9.6,1.03688238173037e-13,0,28-Feb-2023 00:30:00
84.6,"Rain, Partially cloudy",2023-02-28T01:00:00,5.9,6,92.53,"41.829742371733346, 12.468582121891949",0.14,100,1014,"16242099999,AU378,16239099999,16224099999,LIRA",7.1,10,42,6.5,1.04100824508299e-13,0,28-Feb-2023 01:00:00
84.6,"Rain, Partially cloudy",2023-02-28T01:30:00,5.9,6,92.53,"41.829742371733346, 12.468582121891949",0.14,100,1014,"16242099999,AU378,16239099999,16224099999,LIRA",7.1,10,42,6.5,1.0451525870438e-13,18.1557,28-Feb-2023 01:30:00
82.6,"Partially cloudy",2023-02-28T02:00:00,5.9,4.8,92.53,"41.829742371733346, 12.468582121891949",0,0,1014,"16242099999,AU378,16239099999,16224099999,LIRA",7.1,10,42,11.7,1.04931549959156e-13,7.1557,28-Feb-2023 02:00:00
82.6,"Partially cloudy",2023-02-28T02:30:00,5.9,4.8,92.53,"41.829742371733346, 12.468582121891949",0,0,1014,"16242099999,AU378,16239099999,16224099999,LIRA",7.1,10,42,11.7,1.05349707520876e-13,0,28-Feb-2023 02:30:00
84.6,"Partially cloudy",2023-02-28T03:00:00,5.9,5.5,92.36,"41.829742371733346, 12.468582121891949",0,0,1014,"16242099999,16239099999,16224099999,LIRA",7.1,10,25,8.3,1.05769740695514e-13,0,28-Feb-2023 03:00:00
84.6,"Partially cloudy",2023-02-28T03:30:00,5.9,5.5,92.36,"41.829742371733346, 12.468582121891949",0,0,1014,"16242099999,16239099999,16224099999,LIRA",7.1,10,25,8.3,1.06191658833058e-13,0,28-Feb-2023 03:30:00
84.6,"Partially cloudy",2023-02-28T04:00:00,5.9,5.9,87.02,"41.829742371733346, 12.468582121891949",0,0,1013.1,"16242099999,AU378,16239099999,16224099999,LIRA",7.9,10,48,11.5,1.06615471334776e-13,0,28-Feb-2023 04:00:00
84.6,"Partially cloudy",2023-02-28T04:30:00,5.9,5.9,87.02,"41.829742371733346, 12.468582121891949",0,0,1013.1,"16242099999,AU378,16239099999,16224099999,LIRA",7.9,10,48,11.5,1.07041187660676e-13,0,28-Feb-2023 04:30:00
47.9,"Partially cloudy",2023-02-28T05:00:00,4.9,5.6,81.9,"41.829742371733346, 12.468582121891949",0,0,1013.2,"16242099999,AU378,16239099999,16224099999,LIRA",7.8,10,59,12.9,1.07468817315603e-13,97.2961,28-Feb-2023 05:00:00
47.9,"Partially cloudy",2023-02-28T05:30:00,4.9,5.6,81.9,"41.829742371733346, 12.468582121891949",0,0,1013.2,"16242099999,AU378,16239099999,16224099999,LIRA",7.8,10,59,12.9,1.07898369856614e-13,123.3376,28-Feb-2023 05:30:00
26.6,"Partially cloudy",2023-02-28T06:00:00,4.9,5.5,81.9,"41.829742371733346, 12.468582121891949",0,0,1013.1,"16242099999,16239099999,16224099999,LIRA",7.8,10,68,13.1,1.08329854900532e-13,204.5891,28-Feb-2023 06:00:00
26.6,"Partially cloudy",2023-02-28T06:30:00,4.9,5.5,81.9,"41.829742371733346, 12.468582121891949",0,0,1013.1,"16242099999,16239099999,16224099999,LIRA",7.8,10,68,13.1,1.08763282109866e-13,285.6967,28-Feb-2023 06:30:00
86.8,"Partially cloudy",2023-02-28T07:00:00,4.6,4.5,89.65,"41.829742371733346, 12.468582121891949",0,0,1014.2,"16242099999,16239099999,AT416,16224099999,16234099999",6.2,10,25,8,1.09198661200278e-13,448.9204,28-Feb-2023 07:00:00
86.8,"Partially cloudy",2023-02-28T07:30:00,4.6,4.5,89.65,"41.829742371733346, 12.468582121891949",0,0,1014.2,"16242099999,16239099999,AT416,16224099999,16234099999",6.2,10,25,8,1.09636001948249e-13,397.7685,28-Feb-2023 07:30:00
33,"Partially cloudy",2023-02-28T08:00:00,5,4.5,86.48,"41.829742371733346, 12.468582121891949",0,0,1014.2,"16242099999,16239099999,AT416,16224099999,16234099999",7.1,10,37,14,1.10075314176808e-13,536.3499,28-Feb-2023 08:00:00
33,"Partially cloudy",2023-02-28T08:30:00,5,4.5,86.48,"41.829742371733346, 12.468582121891949",0,0,1014.2,"16242099999,16239099999,AT416,16224099999,16234099999",7.1,10,37,14,1.10516607763098e-13,927.9661,28-Feb-2023 08:30:00
38.1,"Partially cloudy",2023-02-28T09:00:00,4.6,7.5,70.52,"41.829742371733346, 12.468582121891949",0,0,1014.2,"16242099999,16239099999,AT416,16224099999,16234099999",9.7,10,51,16.1,1.10959892646156e-13,993.7231,28-Feb-2023 09:00:00
38.1,"Partially cloudy",2023-02-28T09:30:00,4.6,7.5,70.52,"41.829742371733346, 12.468582121891949",0,0,1014.2,"16242099999,16239099999,AT416,16224099999,16234099999",9.7,10,51,16.1,1.1140517881244e-13,923.8117,28-Feb-2023 09:30:00
42,"Partially cloudy",2023-02-28T10:00:00,4.7,11.5,63.11,"41.829742371733346, 12.468582121891949",0,0,1014.2,"16242099999,16239099999,AT416,16224099999,16234099999",11.5,10,45,13.6,1.11852476303511e-13,903.2241,28-Feb-2023 10:00:00
42,"Partially cloudy",2023-02-28T10:30:00,4.7,11.5,63.11,"41.829742371733346, 12.468582121891949",0,0,1014.2,"16242099999,16239099999,AT416,16224099999,16234099999",11.5,10,45,13.6,1.12301795223911e-13,763.489,28-Feb-2023 10:30:00
30,"Partially cloudy",2023-02-28T11:00:00,5.5,12.8,60.83,"41.829742371733346, 12.468582121891949",0,0,1013.9,"16242099999,16239099999,AT416,16224099999,16234099999",12.8,10,48,14.9,1.12753145726501e-13,758.1088,28-Feb-2023 11:00:00
30,"Partially cloudy",2023-02-28T11:30:00,5.5,12.8,60.83,"41.829742371733346, 12.468582121891949",0,0,1013.9,"16242099999,16239099999,AT416,16224099999,16234099999",12.8,10,48,14.9,1.13206538020248e-13,673.6663,28-Feb-2023 11:30:00
40,"Partially cloudy",2023-02-28T12:00:00,4.9,14.2,53.63,"41.829742371733346, 12.468582121891949",0,0,1013.2,"16242099999,16239099999,AT416,16224099999,16234099999",14.2,10,49,16.1,1.13661982378212e-13,500.324,28-Feb-2023 12:00:00
40,"Partially cloudy",2023-02-28T12:30:00,4.9,14.2,53.63,"41.829742371733346, 12.468582121891949",0,0,1013.2,"16242099999,16239099999,AT416,16224099999,16234099999",14.2,10,49,16.1,1.14119489122686e-13,523.322,28-Feb-2023 12:30:00
35.5,"Partially cloudy",2023-02-28T13:00:00,5,14.8,51.81,"41.829742371733346, 12.468582121891949",0,0,1013.2,"16242099999,16239099999,AT416,16224099999,16234099999",14.8,10,66,13.7,1.14579068633091e-13,493.9281,28-Feb-2023 13:00:00
35.5,"Partially cloudy",2023-02-28T13:30:00,5,14.8,51.81,"41.829742371733346, 12.468582121891949",0,0,1013.2,"16242099999,16239099999,AT416,16224099999,16234099999",14.8,10,66,13.7,1.15040731354076e-13,572.0527,28-Feb-2023 13:30:00
57.8,"Partially cloudy",2023-02-28T14:00:00,4.2,14.2,51.06,"41.829742371733346, 12.468582121891949",0,0,1012.8,"16242099999,16239099999,AT416,16224099999,16234099999",14.2,10,143,21.1,1.15504487780455e-13,501.2014,28-Feb-2023 14:00:00
57.8,"Partially cloudy",2023-02-28T14:30:00,4.2,14.2,51.06,"41.829742371733346, 12.468582121891949",0,0,1012.8,"16242099999,16239099999,AT416,16224099999,16234099999",14.2,10,143,21.1,1.15970348465214e-13,516.5192,28-Feb-2023 14:30:00
45.4,"Partially cloudy",2023-02-28T15:00:00,5.3,13.4,58,"41.829742371733346, 12.468582121891949",0,0,1012.2,"16242099999,16239099999,AT416,16224099999,16234099999",13.4,10,87,17.2,1.1643832402772e-13,391.0619,28-Feb-2023 15:00:00
45.4,"Partially cloudy",2023-02-28T15:30:00,5.3,13.4,58,"41.829742371733346, 12.468582121891949",0,0,1012.2,"16242099999,16239099999,AT416,16224099999,16234099999",13.4,10,87,17.2,1.16908425138461e-13,310.7485,28-Feb-2023 15:30:00
48.4,"Partially cloudy",2023-02-28T16:00:00,5.5,14.1,56.11,"41.829742371733346, 12.468582121891949",0,0,1011.8,"16242099999,16239099999,AT416,16224099999,16234099999",14.1,10,94,20.8,1.17380662527157e-13,290.5135,28-Feb-2023 16:00:00
48.4,"Partially cloudy",2023-02-28T16:30:00,5.5,14.1,56.11,"41.829742371733346, 12.468582121891949",0,0,1011.8,"16242099999,16239099999,AT416,16224099999,16234099999",14.1,10,94,20.8,1.17855046991088e-13,214.3671,28-Feb-2023 16:30:00
59,"Partially cloudy",2023-02-28T17:00:00,6,13,62.55,"41.829742371733346, 12.468582121891949",0,0,1011.2,"16242099999,16239099999,AT416,16224099999,16234099999",13,10,124,27.3,1.18331589379626e-13,232.8429,28-Feb-2023 17:00:00
59,"Partially cloudy",2023-02-28T17:30:00,6,13,62.55,"41.829742371733346, 12.468582121891949",0,0,1011.2,"16242099999,16239099999,AT416,16224099999,16234099999",13,10,124,27.3,1.1881030060246e-13,224.8478,28-Feb-2023 17:30:00
59,"Partially cloudy",2023-02-28T18:00:00,6.5,10.5,75.97,"41.829742371733346, 12.468582121891949",0,0,1011.9,"16242099999,16239099999,AT416,16224099999,16234099999",10.5,7.9,115,28.4,1.19291191638041e-13,186.8285,28-Feb-2023 18:00:00
59,"Partially cloudy",2023-02-28T18:30:00,6.5,10.5,75.97,"41.829742371733346, 12.468582121891949",0,0,1011.9,"16242099999,16239099999,AT416,16224099999,16234099999",10.5,7.9,115,28.4,1.19774273517901e-13,56.3301,28-Feb-2023 18:30:00
59,"Rain, Partially cloudy",2023-02-28T19:00:00,6.2,10.2,75.92,"41.829742371733346, 12.468582121891949",0.398,100,1012.2,"16242099999,AU378,16239099999,16224099999,16234099999",10.2,8.1,105,27.1,1.20259557334996e-13,49.262,28-Feb-2023 19:00:00
59,"Rain, Partially cloudy",2023-02-28T19:30:00,6.2,10.2,75.92,"41.829742371733346, 12.468582121891949",0.398,100,1012.2,"16242099999,AU378,16239099999,16224099999,16234099999",10.2,8.1,105,27.1,1.20747054252268e-13,103.9711,28-Feb-2023 19:30:00
54.1,"Partially cloudy",2023-02-28T20:00:00,6.1,10,76.49,"41.829742371733346, 12.468582121891949",0,0,1012,"16242099999,AU378,16239099999,16224099999,LIRA",10,10,88,20.6,1.21236775486752e-13,84.0372,28-Feb-2023 20:00:00
54.1,"Partially cloudy",2023-02-28T20:30:00,6.1,10,76.49,"41.829742371733346, 12.468582121891949",0,0,1012,"16242099999,AU378,16239099999,16224099999,LIRA",10,10,88,20.6,1.21728732318033e-13,37.148,28-Feb-2023 20:30:00
50,"Partially cloudy",2023-02-28T21:00:00,6.2,8.3,77.54,"41.829742371733346, 12.468582121891949",0,0,1012,"16242099999,16239099999,16224099999,LIRA",9.9,10,135,11.7,1.22222936096933e-13,72.3151,28-Feb-2023 21:00:00
50,"Partially cloudy",2023-02-28T21:30:00,6.2,8.3,77.54,"41.829742371733346, 12.468582121891949",0,0,1012,"16242099999,16239099999,16224099999,LIRA",9.9,10,135,11.7,1.22719398229398e-13,100.7436,28-Feb-2023 21:30:00
50,"Partially cloudy",2023-02-28T22:00:00,7.2,7.4,88.66,"41.829742371733346, 12.468582121891949",0,0,1012,"16242099999,16239099999,16224099999,LIRA",8.9,7.1,78,9.9,1.23218130185073e-13,67.7436,28-Feb-2023 22:00:00
50,"Partially cloudy",2023-02-28T22:30:00,7.2,7.4,88.66,"41.829742371733346, 12.468582121891949",0,0,1012,"16242099999,16239099999,16224099999,LIRA",8.9,7.1,78,9.9,1.23719143506114e-13,28.4285,28-Feb-2023 22:30:00
50,"Partially cloudy",2023-02-28T23:00:00,7.2,7.5,88.66,"41.829742371733346, 12.468582121891949",0,0,1012,"16242099999,AU378,16239099999,16224099999,LIRA",8.9,7.1,15,9.5,1.24222449790853e-13,17.4285,28-Feb-2023 23:00:00
50,"Partially cloudy",2023-02-28T23:30:00,7.2,7.5,88.66,"41.829742371733346, 12.468582121891949",0,0,1012,"16242099999,AU378,16239099999,16224099999,LIRA",8.9,7.1,15,9.5,1.24728060702496e-13,0,28-Feb-2023 23:30:00
NaN,"Clear",2023-05-31T00:00:00,12.2,18.7,65.74,"41.829742371733346, 12.468582121891949",0,0,1013.9,"16242099999,16239099999,16224099999,LIRA",18.7,10,143,5.5,1.25235987978056e-13,20.3851,31-May-2023 00:00:00
NaN,"Clear",2023-05-31T00:30:00,12.2,18.7,65.74,"41.829742371733346, 12.468582121891949",0,0,1013.9,"16242099999,16239099999,16224099999,LIRA",18.7,10,143,5.5,1.25746243411797e-13,48.8785,31-May-2023 00:30:00
NaN,"Clear",2023-05-31T01:00:00,13.1,16.9,78.31,"41.829742371733346, 12.468582121891949",0,0,1014.1,"16242099999,16239099999,16224099999,LIRA",16.9,10,51,5.3,1.26258838864054e-13,52.6939,31-May-2023 01:00:00
NaN,"Clear",2023-05-31T01:30:00,13.1,16.9,78.31,"41.829742371733346, 12.468582121891949",0,0,1014.1,"16242099999,16239099999,16224099999,LIRA",16.9,10,51,5.3,1.26773786270291e-13,13.2005,31-May-2023 01:30:00
NaN,"Clear",2023-05-31T02:00:00,13.1,16.9,78.45,"41.829742371733346, 12.468582121891949",0,0,1014,"16242099999,16239099999,16224099999,LIRA",16.9,10,108,5.5,1.2729109762432e-13,0,31-May-2023 02:00:00
NaN,"Clear",2023-05-31T02:30:00,13.1,16.9,78.45,"41.829742371733346, 12.468582121891949",0,0,1014,"16242099999,16239099999,16224099999,LIRA",16.9,10,108,5.5,1.27810784987247e-13,0,31-May-2023 02:30:00
NaN,"Clear",2023-05-31T03:00:00,13.1,16,82.93,"41.829742371733346, 12.468582121891949",0,0,1014,"16242099999,16239099999,16224099999,LIRA",16,10,44,7.3,1.28332860496652e-13,0,31-May-2023 03:00:00
NaN,"Clear",2023-05-31T03:30:00,13.1,16,82.93,"41.829742371733346, 12.468582121891949",0,0,1014,"16242099999,16239099999,16224099999,LIRA",16,10,44,7.3,1.28857336349586e-13,18.0699,31-May-2023 03:30:00
NaN,"Clear",2023-05-31T04:00:00,13.1,15.1,87.69,"41.829742371733346, 12.468582121891949",0,0,1014,"16242099999,16239099999,16224099999,LIRA",15.1,10,31,7.2,1.29384224811636e-13,7.0699,31-May-2023 04:00:00
NaN,"Clear",2023-05-31T04:30:00,13.1,15.1,87.69,"41.829742371733346, 12.468582121891949",0,0,1014,"16242099999,16239099999,16224099999,LIRA",15.1,10,31,7.2,1.29913538226241e-13,46.314,31-May-2023 04:30:00
NaN,"Clear",2023-05-31T05:00:00,13.1,16,82.93,"41.829742371733346, 12.468582121891949",0,0,1014,"16242099999,16239099999,16224099999,LIRA",16,10,41,5.7,1.30445288997449e-13,77.498,31-May-2023 05:00:00
NaN,"Clear",2023-05-31T05:30:00,13.1,16,82.93,"41.829742371733346, 12.468582121891949",0,0,1014,"16242099999,16239099999,16224099999,LIRA",16,10,41,5.7,1.30979489599119e-13,142.3779,31-May-2023 05:30:00
NaN,"Clear",2023-05-31T06:00:00,13.1,15.1,87.69,"41.829742371733346, 12.468582121891949",0,0,1013.9,"16242099999,16239099999,AT416,16224099999,LIRA",15.1,10,39,7.7,1.31516152584362e-13,86.3063,31-May-2023 06:00:00
NaN,"Clear",2023-05-31T06:30:00,13.1,15.1,87.69,"41.829742371733346, 12.468582121891949",0,0,1013.9,"16242099999,16239099999,AT416,16224099999,LIRA",15.1,10,39,7.7,1.32055290568065e-13,241.0941,31-May-2023 06:30:00
NaN,"Clear",2023-05-31T07:00:00,13.3,16.2,83.39,"41.829742371733346, 12.468582121891949",0,0,1013.8,"16242099999,16239099999,AT416,16224099999,16234099999",16.2,10,50,6.7,1.3259691623622e-13,360.5223,31-May-2023 07:00:00
NaN,"Clear",2023-05-31T07:30:00,13.3,16.2,83.39,"41.829742371733346, 12.468582121891949",0,0,1013.8,"16242099999,16239099999,AT416,16224099999,16234099999",16.2,10,50,6.7,1.33141042355501e-13,460.3194,31-May-2023 07:30:00
30,"Partially cloudy",2023-05-31T08:00:00,14,17.2,81.02,"41.829742371733346, 12.468582121891949",0,0,1014.1,"16242099999,16239099999,AT416,16224099999,16234099999",17.2,10,57,10.5,1.33687681755551e-13,649.889,31-May-2023 08:00:00
30,"Partially cloudy",2023-05-31T08:30:00,14,17.2,81.02,"41.829742371733346, 12.468582121891949",0,0,1014.1,"16242099999,16239099999,AT416,16224099999,16234099999",17.2,10,57,10.5,1.34236847338434e-13,1100.1209,31-May-2023 08:30:00
30,"Partially cloudy",2023-05-31T09:00:00,14.1,19.9,68.85,"41.829742371733346, 12.468582121891949",0,0,1014.2,"16242099999,16239099999,AT416,16224099999,16234099999",19.9,10,38,11.3,1.34788552088361e-13,1266.0127,31-May-2023 09:00:00
30,"Partially cloudy",2023-05-31T09:30:00,14.1,19.9,68.85,"41.829742371733346, 12.468582121891949",0,0,1014.2,"16242099999,16239099999,AT416,16224099999,16234099999",19.9,10,38,11.3,1.35342809053721e-13,978.3812,31-May-2023 09:30:00
30,"Partially cloudy",2023-05-31T10:00:00,13.4,22,58.25,"41.829742371733346, 12.468582121891949",0,0,1014.2,"16242099999,16239099999,AT416,16224099999,16234099999",22,10,31,11.7,1.35899631356677e-13,915.0655,31-May-2023 10:00:00
30,"Partially cloudy",2023-05-31T10:30:00,13.4,22,58.25,"41.829742371733346, 12.468582121891949",0,0,1014.2,"16242099999,16239099999,AT416,16224099999,16234099999",22,10,31,11.7,1.36459032203021e-13,759.1803,31-May-2023 10:30:00
30,"Partially cloudy",2023-05-31T11:00:00,14,23.1,56.56,"41.829742371733346, 12.468582121891949",0,0,1013.9,"16242099999,16239099999,AT416,16224099999,16234099999",23.1,10,6,10.8,1.37021024863965e-13,710.5987,31-May-2023 11:00:00
30,"Partially cloudy",2023-05-31T11:30:00,14,23.1,56.56,"41.829742371733346, 12.468582121891949",0,0,1013.9,"16242099999,16239099999,AT416,16224099999,16234099999",23.1,10,6,10.8,1.37585622685873e-13,617.8453,31-May-2023 11:30:00
30,"Partially cloudy",2023-05-31T12:00:00,13.6,25.1,49.12,"41.829742371733346, 12.468582121891949",0,0,1014.1,"16242099999,16239099999,AT416,16224099999,16234099999",25.1,10,58,6.7,1.38152839100251e-13,564.7936,31-May-2023 12:00:00
30,"Partially cloudy",2023-05-31T12:30:00,13.6,25.1,49.12,"41.829742371733346, 12.468582121891949",0,0,1014.1,"16242099999,16239099999,AT416,16224099999,16234099999",25.1,10,58,6.7,1.38722687605292e-13,440.2464,31-May-2023 12:30:00
31.2,"Partially cloudy",2023-05-31T13:00:00,12.9,25.8,44.78,"41.829742371733346, 12.468582121891949",0,0,1013.8,"16242099999,16239099999,AT416,16224099999,16234099999",25.8,10,255,9.9,1.39295181775742e-13,291.2748,31-May-2023 13:00:00
31.2,"Partially cloudy",2023-05-31T13:30:00,12.9,25.8,44.78,"41.829742371733346, 12.468582121891949",0,0,1013.8,"16242099999,16239099999,AT416,16224099999,16234099999",25.8,10,255,9.9,1.39870335273041e-13,374.84,31-May-2023 13:30:00
45.5,"Partially cloudy",2023-05-31T14:00:00,12.9,24.7,47.77,"41.829742371733346, 12.468582121891949",0,0,1013.7,"16242099999,16239099999,AT416,16224099999,16234099999",24.7,10,233,17,1.40448161826602e-13,483.6825,31-May-2023 14:00:00
45.5,"Partially cloudy",2023-05-31T14:30:00,12.9,24.7,47.77,"41.829742371733346, 12.468582121891949",0,0,1013.7,"16242099999,16239099999,AT416,16224099999,16234099999",24.7,10,233,17,1.41028675243826e-13,421.7429,31-May-2023 14:30:00
70.4,"Partially cloudy",2023-05-31T15:00:00,12.9,24.6,48.28,"41.829742371733346, 12.468582121891949",0,0,1013.8,"16242099999,16239099999,AT416,16224099999,16234099999",24.6,10,231,19.4,1.41611889420382e-13,549.3297,31-May-2023 15:00:00
70.4,"Partially cloudy",2023-05-31T15:30:00,12.9,24.6,48.28,"41.829742371733346, 12.468582121891949",0,0,1013.8,"16242099999,16239099999,AT416,16224099999,16234099999",24.6,10,231,19.4,1.42197818321236e-13,518.0304,31-May-2023 15:30:00
45.5,"Partially cloudy",2023-05-31T16:00:00,15,23.6,58.42,"41.829742371733346, 12.468582121891949",0,0,1013.9,"16242099999,16239099999,AT416,16224099999,16234099999",23.6,9.7,251,14,1.42786475990797e-13,483.7384,31-May-2023 16:00:00
45.5,"Partially cloudy",2023-05-31T16:30:00,15,23.6,58.42,"41.829742371733346, 12.468582121891949",0,0,1013.9,"16242099999,16239099999,AT416,16224099999,16234099999",23.6,9.7,251,14,1.43377876563356e-13,515.1815,31-May-2023 16:30:00
45.5,"Partially cloudy",2023-05-31T17:00:00,13.7,23.3,55.1,"41.829742371733346, 12.468582121891949",0,0,1014.1,"16242099999,16239099999,AT416,16224099999,16234099999",23.3,10,298,12.4,1.43972034243841e-13,392.0437,31-May-2023 17:00:00
45.5,"Partially cloudy",2023-05-31T17:30:00,13.7,23.3,55.1,"41.829742371733346, 12.468582121891949",0,0,1014.1,"16242099999,16239099999,AT416,16224099999,16234099999",23.3,10,298,12.4,1.44568963318119e-13,314.1444,31-May-2023 17:30:00
45.5,"Partially cloudy",2023-05-31T18:00:00,15.6,21.4,69.5,"41.829742371733346, 12.468582121891949",0,0,1014.2,"16242099999,16239099999,AT416,16224099999,16234099999",21.4,10,30,12.7,1.45168678163577e-13,274.2887,31-May-2023 18:00:00
45.5,"Partially cloudy",2023-05-31T18:30:00,15.6,21.4,69.5,"41.829742371733346, 12.468582121891949",0,0,1014.2,"16242099999,16239099999,AT416,16224099999,16234099999",21.4,10,30,12.7,1.45771193229613e-13,247.8065,31-May-2023 18:30:00
44.3,"Partially cloudy",2023-05-31T19:00:00,15,21.9,64.81,"41.829742371733346, 12.468582121891949",0,0,1013.8,"16242099999,16239099999,AT416,16224099999,16234099999",21.9,10,18,13.4,1.46376523048086e-13,216.1664,31-May-2023 19:00:00
44.3,"Partially cloudy",2023-05-31T19:30:00,15,21.9,64.81,"41.829742371733346, 12.468582121891949",0,0,1013.8,"16242099999,16239099999,AT416,16224099999,16234099999",21.9,10,18,13.4,1.46984682244046e-13,108.4656,31-May-2023 19:30:00
32.4,"Rain, Partially cloudy",2023-05-31T20:00:00,14.8,21.1,67.11,"41.829742371733346, 12.468582121891949",0.613,100,1014.1,"16242099999,16239099999,AT416,16224099999,16234099999",21.1,10,39,10.5,1.47595685515961e-13,86.6753,31-May-2023 20:00:00
32.4,"Rain, Partially cloudy",2023-05-31T20:30:00,14.8,21.1,67.11,"41.829742371733346, 12.468582121891949",0.613,100,1014.1,"16242099999,16239099999,AT416,16224099999,16234099999",21.1,10,39,10.5,1.48209547646308e-13,67.2344,31-May-2023 20:30:00
NaN,"Clear",2023-05-31T21:00:00,15.8,20,76.91,"41.829742371733346, 12.468582121891949",0,0,1014.9,"16242099999,16239099999,AT416,16224099999,LIRA",20,10,48,9.5,1.48826283512464e-13,56.108,31-May-2023 21:00:00
NaN,"Clear",2023-05-31T21:30:00,15.8,20,76.91,"41.829742371733346, 12.468582121891949",0,0,1014.9,"16242099999,16239099999,AT416,16224099999,LIRA",20,10,48,9.5,1.49445908066655e-13,20.197,31-May-2023 21:30:00
NaN,"Clear",2023-05-31T22:00:00,15.8,18.9,82.07,"41.829742371733346, 12.468582121891949",0,0,1014.9,"16242099999,16239099999,16224099999,LIRA",18.9,10,21,9.4,1.50068436346699e-13,27.568,31-May-2023 22:00:00
NaN,"Clear",2023-05-31T22:30:00,15.8,18.9,82.07,"41.829742371733346, 12.468582121891949",0,0,1014.9,"16242099999,16239099999,16224099999,LIRA",18.9,10,21,9.4,1.50693883487058e-13,9.2278,31-May-2023 22:30:00
NaN,"Clear",2023-05-31T23:00:00,14,18.8,73.34,"41.829742371733346, 12.468582121891949",0,0,1014.9,"16242099999,16239099999,16224099999,LIRA",18.8,10,29,3.9,1.513222646985e-13,0,31-May-2023 23:00:00
NaN,"Clear",2023-05-31T23:30:00,14,18.8,73.34,"41.829742371733346, 12.468582121891949",0,0,1014.9,"16242099999,16239099999,16224099999,LIRA",18.8,10,29,3.9,1.51953595279007e-13,0,31-May-2023 23:30:00
NaN,"Clear",2023-06-01T00:00:00,14,18,77.46,"41.829742371733346, 12.468582121891949",0,0,1015.1,"16242099999,16239099999,16224099999,LIRA",18,10,48,6.1,0.00389105058365759,50.9982,01-Jun-2023 00:00:00
NaN,"Clear",2023-06-01T00:30:00,14,18,77.46,"41.829742371733346, 12.468582121891949",0,0,1015.1,"16242099999,16239099999,16224099999,LIRA",18,10,48,6.1,0.0042296094241275,124.5793,01-Jun-2023 00:30:00
NaN,"Clear",2023-06-01T01:00:00,13.1,17,77.95,"41.829742371733346, 12.468582121891949",0,0,1015.1,"16242099999,16239099999,16224099999,LIRA",17,10,42,5.9,0.00460154878594947,166.0762,01-Jun-2023 01:00:00
NaN,"Clear",2023-06-01T01:30:00,13.1,17,77.95,"41.829742371733346, 12.468582121891949",0,0,1015.1,"16242099999,16239099999,16224099999,LIRA",17,10,42,5.9,0.00501054295364723,191.7297,01-Jun-2023 01:30:00
40,"Partially cloudy",2023-06-01T02:00:00,14.1,16.3,87.28,"41.829742371733346, 12.468582121891949",0,0,1015.1,"16245099999,16242099999,16239099999,16224099999,LIRA",16.3,15.2,58,4.9,0.00546071140064688,146.1577,01-Jun-2023 02:00:00
40,"Partially cloudy",2023-06-01T02:30:00,14.1,16.3,87.28,"41.829742371733346, 12.468582121891949",0,0,1015.1,"16245099999,16242099999,16239099999,16224099999,LIRA",16.3,15.2,58,4.9,0.00595667729561991,73.1595,01-Jun-2023 02:30:00
NaN,"Clear",2023-06-01T03:00:00,14,16.1,87.21,"41.829742371733346, 12.468582121891949",0,0,1015,"16242099999,16239099999,16224099999,LIRA",16.1,10,60,5.3,0.00650363420179567,19.1887,01-Jun-2023 03:00:00
NaN,"Clear",2023-06-01T03:30:00,14,16.1,87.21,"41.829742371733346, 12.468582121891949",0,0,1015,"16242099999,16239099999,16224099999,LIRA",16.1,10,60,5.3,0.00710742212950925,0.309500000000003,01-Jun-2023 03:30:00
NaN,"Clear",2023-06-01T04:00:00,13.1,15.1,87.69,"41.829742371733346, 12.468582121891949",0,0,1014.9,"16242099999,16239099999,16224099999,LIRA",15.1,10,15,5.7,0.0077746143536529,0,01-Jun-2023 04:00:00
NaN,"Clear",2023-06-01T04:30:00,13.1,15.1,87.69,"41.829742371733346, 12.468582121891949",0,0,1014.9,"16242099999,16239099999,16224099999,LIRA",15.1,10,15,5.7,0.00851261653466809,46.314,01-Jun-2023 04:30:00
NaN,"Clear",2023-06-01T05:00:00,13.1,15.1,87.85,"41.829742371733346, 12.468582121891949",0,0,1014.9,"16242099999,16239099999,16224099999,LIRA",15.1,10,41,5.3,0.00932977987661294,53.0407,01-Jun-2023 05:00:00
NaN,"Clear",2023-06-01T05:30:00,13.1,15.1,87.85,"41.829742371733346, 12.468582121891949",0,0,1014.9,"16242099999,16239099999,16224099999,LIRA",15.1,10,41,5.3,0.0102355304055182,51.2399,01-Jun-2023 05:30:00
NaN,"Clear",2023-06-01T06:00:00,12.1,15,82.96,"41.829742371733346, 12.468582121891949",0,0,1014.9,"16242099999,16239099999,AT416,16224099999,LIRA",15,10,38,8.9,0.0112405166287986,91.6016,01-Jun-2023 06:00:00
NaN,"Clear",2023-06-01T06:30:00,12.1,15,82.96,"41.829742371733346, 12.468582121891949",0,0,1014.9,"16242099999,16239099999,AT416,16224099999,LIRA",15,10,38,8.9,0.0123567780955611,197.1831,01-Jun-2023 06:30:00
NaN,"Clear",2023-06-01T07:00:00,12.8,16.2,80.78,"41.829742371733346, 12.468582121891949",0,0,1015.1,"16242099999,16239099999,AT416,16224099999,16234099999",16.2,10,33,7.5,0.0135979378342866,300.1183,01-Jun-2023 07:00:00
NaN,"Clear",2023-06-01T07:30:00,12.8,16.2,80.78,"41.829742371733346, 12.468582121891949",0,0,1015.1,"16242099999,16239099999,AT416,16224099999,16234099999",16.2,10,33,7.5,0.0149794218471834,547.5163,01-Jun-2023 07:30:00
50,"Partially cloudy",2023-06-01T08:00:00,13.6,16.3,84.14,"41.829742371733346, 12.468582121891949",0,0,1015.1,"16242099999,16239099999,AT416,16224099999,16234099999",16.3,10,50,8.3,0.0165187091216757,753.7811,01-Jun-2023 08:00:00
50,"Partially cloudy",2023-06-01T08:30:00,13.6,16.3,84.14,"41.829742371733346, 12.468582121891949",0,0,1015.1,"16242099999,16239099999,AT416,16224099999,16234099999",16.3,10,50,8.3,0.0182356161288459,1268.1916,01-Jun-2023 08:30:00
50,"Partially cloudy",2023-06-01T09:00:00,13.5,18.2,74.28,"41.829742371733346, 12.468582121891949",0,0,1015.1,"16242099999,16239099999,AT416,16224099999,16234099999",18.2,10,51,9.7,0.0201526198782655,1385.6673,01-Jun-2023 09:00:00
50,"Partially cloudy",2023-06-01T09:30:00,13.5,18.2,74.28,"41.829742371733346, 12.468582121891949",0,0,1015.1,"16242099999,16239099999,AT416,16224099999,16234099999",18.2,10,51,9.7,0.0222952237152328,1161.1792,01-Jun-2023 09:30:00
50,"Partially cloudy",2023-06-01T10:00:00,13.4,20.3,64.64,"41.829742371733346, 12.468582121891949",0,0,1015.8,"16242099999,16239099999,AT416,16224099999,16234099999",20.3,10,43,7.1,0.0246923703595029,957.1215,01-Jun-2023 10:00:00
50,"Partially cloudy",2023-06-01T10:30:00,13.4,20.3,64.64,"41.829742371733346, 12.468582121891949",0,0,1015.8,"16242099999,16239099999,AT416,16224099999,16234099999",20.3,10,43,7.1,0.0273769062657105,584.4417,01-Jun-2023 10:30:00
38,"Partially cloudy",2023-06-01T11:00:00,12.8,23.1,52.15,"41.829742371733346, 12.468582121891949",0,0,1015.1,"16242099999,16239099999,AT416,16224099999,16234099999",23.1,10,43,5.7,0.0303861007615122,492.3878,01-Jun-2023 11:00:00
38,"Partially cloudy",2023-06-01T11:30:00,12.8,23.1,52.15,"41.829742371733346, 12.468582121891949",0,0,1015.1,"16242099999,16239099999,AT416,16224099999,16234099999",23.1,10,43,5.7,0.0337622227730089,487.9273,01-Jun-2023 11:30:00
31.6,"Partially cloudy",2023-06-01T12:00:00,11.8,25.1,43.65,"41.829742371733346, 12.468582121891949",0,0,1015.1,"16242099999,16239099999,AT416,16224099999,16234099999",25.1,10,280,7.4,0.0375531758838199,611.7524,01-Jun-2023 12:00:00
31.6,"Partially cloudy",2023-06-01T12:30:00,11.8,25.1,43.65,"41.829742371733346, 12.468582121891949",0,0,1015.1,"16242099999,16239099999,AT416,16224099999,16234099999",25.1,10,280,7.4,0.0418131896037135,600.0855,01-Jun-2023 12:30:00
27.6,"Partially cloudy",2023-06-01T13:00:00,12.5,25.7,44.01,"41.829742371733346, 12.468582121891949",0,0,1015.2,"16245099999,AT416,16224099999,16234099999,LIRA",25.7,10,274,10.1,0.0466035611708221,486.1486,01-Jun-2023 13:00:00
27.6,"Partially cloudy",2023-06-01T13:30:00,12.5,25.7,44.01,"41.829742371733346, 12.468582121891949",0,0,1015.2,"16245099999,AT416,16224099999,16234099999,LIRA",25.7,10,274,10.1,0.0519934358483005,550.1232,01-Jun-2023 13:30:00
50,"Partially cloudy",2023-06-01T14:00:00,12,26,41.71,"41.829742371733346, 12.468582121891949",NaN,0,1015,"AT416,LIRA",26,10,320,11.2,0.0580606051785582,424.8434,01-Jun-2023 14:00:00
50,"Partially cloudy",2023-06-01T14:30:00,12,26,41.71,"41.829742371733346, 12.468582121891949",NaN,0,1015,"AT416,LIRA",26,10,320,11.2,0.0648922920586668,337.8922,01-Jun-2023 14:30:00
50,"Partially cloudy",2023-06-01T15:00:00,13.2,25.9,45.44,"41.829742371733346, 12.468582121891949",0,0,1014,"16242099999,16239099999,AT416,LIRA",25.9,10,259,17,0.0725858756713366,318.5795,01-Jun-2023 15:00:00
50,"Partially cloudy",2023-06-01T15:30:00,13.2,25.9,45.44,"41.829742371733346, 12.468582121891949",0,0,1014,"16242099999,16239099999,AT416,LIRA",25.9,10,259,17,0.081249489230315,140.004,01-Jun-2023 15:30:00
50,"Partially cloudy",2023-06-01T16:00:00,14.1,25.8,48.46,"41.829742371733346, 12.468582121891949",0,0,1013.9,"16242099999,16239099999,AT416,LIRA",25.8,10,253,17,0.0910023995257974,215.7065,01-Jun-2023 16:00:00
50,"Partially cloudy",2023-06-01T16:30:00,14.1,25.8,48.46,"41.829742371733346, 12.468582121891949",0,0,1013.9,"16242099999,16239099999,AT416,LIRA",25.8,10,253,17,0.101975045649374,183.1613,01-Jun-2023 16:30:00
33.9,"Partially cloudy",2023-06-01T17:00:00,14.2,24.8,51.71,"41.829742371733346, 12.468582121891949",0,0,1013.2,"16242099999,16239099999,AT416,16224099999,16234099999",24.8,10,294,17.5,0.114308577879793,196.3798,01-Jun-2023 17:00:00
33.9,"Partially cloudy",2023-06-01T17:30:00,14.2,24.8,51.71,"41.829742371733346, 12.468582121891949",0,0,1013.2,"16242099999,16239099999,AT416,16224099999,16234099999",24.8,10,294,17.5,0.128153699522816,323.5783,01-Jun-2023 17:30:00
33.9,"Partially cloudy",2023-06-01T18:00:00,14.5,24.1,54.88,"41.829742371733346, 12.468582121891949",0,0,1013.2,"16242099999,16239099999,AT416,16224099999,16234099999",24.1,10,284,13.4,0.143668573157284,358.0976,01-Jun-2023 18:00:00
33.9,"Partially cloudy",2023-06-01T18:30:00,14.5,24.1,54.88,"41.829742371733346, 12.468582121891949",0,0,1013.2,"16242099999,16239099999,AT416,16224099999,16234099999",24.1,10,284,13.4,0.16101551817627,340.2271,01-Jun-2023 18:30:00
33.9,"Partially cloudy",2023-06-01T19:00:00,14.6,23.3,57.93,"41.829742371733346, 12.468582121891949",0,0,1013.8,"16242099999,16239099999,AT416,16224099999,16234099999",23.3,10,294,14.7,0.180356210926949,414.7279,01-Jun-2023 19:00:00
33.9,"Partially cloudy",2023-06-01T19:30:00,14.6,23.3,57.93,"41.829742371733346, 12.468582121891949",0,0,1013.8,"16242099999,16239099999,AT416,16224099999,16234099999",23.3,10,294,14.7,0.201845109976027,211.465,01-Jun-2023 19:30:00
33.9,"Rain, Partially cloudy",2023-06-01T20:00:00,15,21.5,66.25,"41.829742371733346, 12.468582121891949",0.055,100,1014.1,"16242099999,16239099999,AT416,16224099999,16234099999",21.5,10,19,13.3,0.225620891514553,105.8285,01-Jun-2023 20:00:00
33.9,"Rain, Partially cloudy",2023-06-01T20:30:00,15,21.5,66.25,"41.829742371733346, 12.468582121891949",0.055,100,1014.1,"16242099999,16239099999,AT416,16224099999,16234099999",21.5,10,19,13.3,0.25179581863913,96.6556,01-Jun-2023 20:30:00
26.9,"Partially cloudy",2023-06-01T21:00:00,14.1,20.9,65.15,"41.829742371733346, 12.468582121891949",0,0,1013.9,"16242099999,16239099999,AT416,16224099999,LIRA",20.9,10,70,8.6,0.280443194502562,101.2634,01-Jun-2023 21:00:00
26.9,"Partially cloudy",2023-06-01T21:30:00,14.1,20.9,65.15,"41.829742371733346, 12.468582121891949",0,0,1013.9,"16242099999,16239099999,AT416,16224099999,LIRA",20.9,10,70,8.6,0.311583382392017,75.5478,01-Jun-2023 21:30:00
NaN,"Clear",2023-06-01T22:00:00,13.1,19.8,65.46,"41.829742371733346, 12.468582121891949",0,0,1014,"16242099999,16239099999,16224099999,LIRA",19.8,10,1,5.4,0.345169310389329,33.1805,01-Jun-2023 22:00:00
NaN,"Clear",2023-06-01T22:30:00,13.1,19.8,65.46,"41.829742371733346, 12.468582121891949",0,0,1014,"16242099999,16239099999,16224099999,LIRA",19.8,10,1,5.4,0.38107285877547,0,01-Jun-2023 22:30:00
NaN,"Clear",2023-06-01T23:00:00,14,18.8,73.6,"41.829742371733346, 12.468582121891949",0,0,1014,"16242099999,16239099999,16224099999,LIRA",18.8,10,27,5.4,0.419073978323127,0,01-Jun-2023 23:00:00
NaN,"Clear",2023-06-01T23:30:00,14,18.8,73.6,"41.829742371733346, 12.468582121891949",0,0,1014,"16242099999,16239099999,16224099999,LIRA",18.8,10,27,5.4,0.458854679976184,0,01-Jun-2023 23:30:00
NaN,"Clear",2023-06-02T00:00:00,13.9,18.8,73.12,"41.829742371733346, 12.468582121891949",0,0,1013.9,"16242099999,16239099999,16224099999,LIRA",18.8,10,40,3.9,0.5,47.3794,02-Jun-2023 00:00:00
NaN,"Clear",2023-06-02T00:30:00,13.9,18.8,73.12,"41.829742371733346, 12.468582121891949",0,0,1013.9,"16242099999,16239099999,16224099999,LIRA",18.8,10,40,3.9,0.542007560408492,55.436,02-Jun-2023 00:30:00
NaN,"Clear",2023-06-02T01:00:00,14,17.7,78.86,"41.829742371733346, 12.468582121891949",0,0,1013.9,"16242099999,16239099999,16224099999,LIRA",17.7,10,99,5.7,0.58430636664373,140.2554,02-Jun-2023 01:00:00
NaN,"Clear",2023-06-02T01:30:00,14,17.7,78.86,"41.829742371733346, 12.468582121891949",0,0,1013.9,"16242099999,16239099999,16224099999,LIRA",17.7,10,99,5.7,0.626284088337268,88.1988,02-Jun-2023 01:30:00
NaN,"Rain",2023-06-02T02:00:00,13.1,17.6,74.98,"41.829742371733346, 12.468582121891949",0.067,100,1013.1,"16242099999,16239099999,16224099999,LIRA",17.6,10,38,5.4,0.667320531093053,67.831,02-Jun-2023 02:00:00
NaN,"Rain",2023-06-02T02:30:00,13.1,17.6,74.98,"41.829742371733346, 12.468582121891949",0.067,100,1013.1,"16242099999,16239099999,16224099999,LIRA",17.6,10,38,5.4,0.706823705102784,27.1181,02-Jun-2023 02:30:00
NaN,"Clear",2023-06-02T03:00:00,14,16.9,83.33,"41.829742371733346, 12.468582121891949",0,0,1013.9,"16242099999,16239099999,16224099999,LIRA",16.9,10,40,4,0.744264188958779,30.5043,02-Jun-2023 03:00:00
NaN,"Clear",2023-06-02T03:30:00,14,16.9,83.33,"41.829742371733346, 12.468582121891949",0,0,1013.9,"16242099999,16239099999,16224099999,LIRA",16.9,10,40,4,0.779203632942115,16.7621,02-Jun-2023 03:30:00
NaN,"Clear",2023-06-02T04:00:00,14,16.9,83.18,"41.829742371733346, 12.468582121891949",0,0,1013.1,"16242099999,16239099999,16224099999,LIRA",16.9,10,59,5.5,0.811314238236968,5.7621,02-Jun-2023 04:00:00
NaN,"Clear",2023-06-02T04:30:00,14,16.9,83.18,"41.829742371733346, 12.468582121891949",0,0,1013.1,"16242099999,16239099999,16224099999,LIRA",16.9,10,59,5.5,0.840387610794731,46.314,02-Jun-2023 04:30:00
NaN,"Clear",2023-06-02T05:00:00,13.1,15.9,83.76,"41.829742371733346, 12.468582121891949",0,0,1013.1,"16242099999,16239099999,16224099999,LIRA",15.9,10,39,5.4,0.866333125183968,77.4341,02-Jun-2023 05:00:00
NaN,"Clear",2023-06-02T05:30:00,13.1,15.9,83.76,"41.829742371733346, 12.468582121891949",0,0,1013.1,"16242099999,16239099999,16224099999,LIRA",15.9,10,39,5.4,0.889167421810945,55.4341,02-Jun-2023 05:30:00
NaN,"Clear",2023-06-02T06:00:00,13.1,15,88.57,"41.829742371733346, 12.468582121891949",0,0,1013.1,"16242099999,16239099999,AT416,16224099999,LIRA",15,10,30,7.5,0.908997600454943,33.4341,02-Jun-2023 06:00:00
NaN,"Clear",2023-06-02T06:30:00,13.1,15,88.57,"41.829742371733346, 12.468582121891949",0,0,1013.1,"16242099999,16239099999,AT416,16224099999,LIRA",15,10,30,7.5,0.926000990462517,69.6444,02-Jun-2023 06:30:00
NaN,"Clear",2023-06-02T07:00:00,13.2,16,83.63,"41.829742371733346, 12.468582121891949",0,0,1013.9,"16242099999,16239099999,AT416,16224099999,LIRA",16,10,48,5.4,0.940404155660358,36.2103,02-Jun-2023 07:00:00
NaN,"Clear",2023-06-02T07:30:00,13.2,16,83.63,"41.829742371733346, 12.468582121891949",0,0,1013.9,"16242099999,16239099999,AT416,16224099999,LIRA",16,10,48,5.4,0.9524632123324,102.0773,02-Jun-2023 07:30:00
NaN,"Clear",2023-06-02T08:00:00,14.1,18.1,77.48,"41.829742371733346, 12.468582121891949",0,0,1013.9,"16242099999,16239099999,AT416,16224099999,LIRA",18.1,10,50,7.5,0.962446824133011,205.3057,02-Jun-2023 08:00:00
NaN,"Clear",2023-06-02T08:30:00,14.1,18.1,77.48,"41.829742371733346, 12.468582121891949",0,0,1013.9,"16242099999,16239099999,AT416,16224099999,LIRA",18.1,10,50,7.5,0.970622554402341,241.4016,02-Jun-2023 08:30:00
NaN,"Clear",2023-06-02T09:00:00,15,19.2,76.65,"41.829742371733346, 12.468582121891949",0,0,1013.9,"16242099999,16239099999,AT416,16224099999,LIRA",19.2,10,32,7.6,0.977246702133367,337.0559,02-Jun-2023 09:00:00
NaN,"Clear",2023-06-02T09:30:00,15,19.2,76.65,"41.829742371733346, 12.468582121891949",0,0,1013.9,"16242099999,16239099999,AT416,16224099999,LIRA",19.2,10,32,7.6,0.982557368694955,345.1601,02-Jun-2023 09:30:00
26.6,"Partially cloudy",2023-06-02T10:00:00,14,22.2,59.94,"41.829742371733346, 12.468582121891949",0,0,1013.9,"16242099999,16239099999,AT416,16224099999,LIRA",22.2,10,29,7.3,0.986770287213514,231.4996,02-Jun-2023 10:00:00
26.6,"Partially cloudy",2023-06-02T10:30:00,14,22.2,59.94,"41.829742371733346, 12.468582121891949",0,0,1013.9,"16242099999,16239099999,AT416,16224099999,LIRA",22.2,10,29,7.3,0.990076859864605,182.9021,02-Jun-2023 10:30:00
NaN,"Clear",2023-06-02T11:00:00,14.1,24.1,53.88,"41.829742371733346, 12.468582121891949",0,0,1013.9,"16242099999,16239099999,AT416,16224099999,LIRA",24.1,10,NaN,7.2,0.992643853962296,363.017,02-Jun-2023 11:00:00
NaN,"Clear",2023-06-02T11:30:00,14.1,24.1,53.88,"41.829742371733346, 12.468582121891949",0,0,1013.9,"16242099999,16239099999,AT416,16224099999,LIRA",24.1,10,NaN,7.2,0.994614266556877,198.0003,02-Jun-2023 11:30:00
26.6,"Partially cloudy",2023-06-02T12:00:00,14.1,24.9,51.14,"41.829742371733346, 12.468582121891949",0,0,1013.9,"16242099999,16239099999,AT416,16224099999,LIRA",24.9,10,1,11.4,0.996108949416342,379.7684,02-Jun-2023 12:00:00
26.6,"Partially cloudy",2023-06-02T12:30:00,14.1,24.9,51.14,"41.829742371733346, 12.468582121891949",0,0,1013.9,"16242099999,16239099999,AT416,16224099999,LIRA",24.9,10,1,11.4,0.997228674444253,380.757,02-Jun-2023 12:30:00
26.6,"Partially cloudy",2023-06-02T13:00:00,13.3,25.7,46.24,"41.829742371733346, 12.468582121891949",0,0,1013.1,"16242099999,16239099999,AT416,16224099999,LIRA",25.7,10,340,8.6,0.998056401155219,331.3166,02-Jun-2023 13:00:00
26.6,"Partially cloudy",2023-06-02T13:30:00,13.3,25.7,46.24,"41.829742371733346, 12.468582121891949",0,0,1013.1,"16242099999,16239099999,AT416,16224099999,LIRA",25.7,10,340,8.6,0.998659576818556,209.7537,02-Jun-2023 13:30:00
50,"Partially cloudy",2023-06-02T14:00:00,12.6,25.8,43.9,"41.829742371733346, 12.468582121891949",0,0,1013,"16242099999,16239099999,AT416,16224099999,LIRA",25.8,10,254,7.1,0.999092355663576,117.4471,02-Jun-2023 14:00:00
50,"Partially cloudy",2023-06-02T14:30:00,12.6,25.8,43.9,"41.829742371733346, 12.468582121891949",0,0,1013,"16242099999,16239099999,AT416,16224099999,LIRA",25.8,10,254,7.1,0.999397666192263,45.2445,02-Jun-2023 14:30:00
47.9,"Partially cloudy",2023-06-02T15:00:00,15.2,26.6,49.72,"41.829742371733346, 12.468582121891949",0,0,1012.9,"16242099999,16239099999,AT416,16224099999,LIRA",26.6,10,287,17,0.99960908679852,126.83,02-Jun-2023 15:00:00
47.9,"Partially cloudy",2023-06-02T15:30:00,15.2,26.6,49.72,"41.829742371733346, 12.468582121891949",0,0,1012.9,"16242099999,16239099999,AT416,16224099999,LIRA",26.6,10,287,17,0.999752512097076,145.4924,02-Jun-2023 15:30:00
47.9,"Partially cloudy",2023-06-02T16:00:00,14.3,24.9,52.04,"41.829742371733346, 12.468582121891949",0,0,1012,"16242099999,16239099999,AT416,16224099999,LIRA",24.9,10,270,17,0.999847607436615,98.6695,02-Jun-2023 16:00:00
47.9,"Partially cloudy",2023-06-02T16:30:00,14.3,24.9,52.04,"41.829742371733346, 12.468582121891949",0,0,1012,"16242099999,16239099999,AT416,16224099999,LIRA",24.9,10,270,17,0.999909058800877,186.9363,02-Jun-2023 16:30:00
50,"Partially cloudy",2023-06-02T17:00:00,14.3,24.1,54.49,"41.829742371733346, 12.468582121891949",0,0,1012.9,"16242099999,16239099999,AT416,16224099999,LIRA",24.1,10,262,11.7,0.99994763131823,139.663,02-Jun-2023 17:00:00
50,"Partially cloudy",2023-06-02T17:30:00,14.3,24.1,54.49,"41.829742371733346, 12.468582121891949",0,0,1012.9,"16242099999,16239099999,AT416,16224099999,LIRA",24.1,10,262,11.7,0.999971052947538,190.498,02-Jun-2023 17:30:00
26.6,"Partially cloudy",2023-06-02T18:00:00,13.6,23.8,52.73,"41.829742371733346, 12.468582121891949",0,0,1012.1,"16242099999,16239099999,AT416,16224099999,LIRA",23.8,10,279,15,0.999984741443765,210.2772,02-Jun-2023 18:00:00
26.6,"Partially cloudy",2023-06-02T18:30:00,13.6,23.8,52.73,"41.829742371733346, 12.468582121891949",0,0,1012.1,"16242099999,16239099999,AT416,16224099999,LIRA",23.8,10,279,15,0.999992393089999,216.678,02-Jun-2023 18:30:00
NaN,"Clear",2023-06-02T19:00:00,15.2,23,61.6,"41.829742371733346, 12.468582121891949",0,0,1012.9,"16242099999,16239099999,AT416,16224099999,LIRA",23,10,272,15,0.999996451305933,252.4062,02-Jun-2023 19:00:00
NaN,"Clear",2023-06-02T19:30:00,15.2,23,61.6,"41.829742371733346, 12.468582121891949",0,0,1012.9,"16242099999,16239099999,AT416,16224099999,LIRA",23,10,272,15,0.999998472400481,232.6326,02-Jun-2023 19:30:00
NaN,"Clear",2023-06-02T20:00:00,15.3,22,65.77,"41.829742371733346, 12.468582121891949",0,0,1013,"16242099999,16239099999,AT416,16224099999,LIRA",22,10,263,10,0.999999404626175,145.5559,02-Jun-2023 20:00:00
NaN,"Clear",2023-06-02T20:30:00,15.3,22,65.77,"41.829742371733346, 12.468582121891949",0,0,1013,"16242099999,16239099999,AT416,16224099999,LIRA",22,10,263,10,0.999999795424165,103.7875,02-Jun-2023 20:30:00
26.6,"Partially cloudy",2023-06-02T21:00:00,16.1,21,73.92,"41.829742371733346, 12.468582121891949",0,0,1013,"16242099999,16239099999,AT416,16224099999,LIRA",21,10,236,5.7,0.999999940395359,16.9075,02-Jun-2023 21:00:00
26.6,"Partially cloudy",2023-06-02T21:30:00,16.1,21,73.92,"41.829742371733346, 12.468582121891949",0,0,1013,"16242099999,16239099999,AT416,16224099999,LIRA",21,10,236,5.7,0.999999986137865,44.1829,02-Jun-2023 21:30:00
26.6,"Partially cloudy",2023-06-02T22:00:00,16.1,20.8,74.51,"41.829742371733346, 12.468582121891949",0,0,1013.9,"16242099999,16239099999,16224099999,LIRA",20.8,10,225,5.6,0.99999999767432,48.3642,02-Jun-2023 22:00:00
26.6,"Partially cloudy",2023-06-02T22:30:00,16.1,20.8,74.51,"41.829742371733346, 12.468582121891949",0,0,1013.9,"16242099999,16239099999,16224099999,LIRA",20.8,10,225,5.6,0.999999999767169,26.3642,02-Jun-2023 22:30:00
NaN,"Clear",2023-06-02T23:00:00,15.3,19.8,74.95,"41.829742371733346, 12.468582121891949",0,0,1013.9,"16242099999,16239099999,16224099999,LIRA",19.8,10,203,5.4,0.999999999990915,11.1829,02-Jun-2023 23:00:00
NaN,"Clear",2023-06-02T23:30:00,15.3,19.8,74.95,"41.829742371733346, 12.468582121891949",0,0,1013.9,"16242099999,16239099999,16224099999,LIRA",19.8,10,203,5.4,0.999999999999964,0,02-Jun-2023 23:30:00
NaN,"Clear",2023-06-03T00:00:00,13.5,19.8,66.84,"41.829742371733346, 12.468582121891949",0,0,1013.9,"16242099999,16239099999,16224099999,LIRA",19.8,10,186,5,1,18.6691,03-Jun-2023 00:00:00
NaN,"Clear",2023-06-03T00:30:00,13.5,19.8,66.84,"41.829742371733346, 12.468582121891949",0,0,1013.9,"16242099999,16239099999,16224099999,LIRA",19.8,10,186,5,1,74.4002,03-Jun-2023 00:30:00
NaN,"Clear",2023-06-03T01:00:00,15.9,19.1,82.07,"41.829742371733346, 12.468582121891949",0,0,1014.1,"16245099999,16242099999,16239099999,16224099999",19.1,10,85,7.1,1,44.7311,03-Jun-2023 01:00:00
NaN,"Clear",2023-06-03T01:30:00,15.9,19.1,82.07,"41.829742371733346, 12.468582121891949",0,0,1014.1,"16245099999,16242099999,16239099999,16224099999",19.1,10,85,7.1,1,0,03-Jun-2023 01:30:00
NaN,"Clear",2023-06-03T02:00:00,17,18.9,88.59,"41.829742371733346, 12.468582121891949",0,0,1014,"16242099999,16239099999,16224099999,LIRA",18.9,10,200,7.1,1,0,03-Jun-2023 02:00:00
NaN,"Clear",2023-06-03T02:30:00,17,18.9,88.59,"41.829742371733346, 12.468582121891949",0,0,1014,"16242099999,16239099999,16224099999,LIRA",18.9,10,200,7.1,1,19.1138,03-Jun-2023 02:30:00
30,"Partially cloudy",2023-06-03T03:00:00,17.8,18.8,93.76,"41.829742371733346, 12.468582121891949",0,0,1014,"16242099999,16239099999,16224099999,LIRA",18.8,10,236,5.2,1,43.1096,03-Jun-2023 03:00:00
30,"Partially cloudy",2023-06-03T03:30:00,17.8,18.8,93.76,"41.829742371733346, 12.468582121891949",0,0,1014,"16242099999,16239099999,16224099999,LIRA",18.8,10,236,5.2,1,12.9958,03-Jun-2023 03:30:00
15.6,"Clear",2023-06-03T04:00:00,16.8,18.7,88.81,"41.829742371733346, 12.468582121891949",0,0,1013.9,"16245099999,16242099999,16239099999,16224099999,LIRA",18.7,10,43,3.9,1,20.2135,03-Jun-2023 04:00:00
15.6,"Clear",2023-06-03T04:30:00,16.8,18.7,88.81,"41.829742371733346, 12.468582121891949",0,0,1013.9,"16245099999,16242099999,16239099999,16224099999,LIRA",18.7,10,43,3.9,1,55.5275,03-Jun-2023 04:30:00
47.9,"Partially cloudy",2023-06-03T05:00:00,16.8,18.6,89.44,"41.829742371733346, 12.468582121891949",0,0,1013.9,"16242099999,16239099999,16224099999,LIRA",18.6,9.9,67,3.6,1,77.4554,03-Jun-2023 05:00:00
47.9,"Partially cloudy",2023-06-03T05:30:00,16.8,18.6,89.44,"41.829742371733346, 12.468582121891949",0,0,1013.9,"16242099999,16239099999,16224099999,LIRA",18.6,9.9,67,3.6,1,101.2604,03-Jun-2023 05:30:00
0,"Clear",2023-06-03T06:00:00,15.8,17.6,89.36,"41.829742371733346, 12.468582121891949",0,0,1013.9,"16242099999,16239099999,AT416,16224099999,LIRA",17.6,9.8,9,3.9,1,116.7778,03-Jun-2023 06:00:00
0,"Clear",2023-06-03T06:30:00,15.8,17.6,89.36,"41.829742371733346, 12.468582121891949",0,0,1013.9,"16242099999,16239099999,AT416,16224099999,LIRA",17.6,9.8,9,3.9,1,158.2535,03-Jun-2023 06:30:00
0,"Clear",2023-06-03T07:00:00,16.8,17.7,94.31,"41.829742371733346, 12.468582121891949",0,0,1014,"16242099999,16239099999,AT416,16224099999,LIRA",17.7,9.9,50,2.1,1,147.7511,03-Jun-2023 07:00:00
0,"Clear",2023-06-03T07:30:00,16.8,17.7,94.31,"41.829742371733346, 12.468582121891949",0,0,1014,"16242099999,16239099999,AT416,16224099999,LIRA",17.7,9.9,50,2.1,1,109.7011,03-Jun-2023 07:30:00
0,"Clear",2023-06-03T08:00:00,17,19.8,83.91,"41.829742371733346, 12.468582121891949",0,0,1014.1,"16242099999,16239099999,AT416,16224099999,LIRA",19.8,9.9,20,2.3,1,82.6953,03-Jun-2023 08:00:00
0,"Clear",2023-06-03T08:30:00,17,19.8,83.91,"41.829742371733346, 12.468582121891949",0,0,1014.1,"16242099999,16239099999,AT416,16224099999,LIRA",19.8,9.9,20,2.3,1,134.4289,03-Jun-2023 08:30:00
0,"Clear",2023-06-03T09:00:00,17,21,77.78,"41.829742371733346, 12.468582121891949",0,0,1014.9,"16242099999,16239099999,AT416,16224099999,LIRA",21,9.9,30,5.2,1,176.9022,03-Jun-2023 09:00:00
0,"Clear",2023-06-03T09:30:00,17,21,77.78,"41.829742371733346, 12.468582121891949",0,0,1014.9,"16242099999,16239099999,AT416,16224099999,LIRA",21,9.9,30,5.2,1,277.457,03-Jun-2023 09:30:00
30,"Partially cloudy",2023-06-03T10:00:00,16,23.1,64.43,"41.829742371733346, 12.468582121891949",0,0,1014.9,"16242099999,16239099999,AT416,16224099999,LIRA",23.1,10,40,5.2,1,418.2773,03-Jun-2023 10:00:00
30,"Partially cloudy",2023-06-03T10:30:00,16,23.1,64.43,"41.829742371733346, 12.468582121891949",0,0,1014.9,"16242099999,16239099999,AT416,16224099999,LIRA",23.1,10,40,5.2,1,411.2609,03-Jun-2023 10:30:00
27,"Partially cloudy",2023-06-03T11:00:00,16.1,24.1,61.05,"41.829742371733346, 12.468582121891949",0,0,1014.9,"16242099999,16239099999,AT416,16224099999,LIRA",24.1,10,286,4.5,1,381.4962,03-Jun-2023 11:00:00
27,"Partially cloudy",2023-06-03T11:30:00,16.1,24.1,61.05,"41.829742371733346, 12.468582121891949",0,0,1014.9,"16242099999,16239099999,AT416,16224099999,LIRA",24.1,10,286,4.5,1,306.7379,03-Jun-2023 11:30:00
27.6,"Partially cloudy",2023-06-03T12:00:00,15.3,24.9,55.15,"41.829742371733346, 12.468582121891949",0,0,1015,"16242099999,16239099999,AT416,16224099999,LIRA",24.9,10,198,8.9,1,362.7485,03-Jun-2023 12:00:00
27.6,"Partially cloudy",2023-06-03T12:30:00,15.3,24.9,55.15,"41.829742371733346, 12.468582121891949",0,0,1015,"16242099999,16239099999,AT416,16224099999,LIRA",24.9,10,198,8.9,1,404.9085,03-Jun-2023 12:30:00
86.9,"Partially cloudy",2023-06-03T13:00:00,16.2,24.9,58.68,"41.829742371733346, 12.468582121891949",0,0,1015,"16242099999,16239099999,AT416,16224099999,LIRA",24.9,10,258,17.4,1,289.3419,03-Jun-2023 13:00:00
86.9,"Partially cloudy",2023-06-03T13:30:00,16.2,24.9,58.68,"41.829742371733346, 12.468582121891949",0,0,1015,"16242099999,16239099999,AT416,16224099999,LIRA",24.9,10,258,17.4,1,267.7716,03-Jun-2023 13:30:00
81.1,"Partially cloudy",2023-06-03T14:00:00,16.2,25.7,55.71,"41.829742371733346, 12.468582121891949",0,0,1015,"16242099999,16239099999,AT416,16224099999,LIRA",25.7,10,261,18.6,1,150.5729,03-Jun-2023 14:00:00
81.1,"Partially cloudy",2023-06-03T14:30:00,16.2,25.7,55.71,"41.829742371733346, 12.468582121891949",0,0,1015,"16242099999,16239099999,AT416,16224099999,LIRA",25.7,10,261,18.6,1,272.0536,03-Jun-2023 14:30:00
81.7,"Partially cloudy",2023-06-03T15:00:00,16.2,25.6,56.14,"41.829742371733346, 12.468582121891949",0,0,1014.9,"16242099999,16239099999,AT416,16224099999,LIRA",25.6,10,255,15.4,1,282.2566,03-Jun-2023 15:00:00
81.7,"Partially cloudy",2023-06-03T15:30:00,16.2,25.6,56.14,"41.829742371733346, 12.468582121891949",0,0,1014.9,"16242099999,16239099999,AT416,16224099999,LIRA",25.6,10,255,15.4,1,128.0986,03-Jun-2023 15:30:00
46.8,"Partially cloudy",2023-06-03T16:00:00,16.6,24.8,60.37,"41.829742371733346, 12.468582121891949",0,0,1015.1,"16245099999,16242099999,16239099999,AT416,16224099999,LIRA",24.8,10.8,269,12.4,1,96.1313,03-Jun-2023 16:00:00
46.8,"Partially cloudy",2023-06-03T16:30:00,16.6,24.8,60.37,"41.829742371733346, 12.468582121891949",0,0,1015.1,"16245099999,16242099999,16239099999,AT416,16224099999,LIRA",24.8,10.8,269,12.4,1,123.7461,03-Jun-2023 16:30:00
50,"Partially cloudy",2023-06-03T17:00:00,16.2,24.8,58.93,"41.829742371733346, 12.468582121891949",0,0,1015,"16242099999,16239099999,AT416,16224099999,LIRA",24.8,10,277,13.5,1,211.9694,03-Jun-2023 17:00:00
50,"Partially cloudy",2023-06-03T17:30:00,16.2,24.8,58.93,"41.829742371733346, 12.468582121891949",0,0,1015,"16242099999,16239099999,AT416,16224099999,LIRA",24.8,10,277,13.5,1,232.3298,03-Jun-2023 17:30:00
47.4,"Partially cloudy",2023-06-03T18:00:00,16.1,23.9,61.88,"41.829742371733346, 12.468582121891949",0,0,1015.1,"16242099999,16239099999,AT416,16224099999,LIRA",23.9,10,270,14.9,1,259.3159,03-Jun-2023 18:00:00
47.4,"Partially cloudy",2023-06-03T18:30:00,16.1,23.9,61.88,"41.829742371733346, 12.468582121891949",0,0,1015.1,"16242099999,16239099999,AT416,16224099999,LIRA",23.9,10,270,14.9,1,189.9176,03-Jun-2023 18:30:00
49.4,"Partially cloudy",2023-06-03T19:00:00,16,23.9,61.58,"41.829742371733346, 12.468582121891949",0,0,1015.1,"16242099999,16239099999,AT416,16224099999,LIRA",23.9,10,296,12.8,1,207.976,03-Jun-2023 19:00:00
49.4,"Partially cloudy",2023-06-03T19:30:00,16,23.9,61.58,"41.829742371733346, 12.468582121891949",0,0,1015.1,"16242099999,16239099999,AT416,16224099999,LIRA",23.9,10,296,12.8,1,307.8894,03-Jun-2023 19:30:00
26.7,"Partially cloudy",2023-06-03T20:00:00,16.1,22.9,65.64,"41.829742371733346, 12.468582121891949",0,0,1015.9,"16242099999,16239099999,AT416,16224099999,LIRA",22.9,10,268,9.3,1,225.847,03-Jun-2023 20:00:00
26.7,"Partially cloudy",2023-06-03T20:30:00,16.1,22.9,65.64,"41.829742371733346, 12.468582121891949",0,0,1015.9,"16242099999,16239099999,AT416,16224099999,LIRA",22.9,10,268,9.3,1,109.2272,03-Jun-2023 20:30:00
NaN,"Clear",2023-06-03T21:00:00,16.2,20.9,74.31,"41.829742371733346, 12.468582121891949",0,0,1016,"16242099999,16239099999,AT416,16224099999,LIRA",20.9,10,268,9.4,1,83.6108,03-Jun-2023 21:00:00
NaN,"Clear",2023-06-03T21:30:00,16.2,20.9,74.31,"41.829742371733346, 12.468582121891949",0,0,1016,"16242099999,16239099999,AT416,16224099999,LIRA",20.9,10,268,9.4,1,48.5131,03-Jun-2023 21:30:00
30,"Partially cloudy",2023-06-03T22:00:00,16.2,19.9,79.04,"41.829742371733346, 12.468582121891949",0,0,1016.9,"16242099999,16239099999,16224099999,LIRA",19.9,10,237,5.2,1,26.5131,03-Jun-2023 22:00:00
30,"Partially cloudy",2023-06-03T22:30:00,16.2,19.9,79.04,"41.829742371733346, 12.468582121891949",0,0,1016.9,"16242099999,16239099999,16224099999,LIRA",19.9,10,237,5.2,1,14.4323,03-Jun-2023 22:30:00
NaN,"Clear",2023-06-03T23:00:00,17.1,19.9,83.68,"41.829742371733346, 12.468582121891949",0,0,1016.9,"16242099999,16239099999,16224099999,LIRA",19.9,10,228,7.3,1,3.4323,03-Jun-2023 23:00:00
NaN,"Clear",2023-06-03T23:30:00,17.1,19.9,83.68,"41.829742371733346, 12.468582121891949",0,0,1016.9,"16242099999,16239099999,16224099999,LIRA",19.9,10,228,7.3,1,0,03-Jun-2023 23:30:00
NaN,"Clear",2023-06-04T00:00:00,17,19.7,84.05,"41.829742371733346, 12.468582121891949",0,0,1016.1,"16242099999,16239099999,16224099999,LIRA",19.7,10,353,2.3,1,0,04-Jun-2023 00:00:00
NaN,"Clear",2023-06-04T00:30:00,17,19.7,84.05,"41.829742371733346, 12.468582121891949",0,0,1016.1,"16242099999,16239099999,16224099999,LIRA",19.7,10,353,2.3,1,0,04-Jun-2023 00:30:00
30,"Partially cloudy",2023-06-04T01:00:00,16.9,18.8,88.74,"41.829742371733346, 12.468582121891949",0,0,1016.9,"16242099999,16239099999,16224099999,LIRA",18.8,10,34,2.4,1,20.5996,04-Jun-2023 01:00:00
30,"Partially cloudy",2023-06-04T01:30:00,16.9,18.8,88.74,"41.829742371733346, 12.468582121891949",0,0,1016.9,"16242099999,16239099999,16224099999,LIRA",18.8,10,34,2.4,1,9.5996,04-Jun-2023 01:30:00
30,"Partially cloudy",2023-06-04T02:00:00,16.8,18.7,88.88,"41.829742371733346, 12.468582121891949",0,0,1016,"16242099999,16239099999,16224099999,LIRA",18.7,10,347,2.2,1,0,04-Jun-2023 02:00:00
30,"Partially cloudy",2023-06-04T02:30:00,16.8,18.7,88.88,"41.829742371733346, 12.468582121891949",0,0,1016,"16242099999,16239099999,16224099999,LIRA",18.7,10,347,2.2,1,0,04-Jun-2023 02:30:00
NaN,"Clear",2023-06-04T03:00:00,15.9,17.9,88.41,"41.829742371733346, 12.468582121891949",0,0,1015.9,"16245099999,16242099999,16239099999,16224099999,LIRA",17.9,10,40,2.6,1,17.9555,04-Jun-2023 03:00:00
NaN,"Clear",2023-06-04T03:30:00,15.9,17.9,88.41,"41.829742371733346, 12.468582121891949",0,0,1015.9,"16245099999,16242099999,16239099999,16224099999,LIRA",17.9,10,40,2.6,1,6.9555,04-Jun-2023 03:30:00
0,"Clear",2023-06-04T04:00:00,16,17,93.84,"41.829742371733346, 12.468582121891949",0,0,1015.9,"16242099999,16239099999,16224099999,LIRA",17,9.8,6,3.8,1,0,04-Jun-2023 04:00:00
0,"Clear",2023-06-04T04:30:00,16,17,93.84,"41.829742371733346, 12.468582121891949",0,0,1015.9,"16242099999,16239099999,16224099999,LIRA",17,9.8,6,3.8,1,76.6159,04-Jun-2023 04:30:00
0,"Clear",2023-06-04T05:00:00,16,16.9,94.44,"41.829742371733346, 12.468582121891949",0,0,1015.9,"16242099999,16239099999,16224099999,LIRA",16.9,9.7,60,1.8,1,73.7283,04-Jun-2023 05:00:00
0,"Clear",2023-06-04T05:30:00,16,16.9,94.44,"41.829742371733346, 12.468582121891949",0,0,1015.9,"16242099999,16239099999,16224099999,LIRA",16.9,9.7,60,1.8,1,40.7283,04-Jun-2023 05:30:00
0,"Clear",2023-06-04T06:00:00,14.9,15.9,93.79,"41.829742371733346, 12.468582121891949",0,0,1015.9,"16242099999,16239099999,AT416,16224099999,LIRA",15.9,9.5,47,5.7,1,13.2929,04-Jun-2023 06:00:00
0,"Clear",2023-06-04T06:30:00,14.9,15.9,93.79,"41.829742371733346, 12.468582121891949",0,0,1015.9,"16242099999,16239099999,AT416,16224099999,LIRA",15.9,9.5,47,5.7,1,2.29290000000001,04-Jun-2023 06:30:00
0,"Clear",2023-06-04T07:00:00,15.1,16.9,89.31,"41.829742371733346, 12.468582121891949",0,0,1015.9,"16242099999,16239099999,AT416,16224099999,LIRA",16.9,9.8,350,5.3,1,0,04-Jun-2023 07:00:00
0,"Clear",2023-06-04T07:30:00,15.1,16.9,89.31,"41.829742371733346, 12.468582121891949",0,0,1015.9,"16242099999,16239099999,AT416,16224099999,LIRA",16.9,9.8,350,5.3,1,48.6166,04-Jun-2023 07:30:00
NaN,"Clear",2023-06-04T08:00:00,16.1,19,83.43,"41.829742371733346, 12.468582121891949",0,0,1016.1,"16242099999,16239099999,AT416,16224099999,LIRA",19,10,60,3.8,1,134.7239,04-Jun-2023 08:00:00
NaN,"Clear",2023-06-04T08:30:00,16.1,19,83.43,"41.829742371733346, 12.468582121891949",0,0,1016.1,"16242099999,16239099999,AT416,16224099999,LIRA",19,10,60,3.8,1,141.9314,04-Jun-2023 08:30:00
50,"Partially cloudy",2023-06-04T09:00:00,17,20.1,82.5,"41.829742371733346, 12.468582121891949",0,0,1016.9,"16242099999,16239099999,AT416,16224099999,LIRA",20.1,10,289,5.9,1,140.5703,04-Jun-2023 09:00:00
50,"Partially cloudy",2023-06-04T09:30:00,17,20.1,82.5,"41.829742371733346, 12.468582121891949",0,0,1016.9,"16242099999,16239099999,AT416,16224099999,LIRA",20.1,10,289,5.9,1,142.2719,04-Jun-2023 09:30:00
82.6,"Partially cloudy",2023-06-04T10:00:00,16.9,22,72.62,"41.829742371733346, 12.468582121891949",0,0,1016.9,"16242099999,16239099999,AT416,16224099999,LIRA",22,10,185,10.3,1,181.3953,04-Jun-2023 10:00:00
82.6,"Partially cloudy",2023-06-04T10:30:00,16.9,22,72.62,"41.829742371733346, 12.468582121891949",0,0,1016.9,"16242099999,16239099999,AT416,16224099999,LIRA",22,10,185,10.3,1,247.0963,04-Jun-2023 10:30:00
82.6,"Partially cloudy",2023-06-04T11:00:00,16.9,23,68.34,"41.829742371733346, 12.468582121891949",0,0,1016.9,"16242099999,16239099999,AT416,16224099999,LIRA",23,10,219,12,1,268.5115,04-Jun-2023 11:00:00
82.6,"Partially cloudy",2023-06-04T11:30:00,16.9,23,68.34,"41.829742371733346, 12.468582121891949",0,0,1016.9,"16242099999,16239099999,AT416,16224099999,LIRA",23,10,219,12,1,177.0421,04-Jun-2023 11:30:00
47.9,"Partially cloudy",2023-06-04T12:00:00,16.9,24,64.45,"41.829742371733346, 12.468582121891949",0,0,1016.9,"16242099999,16239099999,AT416,16224099999,LIRA",24,10,221,12.5,1,184.4795,04-Jun-2023 12:00:00
47.9,"Partially cloudy",2023-06-04T12:30:00,16.9,24,64.45,"41.829742371733346, 12.468582121891949",0,0,1016.9,"16242099999,16239099999,AT416,16224099999,LIRA",24,10,221,12.5,1,117.422,04-Jun-2023 12:30:00
50,"Partially cloudy",2023-06-04T13:00:00,16.1,24.8,58.2,"41.829742371733346, 12.468582121891949",0,0,1017,"16242099999,16239099999,AT416,16224099999,LIRA",24.8,10,209,16.3,1,186.2608,04-Jun-2023 13:00:00
50,"Partially cloudy",2023-06-04T13:30:00,16.1,24.8,58.2,"41.829742371733346, 12.468582121891949",0,0,1017,"16242099999,16239099999,AT416,16224099999,LIRA",24.8,10,209,16.3,1,168.8032,04-Jun-2023 13:30:00
88.6,"Partially cloudy",2023-06-04T14:00:00,16.9,23.8,65.12,"41.829742371733346, 12.468582121891949",0,0,1016.9,"16242099999,16239099999,AT416,16224099999,LIRA",23.8,10,246,16.7,1,103.4935,04-Jun-2023 14:00:00
88.6,"Partially cloudy",2023-06-04T14:30:00,16.9,23.8,65.12,"41.829742371733346, 12.468582121891949",0,0,1016.9,"16242099999,16239099999,AT416,16224099999,LIRA",23.8,10,246,16.7,1,85.8692,04-Jun-2023 14:30:00
88.6,"Partially cloudy",2023-06-04T15:00:00,16,23,64.54,"41.829742371733346, 12.468582121891949",0,0,1016.9,"16242099999,16239099999,AT416,16224099999,LIRA",23,10,229,14.9,1,62.9526,04-Jun-2023 15:00:00
88.6,"Partially cloudy",2023-06-04T15:30:00,16,23,64.54,"41.829742371733346, 12.468582121891949",0,0,1016.9,"16242099999,16239099999,AT416,16224099999,LIRA",23,10,229,14.9,1,63.5584,04-Jun-2023 15:30:00
92.8,"Overcast",2023-06-04T16:00:00,15.3,22.9,62.31,"41.829742371733346, 12.468582121891949",0,0,1017,"16242099999,16239099999,AT416,16224099999,LIRA",22.9,10,238,16.5,1,30.8379,04-Jun-2023 16:00:00
92.8,"Overcast",2023-06-04T16:30:00,15.3,22.9,62.31,"41.829742371733346, 12.468582121891949",0,0,1017,"16242099999,16239099999,AT416,16224099999,LIRA",22.9,10,238,16.5,1,19.8379,04-Jun-2023 16:30:00
47.9,"Partially cloudy",2023-06-04T17:00:00,16,21.9,69,"41.829742371733346, 12.468582121891949",0,0,1016.9,"16242099999,16239099999,AT416,16224099999,LIRA",21.9,10,241,7.8,1,32.3844,04-Jun-2023 17:00:00
47.9,"Partially cloudy",2023-06-04T17:30:00,16,21.9,69,"41.829742371733346, 12.468582121891949",0,0,1016.9,"16242099999,16239099999,AT416,16224099999,LIRA",21.9,10,241,7.8,1,91.2203,04-Jun-2023 17:30:00
50,"Partially cloudy",2023-06-04T18:00:00,15.2,21.9,65.68,"41.829742371733346, 12.468582121891949",0,0,1016.1,"16242099999,16239099999,AT416,16224099999,LIRA",21.9,10,250,9.6,1,56.6738,04-Jun-2023 18:00:00
50,"Partially cloudy",2023-06-04T18:30:00,15.2,21.9,65.68,"41.829742371733346, 12.468582121891949",0,0,1016.1,"16242099999,16239099999,AT416,16224099999,LIRA",21.9,10,250,9.6,1,6.4712,04-Jun-2023 18:30:00
50,"Partially cloudy",2023-06-04T19:00:00,16.1,21,73.38,"41.829742371733346, 12.468582121891949",0,0,1016.1,"16242099999,16239099999,AT416,16224099999,LIRA",21,10,249,11.1,1,55.8555,04-Jun-2023 19:00:00
50,"Partially cloudy",2023-06-04T19:30:00,16.1,21,73.38,"41.829742371733346, 12.468582121891949",0,0,1016.1,"16242099999,16239099999,AT416,16224099999,LIRA",21,10,249,11.1,1,33.8555,04-Jun-2023 19:30:00
50,"Partially cloudy",2023-06-04T20:00:00,16.2,20.9,74.31,"41.829742371733346, 12.468582121891949",0,0,1016,"16242099999,16239099999,AT416,16224099999,LIRA",20.9,10,247,5.3,1,50.1862,04-Jun-2023 20:00:00
50,"Partially cloudy",2023-06-04T20:30:00,16.2,20.9,74.31,"41.829742371733346, 12.468582121891949",0,0,1016,"16242099999,16239099999,AT416,16224099999,LIRA",20.9,10,247,5.3,1,37.3084,04-Jun-2023 20:30:00
29,"Partially cloudy",2023-06-04T21:00:00,16.2,20.8,74.89,"41.829742371733346, 12.468582121891949",0,0,1016,"16242099999,16239099999,AT416,16224099999,LIRA",20.8,10,314,4,1,49.621,04-Jun-2023 21:00:00
29,"Partially cloudy",2023-06-04T21:30:00,16.2,20.8,74.89,"41.829742371733346, 12.468582121891949",0,0,1016,"16242099999,16239099999,AT416,16224099999,LIRA",20.8,10,314,4,1,20.5225,04-Jun-2023 21:30:00
89.7,"Partially cloudy",2023-06-04T22:00:00,17.1,19.9,83.54,"41.829742371733346, 12.468582121891949",0,0,1015.9,"16242099999,16239099999,16224099999,LIRA",19.9,10,75,13.2,1,1.8234,04-Jun-2023 22:00:00
89.7,"Partially cloudy",2023-06-04T22:30:00,17.1,19.9,83.54,"41.829742371733346, 12.468582121891949",0,0,1015.9,"16242099999,16239099999,16224099999,LIRA",19.9,10,75,13.2,1,0,04-Jun-2023 22:30:00
NaN,"Clear",2023-06-04T23:00:00,16.1,19.9,78.53,"41.829742371733346, 12.468582121891949",0,0,1016,"16242099999,16239099999,16224099999,LIRA",19.9,10,66,10.4,1,0,04-Jun-2023 23:00:00
NaN,"Clear",2023-06-04T23:30:00,16.1,19.9,78.53,"41.829742371733346, 12.468582121891949",0,0,1016,"16242099999,16239099999,16224099999,LIRA",19.9,10,66,10.4,1,0,04-Jun-2023 23:30:00
NaN,"Clear",2023-06-05T00:00:00,16.2,19.8,79.53,"41.829742371733346, 12.468582121891949",0,0,1016.1,"16242099999,16239099999,16224099999,LIRA",19.8,10,340,3.7,0.00389105058365759,67.8087,05-Jun-2023 00:00:00
NaN,"Clear",2023-06-05T00:30:00,16.2,19.8,79.53,"41.829742371733346, 12.468582121891949",0,0,1016.1,"16242099999,16239099999,16224099999,LIRA",19.8,10,340,3.7,0.00358259183019321,45.8087,05-Jun-2023 00:30:00
NaN,"Clear",2023-06-05T01:00:00,16.1,19,83.43,"41.829742371733346, 12.468582121891949",0,0,1016,"16242099999,16239099999,16224099999,LIRA",19,10,264,3.8,0.00330130146563178,26.4675,05-Jun-2023 01:00:00
NaN,"Clear",2023-06-05T01:30:00,16.1,19,83.43,"41.829742371733346, 12.468582121891949",0,0,1016,"16242099999,16239099999,16224099999,LIRA",19,10,264,3.8,0.00304455687221145,15.4675,05-Jun-2023 01:30:00
NaN,"Rain",2023-06-05T02:00:00,16.1,19,83.43,"41.829742371733346, 12.468582121891949",0.013,100,1016,"16242099999,16239099999,16224099999,LIRA",19,10,252,5,0.00281000963752845,4.4675,05-Jun-2023 02:00:00
NaN,"Rain",2023-06-05T02:30:00,16.1,19,83.43,"41.829742371733346, 12.468582121891949",0.013,100,1016,"16242099999,16239099999,16224099999,LIRA",19,10,252,5,0.00259555483376453,0,05-Jun-2023 02:30:00
50,"Partially cloudy",2023-06-05T03:00:00,17,19,88.18,"41.829742371733346, 12.468582121891949",0,0,1015.9,"16242099999,16239099999,16224099999,LIRA",19,10,172,7.3,0.00239930394670334,0,05-Jun-2023 03:00:00
50,"Partially cloudy",2023-06-05T03:30:00,17,19,88.18,"41.829742371733346, 12.468582121891949",0,0,1015.9,"16242099999,16239099999,16224099999,LIRA",19,10,172,7.3,0.00221956100842731,0,05-Jun-2023 03:30:00
84.6,"Partially cloudy",2023-06-05T04:00:00,16.1,18.1,87.95,"41.829742371733346, 12.468582121891949",0,0,1015.9,"16242099999,16239099999,16224099999,LIRA",18.1,5.5,196,20.3,0.00205480151670771,0,05-Jun-2023 04:00:00
84.6,"Partially cloudy",2023-06-05T04:30:00,16.1,18.1,87.95,"41.829742371733346, 12.468582121891949",0,0,1015.9,"16242099999,16239099999,16224099999,LIRA",18.1,5.5,196,20.3,0.00190365380917321,0,05-Jun-2023 04:30:00
84.6,"Partially cloudy",2023-06-05T05:00:00,16.1,18,88.82,"41.829742371733346, 12.468582121891949",0,0,1015.1,"16242099999,16239099999,16224099999,LIRA",18,9.8,160,10.4,0.00176488259784313,42.2053,05-Jun-2023 05:00:00
84.6,"Partially cloudy",2023-06-05T05:30:00,16.1,18,88.82,"41.829742371733346, 12.468582121891949",0,0,1015.1,"16242099999,16239099999,16224099999,LIRA",18,9.8,160,10.4,0.00163737438533897,31.2053,05-Jun-2023 05:30:00
84.6,"Partially cloudy",2023-06-05T06:00:00,16.2,17.1,94.61,"41.829742371733346, 12.468582121891949",0,0,1015,"E2310,16242099999,16239099999,16224099999,LIRA",17.1,9.9,28,9.8,0.00152012454369995,61.2783,05-Jun-2023 06:00:00
84.6,"Partially cloudy",2023-06-05T06:30:00,16.2,17.1,94.61,"41.829742371733346, 12.468582121891949",0,0,1015,"E2310,16242099999,16239099999,16224099999,LIRA",17.1,9.9,28,9.8,0.00141222586070277,9.5853,05-Jun-2023 06:30:00
79.4,"Partially cloudy",2023-06-05T07:00:00,16.3,17.2,94.22,"41.829742371733346, 12.468582121891949",0,0,1015.8,"16242099999,16239099999,AT416,16224099999,16234099999",17.2,4.8,29,7.5,0.00131285836619029,0,05-Jun-2023 07:00:00
79.4,"Partially cloudy",2023-06-05T07:30:00,16.3,17.2,94.22,"41.829742371733346, 12.468582121891949",0,0,1015.8,"16242099999,16239099999,AT416,16224099999,16234099999",17.2,4.8,29,7.5,0.00122128029312546,0,05-Jun-2023 07:30:00
80.1,"Rain, Partially cloudy",2023-06-05T08:00:00,16.3,17.3,93.85,"41.829742371733346, 12.468582121891949",9.5,100,1015.8,"16242099999,16239099999,AT416,16224099999,16234099999",17.3,7.8,159,9.2,0.00113682004336725,162.8373,05-Jun-2023 08:00:00
80.1,"Rain, Partially cloudy",2023-06-05T08:30:00,16.3,17.3,93.85,"41.829742371733346, 12.468582121891949",9.5,100,1015.8,"16242099999,16239099999,AT416,16224099999,16234099999",17.3,7.8,159,9.2,0.00105886903101134,118.8373,05-Jun-2023 08:30:00
77.4,"Partially cloudy",2023-06-05T09:00:00,15.7,17.9,86.73,"41.829742371733346, 12.468582121891949",0,0,1015.8,"16242099999,16239099999,AT416,16224099999,16234099999",17.9,9.1,166,12,0.000986875306398169,165.5022,05-Jun-2023 09:00:00
77.4,"Partially cloudy",2023-06-05T09:30:00,15.7,17.9,86.73,"41.829742371733346, 12.468582121891949",0,0,1015.8,"16242099999,16239099999,AT416,16224099999,16234099999",17.9,9.1,166,12,0.000920337873611382,207.2831,05-Jun-2023 09:30:00
78.5,"Partially cloudy",2023-06-05T10:00:00,16.6,19.9,81.11,"41.829742371733346, 12.468582121891949",0,0,1015.9,"16242099999,16239099999,AT416,16224099999,16234099999",19.9,9.8,146,11.6,0.000858801614463482,167.2323,05-Jun-2023 10:00:00
78.5,"Partially cloudy",2023-06-05T10:30:00,16.6,19.9,81.11,"41.829742371733346, 12.468582121891949",0,0,1015.9,"16242099999,16239099999,AT416,16224099999,16234099999",19.9,9.8,146,11.6,0.000801852753943089,324.0604,05-Jun-2023 10:30:00
49.1,"Partially cloudy",2023-06-05T11:00:00,15.7,21.7,68.59,"41.829742371733346, 12.468582121891949",0,0,1015.8,"16242099999,16239099999,AT416,16224099999,16234099999",21.7,9.9,174,13.6,0.000749114808270508,345.0582,05-Jun-2023 11:00:00
49.1,"Partially cloudy",2023-06-05T11:30:00,15.7,21.7,68.59,"41.829742371733346, 12.468582121891949",0,0,1015.8,"16242099999,16239099999,AT416,16224099999,16234099999",21.7,9.9,174,13.6,0.000700244955472268,303.6783,05-Jun-2023 11:30:00
52.4,"Partially cloudy",2023-06-05T12:00:00,15.6,22,67.01,"41.829742371733346, 12.468582121891949",0,0,1015.8,"16242099999,16239099999,AT416,16224099999,16234099999",22,9.9,171,16.3,0.00065493078456103,345.6948,05-Jun-2023 12:00:00
52.4,"Partially cloudy",2023-06-05T12:30:00,15.6,22,67.01,"41.829742371733346, 12.468582121891949",0,0,1015.8,"16242099999,16239099999,AT416,16224099999,16234099999",22,9.9,171,16.3,0.000612887383315568,248.0349,05-Jun-2023 12:30:00
49.1,"Partially cloudy",2023-06-05T13:00:00,16.3,22.1,69.47,"41.829742371733346, 12.468582121891949",0,0,1015.8,"16242099999,16239099999,AT416,16224099999,16234099999",22.1,10,181,17,0.000573854722756968,344.2854,05-Jun-2023 13:00:00
49.1,"Partially cloudy",2023-06-05T13:30:00,16.3,22.1,69.47,"41.829742371733346, 12.468582121891949",0,0,1015.8,"16242099999,16239099999,AT416,16224099999,16234099999",22.1,10,181,17,0.000537595308479068,337.4764,05-Jun-2023 13:30:00
45.5,"Rain, Partially cloudy",2023-06-05T14:00:00,15.9,22.9,64.58,"41.829742371733346, 12.468582121891949",0.725,100,1015.2,"16242099999,16239099999,AT416,16224099999,16234099999",22.9,10,183,20,0.000503892071454203,322.1617,05-Jun-2023 14:00:00
45.5,"Rain, Partially cloudy",2023-06-05T14:30:00,15.9,22.9,64.58,"41.829742371733346, 12.468582121891949",0.725,100,1015.2,"16242099999,16239099999,AT416,16224099999,16234099999",22.9,10,183,20,0.000472546468804433,300.7336,05-Jun-2023 14:30:00
44.3,"Partially cloudy",2023-06-05T15:00:00,16,24,60.93,"41.829742371733346, 12.468582121891949",0,0,1015.1,"16242099999,16239099999,AT416,16224099999,16234099999",24,10,196,17,0.000443376774136295,304.1518,05-Jun-2023 15:00:00
44.3,"Partially cloudy",2023-06-05T15:30:00,16,24,60.93,"41.829742371733346, 12.468582121891949",0,0,1015.1,"16242099999,16239099999,AT416,16224099999,16234099999",24,10,196,17,0.000416216538577099,248.5071,05-Jun-2023 15:30:00
50,"Partially cloudy",2023-06-05T16:00:00,15.6,23.2,62.24,"41.829742371733346, 12.468582121891949",0,0,1015.1,"16242099999,16239099999,AT416,16224099999,16234099999",23.2,10,203,18.4,0.000390913201525706,314.7453,05-Jun-2023 16:00:00
50,"Partially cloudy",2023-06-05T16:30:00,15.6,23.2,62.24,"41.829742371733346, 12.468582121891949",0,0,1015.1,"16242099999,16239099999,AT416,16224099999,16234099999",23.2,10,203,18.4,0.000367326837090181,280.1894,05-Jun-2023 16:30:00
50,"Partially cloudy",2023-06-05T17:00:00,16.3,23.6,63.66,"41.829742371733346, 12.468582121891949",0,0,1014.8,"16242099999,16239099999,AT416,16224099999,16234099999",23.6,10,197,18.7,0.000345329023135367,206.5021,05-Jun-2023 17:00:00
50,"Partially cloudy",2023-06-05T17:30:00,16.3,23.6,63.66,"41.829742371733346, 12.468582121891949",0,0,1014.8,"16242099999,16239099999,AT416,16224099999,16234099999",23.6,10,197,18.7,0.000324801817867493,292.7969,05-Jun-2023 17:30:00
50,"Partially cloudy",2023-06-05T18:00:00,16.1,23,65.04,"41.829742371733346, 12.468582121891949",0,0,1014.8,"16242099999,16239099999,AT416,16224099999,16234099999",23,10,224,15.6,0.000305636834260345,310.9809,05-Jun-2023 18:00:00
50,"Partially cloudy",2023-06-05T18:30:00,16.1,23,65.04,"41.829742371733346, 12.468582121891949",0,0,1014.8,"16242099999,16239099999,AT416,16224099999,16234099999",23,10,224,15.6,0.000287734403202329,314.5222,05-Jun-2023 18:30:00
74.9,"Partially cloudy",2023-06-05T19:00:00,16.2,22.1,69.52,"41.829742371733346, 12.468582121891949",0,0,1014.8,"16242099999,16239099999,AT416,16224099999,16234099999",22.1,10,208,14.5,0.000271002814433429,176.2052,05-Jun-2023 19:00:00
74.9,"Partially cloudy",2023-06-05T19:30:00,16.2,22.1,69.52,"41.829742371733346, 12.468582121891949",0,0,1014.8,"16242099999,16239099999,AT416,16224099999,16234099999",22.1,10,208,14.5,0.000255357628539042,90.5581,05-Jun-2023 19:30:00
74.9,"Partially cloudy",2023-06-05T20:00:00,16.5,21.3,74.09,"41.829742371733346, 12.468582121891949",0,0,1014.8,"16242099999,16239099999,AT416,16224099999,16234099999",21.3,10,221,13.9,0.000240721053603911,86.4531,05-Jun-2023 20:00:00
74.9,"Partially cloudy",2023-06-05T20:30:00,16.5,21.3,74.09,"41.829742371733346, 12.468582121891949",0,0,1014.8,"16242099999,16239099999,AT416,16224099999,16234099999",21.3,10,221,13.9,0.000227021378522339,124.9189,05-Jun-2023 20:30:00
47.9,"Partially cloudy",2023-06-05T21:00:00,16.9,20,82.35,"41.829742371733346, 12.468582121891949",0,0,1014.9,"16242099999,16239099999,AT416,16224099999,LIRA",20,10,214,7.7,0.00021419245826973,121.8192,05-Jun-2023 21:00:00
47.9,"Partially cloudy",2023-06-05T21:30:00,16.9,20,82.35,"41.829742371733346, 12.468582121891949",0,0,1014.9,"16242099999,16239099999,AT416,16224099999,LIRA",20,10,214,7.7,0.000202173246625989,36.1791,05-Jun-2023 21:30:00
29,"Partially cloudy",2023-06-05T22:00:00,16.2,20,78.68,"41.829742371733346, 12.468582121891949",0,0,1015.9,"16242099999,16239099999,16224099999,LIRA",20,10,198,7.3,0.000190907370434703,25.1791,05-Jun-2023 22:00:00
29,"Partially cloudy",2023-06-05T22:30:00,16.2,20,78.68,"41.829742371733346, 12.468582121891949",0,0,1015.9,"16242099999,16239099999,16224099999,LIRA",20,10,198,7.3,0.000180342742112995,14.1791,05-Jun-2023 22:30:00
26.9,"Partially cloudy",2023-06-05T23:00:00,16.2,19.9,79.17,"41.829742371733346, 12.468582121891949",0,0,1015.9,"16242099999,16239099999,16224099999,LIRA",19.9,10,115,5.6,0.000170431207218417,3.17909999999999,05-Jun-2023 23:00:00
26.9,"Partially cloudy",2023-06-05T23:30:00,16.2,19.9,79.17,"41.829742371733346, 12.468582121891949",0,0,1015.9,"16242099999,16239099999,16224099999,LIRA",19.9,10,115,5.6,0.00016112822265916,0,05-Jun-2023 23:30:00
50,"Partially cloudy",2023-06-06T00:00:00,15.9,19.8,78.15,"41.829742371733346, 12.468582121891949",0,0,1016,"16242099999,16239099999,16224099999,LIRA",19.8,10,111,5.9,0.000152392563242914,44.4783,06-Jun-2023 00:00:00
50,"Partially cloudy",2023-06-06T00:30:00,15.9,19.8,78.15,"41.829742371733346, 12.468582121891949",0,0,1016,"16242099999,16239099999,16224099999,LIRA",19.8,10,111,5.9,0.000144186054293395,33.4783,06-Jun-2023 00:30:00
84.6,"Partially cloudy",2023-06-06T01:00:00,16,19.6,79.64,"41.829742371733346, 12.468582121891949",0,0,1016,"16242099999,16239099999,16224099999,LIRA",19.6,10,90,3.2,0.000136473327011624,22.4783,06-Jun-2023 01:00:00
84.6,"Partially cloudy",2023-06-06T01:30:00,16,19.6,79.64,"41.829742371733346, 12.468582121891949",0,0,1016,"16242099999,16239099999,16224099999,LIRA",19.6,10,90,3.2,0.000129221594962314,26.5082,06-Jun-2023 01:30:00
82.6,"Rain, Partially cloudy",2023-06-06T02:00:00,16,18.8,83.94,"41.829742371733346, 12.468582121891949",2.992,100,1015.9,"16242099999,16239099999,16224099999,LIRA",18.8,10,267,3.7,0.000122400450064888,31.157,06-Jun-2023 02:00:00
82.6,"Rain, Partially cloudy",2023-06-06T02:30:00,16,18.8,83.94,"41.829742371733346, 12.468582121891949",2.992,100,1015.9,"16242099999,16239099999,16224099999,LIRA",18.8,10,267,3.7,0.000115981675565129,15.6488,06-Jun-2023 02:30:00
88.6,"Partially cloudy",2023-06-06T03:00:00,16.9,17.9,94.04,"41.829742371733346, 12.468582121891949",0,0,1015.1,"16242099999,16239099999,16224099999,LIRA",17.9,10,350,5.2,0.000109939074848486,4.6488,06-Jun-2023 03:00:00
88.6,"Partially cloudy",2023-06-06T03:30:00,16.9,17.9,94.04,"41.829742371733346, 12.468582121891949",0,0,1015.1,"16242099999,16239099999,16224099999,LIRA",17.9,10,350,5.2,0.000104248314935513,0,06-Jun-2023 03:30:00
88.6,"Partially cloudy",2023-06-06T04:00:00,16,17,93.84,"41.829742371733346, 12.468582121891949",0,0,1015.9,"16242099999,16239099999,16224099999,LIRA",17,10,210,13.3,9.88867827256171e-05,0,06-Jun-2023 04:00:00
88.6,"Partially cloudy",2023-06-06T04:30:00,16,17,93.84,"41.829742371733346, 12.468582121891949",0,0,1015.9,"16242099999,16239099999,16224099999,LIRA",17,10,210,13.3,9.38334531886464e-05,46.314,06-Jun-2023 04:30:00
88.6,"Partially cloudy",2023-06-06T05:00:00,15.1,17,88.74,"41.829742371733346, 12.468582121891949",0,0,1015.1,"16242099999,16239099999,16224099999,LIRA",17,10,80,3.7,8.90687686729706e-05,83.3277,06-Jun-2023 05:00:00
88.6,"Partially cloudy",2023-06-06T05:30:00,15.1,17,88.74,"41.829742371733346, 12.468582121891949",0,0,1015.1,"16242099999,16239099999,16224099999,LIRA",17,10,80,3.7,8.45745278358668e-05,109.8451,06-Jun-2023 05:30:00
88.6,"Partially cloudy",2023-06-06T06:00:00,15,15.9,94.4,"41.829742371733346, 12.468582121891949",0,0,1015.9,"16242099999,16239099999,AT416,16224099999,LIRA",15.9,10,355,5.2,8.03337836349009e-05,121.1804,06-Jun-2023 06:00:00
88.6,"Partially cloudy",2023-06-06T06:30:00,15,15.9,94.4,"41.829742371733346, 12.468582121891949",0,0,1015.9,"16242099999,16239099999,AT416,16224099999,LIRA",15.9,10,355,5.2,7.63307497835422e-05,76.4015,06-Jun-2023 06:30:00
30,"Partially cloudy",2023-06-06T07:00:00,15.7,16.7,93.83,"41.829742371733346, 12.468582121891949",0,0,1015.8,"16242099999,16239099999,AT416,16224099999,16234099999",16.7,10,30,2.4,7.25507145070673e-05,158.8059,06-Jun-2023 07:00:00
30,"Partially cloudy",2023-06-06T07:30:00,15.7,16.7,93.83,"41.829742371733346, 12.468582121891949",0,0,1015.8,"16242099999,16239099999,AT416,16224099999,16234099999",16.7,10,30,2.4,6.89799612067916e-05,193.8517,06-Jun-2023 07:30:00
50,"Rain, Partially cloudy",2023-06-06T08:00:00,15.6,18.8,81.77,"41.829742371733346, 12.468582121891949",1.7,100,1015.8,"16242099999,16239099999,AT416,16224099999,16234099999",18.8,10,104,4.7,6.56056956042014e-05,385.5096,06-Jun-2023 08:00:00
50,"Rain, Partially cloudy",2023-06-06T08:30:00,15.6,18.8,81.77,"41.829742371733346, 12.468582121891949",1.7,100,1015.8,"16242099999,16239099999,AT416,16224099999,16234099999",18.8,10,104,4.7,6.24159784511007e-05,468.1853,06-Jun-2023 08:30:00
38,"Partially cloudy",2023-06-06T09:00:00,15.3,20.8,70.58,"41.829742371733346, 12.468582121891949",0,0,1016.1,"16242099999,16239099999,AT416,16224099999,16234099999",20.8,10,NaN,2.6,5.93996635339277e-05,331.0678,06-Jun-2023 09:00:00
38,"Partially cloudy",2023-06-06T09:30:00,15.3,20.8,70.58,"41.829742371733346, 12.468582121891949",0,0,1016.1,"16242099999,16239099999,AT416,16224099999,16234099999",20.8,10,NaN,2.6,5.65463406649975e-05,368.1158,06-Jun-2023 09:30:00
38,"Partially cloudy",2023-06-06T10:00:00,15.6,21.4,69.6,"41.829742371733346, 12.468582121891949",0,0,1015.8,"16242099999,16239099999,AT416,16224099999,16234099999",21.4,10,20,5,5.3846282937622e-05,350.7669,06-Jun-2023 10:00:00
38,"Partially cloudy",2023-06-06T10:30:00,15.6,21.4,69.6,"41.829742371733346, 12.468582121891949",0,0,1015.8,"16242099999,16239099999,AT416,16224099999,16234099999",21.4,10,20,5,5.12903980585223e-05,347.5447,06-Jun-2023 10:30:00
43.7,"Partially cloudy",2023-06-06T11:00:00,15.7,22.9,63.71,"41.829742371733346, 12.468582121891949",0,0,1016.1,"16242099999,16239099999,AT416,16224099999,16234099999",22.9,10,265,8.8,4.88701835377629e-05,408.4699,06-Jun-2023 11:00:00
43.7,"Partially cloudy",2023-06-06T11:30:00,15.7,22.9,63.71,"41.829742371733346, 12.468582121891949",0,0,1016.1,"16242099999,16239099999,AT416,16224099999,16234099999",22.9,10,265,8.8,4.6577685159917e-05,414.3386,06-Jun-2023 11:30:00
43.7,"Partially cloudy",2023-06-06T12:00:00,15.2,23.6,59.25,"41.829742371733346, 12.468582121891949",0,0,1016.1,"16242099999,16239099999,AT416,16224099999,16234099999",23.6,10,213,11.8,4.44054586103832e-05,304.6502,06-Jun-2023 12:00:00
43.7,"Partially cloudy",2023-06-06T12:30:00,15.2,23.6,59.25,"41.829742371733346, 12.468582121891949",0,0,1016.1,"16242099999,16239099999,AT416,16224099999,16234099999",23.6,10,213,11.8,4.23465341003456e-05,219.7385,06-Jun-2023 12:30:00
45.5,"Partially cloudy",2023-06-06T13:00:00,15.8,23.9,60.79,"41.829742371733346, 12.468582121891949",0,0,1016.1,"16242099999,16239099999,AT416,16224099999,16234099999",23.9,10,214,14.6,4.03943835277984e-05,134.2618,06-Jun-2023 13:00:00
45.5,"Partially cloudy",2023-06-06T13:30:00,15.8,23.9,60.79,"41.829742371733346, 12.468582121891949",0,0,1016.1,"16242099999,16239099999,AT416,16224099999,16234099999",23.9,10,214,14.6,3.85428900914212e-05,185.798,06-Jun-2023 13:30:00
50,"Partially cloudy",2023-06-06T14:00:00,15.8,24.1,59.56,"41.829742371733346, 12.468582121891949",0,0,1016.1,"16242099999,16239099999,AT416,16224099999,16234099999",24.1,10,216,18.1,3.67863202466129e-05,301.9077,06-Jun-2023 14:00:00
50,"Partially cloudy",2023-06-06T14:30:00,15.8,24.1,59.56,"41.829742371733346, 12.468582121891949",0,0,1016.1,"16242099999,16239099999,AT416,16224099999,16234099999",24.1,10,216,18.1,3.51192976298536e-05,251.61,06-Jun-2023 14:30:00
45.5,"Partially cloudy",2023-06-06T15:00:00,15.4,23.3,61.24,"41.829742371733346, 12.468582121891949",0,0,1015.8,"16242099999,16239099999,AT416,16224099999,16234099999",23.3,10,253,14.8,3.35367788984514e-05,128.131,06-Jun-2023 15:00:00
45.5,"Partially cloudy",2023-06-06T15:30:00,15.4,23.3,61.24,"41.829742371733346, 12.468582121891949",0,0,1015.8,"16242099999,16239099999,AT416,16224099999,16234099999",23.3,10,253,14.8,3.2034031408184e-05,210.4894,06-Jun-2023 15:30:00
70.4,"Partially cloudy",2023-06-06T16:00:00,16.3,24.2,61.26,"41.829742371733346, 12.468582121891949",0,0,1016.1,"16242099999,16239099999,AT416,16224099999,16234099999",24.2,10,265,13.6,3.06066124247558e-05,323.289,06-Jun-2023 16:00:00
70.4,"Partially cloudy",2023-06-06T16:30:00,16.3,24.2,61.26,"41.829742371733346, 12.468582121891949",0,0,1016.1,"16242099999,16239099999,AT416,16224099999,16234099999",24.2,10,265,13.6,2.92503498373941e-05,301.1454,06-Jun-2023 16:30:00
74,"Partially cloudy",2023-06-06T17:00:00,16.4,24.5,60.58,"41.829742371733346, 12.468582121891949",0,0,1016.1,"16242099999,16239099999,AT416,16224099999,16234099999",24.5,10,222,12.5,2.79613243211453e-05,359.7371,06-Jun-2023 17:00:00
74,"Partially cloudy",2023-06-06T17:30:00,16.4,24.5,60.58,"41.829742371733346, 12.468582121891949",0,0,1016.1,"16242099999,16239099999,AT416,16224099999,16234099999",24.5,10,222,12.5,2.67358526989876e-05,517.0725,06-Jun-2023 17:30:00
50,"Partially cloudy",2023-06-06T18:00:00,16.5,23.7,63.82,"41.829742371733346, 12.468582121891949",0,0,1015.8,"16242099999,16239099999,AT416,16224099999,16234099999",23.7,10,218,13,2.55704724869073e-05,417.8275,06-Jun-2023 18:00:00
50,"Partially cloudy",2023-06-06T18:30:00,16.5,23.7,63.82,"41.829742371733346, 12.468582121891949",0,0,1015.8,"16242099999,16239099999,AT416,16224099999,16234099999",23.7,10,218,13,2.44619275858972e-05,279.4559,06-Jun-2023 18:30:00
33.9,"Partially cloudy",2023-06-06T19:00:00,16.3,23.5,63.9,"41.829742371733346, 12.468582121891949",0,0,1015.8,"16242099999,16239099999,AT416,16224099999,16234099999",23.5,10,235,11.1,2.34071549159567e-05,214.5352,06-Jun-2023 19:00:00
33.9,"Partially cloudy",2023-06-06T19:30:00,16.3,23.5,63.9,"41.829742371733346, 12.468582121891949",0,0,1015.8,"16242099999,16239099999,AT416,16224099999,16234099999",23.5,10,235,11.1,2.24032719854584e-05,195.8177,06-Jun-2023 19:30:00
33.9,"Rain, Partially cloudy",2023-06-06T20:00:00,15.7,21.9,67.96,"41.829742371733346, 12.468582121891949",0.364,100,1015.8,"16242099999,16239099999,AT416,16224099999,16234099999",21.9,10,238,7.6,2.14475653723836e-05,132.9234,06-Jun-2023 20:00:00
33.9,"Rain, Partially cloudy",2023-06-06T20:30:00,15.7,21.9,67.96,"41.829742371733346, 12.468582121891949",0.364,100,1015.8,"16242099999,16239099999,AT416,16224099999,16234099999",21.9,10,238,7.6,2.05374799477517e-05,97.972,06-Jun-2023 20:30:00
26.6,"Partially cloudy",2023-06-06T21:00:00,16.2,20.9,74.31,"41.829742371733346, 12.468582121891949",0,0,1016.1,"16242099999,16239099999,AT416,16224099999,LIRA",20.9,10,226,5.5,1.96706088415276e-05,19.436,06-Jun-2023 21:00:00
26.6,"Partially cloudy",2023-06-06T21:30:00,16.2,20.9,74.31,"41.829742371733346, 12.468582121891949",0,0,1016.1,"16242099999,16239099999,AT416,16224099999,LIRA",20.9,10,226,5.5,1.88446841365182e-05,1.8361,06-Jun-2023 21:30:00
NaN,"Clear",2023-06-06T22:00:00,16.1,19.8,79.02,"41.829742371733346, 12.468582121891949",0,0,1016.9,"16242099999,16239099999,16224099999,LIRA",19.8,10,221,7.3,1.80575681490075e-05,0,06-Jun-2023 22:00:00
NaN,"Clear",2023-06-06T22:30:00,16.1,19.8,79.02,"41.829742371733346, 12.468582121891949",0,0,1016.9,"16242099999,16239099999,16224099999,LIRA",19.8,10,221,7.3,1.73072453009855e-05,0,06-Jun-2023 22:30:00
NaN,"Clear",2023-06-06T23:00:00,16.1,19.8,79.16,"41.829742371733346, 12.468582121891949",0,0,1017,"16242099999,16239099999,16224099999,LIRA",19.8,10,217,3.7,1.65918145759072e-05,0,06-Jun-2023 23:00:00
NaN,"Clear",2023-06-06T23:30:00,16.1,19.8,79.16,"41.829742371733346, 12.468582121891949",0,0,1017,"16242099999,16239099999,16224099999,LIRA",19.8,10,217,3.7,1.59094824397898e-05,0,06-Jun-2023 23:30:00
NaN,"Clear",2023-06-07T00:00:00,16.1,18.8,83.95,"41.829742371733346, 12.468582121891949",0,0,1017,"16242099999,16239099999,16224099999,LIRA",18.8,10,70,2.2,1.5258556235409e-05,38.199,07-Jun-2023 00:00:00
NaN,"Clear",2023-06-07T00:30:00,16.1,18.8,83.95,"41.829742371733346, 12.468582121891949",0,0,1017,"16242099999,16239099999,16224099999,LIRA",18.8,10,70,2.2,1.46374380460648e-05,65.1564,07-Jun-2023 00:30:00
NaN,"Clear",2023-06-07T01:00:00,16.1,18.8,83.95,"41.829742371733346, 12.468582121891949",0,0,1017,"16242099999,16239099999,16224099999,LIRA",18.8,10,212,5.4,1.40446189295418e-05,56.2132,07-Jun-2023 01:00:00
NaN,"Clear",2023-06-07T01:30:00,16.1,18.8,83.95,"41.829742371733346, 12.468582121891949",0,0,1017,"16242099999,16239099999,16224099999,LIRA",18.8,10,212,5.4,1.3478673531749e-05,34.2132,07-Jun-2023 01:30:00
NaN,"Clear",2023-06-07T02:00:00,16,18.7,83.94,"41.829742371733346, 12.468582121891949",0,0,1016.9,"16242099999,16239099999,16224099999,LIRA",18.7,10,127,3.6,1.29382550796696e-05,15.9574,07-Jun-2023 02:00:00
NaN,"Clear",2023-06-07T02:30:00,16,18.7,83.94,"41.829742371733346, 12.468582121891949",0,0,1016.9,"16242099999,16239099999,16224099999,LIRA",18.7,10,127,3.6,1.2422090669679e-05,4.95740000000001,07-Jun-2023 02:30:00
NaN,"Clear",2023-06-07T03:00:00,15.2,17.5,86.38,"41.829742371733346, 12.468582121891949",0,0,1016.7,"16245099999,16242099999,16239099999,16224099999",17.5,10,105,4.3,1.19289768616191e-05,0,07-Jun-2023 03:00:00
NaN,"Clear",2023-06-07T03:30:00,15.2,17.5,86.38,"41.829742371733346, 12.468582121891949",0,0,1016.7,"16245099999,16242099999,16239099999,16224099999",17.5,10,105,4.3,1.14577755804128e-05,0,07-Jun-2023 03:30:00
NaN,"Clear",2023-06-07T04:00:00,15.4,17.4,88.54,"41.829742371733346, 12.468582121891949",0,0,1016.1,"16245099999,16242099999,16239099999,16224099999",17.4,10,9,3,1.10074102540059e-05,8.9036,07-Jun-2023 04:00:00
NaN,"Clear",2023-06-07T04:30:00,15.4,17.4,88.54,"41.829742371733346, 12.468582121891949",0,0,1016.1,"16245099999,16242099999,16239099999,16224099999",17.4,10,9,3,1.05768621983553e-05,46.314,07-Jun-2023 04:30:00
NaN,"Clear",2023-06-07T05:00:00,15,15.9,94.56,"41.829742371733346, 12.468582121891949",0,0,1016,"16242099999,16239099999,16224099999,LIRA",15.9,10,21,2.3,1.0165167252675e-05,77.3915,07-Jun-2023 05:00:00
NaN,"Clear",2023-06-07T05:30:00,15,15.9,94.56,"41.829742371733346, 12.468582121891949",0,0,1016,"16242099999,16239099999,16224099999,LIRA",15.9,10,21,2.3,9.77141260427236e-06,182.7906,07-Jun-2023 05:30:00
NaN,"Clear",2023-06-07T06:00:00,14,16.7,84.4,"41.829742371733346, 12.468582121891949",0,0,1016.1,"16242099999,16239099999,AT416,16224099999,LIRA",16.7,10,72,3.8,9.39473381364161e-06,160.2743,07-Jun-2023 06:00:00
NaN,"Clear",2023-06-07T06:30:00,14,16.7,84.4,"41.829742371733346, 12.468582121891949",0,0,1016.1,"16242099999,16239099999,AT416,16224099999,LIRA",16.7,10,72,3.8,9.03431204392439e-06,150.8475,07-Jun-2023 06:30:00
NaN,"Clear",2023-06-07T07:00:00,15.2,16.7,90.51,"41.829742371733346, 12.468582121891949",0,0,1016.2,"16242099999,16239099999,AT416,16224099999,16234099999",16.7,10,56,6.5,8.68937144285059e-06,331.3404,07-Jun-2023 07:00:00
NaN,"Clear",2023-06-07T07:30:00,15.2,16.7,90.51,"41.829742371733346, 12.468582121891949",0,0,1016.2,"16242099999,16239099999,AT416,16224099999,16234099999",16.7,10,56,6.5,8.35917668751988e-06,488.5511,07-Jun-2023 07:30:00
90,"Partially cloudy",2023-06-07T08:00:00,16.1,18.6,85.39,"41.829742371733346, 12.468582121891949",0,0,1016.8,"16242099999,16239099999,AT416,16224099999,16234099999",18.6,9.4,13,8.1,8.04303069665262e-06,768.9598,07-Jun-2023 08:00:00
90,"Partially cloudy",2023-06-07T08:30:00,16.1,18.6,85.39,"41.829742371733346, 12.468582121891949",0,0,1016.8,"16242099999,16239099999,AT416,16224099999,16234099999",18.6,9.4,13,8.1,7.74027246576902e-06,916.672,07-Jun-2023 08:30:00
30,"Partially cloudy",2023-06-07T09:00:00,15.8,19.8,77.89,"41.829742371733346, 12.468582121891949",0,0,1016.8,"16242099999,16239099999,AT416,16224099999,16234099999",19.8,9.6,31,8.2,7.45027503518747e-06,1014.0284,07-Jun-2023 09:00:00
30,"Partially cloudy",2023-06-07T09:30:00,15.8,19.8,77.89,"41.829742371733346, 12.468582121891949",0,0,1016.8,"16242099999,16239099999,AT416,16224099999,16234099999",19.8,9.6,31,8.2,7.17244359572157e-06,734.4517,07-Jun-2023 09:30:00
31.2,"Partially cloudy",2023-06-07T10:00:00,16.3,22.1,70,"41.829742371733346, 12.468582121891949",0,0,1016.8,"16242099999,16239099999,AT416,16224099999,16234099999",22.1,10,4,6.6,6.90621369370452e-06,659.5865,07-Jun-2023 10:00:00
31.2,"Partially cloudy",2023-06-07T10:30:00,16.3,22.1,70,"41.829742371733346, 12.468582121891949",0,0,1016.8,"16242099999,16239099999,AT416,16224099999,16234099999",22.1,10,4,6.6,6.65104954466777e-06,569.9227,07-Jun-2023 10:30:00
31.2,"Partially cloudy",2023-06-07T11:00:00,15.9,23.9,60.79,"41.829742371733346, 12.468582121891949",0,0,1016.1,"16242099999,16239099999,AT416,16224099999,16234099999",23.9,10,331,7.4,6.40644246061487e-06,467.1378,07-Jun-2023 11:00:00
31.2,"Partially cloudy",2023-06-07T11:30:00,15.9,23.9,60.79,"41.829742371733346, 12.468582121891949",0,0,1016.1,"16242099999,16239099999,AT416,16224099999,16234099999",23.9,10,331,7.4,6.17190935772365e-06,569.9767,07-Jun-2023 11:30:00
31.2,"Partially cloudy",2023-06-07T12:00:00,14.7,24.7,53.94,"41.829742371733346, 12.468582121891949",0,0,1016.1,"16242099999,16239099999,AT416,16224099999,16234099999",24.7,10,306,10.5,5.94699135319072e-06,472.3716,07-Jun-2023 12:00:00
31.2,"Partially cloudy",2023-06-07T12:30:00,14.7,24.7,53.94,"41.829742371733346, 12.468582121891949",0,0,1016.1,"16242099999,16239099999,AT416,16224099999,16234099999",24.7,10,306,10.5,5.73125245609068e-06,584.6331,07-Jun-2023 12:30:00
31.2,"Partially cloudy",2023-06-07T13:00:00,13.7,25.3,48.44,"41.829742371733346, 12.468582121891949",0,0,1016.1,"16242099999,16239099999,AT416,16224099999,16234099999",25.3,10,249,10,5.52427832349005e-06,513.5181,07-Jun-2023 13:00:00
31.2,"Partially cloudy",2023-06-07T13:30:00,13.7,25.3,48.44,"41.829742371733346, 12.468582121891949",0,0,1016.1,"16242099999,16239099999,AT416,16224099999,16234099999",25.3,10,249,10,5.3256750899011e-06,301.3069,07-Jun-2023 13:30:00
47.6,"Partially cloudy",2023-06-07T14:00:00,15.1,25.8,51.8,"41.829742371733346, 12.468582121891949",0,0,1016.1,"16242099999,16239099999,AT416,16224099999,16234099999",25.8,10,293,13.7,5.1350682747915e-06,278.2763,07-Jun-2023 14:00:00
47.6,"Partially cloudy",2023-06-07T14:30:00,15.1,25.8,51.8,"41.829742371733346, 12.468582121891949",0,0,1016.1,"16242099999,16239099999,AT416,16224099999,16234099999",25.8,10,293,13.7,4.9521017431362e-06,256.6276,07-Jun-2023 14:30:00
31.6,"Partially cloudy",2023-06-07T15:00:00,15.2,25.4,53.09,"41.829742371733346, 12.468582121891949",0,0,1015.1,"16242099999,16239099999,AT416,16224099999,16234099999",25.4,10,258,14.5,4.77643672647278e-06,375.1853,07-Jun-2023 15:00:00
31.6,"Partially cloudy",2023-06-07T15:30:00,15.2,25.4,53.09,"41.829742371733346, 12.468582121891949",0,0,1015.1,"16242099999,16239099999,AT416,16224099999,16234099999",25.4,10,258,14.5,4.60775090896407e-06,313.7815,07-Jun-2023 15:30:00
31.6,"Partially cloudy",2023-06-07T16:00:00,16.2,24.7,59.17,"41.829742371733346, 12.468582121891949",0,0,1015.1,"16242099999,16239099999,AT416,16224099999,16234099999",24.7,10,264,17,4.44573755665007e-06,177.4669,07-Jun-2023 16:00:00
31.6,"Partially cloudy",2023-06-07T16:30:00,16.2,24.7,59.17,"41.829742371733346, 12.468582121891949",0,0,1015.1,"16242099999,16239099999,AT416,16224099999,16234099999",24.7,10,264,17,4.29010469674648e-06,85.1528,07-Jun-2023 16:30:00
31.6,"Partially cloudy",2023-06-07T17:00:00,16.3,24.1,61.83,"41.829742371733346, 12.468582121891949",0,0,1015.1,"16242099999,16239099999,AT416,16224099999,16234099999",24.1,10,255,15.2,4.14057435124778e-06,76.4463,07-Jun-2023 17:00:00
31.6,"Partially cloudy",2023-06-07T17:30:00,16.3,24.1,61.83,"41.829742371733346, 12.468582121891949",0,0,1015.1,"16242099999,16239099999,AT416,16224099999,16234099999",24.1,10,255,15.2,3.99688180575249e-06,171.094,07-Jun-2023 17:30:00
30,"Partially cloudy",2023-06-07T18:00:00,16.2,24.4,60.19,"41.829742371733346, 12.468582121891949",0,0,1015.1,"16242099999,16239099999,AT416,16224099999,16234099999",24.4,10,249,15.8,3.85877491979257e-06,202.4164,07-Jun-2023 18:00:00
30,"Partially cloudy",2023-06-07T18:30:00,16.2,24.4,60.19,"41.829742371733346, 12.468582121891949",0,0,1015.1,"16242099999,16239099999,AT416,16224099999,16234099999",24.4,10,249,15.8,3.72601348266193e-06,353.1265,07-Jun-2023 18:30:00
30,"Partially cloudy",2023-06-07T19:00:00,16.1,23.8,62.18,"41.829742371733346, 12.468582121891949",0,0,1014.8,"16242099999,16239099999,AT416,16224099999,16234099999",23.8,10,272,13.1,3.59836859801083e-06,354.9436,07-Jun-2023 19:00:00
30,"Partially cloudy",2023-06-07T19:30:00,16.1,23.8,62.18,"41.829742371733346, 12.468582121891949",0,0,1014.8,"16242099999,16239099999,AT416,16224099999,16234099999",23.8,10,272,13.1,3.47562210294688e-06,201.7699,07-Jun-2023 19:30:00
30,"Partially cloudy",2023-06-07T20:00:00,16,23.1,64.42,"41.829742371733346, 12.468582121891949",0,0,1014.8,"16242099999,16239099999,AT416,16224099999,16234099999",23.1,10,263,11.2,3.35756602536888e-06,317.5751,07-Jun-2023 20:00:00
30,"Partially cloudy",2023-06-07T20:30:00,16,23.1,64.42,"41.829742371733346, 12.468582121891949",0,0,1014.8,"16242099999,16239099999,AT416,16224099999,16234099999",23.1,10,263,11.2,3.24400206482371e-06,323.9083,07-Jun-2023 20:30:00
NaN,"Clear",2023-06-07T21:00:00,16.1,21.1,73.25,"41.829742371733346, 12.468582121891949",0,0,1015.1,"16242099999,16239099999,AT416,16224099999,LIRA",21.1,10,254,7.8,3.13474110212276e-06,187.5677,07-Jun-2023 21:00:00
NaN,"Clear",2023-06-07T21:30:00,16.1,21.1,73.25,"41.829742371733346, 12.468582121891949",0,0,1015.1,"16242099999,16239099999,AT416,16224099999,LIRA",21.1,10,254,7.8,3.02960274117709e-06,101.3862,07-Jun-2023 21:30:00
NaN,"Clear",2023-06-07T22:00:00,16.9,20,82.35,"41.829742371733346, 12.468582121891949",0,0,1015.9,"16242099999,16239099999,16224099999,LIRA",20,10,253,5.6,2.92841487009028e-06,55.5357,07-Jun-2023 22:00:00
NaN,"Clear",2023-06-07T22:30:00,16.9,20,82.35,"41.829742371733346, 12.468582121891949",0,0,1015.9,"16242099999,16239099999,16224099999,LIRA",20,10,253,5.6,2.83101324627811e-06,10.1554,07-Jun-2023 22:30:00
NaN,"Clear",2023-06-07T23:00:00,17,20.8,79.02,"41.829742371733346, 12.468582121891949",0,0,1015.9,"16242099999,16239099999,16224099999,LIRA",20.8,10,208,5.4,2.73724110881533e-06,0,07-Jun-2023 23:00:00
NaN,"Clear",2023-06-07T23:30:00,17,20.8,79.02,"41.829742371733346, 12.468582121891949",0,0,1015.9,"16242099999,16239099999,16224099999,LIRA",20.8,10,208,5.4,2.64694880656316e-06,0,07-Jun-2023 23:30:00
NaN,"Clear",2023-06-08T00:00:00,17,19.8,83.92,"41.829742371733346, 12.468582121891949",0,0,1015.9,"16242099999,16239099999,16224099999,LIRA",19.8,10,127,7.2,2.55999344641678e-06,20.0419,08-Jun-2023 00:00:00
NaN,"Clear",2023-06-08T00:30:00,17,19.8,83.92,"41.829742371733346, 12.468582121891949",0,0,1015.9,"16242099999,16239099999,16224099999,LIRA",19.8,10,127,7.2,2.47623856462485e-06,9.0419,08-Jun-2023 00:30:00
30,"Partially cloudy",2023-06-08T01:00:00,16.1,19.8,79.02,"41.829742371733346, 12.468582121891949",0,0,1015.9,"16242099999,16239099999,16224099999,LIRA",19.8,10,101,3.8,2.3955538110509e-06,34.158,08-Jun-2023 01:00:00
30,"Partially cloudy",2023-06-08T01:30:00,16.1,19.8,79.02,"41.829742371733346, 12.468582121891949",0,0,1015.9,"16242099999,16239099999,16224099999,LIRA",19.8,10,101,3.8,2.31781465032127e-06,27.3023,08-Jun-2023 01:30:00
30,"Partially cloudy",2023-06-08T02:00:00,16.1,18.9,83.95,"41.829742371733346, 12.468582121891949",0,0,1015.1,"16242099999,16239099999,16224099999,LIRA",18.9,10,180,5,2.2429020825773e-06,4.1443,08-Jun-2023 02:00:00
30,"Partially cloudy",2023-06-08T02:30:00,16.1,18.9,83.95,"41.829742371733346, 12.468582121891949",0,0,1015.1,"16242099999,16239099999,16224099999,LIRA",18.9,10,180,5,2.17070237484716e-06,0,08-Jun-2023 02:30:00
NaN,"Clear",2023-06-08T03:00:00,16,18.6,84.47,"41.829742371733346, 12.468582121891949",0,0,1015,"16242099999,16239099999,16224099999,LIRA",18.6,10,136,5.3,2.10110680662243e-06,0,08-Jun-2023 03:00:00
NaN,"Clear",2023-06-08T03:30:00,16,18.6,84.47,"41.829742371733346, 12.468582121891949",0,0,1015,"16242099999,16239099999,16224099999,LIRA",18.6,10,136,5.3,2.03401143213602e-06,0,08-Jun-2023 03:30:00
NaN,"Clear",2023-06-08T04:00:00,16,18.7,84.08,"41.829742371733346, 12.468582121891949",0,0,1014.9,"16242099999,16239099999,16224099999,LIRA",18.7,10,140,5.2,1.96931685135807e-06,58.4203,08-Jun-2023 04:00:00
NaN,"Clear",2023-06-08T04:30:00,16,18.7,84.08,"41.829742371733346, 12.468582121891949",0,0,1014.9,"16242099999,16239099999,16224099999,LIRA",18.7,10,140,5.2,1.90692799296636e-06,82.7343,08-Jun-2023 04:30:00
NaN,"Clear",2023-06-08T05:00:00,16,18.6,84.62,"41.829742371733346, 12.468582121891949",0,0,1014.9,"16242099999,16239099999,16224099999,LIRA",18.6,10,137,5,1.84675391158223e-06,56.9677,08-Jun-2023 05:00:00
NaN,"Clear",2023-06-08T05:30:00,16,18.6,84.62,"41.829742371733346, 12.468582121891949",0,0,1014.9,"16242099999,16239099999,16224099999,LIRA",18.6,10,137,5,1.78870759216443e-06,149.0917,08-Jun-2023 05:30:00
NaN,"Clear",2023-06-08T06:00:00,15,17.7,84.51,"41.829742371733346, 12.468582121891949",0,0,1014.9,"16242099999,16239099999,AT416,16224099999,LIRA",17.7,10,9,3.8,1.73270576451897e-06,209.409,08-Jun-2023 06:00:00
NaN,"Clear",2023-06-08T06:30:00,15,17.7,84.51,"41.829742371733346, 12.468582121891949",0,0,1014.9,"16242099999,16239099999,AT416,16224099999,LIRA",17.7,10,9,3.8,1.67866873002492e-06,189.1952,08-Jun-2023 06:30:00
NaN,"Clear",2023-06-08T07:00:00,15.8,17.9,87.14,"41.829742371733346, 12.468582121891949",0,0,1014.8,"16242099999,16239099999,AT416,16224099999,16234099999",17.9,10,65,5,1.626520194237e-06,436.8836,08-Jun-2023 07:00:00
NaN,"Clear",2023-06-08T07:30:00,15.8,17.9,87.14,"41.829742371733346, 12.468582121891949",0,0,1014.8,"16242099999,16239099999,AT416,16224099999,16234099999",17.9,10,65,5,1.57618710805164e-06,549.1579,08-Jun-2023 07:30:00
0,"Clear",2023-06-08T08:00:00,16.7,19.5,84.01,"41.829742371733346, 12.468582121891949",0,0,1014.8,"16242099999,16239099999,AT416,16224099999,16234099999",19.5,10,38,5.4,1.52759951936026e-06,471.5689,08-Jun-2023 08:00:00
0,"Clear",2023-06-08T08:30:00,16.7,19.5,84.01,"41.829742371733346, 12.468582121891949",0,0,1014.8,"16242099999,16239099999,AT416,16224099999,16234099999",19.5,10,38,5.4,1.48069042952583e-06,891.377,08-Jun-2023 08:30:00
6.4,"Clear",2023-06-08T09:00:00,16.9,21.1,76.82,"41.829742371733346, 12.468582121891949",0,0,1014.8,"16242099999,16239099999,AT416,16224099999,16234099999",21.1,10,337,5,1.4353956571234e-06,1029.0187,08-Jun-2023 09:00:00
6.4,"Clear",2023-06-08T09:30:00,16.9,21.1,76.82,"41.829742371733346, 12.468582121891949",0,0,1014.8,"16242099999,16239099999,AT416,16224099999,16234099999",21.1,10,337,5,1.39165371070579e-06,769.3709,08-Jun-2023 09:30:00
24.5,"Partially cloudy",2023-06-08T10:00:00,16.9,23.1,68.01,"41.829742371733346, 12.468582121891949",0,0,1014.8,"16242099999,16239099999,AT416,16224099999,16234099999",23.1,10,240,3.7,1.34940566552545e-06,736.2044,08-Jun-2023 10:00:00
24.5,"Partially cloudy",2023-06-08T10:30:00,16.9,23.1,68.01,"41.829742371733346, 12.468582121891949",0,0,1014.8,"16242099999,16239099999,AT416,16224099999,16234099999",23.1,10,240,3.7,1.30859504643029e-06,539.6426,08-Jun-2023 10:30:00
31.2,"Partially cloudy",2023-06-08T11:00:00,16.9,24.6,62.08,"41.829742371733346, 12.468582121891949",0,0,1014.8,"16242099999,16239099999,AT416,16224099999,16234099999",24.6,10,286,6.8,1.26916771854502e-06,384.7256,08-Jun-2023 11:00:00
31.2,"Partially cloudy",2023-06-08T11:30:00,16.9,24.6,62.08,"41.829742371733346, 12.468582121891949",0,0,1014.8,"16242099999,16239099999,AT416,16224099999,16234099999",24.6,10,286,6.8,1.23107178119445e-06,438.4243,08-Jun-2023 11:30:00
36.9,"Partially cloudy",2023-06-08T12:00:00,16.3,24.9,58.89,"41.829742371733346, 12.468582121891949",0,0,1014.2,"16242099999,16239099999,AT416,16224099999,16234099999",24.9,10,221,9.9,1.19425746708432e-06,439.6195,08-Jun-2023 12:00:00
36.9,"Partially cloudy",2023-06-08T12:30:00,16.3,24.9,58.89,"41.829742371733346, 12.468582121891949",0,0,1014.2,"16242099999,16239099999,AT416,16224099999,16234099999",24.9,10,221,9.9,1.1586770482143e-06,345.7954,08-Jun-2023 12:30:00
44.8,"Partially cloudy",2023-06-08T13:00:00,16.1,24.9,58.13,"41.829742371733346, 12.468582121891949",0,0,1014.9,"16242099999,16239099999,AT416,LIRA",24.9,10,250,12.1,1.12428474444406e-06,562.5541,08-Jun-2023 13:00:00
44.8,"Partially cloudy",2023-06-08T13:30:00,16.1,24.9,58.13,"41.829742371733346, 12.468582121891949",0,0,1014.9,"16242099999,16239099999,AT416,LIRA",24.9,10,250,12.1,1.09103663654486e-06,438.622,08-Jun-2023 13:30:00
50,"Partially cloudy",2023-06-08T14:00:00,16.7,25.8,57.34,"41.829742371733346, 12.468582121891949",0,0,1014.1,"16242099999,16239099999,AT416,16224099999,16234099999",25.8,10,241,17,1.05889058508614e-06,431.0963,08-Jun-2023 14:00:00
50,"Partially cloudy",2023-06-08T14:30:00,16.7,25.8,57.34,"41.829742371733346, 12.468582121891949",0,0,1014.1,"16242099999,16239099999,AT416,16224099999,16234099999",25.8,10,241,17,1.02780615148919e-06,383.5994,08-Jun-2023 14:30:00
25,"Partially cloudy",2023-06-08T15:00:00,16,26,54.07,"41.829742371733346, 12.468582121891949",NaN,0,1014,"AT416,LIRA",26,10,230,14.8,9.97744522914975e-07,221.142,08-Jun-2023 15:00:00
25,"Partially cloudy",2023-06-08T15:30:00,16,26,54.07,"41.829742371733346, 12.468582121891949",NaN,0,1014,"AT416,LIRA",26,10,230,14.8,9.68668442220651e-07,128.5765,08-Jun-2023 15:30:00
26.7,"Partially cloudy",2023-06-08T16:00:00,17.3,25.7,59.57,"41.829742371733346, 12.468582121891949",0,0,1013.9,"16245099999,AT416,16224099999,16234099999,LIRA",25.7,10,242,15.4,9.40542139682242e-07,174.4681,08-Jun-2023 16:00:00
26.7,"Partially cloudy",2023-06-08T16:30:00,17.3,25.7,59.57,"41.829742371733346, 12.468582121891949",0,0,1013.9,"16245099999,AT416,16224099999,16234099999,LIRA",25.7,10,242,15.4,9.13331268000543e-07,289.8965,08-Jun-2023 16:30:00
30,"Partially cloudy",2023-06-08T17:00:00,17,24.9,61.6,"41.829742371733346, 12.468582121891949",0,0,1013.1,"16242099999,16239099999,AT416,16224099999,16234099999",24.9,10,248,17,8.87002841719962e-07,259.657,08-Jun-2023 17:00:00
30,"Partially cloudy",2023-06-08T17:30:00,17,24.9,61.6,"41.829742371733346, 12.468582121891949",0,0,1013.1,"16242099999,16239099999,AT416,16224099999,16234099999",24.9,10,248,17,8.61525178082429e-07,295.0783,08-Jun-2023 17:30:00
34.8,"Partially cloudy",2023-06-08T18:00:00,16.4,24.2,61.91,"41.829742371733346, 12.468582121891949",0,0,1013.1,"16242099999,16239099999,AT416,16224099999,16234099999",24.2,10,242,15.2,8.36867840697819e-07,260.1255,08-Jun-2023 18:00:00
34.8,"Partially cloudy",2023-06-08T18:30:00,16.4,24.2,61.91,"41.829742371733346, 12.468582121891949",0,0,1013.1,"16242099999,16239099999,AT416,16224099999,16234099999",24.2,10,242,15.2,8.1300158706479e-07,155.8979,08-Jun-2023 18:30:00
34.5,"Partially cloudy",2023-06-08T19:00:00,16.5,23.9,63.34,"41.829742371733346, 12.468582121891949",0,0,1013.1,"16242099999,16239099999,AT416,16224099999,16234099999",23.9,10,251,14.6,7.89898317253368e-07,164.35,08-Jun-2023 19:00:00
34.5,"Partially cloudy",2023-06-08T19:30:00,16.5,23.9,63.34,"41.829742371733346, 12.468582121891949",0,0,1013.1,"16242099999,16239099999,AT416,16224099999,16234099999",23.9,10,251,14.6,7.67531025007813e-07,190.8704,08-Jun-2023 19:30:00
42.4,"Partially cloudy",2023-06-08T20:00:00,16.9,23,68.32,"41.829742371733346, 12.468582121891949",0,0,1013.1,"16242099999,16239099999,AT416,16224099999,16234099999",23,10,247,11.4,7.45873752216349e-07,193.6976,08-Jun-2023 20:00:00
42.4,"Partially cloudy",2023-06-08T20:30:00,16.9,23,68.32,"41.829742371733346, 12.468582121891949",0,0,1013.1,"16242099999,16239099999,AT416,16224099999,16234099999",23,10,247,11.4,7.2490154431698e-07,195.3663,08-Jun-2023 20:30:00
30,"Partially cloudy",2023-06-08T21:00:00,17.1,21,78.19,"41.829742371733346, 12.468582121891949",0,0,1013.9,"16242099999,16239099999,AT416,16224099999,LIRA",21,10,216,5.7,7.0459040778663e-07,149.4542,08-Jun-2023 21:00:00
30,"Partially cloudy",2023-06-08T21:30:00,17.1,21,78.19,"41.829742371733346, 12.468582121891949",0,0,1013.9,"16242099999,16239099999,AT416,16224099999,LIRA",21,10,216,5.7,6.84917270580546e-07,207.1751,08-Jun-2023 21:30:00
30,"Partially cloudy",2023-06-08T22:00:00,17.1,20.9,78.81,"41.829742371733346, 12.468582121891949",0,0,1013.9,"16242099999,16239099999,16224099999,LIRA",20.9,10,218,5,6.65859943321519e-07,102.9711,08-Jun-2023 22:00:00
30,"Partially cloudy",2023-06-08T22:30:00,17.1,20.9,78.81,"41.829742371733346, 12.468582121891949",0,0,1013.9,"16242099999,16239099999,16224099999,LIRA",20.9,10,218,5,6.47397082285415e-07,53.998,08-Jun-2023 22:30:00
30,"Partially cloudy",2023-06-08T23:00:00,17.1,19.9,83.54,"41.829742371733346, 12.468582121891949",0,0,1013.9,"16242099999,16239099999,16224099999,LIRA",19.9,10,245,3.5,6.29508154977212e-07,31.998,08-Jun-2023 23:00:00
30,"Partially cloudy",2023-06-08T23:30:00,17.1,19.9,83.54,"41.829742371733346, 12.468582121891949",0,0,1013.9,"16242099999,16239099999,16224099999,LIRA",19.9,10,245,3.5,6.12173406303272e-07,0,08-Jun-2023 23:30:00
30,"Partially cloudy",2023-06-09T00:00:00,17,19.9,83.54,"41.829742371733346, 12.468582121891949",0,0,1014,"16242099999,16239099999,16224099999,LIRA",19.9,10,122,2.3,5.95373826294923e-07,98.6476,09-Jun-2023 00:00:00
30,"Partially cloudy",2023-06-09T00:30:00,17,19.9,83.54,"41.829742371733346, 12.468582121891949",0,0,1014,"16242099999,16239099999,16224099999,LIRA",19.9,10,122,2.3,5.79091120111324e-07,179.3788,09-Jun-2023 00:30:00
NaN,"Clear",2023-06-09T01:00:00,16.1,19.7,79.65,"41.829742371733346, 12.468582121891949",0,0,1013.9,"16242099999,16239099999,16224099999,LIRA",19.7,10,135,5.6,5.63307678511946e-07,150.778,09-Jun-2023 01:00:00
NaN,"Clear",2023-06-09T01:30:00,16.1,19.7,79.65,"41.829742371733346, 12.468582121891949",0,0,1013.9,"16242099999,16239099999,16224099999,LIRA",19.7,10,135,5.6,5.4800654967096e-07,95.778,09-Jun-2023 01:30:00
NaN,"Clear",2023-06-09T02:00:00,16.1,18.9,84.1,"41.829742371733346, 12.468582121891949",0,0,1013.9,"16242099999,16239099999,16224099999,LIRA",18.9,10,100,5.6,5.33171413001032e-07,44.7081,09-Jun-2023 02:00:00
NaN,"Clear",2023-06-09T02:30:00,16.1,18.9,84.1,"41.829742371733346, 12.468582121891949",0,0,1013.9,"16242099999,16239099999,16224099999,LIRA",18.9,10,100,5.6,5.18786553342528e-07,12.0605,09-Jun-2023 02:30:00
NaN,"Clear",2023-06-09T03:00:00,16.1,18.8,84.1,"41.829742371733346, 12.468582121891949",0,0,1013,"16242099999,16239099999,16224099999,LIRA",18.8,10,152,5.4,5.04836836315299e-07,0,09-Jun-2023 03:00:00
NaN,"Clear",2023-06-09T03:30:00,16.1,18.8,84.1,"41.829742371733346, 12.468582121891949",0,0,1013,"16242099999,16239099999,16224099999,LIRA",18.8,10,152,5.4,4.91307685445406e-07,0,09-Jun-2023 03:30:00
50,"Partially cloudy",2023-06-09T04:00:00,16.1,18.8,84.1,"41.829742371733346, 12.468582121891949",0,0,1013,"16242099999,16239099999,16224099999,LIRA",18.8,10,118,5.4,4.78185059571613e-07,0,09-Jun-2023 04:00:00
50,"Partially cloudy",2023-06-09T04:30:00,16.1,18.8,84.1,"41.829742371733346, 12.468582121891949",0,0,1013,"16242099999,16239099999,16224099999,LIRA",18.8,10,118,5.4,4.65455431260639e-07,64.1122,09-Jun-2023 04:30:00
30,"Partially cloudy",2023-06-09T05:00:00,15.1,17.9,83.99,"41.829742371733346, 12.468582121891949",0,0,1013,"16242099999,16239099999,16224099999,LIRA",17.9,10,60,3.6,4.53105766793246e-07,42.1122,09-Jun-2023 05:00:00
30,"Partially cloudy",2023-06-09T05:30:00,15.1,17.9,83.99,"41.829742371733346, 12.468582121891949",0,0,1013,"16242099999,16239099999,16224099999,LIRA",17.9,10,60,3.6,4.41123506359828e-07,133.1638,09-Jun-2023 05:30:00
30,"Partially cloudy",2023-06-09T06:00:00,14.2,17.8,79.53,"41.829742371733346, 12.468582121891949",0,0,1013.1,"16242099999,16239099999,AT416,16224099999,LIRA",17.8,10,98,3.7,4.29496545132638e-07,149.5806,09-Jun-2023 06:00:00
30,"Partially cloudy",2023-06-09T06:30:00,14.2,17.8,79.53,"41.829742371733346, 12.468582121891949",0,0,1013.1,"16242099999,16239099999,AT416,16224099999,LIRA",17.8,10,98,3.7,4.18213215730784e-07,258.335,09-Jun-2023 06:30:00
NaN,"Clear",2023-06-09T07:00:00,15.5,17.8,86.72,"41.829742371733346, 12.468582121891949",0,0,1013.8,"16242099999,16239099999,AT416,16224099999,16234099999",17.8,10,34,3.8,4.07262270837265e-07,617.213,09-Jun-2023 07:00:00
NaN,"Clear",2023-06-09T07:30:00,15.5,17.8,86.72,"41.829742371733346, 12.468582121891949",0,0,1013.8,"16242099999,16239099999,AT416,16224099999,16234099999",17.8,10,34,3.8,3.96632866578929e-07,822.3721,09-Jun-2023 07:30:00
30,"Rain, Partially cloudy",2023-06-09T08:00:00,16.4,20.6,76.87,"41.829742371733346, 12.468582121891949",0.012,100,1013.8,"16242099999,16239099999,AT416,16224099999,16234099999",20.6,9.9,69,6.2,3.86314547143598e-07,840.6128,09-Jun-2023 08:00:00
30,"Rain, Partially cloudy",2023-06-09T08:30:00,16.4,20.6,76.87,"41.829742371733346, 12.468582121891949",0.012,100,1013.8,"16242099999,16239099999,AT416,16224099999,16234099999",20.6,9.9,69,6.2,3.76297229502356e-07,1069.0322,09-Jun-2023 08:30:00
34.3,"Partially cloudy",2023-06-09T09:00:00,17.2,21.5,76.3,"41.829742371733346, 12.468582121891949",0,0,1014.1,"16242099999,16239099999,AT416,16224099999,16234099999",21.5,9.9,43,5.2,3.66571188796757e-07,1002.5008,09-Jun-2023 09:00:00
34.3,"Partially cloudy",2023-06-09T09:30:00,17.2,21.5,76.3,"41.829742371733346, 12.468582121891949",0,0,1014.1,"16242099999,16239099999,AT416,16224099999,16234099999",21.5,9.9,43,5.2,3.57127044826957e-07,688.0351,09-Jun-2023 09:30:00
50,"Partially cloudy",2023-06-09T10:00:00,16.4,23.1,65.89,"41.829742371733346, 12.468582121891949",0,0,1013.8,"16242099999,16239099999,AT416,16224099999,16234099999",23.1,9.9,166,4.8,3.4795574860691e-07,608.8656,09-Jun-2023 10:00:00
50,"Partially cloudy",2023-06-09T10:30:00,16.4,23.1,65.89,"41.829742371733346, 12.468582121891949",0,0,1013.8,"16242099999,16239099999,AT416,16224099999,16234099999",23.1,9.9,166,4.8,3.39048569499904e-07,565.0106,09-Jun-2023 10:30:00
35.7,"Partially cloudy",2023-06-09T11:00:00,16.9,23.8,65.03,"41.829742371733346, 12.468582121891949",0,0,1014.1,"16242099999,16239099999,AT416,16224099999,16234099999",23.8,10,217,8.3,3.30397083335499e-07,617.3652,09-Jun-2023 11:00:00
35.7,"Partially cloudy",2023-06-09T11:30:00,16.9,23.8,65.03,"41.829742371733346, 12.468582121891949",0,0,1014.1,"16242099999,16239099999,AT416,16224099999,16234099999",23.8,10,217,8.3,3.21993160562716e-07,575.5467,09-Jun-2023 11:30:00
48.2,"Partially cloudy",2023-06-09T12:00:00,16.8,24.1,63.83,"41.829742371733346, 12.468582121891949",0,0,1014.1,"16242099999,16239099999,AT416,16224099999,16234099999",24.1,10,262,10.1,3.13828954910462e-07,482.3363,09-Jun-2023 12:00:00
48.2,"Partially cloudy",2023-06-09T12:30:00,16.8,24.1,63.83,"41.829742371733346, 12.468582121891949",0,0,1014.1,"16242099999,16239099999,AT416,16224099999,16234099999",24.1,10,262,10.1,0.0416666666666661,429.1233,09-Jun-2023 12:30:00
68.5,"Partially cloudy",2023-06-09T13:00:00,15.9,25.7,54.94,"41.829742371733346, 12.468582121891949",0,0,1014.1,"16242099999,16239099999,AT416,16224099999,16234099999",25.7,10,222,11.6,0.0833333333333339,522.1263,09-Jun-2023 13:00:00
68.5,"Partially cloudy",2023-06-09T13:30:00,15.9,25.7,54.94,"41.829742371733346, 12.468582121891949",0,0,1014.1,"16242099999,16239099999,AT416,16224099999,16234099999",25.7,10,222,11.6,0.125,569.1791,09-Jun-2023 13:30:00
70.4,"Partially cloudy",2023-06-09T14:00:00,17.1,25.1,61.01,"41.829742371733346, 12.468582121891949",0,0,1013.7,"16242099999,16239099999,AT416,16224099999,16234099999",25.1,10,220,13.6,0.166666666666666,586.8763,09-Jun-2023 14:00:00
70.4,"Partially cloudy",2023-06-09T14:30:00,17.1,25.1,61.01,"41.829742371733346, 12.468582121891949",0,0,1013.7,"16242099999,16239099999,AT416,16224099999,16234099999",25.1,10,220,13.6,0.208333333333334,454.1568,09-Jun-2023 14:30:00
32.4,"Partially cloudy",2023-06-09T15:00:00,16.2,25.2,57.38,"41.829742371733346, 12.468582121891949",0,0,1013.1,"16242099999,16239099999,AT416,16224099999,16234099999",25.2,10,196,9.4,0.25,372.3563,09-Jun-2023 15:00:00
32.4,"Partially cloudy",2023-06-09T15:30:00,16.2,25.2,57.38,"41.829742371733346, 12.468582121891949",0,0,1013.1,"16242099999,16239099999,AT416,16224099999,16234099999",25.2,10,196,9.4,0.291666666666666,355.6508,09-Jun-2023 15:30:00
30,"Partially cloudy",2023-06-09T16:00:00,17.1,25.9,58.59,"41.829742371733346, 12.468582121891949",0,0,1012.7,"16242099999,16239099999,AT416,16224099999,16234099999",25.9,10,231,11.8,0.333333333333334,339.565,09-Jun-2023 16:00:00
30,"Partially cloudy",2023-06-09T16:30:00,17.1,25.9,58.59,"41.829742371733346, 12.468582121891949",0,0,1012.7,"16242099999,16239099999,AT416,16224099999,16234099999",25.9,10,231,11.8,0.375,299.2874,09-Jun-2023 16:30:00
46.1,"Partially cloudy",2023-06-09T17:00:00,17.1,24.3,64.42,"41.829742371733346, 12.468582121891949",0,0,1012.7,"16242099999,16239099999,AT416,16224099999,16234099999",24.3,10,226,19.7,0.416666666666666,336.4423,09-Jun-2023 17:00:00
46.1,"Partially cloudy",2023-06-09T17:30:00,17.1,24.3,64.42,"41.829742371733346, 12.468582121891949",0,0,1012.7,"16242099999,16239099999,AT416,16224099999,16234099999",24.3,10,226,19.7,0.458333333333334,387.7743,09-Jun-2023 17:30:00
31.8,"Partially cloudy",2023-06-09T18:00:00,18,23.5,71.41,"41.829742371733346, 12.468582121891949",0,0,1012.7,"16242099999,16239099999,AT416,16224099999,16234099999",23.5,10,219,18.4,0.5,208.8771,09-Jun-2023 18:00:00
31.8,"Partially cloudy",2023-06-09T18:30:00,18,23.5,71.41,"41.829742371733346, 12.468582121891949",0,0,1012.7,"16242099999,16239099999,AT416,16224099999,16234099999",23.5,10,219,18.4,0.541666666666666,193.4482,09-Jun-2023 18:30:00
31.8,"Partially cloudy",2023-06-09T19:00:00,17.7,23.3,70.63,"41.829742371733346, 12.468582121891949",0,0,1012.8,"16242099999,16239099999,AT416,16224099999,16234099999",23.3,10,227,15.2,0.583333333333334,180.3021,09-Jun-2023 19:00:00
31.8,"Partially cloudy",2023-06-09T19:30:00,17.7,23.3,70.63,"41.829742371733346, 12.468582121891949",0,0,1012.8,"16242099999,16239099999,AT416,16224099999,16234099999",23.3,10,227,15.2,0.625,151.2749,09-Jun-2023 19:30:00
30,"Partially cloudy",2023-06-09T20:00:00,18.1,22.3,76.87,"41.829742371733346, 12.468582121891949",0,0,1013.1,"16242099999,16239099999,AT416,16224099999,16234099999",22.3,10,220,10.7,0.666666666666666,74.1327,09-Jun-2023 20:00:00
30,"Partially cloudy",2023-06-09T20:30:00,18.1,22.3,76.87,"41.829742371733346, 12.468582121891949",0,0,1013.1,"16242099999,16239099999,AT416,16224099999,16234099999",22.3,10,220,10.7,0.708333333333334,84.5818,09-Jun-2023 20:30:00
26.9,"Partially cloudy",2023-06-09T21:00:00,18,21.2,82.11,"41.829742371733346, 12.468582121891949",0,0,1013.1,"16242099999,16239099999,AT416,16224099999,LIRA",21.2,10,231,5.9,0.75,122.8651,09-Jun-2023 21:00:00
26.9,"Partially cloudy",2023-06-09T21:30:00,18,21.2,82.11,"41.829742371733346, 12.468582121891949",0,0,1013.1,"16242099999,16239099999,AT416,16224099999,LIRA",21.2,10,231,5.9,0.791666666666666,123.3926,09-Jun-2023 21:30:00
50,"Partially cloudy",2023-06-09T22:00:00,17.2,21.1,78.69,"41.829742371733346, 12.468582121891949",0,0,1013.9,"16242099999,16239099999,16224099999,LIRA",21.1,10,230,3.6,0.833333333333334,131.1898,09-Jun-2023 22:00:00
50,"Partially cloudy",2023-06-09T22:30:00,17.2,21.1,78.69,"41.829742371733346, 12.468582121891949",0,0,1013.9,"16242099999,16239099999,16224099999,LIRA",21.1,10,230,3.6,0.875,135.1248,09-Jun-2023 22:30:00
30,"Partially cloudy",2023-06-09T23:00:00,18.1,21.1,83.14,"41.829742371733346, 12.468582121891949",0,0,1013.9,"16242099999,16239099999,16224099999,LIRA",21.1,10,220,3.6,0.916666666666666,0,09-Jun-2023 23:00:00
30,"Partially cloudy",2023-06-09T23:30:00,18.1,21.1,83.14,"41.829742371733346, 12.468582121891949",0,0,1013.9,"16242099999,16239099999,16224099999,LIRA",21.1,10,220,3.6,0.958333333333334,0,09-Jun-2023 23:30:00
50,"Partially cloudy",2023-06-10T00:00:00,17.2,21,79.18,"41.829742371733346, 12.468582121891949",0,0,1013.9,"16242099999,16239099999,16224099999,LIRA",21,10,240,3.6,1,0,10-Jun-2023 00:00:00
50,"Partially cloudy",2023-06-10T00:30:00,17.2,21,79.18,"41.829742371733346, 12.468582121891949",0,0,1013.9,"16242099999,16239099999,16224099999,LIRA",21,10,240,3.6,1,19.284,10-Jun-2023 00:30:00
44.8,"Partially cloudy",2023-06-10T01:00:00,18.1,20.9,83.8,"41.829742371733346, 12.468582121891949",0,0,1013.9,"16242099999,16239099999,16224099999,LIRA",20.9,10,329,3.6,1,91.2453,10-Jun-2023 01:00:00
44.8,"Partially cloudy",2023-06-10T01:30:00,18.1,20.9,83.8,"41.829742371733346, 12.468582121891949",0,0,1013.9,"16242099999,16239099999,16224099999,LIRA",20.9,10,329,3.6,1,130.8227,10-Jun-2023 01:30:00
14.4,"Rain",2023-06-10T02:00:00,19.8,20.8,94.22,"41.829742371733346, 12.468582121891949",1,100,1013.2,"16245099999,16242099999,16224099999",20.8,10,16,4.1,1,119.6525,10-Jun-2023 02:00:00
14.4,"Rain",2023-06-10T02:30:00,19.8,20.8,94.22,"41.829742371733346, 12.468582121891949",1,100,1013.2,"16245099999,16242099999,16224099999",20.8,10,16,4.1,1,72.8608,10-Jun-2023 02:30:00
44.8,"Partially cloudy",2023-06-10T03:00:00,19,20,93.97,"41.829742371733346, 12.468582121891949",0,0,1013,"16242099999,16239099999,16224099999,LIRA",20,10,33,7.3,1,39.8608,10-Jun-2023 03:00:00
44.8,"Partially cloudy",2023-06-10T03:30:00,19,20,93.97,"41.829742371733346, 12.468582121891949",0,0,1013,"16242099999,16239099999,16224099999,LIRA",20,10,33,7.3,1,15.5046,10-Jun-2023 03:30:00
26.6,"Partially cloudy",2023-06-10T04:00:00,18.1,19.9,88.98,"41.829742371733346, 12.468582121891949",0,0,1012.9,"16242099999,16239099999,16224099999,LIRA",19.9,10,67,9.3,1,56.3107,10-Jun-2023 04:00:00
26.6,"Partially cloudy",2023-06-10T04:30:00,18.1,19.9,88.98,"41.829742371733346, 12.468582121891949",0,0,1012.9,"16242099999,16239099999,16224099999,LIRA",19.9,10,67,9.3,1,78.4576,10-Jun-2023 04:30:00
NaN,"Clear",2023-06-10T05:00:00,18,19,93.93,"41.829742371733346, 12.468582121891949",0,0,1012.1,"16242099999,16239099999,16224099999,LIRA",19,10,16,5.5,1,93.9545,10-Jun-2023 05:00:00
NaN,"Clear",2023-06-10T05:30:00,18,19,93.93,"41.829742371733346, 12.468582121891949",0,0,1012.1,"16242099999,16239099999,16224099999,LIRA",19,10,16,5.5,1,175.6462,10-Jun-2023 05:30:00
NaN,"Clear",2023-06-10T06:00:00,18,19,93.77,"41.829742371733346, 12.468582121891949",0,0,1012.1,"16242099999,16239099999,AT416,16224099999,LIRA",19,10,20,6.9,1,205.7704,10-Jun-2023 06:00:00
NaN,"Clear",2023-06-10T06:30:00,18,19,93.77,"41.829742371733346, 12.468582121891949",0,0,1012.1,"16242099999,16239099999,AT416,16224099999,LIRA",19,10,20,6.9,1,119.5855,10-Jun-2023 06:30:00
50,"Partially cloudy",2023-06-10T07:00:00,17.1,19,88.75,"41.829742371733346, 12.468582121891949",0,0,1012.1,"16242099999,16239099999,AT416,16224099999,LIRA",19,10,36,7.1,1,168.2272,10-Jun-2023 07:00:00
50,"Partially cloudy",2023-06-10T07:30:00,17.1,19,88.75,"41.829742371733346, 12.468582121891949",0,0,1012.1,"16242099999,16239099999,AT416,16224099999,LIRA",19,10,36,7.1,1,150.6947,10-Jun-2023 07:30:00
50,"Rain, Partially cloudy",2023-06-10T08:00:00,17.2,20,84.22,"41.829742371733346, 12.468582121891949",0.548,100,1012.1,"16242099999,16239099999,AT416,16224099999,LIRA",20,10,6,7.2,1,228.7212,10-Jun-2023 08:00:00
50,"Rain, Partially cloudy",2023-06-10T08:30:00,17.2,20,84.22,"41.829742371733346, 12.468582121891949",0.548,100,1012.1,"16242099999,16239099999,AT416,16224099999,LIRA",20,10,6,7.2,1,552.0022,10-Jun-2023 08:30:00
NaN,"Clear",2023-06-10T09:00:00,17.2,21.1,78.3,"41.829742371733346, 12.468582121891949",0,0,1012.1,"16242099999,16239099999,AT416,16224099999,LIRA",21.1,10,20,5.2,1,551.1468,10-Jun-2023 09:00:00
NaN,"Clear",2023-06-10T09:30:00,17.2,21.1,78.3,"41.829742371733346, 12.468582121891949",0,0,1012.1,"16242099999,16239099999,AT416,16224099999,LIRA",21.1,10,20,5.2,1,448.0524,10-Jun-2023 09:30:00
30,"Partially cloudy",2023-06-10T10:00:00,16,22.2,67.94,"41.829742371733346, 12.468582121891949",0,0,1012.9,"16242099999,16239099999,AT416,16224099999,LIRA",22.2,10,328,9.1,1,466.7595,10-Jun-2023 10:00:00
30,"Partially cloudy",2023-06-10T10:30:00,16,22.2,67.94,"41.829742371733346, 12.468582121891949",0,0,1012.9,"16242099999,16239099999,AT416,16224099999,LIRA",22.2,10,328,9.1,1,537.7245,10-Jun-2023 10:30:00
50,"Partially cloudy",2023-06-10T11:00:00,16.9,24,64.41,"41.829742371733346, 12.468582121891949",0,0,1012.9,"16242099999,16239099999,AT416,16224099999,LIRA",24,10,280,4.7,1,555.0198,10-Jun-2023 11:00:00
50,"Partially cloudy",2023-06-10T11:30:00,16.9,24,64.41,"41.829742371733346, 12.468582121891949",0,0,1012.9,"16242099999,16239099999,AT416,16224099999,LIRA",24,10,280,4.7,1,584.3497,10-Jun-2023 11:30:00
27.3,"Partially cloudy",2023-06-10T12:00:00,15.3,24.1,58.22,"41.829742371733346, 12.468582121891949",0,0,1012.9,"16242099999,16239099999,AT416,16224099999,LIRA",24.1,10,285,9.8,1,587.6716,10-Jun-2023 12:00:00
27.3,"Partially cloudy",2023-06-10T12:30:00,15.3,24.1,58.22,"41.829742371733346, 12.468582121891949",0,0,1012.9,"16242099999,16239099999,AT416,16224099999,LIRA",24.1,10,285,9.8,1,388.5205,10-Jun-2023 12:30:00
50,"Partially cloudy",2023-06-10T13:00:00,15.4,25.8,52.47,"41.829742371733346, 12.468582121891949",0,0,1012.1,"16242099999,16239099999,AT416,16224099999,LIRA",25.8,10,246,5.4,1,397.3272,10-Jun-2023 13:00:00
50,"Partially cloudy",2023-06-10T13:30:00,15.4,25.8,52.47,"41.829742371733346, 12.468582121891949",0,0,1012.1,"16242099999,16239099999,AT416,16224099999,LIRA",25.8,10,246,5.4,1,251.8354,10-Jun-2023 13:30:00
50,"Partially cloudy",2023-06-10T14:00:00,16.2,27.3,52.52,"41.829742371733346, 12.468582121891949",0,0,1011.9,"16242099999,16239099999,AT416,16224099999,LIRA",26.7,10,277,13.3,1,130.704,10-Jun-2023 14:00:00
50,"Partially cloudy",2023-06-10T14:30:00,16.2,27.3,52.52,"41.829742371733346, 12.468582121891949",0,0,1011.9,"16242099999,16239099999,AT416,16224099999,LIRA",26.7,10,277,13.3,1,289.1912,10-Jun-2023 14:30:00
49.4,"Partially cloudy",2023-06-10T15:00:00,16.3,27.3,52.76,"41.829742371733346, 12.468582121891949",0,0,1011,"16242099999,16239099999,AT416,16224099999,LIRA",26.7,10,250,13.3,1,273.1876,10-Jun-2023 15:00:00
49.4,"Partially cloudy",2023-06-10T15:30:00,16.3,27.3,52.76,"41.829742371733346, 12.468582121891949",0,0,1011,"16242099999,16239099999,AT416,16224099999,LIRA",26.7,10,250,13.3,1,249.55,10-Jun-2023 15:30:00
48,"Partially cloudy",2023-06-10T16:00:00,15.4,27.2,49.91,"41.829742371733346, 12.468582121891949",0,0,1010.9,"16242099999,16239099999,AT416,16224099999,LIRA",26.8,10,285,13.7,1,207.1116,10-Jun-2023 16:00:00
48,"Partially cloudy",2023-06-10T16:30:00,15.4,27.2,49.91,"41.829742371733346, 12.468582121891949",0,0,1010.9,"16242099999,16239099999,AT416,16224099999,LIRA",26.8,10,285,13.7,1,292.947,10-Jun-2023 16:30:00
26.7,"Partially cloudy",2023-06-10T17:00:00,17.2,25.9,58.81,"41.829742371733346, 12.468582121891949",0,0,1010.9,"16242099999,16239099999,AT416,16224099999,LIRA",25.9,10,278,17.1,1,175.2272,10-Jun-2023 17:00:00
26.7,"Partially cloudy",2023-06-10T17:30:00,17.2,25.9,58.81,"41.829742371733346, 12.468582121891949",0,0,1010.9,"16242099999,16239099999,AT416,16224099999,LIRA",25.9,10,278,17.1,1,194.1149,10-Jun-2023 17:30:00
26.7,"Partially cloudy",2023-06-10T18:00:00,17.2,24.9,62.32,"41.829742371733346, 12.468582121891949",0,0,1010.9,"16242099999,16239099999,AT416,16224099999,LIRA",24.9,10,263,16.5,1,147.5247,10-Jun-2023 18:00:00
26.7,"Partially cloudy",2023-06-10T18:30:00,17.2,24.9,62.32,"41.829742371733346, 12.468582121891949",0,0,1010.9,"16242099999,16239099999,AT416,16224099999,LIRA",24.9,10,263,16.5,1,226.6841,10-Jun-2023 18:30:00
26.7,"Partially cloudy",2023-06-10T19:00:00,17.2,24.9,62.42,"41.829742371733346, 12.468582121891949",0,0,1010.9,"16242099999,16239099999,AT416,16224099999,LIRA",24.9,10,264,14.7,1,188.1234,10-Jun-2023 19:00:00
26.7,"Partially cloudy",2023-06-10T19:30:00,17.2,24.9,62.42,"41.829742371733346, 12.468582121891949",0,0,1010.9,"16242099999,16239099999,AT416,16224099999,LIRA",24.9,10,264,14.7,1,170.5623,10-Jun-2023 19:30:00
26.7,"Partially cloudy",2023-06-10T20:00:00,17.2,23.9,66.27,"41.829742371733346, 12.468582121891949",0,0,1010.9,"16242099999,16239099999,AT416,16224099999,LIRA",23.9,10,262,13.1,1,334.3435,10-Jun-2023 20:00:00
26.7,"Partially cloudy",2023-06-10T20:30:00,17.2,23.9,66.27,"41.829742371733346, 12.468582121891949",0,0,1010.9,"16242099999,16239099999,AT416,16224099999,LIRA",23.9,10,262,13.1,1,215.7028,10-Jun-2023 20:30:00
26.6,"Partially cloudy",2023-06-10T21:00:00,18.1,22,78.55,"41.829742371733346, 12.468582121891949",0,0,1011.1,"16242099999,16239099999,AT416,16224099999,LIRA",22,10,254,7.7,1,130.6008,10-Jun-2023 21:00:00
26.6,"Partially cloudy",2023-06-10T21:30:00,18.1,22,78.55,"41.829742371733346, 12.468582121891949",0,0,1011.1,"16242099999,16239099999,AT416,16224099999,LIRA",22,10,254,7.7,1,66.8801,10-Jun-2023 21:30:00
NaN,"Clear",2023-06-10T22:00:00,18,21.1,82.86,"41.829742371733346, 12.468582121891949",0,0,1011.1,"16242099999,16239099999,16224099999,LIRA",21.1,10,246,5.5,1,18.429,10-Jun-2023 22:00:00
NaN,"Clear",2023-06-10T22:30:00,18,21.1,82.86,"41.829742371733346, 12.468582121891949",0,0,1011.1,"16242099999,16239099999,16224099999,LIRA",21.1,10,246,5.5,1,0.472299999999997,10-Jun-2023 22:30:00
NaN,"Clear",2023-06-10T23:00:00,18,20.9,83.51,"41.829742371733346, 12.468582121891949",0,0,1011.9,"16242099999,16239099999,16224099999,LIRA",20.9,10,236,5.6,1,0,10-Jun-2023 23:00:00
NaN,"Clear",2023-06-10T23:30:00,18,20.9,83.51,"41.829742371733346, 12.468582121891949",0,0,1011.9,"16242099999,16239099999,16224099999,LIRA",20.9,10,236,5.6,1,0,10-Jun-2023 23:30:00
NaN,"Clear",2023-06-11T00:00:00,18.2,21,83.66,"41.829742371733346, 12.468582121891949",0,0,1011.9,"16242099999,16239099999,16224099999,LIRA",21,10,202,7.5,1,96.3173,11-Jun-2023 00:00:00
NaN,"Clear",2023-06-11T00:30:00,18.2,21,83.66,"41.829742371733346, 12.468582121891949",0,0,1011.9,"16242099999,16239099999,16224099999,LIRA",21,10,202,7.5,1,186.4114,11-Jun-2023 00:30:00
NaN,"Clear",2023-06-11T01:00:00,18.1,20.8,84.17,"41.829742371733346, 12.468582121891949",0,0,1011.9,"16242099999,16239099999,16224099999,LIRA",20.8,10,207,5.4,1,131.4114,11-Jun-2023 01:00:00
NaN,"Clear",2023-06-11T01:30:00,18.1,20.8,84.17,"41.829742371733346, 12.468582121891949",0,0,1011.9,"16242099999,16239099999,16224099999,LIRA",20.8,10,207,5.4,1,79.4549,11-Jun-2023 01:30:00
NaN,"Clear",2023-06-11T02:00:00,18,20.7,84.16,"41.829742371733346, 12.468582121891949",0,0,1011.1,"16242099999,16239099999,16224099999,LIRA",20.7,10,226,3.8,1,54.0968,11-Jun-2023 02:00:00
NaN,"Clear",2023-06-11T02:30:00,18,20.7,84.16,"41.829742371733346, 12.468582121891949",0,0,1011.1,"16242099999,16239099999,16224099999,LIRA",20.7,10,226,3.8,1,14.8511,11-Jun-2023 02:30:00
50,"Partially cloudy",2023-06-11T03:00:00,18.2,20,89.4,"41.829742371733346, 12.468582121891949",0,0,1011.1,"16245099999,16242099999,16239099999,16224099999",20,10,360,3.9,1,19.8703,11-Jun-2023 03:00:00
50,"Partially cloudy",2023-06-11T03:30:00,18.2,20,89.4,"41.829742371733346, 12.468582121891949",0,0,1011.1,"16245099999,16242099999,16239099999,16224099999",20,10,360,3.9,1,8.8703,11-Jun-2023 03:30:00
NaN,"Clear",2023-06-11T04:00:00,17,18.9,88.74,"41.829742371733346, 12.468582121891949",0,0,1010.9,"16242099999,16239099999,16224099999,LIRA",18.9,10,340,5.2,1,16.7602,11-Jun-2023 04:00:00
NaN,"Clear",2023-06-11T04:30:00,17,18.9,88.74,"41.829742371733346, 12.468582121891949",0,0,1010.9,"16242099999,16239099999,16224099999,LIRA",18.9,10,340,5.2,1,5.7602,11-Jun-2023 04:30:00
NaN,"Clear",2023-06-11T05:00:00,16.9,18.8,88.88,"41.829742371733346, 12.468582121891949",0,0,1010.9,"16242099999,16239099999,16224099999,LIRA",18.8,10,358,5.4,1,0,11-Jun-2023 05:00:00
NaN,"Clear",2023-06-11T05:30:00,16.9,18.8,88.88,"41.829742371733346, 12.468582121891949",0,0,1010.9,"16242099999,16239099999,16224099999,LIRA",18.8,10,358,5.4,1,0,11-Jun-2023 05:30:00
NaN,"Clear",2023-06-11T06:00:00,16.1,18,88.82,"41.829742371733346, 12.468582121891949",0,0,1010.9,"16242099999,16239099999,AT416,16224099999,LIRA",18,10,31,7.5,1,0,11-Jun-2023 06:00:00
NaN,"Clear",2023-06-11T06:30:00,16.1,18,88.82,"41.829742371733346, 12.468582121891949",0,0,1010.9,"16242099999,16239099999,AT416,16224099999,LIRA",18,10,31,7.5,1,51.1459,11-Jun-2023 06:30:00
NaN,"Clear",2023-06-11T07:00:00,16.2,19,83.97,"41.829742371733346, 12.468582121891949",0,0,1010.9,"16242099999,16239099999,AT416,16224099999,LIRA",19,10,20,5,1,40.1459,11-Jun-2023 07:00:00
NaN,"Clear",2023-06-11T07:30:00,16.2,19,83.97,"41.829742371733346, 12.468582121891949",0,0,1010.9,"16242099999,16239099999,AT416,16224099999,LIRA",19,10,20,5,1,76.8466,11-Jun-2023 07:30:00
NaN,"Clear",2023-06-11T08:00:00,16.2,20.2,77.93,"41.829742371733346, 12.468582121891949",0,0,1010.9,"16242099999,16239099999,AT416,16224099999,LIRA",20.2,10,25,8.9,1,18.1459,11-Jun-2023 08:00:00
NaN,"Clear",2023-06-11T08:30:00,16.2,20.2,77.93,"41.829742371733346, 12.468582121891949",0,0,1010.9,"16242099999,16239099999,AT416,16224099999,LIRA",20.2,10,25,8.9,1,48.6805,11-Jun-2023 08:30:00
NaN,"Clear",2023-06-11T09:00:00,17.1,22.1,73.43,"41.829742371733346, 12.468582121891949",0,0,1011,"16242099999,16239099999,AT416,16224099999,LIRA",22.1,10,31,9.1,1,147.4254,11-Jun-2023 09:00:00
NaN,"Clear",2023-06-11T09:30:00,17.1,22.1,73.43,"41.829742371733346, 12.468582121891949",0,0,1011,"16242099999,16239099999,AT416,16224099999,LIRA",22.1,10,31,9.1,1,171.2304,11-Jun-2023 09:30:00
NaN,"Clear",2023-06-11T10:00:00,17.1,23.2,68.69,"41.829742371733346, 12.468582121891949",0,0,1011,"16242099999,16239099999,AT416,16224099999,LIRA",23.2,10,2,7.6,1,122.5876,11-Jun-2023 10:00:00
NaN,"Clear",2023-06-11T10:30:00,17.1,23.2,68.69,"41.829742371733346, 12.468582121891949",0,0,1011,"16242099999,16239099999,AT416,16224099999,LIRA",23.2,10,2,7.6,1,166.5127,11-Jun-2023 10:30:00
26.6,"Partially cloudy",2023-06-11T11:00:00,17.1,24.2,64.67,"41.829742371733346, 12.468582121891949",0,0,1010.9,"16242099999,16239099999,AT416,16224099999,LIRA",24.2,10,360,11.4,1,212.3461,11-Jun-2023 11:00:00
26.6,"Partially cloudy",2023-06-11T11:30:00,17.1,24.2,64.67,"41.829742371733346, 12.468582121891949",0,0,1010.9,"16242099999,16239099999,AT416,16224099999,LIRA",24.2,10,360,11.4,1,234.3757,11-Jun-2023 11:30:00
50,"Partially cloudy",2023-06-11T12:00:00,16.3,25.7,56.07,"41.829742371733346, 12.468582121891949",0,0,1011,"16242099999,16239099999,AT416,16224099999,LIRA",25.7,10,316,9.8,1,330.212,11-Jun-2023 12:00:00
50,"Partially cloudy",2023-06-11T12:30:00,16.3,25.7,56.07,"41.829742371733346, 12.468582121891949",0,0,1011,"16242099999,16239099999,AT416,16224099999,LIRA",25.7,10,316,9.8,1,258.3184,11-Jun-2023 12:30:00
47.9,"Partially cloudy",2023-06-11T13:00:00,17.2,26,58.57,"41.829742371733346, 12.468582121891949",0,0,1010.9,"16242099999,16239099999,AT416,16224099999,LIRA",26,10,269,18.2,1,240.1132,11-Jun-2023 13:00:00
47.9,"Partially cloudy",2023-06-11T13:30:00,17.2,26,58.57,"41.829742371733346, 12.468582121891949",0,0,1010.9,"16242099999,16239099999,AT416,16224099999,LIRA",26,10,269,18.2,1,217.4596,11-Jun-2023 13:30:00
47.9,"Rain, Partially cloudy",2023-06-11T14:00:00,17.2,27.5,55.96,"41.829742371733346, 12.468582121891949",0.013,100,1010.1,"16242099999,16239099999,AT416,16224099999,LIRA",26.7,10,290,15.7,1,204.0556,11-Jun-2023 14:00:00
47.9,"Rain, Partially cloudy",2023-06-11T14:30:00,17.2,27.5,55.96,"41.829742371733346, 12.468582121891949",0.013,100,1010.1,"16242099999,16239099999,AT416,16224099999,LIRA",26.7,10,290,15.7,1,239.5976,11-Jun-2023 14:30:00
88.6,"Partially cloudy",2023-06-11T15:00:00,18.1,27.8,58.78,"41.829742371733346, 12.468582121891949",0,0,1010.1,"16242099999,16239099999,AT416,16224099999,LIRA",26.9,10,279,18.6,1,239.1262,11-Jun-2023 15:00:00
88.6,"Partially cloudy",2023-06-11T15:30:00,18.1,27.8,58.78,"41.829742371733346, 12.468582121891949",0,0,1010.1,"16242099999,16239099999,AT416,16224099999,LIRA",26.9,10,279,18.6,1,188.3114,11-Jun-2023 15:30:00
50,"Partially cloudy",2023-06-11T16:00:00,18,27.8,58.4,"41.829742371733346, 12.468582121891949",0,0,1010,"16242099999,16239099999,AT416,16224099999,LIRA",26.8,10,254,21.1,1,223.2106,11-Jun-2023 16:00:00
50,"Partially cloudy",2023-06-11T16:30:00,18,27.8,58.4,"41.829742371733346, 12.468582121891949",0,0,1010,"16242099999,16239099999,AT416,16224099999,LIRA",26.8,10,254,21.1,1,261.4738,11-Jun-2023 16:30:00
50,"Partially cloudy",2023-06-11T17:00:00,18.2,25.9,62.54,"41.829742371733346, 12.468582121891949",0,0,1010,"16242099999,16239099999,AT416,16224099999,LIRA",25.9,10,245,21.2,1,149.1372,11-Jun-2023 17:00:00
50,"Partially cloudy",2023-06-11T17:30:00,18.2,25.9,62.54,"41.829742371733346, 12.468582121891949",0,0,1010,"16242099999,16239099999,AT416,16224099999,LIRA",25.9,10,245,21.2,1,171.8383,11-Jun-2023 17:30:00
50,"Partially cloudy",2023-06-11T18:00:00,18.2,25.9,62.54,"41.829742371733346, 12.468582121891949",0,0,1009.9,"16242099999,16239099999,AT416,16224099999,LIRA",25.9,10,272,21.2,1,125.8304,11-Jun-2023 18:00:00
50,"Partially cloudy",2023-06-11T18:30:00,18.2,25.9,62.54,"41.829742371733346, 12.468582121891949",0,0,1009.9,"16242099999,16239099999,AT416,16224099999,LIRA",25.9,10,272,21.2,1,40.5718,11-Jun-2023 18:30:00
88.6,"Partially cloudy",2023-06-11T19:00:00,15.5,23.2,61.95,"41.829742371733346, 12.468582121891949",0,0,1010.8,"16242099999,16239099999,AT416,16224099999,LIRA",23.2,10,87,28.2,1,147.3087,11-Jun-2023 19:00:00
88.6,"Partially cloudy",2023-06-11T19:30:00,15.5,23.2,61.95,"41.829742371733346, 12.468582121891949",0,0,1010.8,"16242099999,16239099999,AT416,16224099999,LIRA",23.2,10,87,28.2,1,170.529,11-Jun-2023 19:30:00
84.6,"Rain, Partially cloudy",2023-06-11T20:00:00,16.4,20.5,77.44,"41.829742371733346, 12.468582121891949",1.369,100,1010.9,"16242099999,16239099999,AT416,16224099999,LIRA",20.5,10,69,6.4,1,251.5451,11-Jun-2023 20:00:00
84.6,"Rain, Partially cloudy",2023-06-11T20:30:00,16.4,20.5,77.44,"41.829742371733346, 12.468582121891949",1.369,100,1010.9,"16242099999,16239099999,AT416,16224099999,LIRA",20.5,10,69,6.4,1,137.1258,11-Jun-2023 20:30:00
88.8,"Partially cloudy",2023-06-11T21:00:00,17.1,20.3,81.72,"41.829742371733346, 12.468582121891949",0,0,1011,"16242099999,16239099999,AT416,16224099999,LIRA",20.3,10,63,8.7,1,55.2913,11-Jun-2023 21:00:00
88.8,"Partially cloudy",2023-06-11T21:30:00,17.1,20.3,81.72,"41.829742371733346, 12.468582121891949",0,0,1011,"16242099999,16239099999,AT416,16224099999,LIRA",20.3,10,63,8.7,1,106.7605,11-Jun-2023 21:30:00
26.6,"Partially cloudy",2023-06-11T22:00:00,17.2,20.2,82.89,"41.829742371733346, 12.468582121891949",0,0,1010.9,"16242099999,16239099999,16224099999,LIRA",20.2,10,129,11.3,1,84.6414,11-Jun-2023 22:00:00
26.6,"Partially cloudy",2023-06-11T22:30:00,17.2,20.2,82.89,"41.829742371733346, 12.468582121891949",0,0,1010.9,"16242099999,16239099999,16224099999,LIRA",20.2,10,129,11.3,1,45.3184,11-Jun-2023 22:30:00
50,"Partially cloudy",2023-06-11T23:00:00,18.1,20,88.68,"41.829742371733346, 12.468582121891949",0,0,1011,"16242099999,16239099999,16224099999,LIRA",20,10,141,8,1,13.7435,11-Jun-2023 23:00:00
50,"Partially cloudy",2023-06-11T23:30:00,18.1,20,88.68,"41.829742371733346, 12.468582121891949",0,0,1011,"16242099999,16239099999,16224099999,LIRA",20,10,141,8,1,0,11-Jun-2023 23:30:00
50,"Partially cloudy",2023-06-12T00:00:00,18,19.2,93.19,"41.829742371733346, 12.468582121891949",0,0,1011.1,"16242099999,16239099999,16224099999,LIRA",19.2,10,125,3.8,2.32305725857593e-08,0,12-Jun-2023 00:00:00
50,"Partially cloudy",2023-06-12T00:30:00,18,19.2,93.19,"41.829742371733346, 12.468582121891949",0,0,1011.1,"16242099999,16239099999,16224099999,LIRA",19.2,10,125,3.8,2.28048236538749e-08,13.5284,12-Jun-2023 00:30:00
50,"Partially cloudy",2023-06-12T01:00:00,17.5,20.1,84.94,"41.829742371733346, 12.468582121891949",0,0,1010.9,"16245099999,16242099999,16239099999,16224099999",20.1,10,133,4.4,2.23878327180193e-08,38.5395,12-Jun-2023 01:00:00
50,"Partially cloudy",2023-06-12T01:30:00,17.5,20.1,84.94,"41.829742371733346, 12.468582121891949",0,0,1010.9,"16245099999,16242099999,16239099999,16224099999",20.1,10,133,4.4,2.19794000540912e-08,14.0111,12-Jun-2023 01:30:00
NaN,"Rain",2023-06-12T02:00:00,17.1,19.8,84.06,"41.829742371733346, 12.468582121891949",0.684,100,1010.9,"16242099999,16239099999,16224099999,LIRA",19.8,10,27,3.9,2.15793309434857e-08,0,12-Jun-2023 02:00:00
NaN,"Rain",2023-06-12T02:30:00,17.1,19.8,84.06,"41.829742371733346, 12.468582121891949",0.684,100,1010.9,"16242099999,16239099999,16224099999,LIRA",19.8,10,27,3.9,2.11874355297309e-08,0,12-Jun-2023 02:30:00
50,"Partially cloudy",2023-06-12T03:00:00,18.2,19.4,92.86,"41.829742371733346, 12.468582121891949",0,0,1010.7,"16245099999,16242099999,16239099999,16224099999",19.4,10,47,4.5,2.08035286799761e-08,0,12-Jun-2023 03:00:00
50,"Partially cloudy",2023-06-12T03:30:00,18.2,19.4,92.86,"41.829742371733346, 12.468582121891949",0,0,1010.7,"16245099999,16242099999,16239099999,16224099999",19.4,10,47,4.5,2.04274298698587e-08,0,12-Jun-2023 03:30:00
NaN,"Clear",2023-06-12T04:00:00,17,18.9,88.89,"41.829742371733346, 12.468582121891949",0,0,1010.9,"16242099999,16239099999,16224099999,LIRA",18.9,10,41,2.5,2.00589630522271e-08,17.5837,12-Jun-2023 04:00:00
NaN,"Clear",2023-06-12T04:30:00,17,18.9,88.89,"41.829742371733346, 12.468582121891949",0,0,1010.9,"16242099999,16239099999,16224099999,LIRA",18.9,10,41,2.5,1.96979565302909e-08,52.8977,12-Jun-2023 04:30:00
NaN,"Clear",2023-06-12T05:00:00,17.1,18.9,89.46,"41.829742371733346, 12.468582121891949",0,0,1010.1,"16242099999,16239099999,16224099999,LIRA",18.9,10,42,9.3,1.93442428526302e-08,35.314,12-Jun-2023 05:00:00
NaN,"Clear",2023-06-12T05:30:00,17.1,18.9,89.46,"41.829742371733346, 12.468582121891949",0,0,1010.1,"16242099999,16239099999,16224099999,LIRA",18.9,10,42,9.3,1.89976586929094e-08,38.0925,12-Jun-2023 05:30:00
NaN,"Clear",2023-06-12T06:00:00,16.1,17.1,93.68,"41.829742371733346, 12.468582121891949",0,0,1010.1,"16242099999,16239099999,AT416,16224099999,LIRA",17.1,10,26,4.3,1.86580447336334e-08,53.9326,12-Jun-2023 06:00:00
NaN,"Clear",2023-06-12T06:30:00,16.1,17.1,93.68,"41.829742371733346, 12.468582121891949",0,0,1010.1,"16242099999,16239099999,AT416,16224099999,LIRA",17.1,10,26,4.3,1.83252455703556e-08,113.4916,12-Jun-2023 06:30:00
NaN,"Clear",2023-06-12T07:00:00,17.1,18.2,93.71,"41.829742371733346, 12.468582121891949",0,0,1010.2,"16242099999,16239099999,AT416,16224099999,16234099999",18.2,10,25,5.9,1.79991096013921e-08,122.0819,12-Jun-2023 07:00:00
NaN,"Clear",2023-06-12T07:30:00,17.1,18.2,93.71,"41.829742371733346, 12.468582121891949",0,0,1010.2,"16242099999,16239099999,AT416,16224099999,16234099999",18.2,10,25,5.9,1.76794889212312e-08,428.0126,12-Jun-2023 07:30:00
NaN,"Rain",2023-06-12T08:00:00,17.2,20.1,83.67,"41.829742371733346, 12.468582121891949",0.018,100,1010.8,"16242099999,16239099999,AT416,16224099999,16234099999",20.1,10,15,8.1,1.73662392330885e-08,521.7098,12-Jun-2023 08:00:00
NaN,"Rain",2023-06-12T08:30:00,17.2,20.1,83.67,"41.829742371733346, 12.468582121891949",0.018,100,1010.8,"16242099999,16239099999,AT416,16224099999,16234099999",20.1,10,15,8.1,1.70592197477271e-08,497.1523,12-Jun-2023 08:30:00
NaN,"Clear",2023-06-12T09:00:00,17.4,21.4,78.21,"41.829742371733346, 12.468582121891949",0,0,1010.8,"16242099999,16239099999,AT416,16224099999,16234099999",21.4,10,30,9.6,1.67582930856586e-08,400.8026,12-Jun-2023 09:00:00
NaN,"Clear",2023-06-12T09:30:00,17.4,21.4,78.21,"41.829742371733346, 12.468582121891949",0,0,1010.8,"16242099999,16239099999,AT416,16224099999,16234099999",21.4,10,30,9.6,1.64633251972766e-08,354.968,12-Jun-2023 09:30:00
30,"Partially cloudy",2023-06-12T10:00:00,17,23.4,67.23,"41.829742371733346, 12.468582121891949",0,0,1010.8,"16242099999,16239099999,AT416,16224099999,16234099999",23.4,10,29,8.7,1.61741852699748e-08,447.802,12-Jun-2023 10:00:00
30,"Partially cloudy",2023-06-12T10:30:00,17,23.4,67.23,"41.829742371733346, 12.468582121891949",0,0,1010.8,"16242099999,16239099999,AT416,16224099999,16234099999",23.4,10,29,8.7,1.58907456383587e-08,499.99,12-Jun-2023 10:30:00
30,"Partially cloudy",2023-06-12T11:00:00,17.8,24.5,66.43,"41.829742371733346, 12.468582121891949",0,0,1010.8,"16242099999,16239099999,AT416,16224099999,16234099999",24.5,10,12,8.4,1.56128817112651e-08,454.3654,12-Jun-2023 11:00:00
30,"Partially cloudy",2023-06-12T11:30:00,17.8,24.5,66.43,"41.829742371733346, 12.468582121891949",0,0,1010.8,"16242099999,16239099999,AT416,16224099999,16234099999",24.5,10,12,8.4,1.53404718864452e-08,490.3496,12-Jun-2023 11:30:00
32.4,"Partially cloudy",2023-06-12T12:00:00,17,25.5,59.43,"41.829742371733346, 12.468582121891949",0,0,1010.8,"16242099999,16239099999,AT416,16224099999,16234099999",25.5,10,331,9.6,1.50733974680814e-08,414.0618,12-Jun-2023 12:00:00
32.4,"Partially cloudy",2023-06-12T12:30:00,17,25.5,59.43,"41.829742371733346, 12.468582121891949",0,0,1010.8,"16242099999,16239099999,AT416,16224099999,16234099999",25.5,10,331,9.6,1.48115426000661e-08,359.6065,12-Jun-2023 12:30:00
33.9,"Partially cloudy",2023-06-12T13:00:00,16.4,26,55.46,"41.829742371733346, 12.468582121891949",0,0,1010.2,"16242099999,16239099999,AT416,16224099999,16234099999",26,10,293,8.7,1.45547941875869e-08,319.7886,12-Jun-2023 13:00:00
33.9,"Partially cloudy",2023-06-12T13:30:00,16.4,26,55.46,"41.829742371733346, 12.468582121891949",0,0,1010.2,"16242099999,16239099999,AT416,16224099999,16234099999",26,10,293,8.7,1.4303041821309e-08,287.329,12-Jun-2023 13:30:00
43.7,"Partially cloudy",2023-06-12T14:00:00,16.4,28,50.71,"41.829742371733346, 12.468582121891949",0,0,1010.2,"16242099999,16239099999,AT416,16224099999,16234099999",27.5,10,312,13.4,1.40561777163469e-08,188.2373,12-Jun-2023 14:00:00
43.7,"Partially cloudy",2023-06-12T14:30:00,16.4,28,50.71,"41.829742371733346, 12.468582121891949",0,0,1010.2,"16242099999,16239099999,AT416,16224099999,16234099999",27.5,10,312,13.4,1.38140966401507e-08,166.3233,12-Jun-2023 14:30:00
36.9,"Partially cloudy",2023-06-12T15:00:00,17.4,27.8,55.73,"41.829742371733346, 12.468582121891949",0,0,1009.1,"16242099999,16239099999,AT416,16224099999,16234099999",27,10,266,17.7,1.35766958427744e-08,251.7933,12-Jun-2023 15:00:00
36.9,"Partially cloudy",2023-06-12T15:30:00,17.4,27.8,55.73,"41.829742371733346, 12.468582121891949",0,0,1009.1,"16242099999,16239099999,AT416,16224099999,16234099999",27,10,266,17.7,1.33438750010286e-08,230.2265,12-Jun-2023 15:30:00
36.9,"Partially cloudy",2023-06-12T16:00:00,17.1,27.7,54.79,"41.829742371733346, 12.468582121891949",0,0,1009.7,"16242099999,16239099999,AT416,16224099999,16234099999",27,10,264,22.1,1.31155361521226e-08,423.2402,12-Jun-2023 16:00:00
36.9,"Partially cloudy",2023-06-12T16:30:00,17.1,27.7,54.79,"41.829742371733346, 12.468582121891949",0,0,1009.7,"16242099999,16239099999,AT416,16224099999,16234099999",27,10,264,22.1,1.28915836294928e-08,516.8448,12-Jun-2023 16:30:00
44.4,"Partially cloudy",2023-06-12T17:00:00,17.2,27.7,55.23,"41.829742371733346, 12.468582121891949",0,0,1009.9,"16242099999,16239099999,AT416,16224099999,16234099999,LIRA",26.9,10,270,18.5,1.26719240116725e-08,368.6763,12-Jun-2023 17:00:00
44.4,"Partially cloudy",2023-06-12T17:30:00,17.2,27.7,55.23,"41.829742371733346, 12.468582121891949",0,0,1009.9,"16242099999,16239099999,AT416,16224099999,16234099999,LIRA",26.9,10,270,18.5,1.24564660611956e-08,198.9254,12-Jun-2023 17:30:00
38.7,"Partially cloudy",2023-06-12T18:00:00,16.5,25.5,57.55,"41.829742371733346, 12.468582121891949",0,0,1009.2,"16242099999,16239099999,AT416,16224099999,16234099999",25.5,9.5,267,18.2,1.22451206655076e-08,290.3944,12-Jun-2023 18:00:00
38.7,"Partially cloudy",2023-06-12T18:30:00,16.5,25.5,57.55,"41.829742371733346, 12.468582121891949",0,0,1009.2,"16242099999,16239099999,AT416,16224099999,16234099999",25.5,9.5,267,18.2,1.2037800790133e-08,132.53,12-Jun-2023 18:30:00
74.9,"Partially cloudy",2023-06-12T19:00:00,16.7,20.3,79.79,"41.829742371733346, 12.468582121891949",0,0,1010.6,"16242099999,16239099999,AT416,16224099999,16234099999",20.3,5.5,52,13.8,1.18344214223911e-08,103.6695,12-Jun-2023 19:00:00
74.9,"Partially cloudy",2023-06-12T19:30:00,16.7,20.3,79.79,"41.829742371733346, 12.468582121891949",0,0,1010.6,"16242099999,16239099999,AT416,16224099999,16234099999",20.3,5.5,52,13.8,1.16348995169559e-08,128.9627,12-Jun-2023 19:30:00
59,"Rain, Partially cloudy",2023-06-12T20:00:00,17.4,20.9,80.52,"41.829742371733346, 12.468582121891949",15.947,100,1010.2,"16242099999,16239099999,AT416,16224099999,16234099999",20.9,10,159,12.3,1.14391539529414e-08,178.1412,12-Jun-2023 20:00:00
59,"Rain, Partially cloudy",2023-06-12T20:30:00,17.4,20.9,80.52,"41.829742371733346, 12.468582121891949",15.947,100,1010.2,"16242099999,16239099999,AT416,16224099999,16234099999",20.9,10,159,12.3,1.12471054820203e-08,159.9491,12-Jun-2023 20:30:00
26.9,"Partially cloudy",2023-06-12T21:00:00,18.1,20.3,87.04,"41.829742371733346, 12.468582121891949",0,0,1009.9,"16242099999,16239099999,AT416,16224099999,LIRA",20.3,10,29,12.3,1.105867667824e-08,78.5353,12-Jun-2023 21:00:00
26.9,"Partially cloudy",2023-06-12T21:30:00,18.1,20.3,87.04,"41.829742371733346, 12.468582121891949",0,0,1009.9,"16242099999,16239099999,AT416,16224099999,LIRA",20.3,10,29,12.3,1.08737918986797e-08,39.1435,12-Jun-2023 21:30:00
26.6,"Partially cloudy",2023-06-12T22:00:00,17.8,20.2,85.93,"41.829742371733346, 12.468582121891949",0,0,1010.9,"16242099999,16239099999,16224099999,LIRA",20.2,10,88,8.2,1.06923772356019e-08,17.1435,12-Jun-2023 22:00:00
26.6,"Partially cloudy",2023-06-12T22:30:00,17.8,20.2,85.93,"41.829742371733346, 12.468582121891949",0,0,1010.9,"16242099999,16239099999,16224099999,LIRA",20.2,10,88,8.2,1.05143604701654e-08,3.935,12-Jun-2023 22:30:00
NaN,"Clear",2023-06-12T23:00:00,16.9,20.1,82.21,"41.829742371733346, 12.468582121891949",0,0,1010.1,"16242099999,16239099999,16224099999,LIRA",20.1,10,124,9.2,1.03396710363418e-08,0,12-Jun-2023 23:00:00
NaN,"Clear",2023-06-12T23:30:00,16.9,20.1,82.21,"41.829742371733346, 12.468582121891949",0,0,1010.1,"16242099999,16239099999,16224099999,LIRA",20.1,10,124,9.2,1.0168239976762e-08,0,12-Jun-2023 23:30:00
NaN,"Clear",2023-06-13T00:00:00,17,19.1,87.89,"41.829742371733346, 12.468582121891949",0,0,1010.1,"16242099999,16239099999,16224099999,LIRA",19.1,10,40,2.2,9.9999999e-09,0,13-Jun-2023 00:00:00
NaN,"Clear",2023-06-13T00:30:00,17,19.1,87.89,"41.829742371733346, 12.468582121891949",0,0,1010.1,"16242099999,16239099999,16224099999,LIRA",19.1,10,40,2.2,9.83488494746525e-09,30.9677,13-Jun-2023 00:30:00
NaN,"Clear",2023-06-13T01:00:00,16.9,19,87.88,"41.829742371733346, 12.468582121891949",0,0,1010.1,"16242099999,16239099999,16224099999,LIRA",19,10,NaN,1.8,9.67283075263607e-09,8.9677,13-Jun-2023 01:00:00
NaN,"Clear",2023-06-13T01:30:00,16.9,19,87.88,"41.829742371733346, 12.468582121891949",0,0,1010.1,"16242099999,16239099999,16224099999,LIRA",19,10,NaN,1.8,9.51377440161766e-09,0,13-Jun-2023 01:30:00
NaN,"Clear",2023-06-13T02:00:00,16.1,18.9,83.81,"41.829742371733346, 12.468582121891949",0,0,1010.1,"16242099999,16239099999,16224099999,LIRA",18.9,10,85,7.1,9.35765440275245e-09,0,13-Jun-2023 02:00:00
NaN,"Clear",2023-06-13T02:30:00,16.1,18.9,83.81,"41.829742371733346, 12.468582121891949",0,0,1010.1,"16242099999,16239099999,16224099999,LIRA",18.9,10,85,7.1,9.20441064896039e-09,0,13-Jun-2023 02:30:00
NaN,"Clear",2023-06-13T03:00:00,16.9,19,88.03,"41.829742371733346, 12.468582121891949",0,0,1009.9,"16242099999,16239099999,16224099999,LIRA",19,10,90,2.6,9.05398438130065e-09,0,13-Jun-2023 03:00:00
NaN,"Clear",2023-06-13T03:30:00,16.9,19,88.03,"41.829742371733346, 12.468582121891949",0,0,1009.9,"16242099999,16239099999,16224099999,LIRA",19,10,90,2.6,8.90631816106549e-09,0,13-Jun-2023 03:30:00
90,"Partially cloudy",2023-06-13T04:00:00,16.9,18,93.56,"41.829742371733346, 12.468582121891949",0,0,1010,"16242099999,16239099999,16224099999,LIRA",18,10,23,5.2,8.76135583497222e-09,0,13-Jun-2023 04:00:00
90,"Partially cloudy",2023-06-13T04:30:00,16.9,18,93.56,"41.829742371733346, 12.468582121891949",0,0,1010,"16242099999,16239099999,16224099999,LIRA",18,10,23,5.2,8.619042501482e-09,64.2838,13-Jun-2023 04:30:00
NaN,"Clear",2023-06-13T05:00:00,16.9,18.1,92.97,"41.829742371733346, 12.468582121891949",0,0,1009.1,"16242099999,16239099999,16224099999,LIRA",18.1,10,41,12.8,8.47932448516415e-09,42.2838,13-Jun-2023 05:00:00
NaN,"Clear",2023-06-13T05:30:00,16.9,18.1,92.97,"41.829742371733346, 12.468582121891949",0,0,1009.1,"16242099999,16239099999,16224099999,LIRA",18.1,10,41,12.8,8.34214930450692e-09,128.7598,13-Jun-2023 05:30:00
30,"Partially cloudy",2023-06-13T06:00:00,16.1,17.2,92.93,"41.829742371733346, 12.468582121891949",0,0,1009.1,"16242099999,16239099999,AT416,16224099999,LIRA",17.2,10,80,4.2,8.20746564076842e-09,145.1286,13-Jun-2023 06:00:00
30,"Partially cloudy",2023-06-13T06:30:00,16.1,17.2,92.93,"41.829742371733346, 12.468582121891949",0,0,1009.1,"16242099999,16239099999,AT416,16224099999,LIRA",17.2,10,80,4.2,8.07522331441766e-09,254.3869,13-Jun-2023 06:30:00
30,"Partially cloudy",2023-06-13T07:00:00,16.5,18.2,89.4,"41.829742371733346, 12.468582121891949",0,0,1009.2,"16242099999,16239099999,AT416,16224099999,16234099999",18.2,10,7,4.8,7.94537325535151e-09,293.7648,13-Jun-2023 07:00:00
30,"Partially cloudy",2023-06-13T07:30:00,16.5,18.2,89.4,"41.829742371733346, 12.468582121891949",0,0,1009.2,"16242099999,16239099999,AT416,16224099999,16234099999",18.2,10,7,4.8,7.81786747407255e-09,294.3248,13-Jun-2023 07:30:00
46.1,"Rain, Partially cloudy",2023-06-13T08:00:00,17.1,20.2,82.11,"41.829742371733346, 12.468582121891949",0.018,100,1010.2,"16242099999,16239099999,AT416,16224099999,16234099999",20.2,10,81,5.3,7.69265904003033e-09,384.171,13-Jun-2023 08:00:00
46.1,"Rain, Partially cloudy",2023-06-13T08:30:00,17.1,20.2,82.11,"41.829742371733346, 12.468582121891949",0.018,100,1010.2,"16242099999,16239099999,AT416,16224099999,16234099999",20.2,10,81,5.3,7.56970205405061e-09,474.1262,13-Jun-2023 08:30:00
75.5,"Partially cloudy",2023-06-13T09:00:00,18.7,22.7,77.73,"41.829742371733346, 12.468582121891949",0,0,1010.2,"16242099999,16239099999,AT416,16224099999,16234099999",22.7,10,162,7.9,7.44895162165245e-09,602.8718,13-Jun-2023 09:00:00
75.5,"Partially cloudy",2023-06-13T09:30:00,18.7,22.7,77.73,"41.829742371733346, 12.468582121891949",0,0,1010.2,"16242099999,16239099999,AT416,16224099999,16234099999",22.7,10,162,7.9,7.33036383312931e-09,490.2503,13-Jun-2023 09:30:00
73.1,"Partially cloudy",2023-06-13T10:00:00,19,23.4,76.31,"41.829742371733346, 12.468582121891949",0,0,1009.8,"16242099999,16239099999,AT416,16224099999,16234099999",23.4,10,116,5.2,7.21389573801304e-09,401.8047,13-Jun-2023 10:00:00
73.1,"Partially cloudy",2023-06-13T10:30:00,19,23.4,76.31,"41.829742371733346, 12.468582121891949",0,0,1009.8,"16242099999,16239099999,AT416,16224099999,16234099999",23.4,10,116,5.2,7.09950532035905e-09,185.7059,13-Jun-2023 10:30:00
73.1,"Partially cloudy",2023-06-13T11:00:00,18.2,24.1,70.03,"41.829742371733346, 12.468582121891949",0,0,1009.8,"16242099999,16239099999,AT416,16224099999,16234099999",24.1,10,177,15.3,6.98715148042079e-09,302.1758,13-Jun-2023 11:00:00
73.1,"Partially cloudy",2023-06-13T11:30:00,18.2,24.1,70.03,"41.829742371733346, 12.468582121891949",0,0,1009.8,"16242099999,16239099999,AT416,16224099999,16234099999",24.1,10,177,15.3,6.87679401098649e-09,623.2837,13-Jun-2023 11:30:00
74.9,"Partially cloudy",2023-06-13T12:00:00,18.4,23.1,75.24,"41.829742371733346, 12.468582121891949",0,0,1010.1,"16242099999,16239099999,AT416,16224099999,16234099999",23.1,9.7,191,20.6,6.76839357447572e-09,702.7508,13-Jun-2023 12:00:00
74.9,"Partially cloudy",2023-06-13T12:30:00,18.4,23.1,75.24,"41.829742371733346, 12.468582121891949",0,0,1010.1,"16242099999,16239099999,AT416,16224099999,16234099999",23.1,9.7,191,20.6,6.66191168607385e-09,593.3814,13-Jun-2023 12:30:00
77.3,"Partially cloudy",2023-06-13T13:00:00,18.6,21.9,81.78,"41.829742371733346, 12.468582121891949",0,0,1010.1,"16242099999,16239099999,AT416,16224099999,16234099999",21.9,9.5,280,12,6.55731069179334e-09,395.9666,13-Jun-2023 13:00:00
77.3,"Partially cloudy",2023-06-13T13:30:00,18.6,21.9,81.78,"41.829742371733346, 12.468582121891949",0,0,1010.1,"16242099999,16239099999,AT416,16224099999,16234099999",21.9,9.5,280,12,6.45455374723831e-09,358.4081,13-Jun-2023 13:30:00
56.1,"Rain, Partially cloudy",2023-06-13T14:00:00,18.8,22.7,78.85,"41.829742371733346, 12.468582121891949",1.351,100,1009.8,"16242099999,16239099999,AT416,16224099999,16234099999",22.7,9.8,189,12.5,6.35360480207745e-09,217.8271,13-Jun-2023 14:00:00
56.1,"Rain, Partially cloudy",2023-06-13T14:30:00,18.8,22.7,78.85,"41.829742371733346, 12.468582121891949",1.351,100,1009.8,"16242099999,16239099999,AT416,16224099999,16234099999",22.7,9.8,189,12.5,6.25442857969402e-09,196.4602,13-Jun-2023 14:30:00
82.1,"Partially cloudy",2023-06-13T15:00:00,18,23.8,70.32,"41.829742371733346, 12.468582121891949",0,0,1009.8,"16242099999,16239099999,AT416,16224099999,16234099999",23.8,10,195,9.9,6.15699055748737e-09,170.371,13-Jun-2023 15:00:00
82.1,"Partially cloudy",2023-06-13T15:30:00,18,23.8,70.32,"41.829742371733346, 12.468582121891949",0,0,1009.8,"16242099999,16239099999,AT416,16224099999,16234099999",23.8,10,195,9.9,6.06125695257329e-09,119.6449,13-Jun-2023 15:30:00
83.9,"Partially cloudy",2023-06-13T16:00:00,19.7,23.2,81.11,"41.829742371733346, 12.468582121891949",0,0,1009.2,"16242099999,16239099999,AT416,16224099999,16234099999",23.2,10,67,13.5,5.96719470289844e-09,88.0368,13-Jun-2023 16:00:00
83.9,"Partially cloudy",2023-06-13T16:30:00,19.7,23.2,81.11,"41.829742371733346, 12.468582121891949",0,0,1009.2,"16242099999,16239099999,AT416,16224099999,16234099999",23.2,10,67,13.5,5.87477144895873e-09,182.5175,13-Jun-2023 16:30:00
83.9,"Partially cloudy",2023-06-13T17:00:00,18.9,23.3,76.23,"41.829742371733346, 12.468582121891949",0,0,1008.8,"16242099999,16239099999,AT416,16224099999,16234099999",23.3,10,77,13.6,5.78395552062573e-09,279.6012,13-Jun-2023 17:00:00
83.9,"Partially cloudy",2023-06-13T17:30:00,18.9,23.3,76.23,"41.829742371733346, 12.468582121891949",0,0,1008.8,"16242099999,16239099999,AT416,16224099999,16234099999",23.3,10,77,13.6,5.69471591961179e-09,596.2916,13-Jun-2023 17:30:00
87.6,"Partially cloudy",2023-06-13T18:00:00,17.5,23,71.26,"41.829742371733346, 12.468582121891949",0,0,1009,"16242099999,16239099999,AT416,16224099999,16234099999",23,9.5,102,15.6,5.6070223024951e-09,380.6612,13-Jun-2023 18:00:00
87.6,"Partially cloudy",2023-06-13T18:30:00,17.5,23,71.26,"41.829742371733346, 12.468582121891949",0,0,1009,"16242099999,16239099999,AT416,16224099999,16234099999",23,9.5,102,15.6,5.52084496857973e-09,234.9717,13-Jun-2023 18:30:00
74.9,"Partially cloudy",2023-06-13T19:00:00,17.7,20.1,86.3,"41.829742371733346, 12.468582121891949",0,0,1009.8,"16242099999,16239099999,AT416,16224099999,16234099999",20.1,9.6,80,19.3,5.43615484360695e-09,246.1055,13-Jun-2023 19:00:00
74.9,"Partially cloudy",2023-06-13T19:30:00,17.7,20.1,86.3,"41.829742371733346, 12.468582121891949",0,0,1009.8,"16242099999,16239099999,AT416,16224099999,16234099999",20.1,9.6,80,19.3,5.35292346398621e-09,283.8253,13-Jun-2023 19:30:00
74.9,"Rain, Partially cloudy",2023-06-13T20:00:00,14.8,20.8,68.48,"41.829742371733346, 12.468582121891949",3.565,100,1009.1,"16242099999,16239099999,AT416,16224099999,16234099999",20.8,10,105,18.3,5.27112296560414e-09,186.9356,13-Jun-2023 20:00:00
74.9,"Rain, Partially cloudy",2023-06-13T20:30:00,14.8,20.8,68.48,"41.829742371733346, 12.468582121891949",3.565,100,1009.1,"16242099999,16239099999,AT416,16224099999,16234099999",20.8,10,105,18.3,5.19072606868642e-09,76.6449,13-Jun-2023 20:30:00
84.6,"Partially cloudy",2023-06-13T21:00:00,16,21,72.91,"41.829742371733346, 12.468582121891949",0,0,1009.9,"E2310,16242099999,16239099999,16224099999,LIRA",21,10,180,5.6,5.11170606314205e-09,44.4154,13-Jun-2023 21:00:00
84.6,"Partially cloudy",2023-06-13T21:30:00,16,21,72.91,"41.829742371733346, 12.468582121891949",0,0,1009.9,"E2310,16242099999,16239099999,16224099999,LIRA",21,10,180,5.6,5.0340367982441e-09,28.6249,13-Jun-2023 21:30:00
88.8,"Partially cloudy",2023-06-13T22:00:00,16.9,19.1,86.93,"41.829742371733346, 12.468582121891949",0,0,1009.9,"16242099999,16239099999,16224099999,LIRA",19.1,8.2,79,3.4,4.95769266855425e-09,6.9112,13-Jun-2023 22:00:00
88.8,"Partially cloudy",2023-06-13T22:30:00,16.9,19.1,86.93,"41.829742371733346, 12.468582121891949",0,0,1009.9,"16242099999,16239099999,16224099999,LIRA",19.1,8.2,79,3.4,4.88264860029535e-09,0,13-Jun-2023 22:30:00
84.6,"Partially cloudy",2023-06-13T23:00:00,16.1,17.2,93.25,"41.829742371733346, 12.468582121891949",0,0,1010.9,"16242099999,16239099999,16224099999,LIRA",17.2,5.3,138,9.6,4.80888004183335e-09,0,13-Jun-2023 23:00:00
84.6,"Partially cloudy",2023-06-13T23:30:00,16.1,17.2,93.25,"41.829742371733346, 12.468582121891949",0,0,1010.9,"16242099999,16239099999,16224099999,LIRA",17.2,5.3,138,9.6,4.73636295058371e-09,0,13-Jun-2023 23:30:00
84.6,"Partially cloudy",2023-06-14T00:00:00,16.1,18,88.82,"41.829742371733346, 12.468582121891949",0,0,1010.9,"16242099999,16239099999,16224099999,LIRA",18,9.6,145,10.8,4.66507378033442e-09,0,14-Jun-2023 00:00:00
84.6,"Partially cloudy",2023-06-14T00:30:00,16.1,18,88.82,"41.829742371733346, 12.468582121891949",0,0,1010.9,"16242099999,16239099999,16224099999,LIRA",18,9.6,145,10.8,4.59498947246424e-09,36.0299,14-Jun-2023 00:30:00
82.6,"Partially cloudy",2023-06-14T01:00:00,17.1,18,94.48,"41.829742371733346, 12.468582121891949",0,0,1010.1,"16242099999,16239099999,16224099999,LIRA",18,10,89,14.3,4.52608744375708e-09,60.9638,14-Jun-2023 01:00:00
82.6,"Partially cloudy",2023-06-14T01:30:00,17.1,18,94.48,"41.829742371733346, 12.468582121891949",0,0,1010.1,"16242099999,16239099999,16224099999,LIRA",18,10,89,14.3,4.45834557460365e-09,84.0203,14-Jun-2023 01:30:00
47.9,"Rain, Partially cloudy",2023-06-14T02:00:00,17,18,93.88,"41.829742371733346, 12.468582121891949",8.858,100,1000.2,"16242099999,16239099999,16224099999,LIRA",18,10,137,7.7,4.39174220089694e-09,62.0203,14-Jun-2023 02:00:00
47.9,"Rain, Partially cloudy",2023-06-14T02:30:00,17,18,93.88,"41.829742371733346, 12.468582121891949",8.858,100,1000.2,"16242099999,16239099999,16224099999,LIRA",18,10,137,7.7,4.32625610268639e-09,40.0203,14-Jun-2023 02:30:00
NaN,"Clear",2023-06-14T03:00:00,16.1,17,94.44,"41.829742371733346, 12.468582121891949",0,0,1009.9,"16242099999,16239099999,16224099999,LIRA",17,10,330,2.1,4.26186649319234e-09,35.7327,14-Jun-2023 03:00:00
NaN,"Clear",2023-06-14T03:30:00,16.1,17,94.44,"41.829742371733346, 12.468582121891949",0,0,1009.9,"16242099999,16239099999,16224099999,LIRA",17,10,330,2.1,4.19855301132452e-09,59.1598,14-Jun-2023 03:30:00
0,"Clear",2023-06-14T04:00:00,17,17,99.83,"41.829742371733346, 12.468582121891949",0,0,1009.9,"16242099999,16239099999,16224099999,LIRA",17,8.2,36,3.8,4.13629571111338e-09,37.361,14-Jun-2023 04:00:00
0,"Clear",2023-06-14T04:30:00,17,17,99.83,"41.829742371733346, 12.468582121891949",0,0,1009.9,"16242099999,16239099999,16224099999,LIRA",17,8.2,36,3.8,4.07507505147681e-09,46.314,14-Jun-2023 04:30:00
NaN,"Clear",2023-06-14T05:00:00,17,17,99.83,"41.829742371733346, 12.468582121891949",0,0,1009,"16242099999,16239099999,16224099999,LIRA",17,10,116,5.6,4.01487188931191e-09,35.314,14-Jun-2023 05:00:00
NaN,"Clear",2023-06-14T05:30:00,17,17,99.83,"41.829742371733346, 12.468582121891949",0,0,1009,"16242099999,16239099999,16224099999,LIRA",17,10,116,5.6,3.95566746964591e-09,131.6593,14-Jun-2023 05:30:00
8,"Clear",2023-06-14T06:00:00,16.1,17,94.28,"41.829742371733346, 12.468582121891949",0,0,1009.9,"16242099999,16239099999,AT416,16224099999,LIRA",17,10,91,2.4,3.89744341609939e-09,204.3197,14-Jun-2023 06:00:00
8,"Clear",2023-06-14T06:30:00,16.1,17,94.28,"41.829742371733346, 12.468582121891949",0,0,1009.9,"16242099999,16239099999,AT416,16224099999,LIRA",17,10,91,2.4,3.84018172450589e-09,203.0561,14-Jun-2023 06:30:00
50,"Partially cloudy",2023-06-14T07:00:00,16.9,17.9,93.52,"41.829742371733346, 12.468582121891949",0,0,1009.8,"16242099999,16239099999,AT416,16224099999,16234099999",17.9,10,100,3.5,3.78386475372926e-09,321.9099,14-Jun-2023 07:00:00
50,"Partially cloudy",2023-06-14T07:30:00,16.9,17.9,93.52,"41.829742371733346, 12.468582121891949",0,0,1009.8,"16242099999,16239099999,AT416,16224099999,16234099999",17.9,10,100,3.5,3.7284752167722e-09,490.1417,14-Jun-2023 07:30:00
45.7,"Rain, Partially cloudy",2023-06-14T08:00:00,17.8,19.6,89.16,"41.829742371733346, 12.468582121891949",0.091,100,1009.8,"16242099999,16239099999,AT416,16224099999,16234099999",19.6,10,80,4.6,3.67399617488183e-09,592.6164,14-Jun-2023 08:00:00
45.7,"Rain, Partially cloudy",2023-06-14T08:30:00,17.8,19.6,89.16,"41.829742371733346, 12.468582121891949",0.091,100,1009.8,"16242099999,16239099999,AT416,16224099999,16234099999",19.6,10,80,4.6,3.62041102898482e-09,688.548,14-Jun-2023 08:30:00
50,"Partially cloudy",2023-06-14T09:00:00,17.8,21.1,81.37,"41.829742371733346, 12.468582121891949",0,0,1009.8,"16242099999,16239099999,AT416,16224099999,16234099999",21.1,10,27,6.4,3.5677035113938e-09,788.9418,14-Jun-2023 09:00:00
50,"Partially cloudy",2023-06-14T09:30:00,17.8,21.1,81.37,"41.829742371733346, 12.468582121891949",0,0,1009.8,"16242099999,16239099999,AT416,16224099999,16234099999",21.1,10,27,6.4,3.51585768036075e-09,838.8192,14-Jun-2023 09:30:00
43.7,"Partially cloudy",2023-06-14T10:00:00,18.6,23.7,73.3,"41.829742371733346, 12.468582121891949",0,0,1009.9,"16242099999,16239099999,AT416,16224099999,16234099999",23.7,10,97,4.8,3.46485791208483e-09,602.2797,14-Jun-2023 10:00:00
43.7,"Partially cloudy",2023-06-14T10:30:00,18.6,23.7,73.3,"41.829742371733346, 12.468582121891949",0,0,1009.9,"16242099999,16239099999,AT416,16224099999,16234099999",23.7,10,97,4.8,3.41468889297314e-09,559.5906,14-Jun-2023 10:30:00
74.9,"Partially cloudy",2023-06-14T11:00:00,18.3,23.8,71.61,"41.829742371733346, 12.468582121891949",0,0,1010.1,"16242099999,16239099999,AT416,16224099999,16234099999",23.8,10,197,6.7,3.36533561460685e-09,420.9781,14-Jun-2023 11:00:00
74.9,"Partially cloudy",2023-06-14T11:30:00,18.3,23.8,71.61,"41.829742371733346, 12.468582121891949",0,0,1010.1,"16242099999,16239099999,AT416,16224099999,16234099999",23.8,10,197,6.7,3.31678336628011e-09,380.9715,14-Jun-2023 11:30:00
74.9,"Partially cloudy",2023-06-14T12:00:00,17.9,24.8,65.61,"41.829742371733346, 12.468582121891949",0,0,1009.8,"16242099999,16239099999,AT416,16224099999,16234099999",24.8,10,193,10.1,3.2690177277752e-09,339.6699,14-Jun-2023 12:00:00
74.9,"Partially cloudy",2023-06-14T12:30:00,17.9,24.8,65.61,"41.829742371733346, 12.468582121891949",0,0,1009.8,"16242099999,16239099999,AT416,16224099999,16234099999",24.8,10,193,10.1,3.22202456470898e-09,353.1752,14-Jun-2023 12:30:00
77.3,"Partially cloudy",2023-06-14T13:00:00,17.9,24.5,66.73,"41.829742371733346, 12.468582121891949",0,0,1009.2,"16242099999,16239099999,AT416,16224099999,16234099999",24.5,9.6,184,19.2,3.17579002156479e-09,456.2303,14-Jun-2023 13:00:00
77.3,"Partially cloudy",2023-06-14T13:30:00,17.9,24.5,66.73,"41.829742371733346, 12.468582121891949",0,0,1009.2,"16242099999,16239099999,AT416,16224099999,16234099999",24.5,9.6,184,19.2,3.13030051494481e-09,339.5101,14-Jun-2023 13:30:00
76.5,"Rain, Partially cloudy",2023-06-14T14:00:00,18.6,23.9,72.3,"41.829742371733346, 12.468582121891949",1.488,100,1009.1,"16242099999,16239099999,AT416,16224099999,16234099999",23.9,9.6,171,18.9,3.08554272926733e-09,244.8349,14-Jun-2023 14:00:00
76.5,"Rain, Partially cloudy",2023-06-14T14:30:00,18.6,23.9,72.3,"41.829742371733346, 12.468582121891949",1.488,100,1009.1,"16242099999,16239099999,AT416,16224099999,16234099999",23.9,9.6,171,18.9,3.04150361025623e-09,310.0437,14-Jun-2023 14:30:00
77.3,"Partially cloudy",2023-06-14T15:00:00,17.7,24.1,67.42,"41.829742371733346, 12.468582121891949",0,0,1009.2,"16242099999,16239099999,AT416,16224099999,16234099999",24.1,9.5,69,19,2.99817035863652e-09,427.8869,14-Jun-2023 15:00:00
77.3,"Partially cloudy",2023-06-14T15:30:00,17.7,24.1,67.42,"41.829742371733346, 12.468582121891949",0,0,1009.2,"16242099999,16239099999,AT416,16224099999,16234099999",24.1,9.5,69,19,2.95553042615509e-09,360.8937,14-Jun-2023 15:30:00
77.3,"Partially cloudy",2023-06-14T16:00:00,18.4,21.4,83.13,"41.829742371733346, 12.468582121891949",0,0,1009.8,"16242099999,16239099999,AT416,16224099999,16234099999",21.4,9.5,291,14.8,2.91357150949532e-09,243.1283,14-Jun-2023 16:00:00
77.3,"Partially cloudy",2023-06-14T16:30:00,18.4,21.4,83.13,"41.829742371733346, 12.468582121891949",0,0,1009.8,"16242099999,16239099999,AT416,16224099999,16234099999",21.4,9.5,291,14.8,2.87228154438411e-09,211.8457,14-Jun-2023 16:30:00
88.8,"Partially cloudy",2023-06-14T17:00:00,17.8,20.9,82.6,"41.829742371733346, 12.468582121891949",0,0,1010,"16242099999,16239099999,AT416,16224099999,LIRA",20.9,9.8,30,16.5,2.83164870191125e-09,223.8079,14-Jun-2023 17:00:00
88.8,"Partially cloudy",2023-06-14T17:30:00,17.8,20.9,82.6,"41.829742371733346, 12.468582121891949",0,0,1010,"16242099999,16239099999,AT416,16224099999,LIRA",20.9,9.8,30,16.5,2.79166138283895e-09,400.049,14-Jun-2023 17:30:00
74.9,"Partially cloudy",2023-06-14T18:00:00,17.8,20.9,82.6,"41.829742371733346, 12.468582121891949",0,0,1009.8,"16242099999,16239099999,AT416,16224099999,16234099999",20.9,9.6,54,14.6,2.7523082120913e-09,385.825,14-Jun-2023 18:00:00
74.9,"Partially cloudy",2023-06-14T18:30:00,17.8,20.9,82.6,"41.829742371733346, 12.468582121891949",0,0,1009.8,"16242099999,16239099999,AT416,16224099999,16234099999",20.9,9.6,54,14.6,2.71357803534923e-09,308.9928,14-Jun-2023 18:30:00
77.3,"Partially cloudy",2023-06-14T19:00:00,17,20.2,82.03,"41.829742371733346, 12.468582121891949",0,0,1009.2,"16242099999,16239099999,AT416,16224099999,16234099999",20.2,9.2,26,14.6,2.67545991372719e-09,375.2971,14-Jun-2023 19:00:00
77.3,"Partially cloudy",2023-06-14T19:30:00,17,20.2,82.03,"41.829742371733346, 12.468582121891949",0,0,1009.2,"16242099999,16239099999,AT416,16224099999,16234099999",20.2,9.2,26,14.6,2.63794311861811e-09,241.2732,14-Jun-2023 19:30:00
47.9,"Rain, Partially cloudy",2023-06-14T20:00:00,17,19.9,83.19,"41.829742371733346, 12.468582121891949",0.843,100,1009.2,"16242099999,16239099999,AT416,16224099999,16234099999",19.9,9.8,33,12.5,2.60101712854281e-09,281.2944,14-Jun-2023 20:00:00
47.9,"Rain, Partially cloudy",2023-06-14T20:30:00,17,19.9,83.19,"41.829742371733346, 12.468582121891949",0.843,100,1009.2,"16242099999,16239099999,AT416,16224099999,16234099999",19.9,9.8,33,12.5,2.56467162416806e-09,280.0018,14-Jun-2023 20:30:00
47.9,"Partially cloudy",2023-06-14T21:00:00,16.9,19.1,87.07,"41.829742371733346, 12.468582121891949",0,0,1009.9,"16242099999,16239099999,AT416,16224099999,LIRA",19.1,10,356,9.5,2.52889648348229e-09,128.5385,14-Jun-2023 21:00:00
47.9,"Partially cloudy",2023-06-14T21:30:00,16.9,19.1,87.07,"41.829742371733346, 12.468582121891949",0,0,1009.9,"16242099999,16239099999,AT416,16224099999,LIRA",19.1,10,356,9.5,2.49368177887987e-09,59.7147,14-Jun-2023 21:30:00
26.6,"Partially cloudy",2023-06-14T22:00:00,17,19,88.18,"41.829742371733346, 12.468582121891949",0,0,1009.9,"16242099999,16239099999,16224099999,LIRA",19,10,32,9.1,2.45901777249689e-09,7.9857,14-Jun-2023 22:00:00
26.6,"Partially cloudy",2023-06-14T22:30:00,17,19,88.18,"41.829742371733346, 12.468582121891949",0,0,1009.9,"16242099999,16239099999,16224099999,LIRA",19,10,32,9.1,2.42489491169449e-09,14.4377,14-Jun-2023 22:30:00
26.6,"Partially cloudy",2023-06-14T23:00:00,17,19,88.18,"41.829742371733346, 12.468582121891949",0,0,1009.9,"16242099999,16239099999,16224099999,LIRA",19,10,23,5.8,2.3913038263602e-09,3.4377,14-Jun-2023 23:00:00
26.6,"Partially cloudy",2023-06-14T23:30:00,17,19,88.18,"41.829742371733346, 12.468582121891949",0,0,1009.9,"16242099999,16239099999,16224099999,LIRA",19,10,23,5.8,2.35823532453939e-09,0,14-Jun-2023 23:30:00
NaN,"Clear",2023-06-15T00:00:00,16.9,19,88.03,"41.829742371733346, 12.468582121891949",0,0,1009.9,"16242099999,16239099999,16224099999,LIRA",19,10,48,8.7,2.32568038820499e-09,0,15-Jun-2023 00:00:00
NaN,"Clear",2023-06-15T00:30:00,16.9,19,88.03,"41.829742371733346, 12.468582121891949",0,0,1009.9,"16242099999,16239099999,16224099999,LIRA",19,10,48,8.7,2.29363017075932e-09,19.1567,15-Jun-2023 00:30:00
NaN,"Clear",2023-06-15T01:00:00,17,18.1,93.13,"41.829742371733346, 12.468582121891949",0,0,1009.9,"16242099999,16239099999,16224099999,LIRA",18.1,10,354,5.6,2.26207599294095e-09,8.1567,15-Jun-2023 01:00:00
NaN,"Clear",2023-06-15T01:30:00,17,18.1,93.13,"41.829742371733346, 12.468582121891949",0,0,1009.9,"16242099999,16239099999,16224099999,LIRA",18.1,10,354,5.6,2.23100933886099e-09,53.3527,15-Jun-2023 01:30:00
NaN,"Clear",2023-06-15T02:00:00,17,18.1,93.13,"41.829742371733346, 12.468582121891949",0,0,1009.9,"16242099999,16239099999,16224099999,LIRA",18.1,10,43,5.9,2.20042185369036e-09,30.8209,15-Jun-2023 02:00:00
NaN,"Clear",2023-06-15T02:30:00,17,18.1,93.13,"41.829742371733346, 12.468582121891949",0,0,1009.9,"16242099999,16239099999,16224099999,LIRA",18.1,10,43,5.9,2.17030533982308e-09,0,15-Jun-2023 02:30:00
50,"Partially cloudy",2023-06-15T03:00:00,17,18.1,93.13,"41.829742371733346, 12.468582121891949",0,0,1009.9,"16242099999,16239099999,16224099999,LIRA",18.1,10,21,5.3,2.14065175316098e-09,0,15-Jun-2023 03:00:00
50,"Partially cloudy",2023-06-15T03:30:00,17,18.1,93.13,"41.829742371733346, 12.468582121891949",0,0,1009.9,"16242099999,16239099999,16224099999,LIRA",18.1,10,21,5.3,2.11145320097234e-09,0,15-Jun-2023 03:30:00
50,"Partially cloudy",2023-06-15T04:00:00,17,18.6,90.25,"41.829742371733346, 12.468582121891949",0,0,1009.1,"16245099999,16242099999,16239099999,16224099999",18.6,10,30,9.2,2.0827019382942e-09,0,15-Jun-2023 04:00:00
50,"Partially cloudy",2023-06-15T04:30:00,17,18.6,90.25,"41.829742371733346, 12.468582121891949",0,0,1009.1,"16245099999,16242099999,16239099999,16224099999",18.6,10,30,9.2,2.05439036444858e-09,44.1862,15-Jun-2023 04:30:00
NaN,"Clear",2023-06-15T05:00:00,17.1,18,94.32,"41.829742371733346, 12.468582121891949",0,0,1008.9,"16242099999,16239099999,16224099999,LIRA",18,10,70,8.9,2.02651102105958e-09,51.2418,15-Jun-2023 05:00:00
NaN,"Clear",2023-06-15T05:30:00,17.1,18,94.32,"41.829742371733346, 12.468582121891949",0,0,1008.9,"16242099999,16239099999,16224099999,LIRA",18,10,70,8.9,1.99905658867853e-09,83.1254,15-Jun-2023 05:30:00
NaN,"Clear",2023-06-15T06:00:00,17,18,93.72,"41.829742371733346, 12.468582121891949",0,0,1009.1,"16242099999,16239099999,AT416,16224099999,LIRA",18,10,22,10.4,1.97201988351606e-09,90.6515,15-Jun-2023 06:00:00
NaN,"Clear",2023-06-15T06:30:00,17,18,93.72,"41.829742371733346, 12.468582121891949",0,0,1009.1,"16242099999,16239099999,AT416,16224099999,LIRA",18,10,22,10.4,1.94539385560572e-09,125.3776,15-Jun-2023 06:30:00
84.9,"Partially cloudy",2023-06-15T07:00:00,17,18,94.32,"41.829742371733346, 12.468582121891949",0,0,1009.2,"16242099999,16239099999,AT416,16224099999,16234099999",18,10,24,6.9,1.91917158563706e-09,367.0188,15-Jun-2023 07:00:00
84.9,"Partially cloudy",2023-06-15T07:30:00,17,18,94.32,"41.829742371733346, 12.468582121891949",0,0,1009.2,"16242099999,16239099999,AT416,16224099999,16234099999",18,10,24,6.9,1.89334628188893e-09,436.4801,15-Jun-2023 07:30:00
47.4,"Rain, Partially cloudy",2023-06-15T08:00:00,17.1,18.9,89.45,"41.829742371733346, 12.468582121891949",0.154,100,1009.8,"16242099999,16239099999,AT416,16224099999,16234099999",18.9,10,21,10.7,1.86791127852874e-09,570.3919,15-Jun-2023 08:00:00
47.4,"Rain, Partially cloudy",2023-06-15T08:30:00,17.1,18.9,89.45,"41.829742371733346, 12.468582121891949",0.154,100,1009.8,"16242099999,16239099999,AT416,16224099999,16234099999",18.9,10,21,10.7,1.84286003263944e-09,779.4523,15-Jun-2023 08:30:00
30,"Partially cloudy",2023-06-15T09:00:00,17.5,20.3,84.19,"41.829742371733346, 12.468582121891949",0,0,1010.1,"16242099999,16239099999,AT416,16224099999,16234099999",20.3,10,11,8.9,1.81818612134068e-09,671.1917,15-Jun-2023 09:00:00
30,"Partially cloudy",2023-06-15T09:30:00,17.5,20.3,84.19,"41.829742371733346, 12.468582121891949",0,0,1010.1,"16242099999,16239099999,AT416,16224099999,16234099999",20.3,10,11,8.9,1.79388324021354e-09,776.5407,15-Jun-2023 09:30:00
30,"Partially cloudy",2023-06-15T10:00:00,16.9,21.5,75.07,"41.829742371733346, 12.468582121891949",0,0,1009.8,"16242099999,16239099999,AT416,16224099999,16234099999",21.5,10,357,10.9,1.76994520050854e-09,727.6886,15-Jun-2023 10:00:00
30,"Partially cloudy",2023-06-15T10:30:00,16.9,21.5,75.07,"41.829742371733346, 12.468582121891949",0,0,1009.8,"16242099999,16239099999,AT416,16224099999,16234099999",21.5,10,357,10.9,1.74636592644209e-09,681.1293,15-Jun-2023 10:30:00
28.9,"Partially cloudy",2023-06-15T11:00:00,16.6,23.3,66.1,"41.829742371733346, 12.468582121891949",0,0,1009.9,"16245099999,16242099999,16239099999,AT416,16224099999,16234099999,LIRA",23.3,10,34,10.4,1.72313945373737e-09,600.939,15-Jun-2023 11:00:00
28.9,"Partially cloudy",2023-06-15T11:30:00,16.6,23.3,66.1,"41.829742371733346, 12.468582121891949",0,0,1009.9,"16245099999,16242099999,16239099999,AT416,16224099999,16234099999,LIRA",23.3,10,34,10.4,1.70025992700143e-09,551.7808,15-Jun-2023 11:30:00
29.7,"Partially cloudy",2023-06-15T12:00:00,17.1,24.2,64.41,"41.829742371733346, 12.468582121891949",0,0,1009.9,"16245099999,16242099999,16239099999,AT416,16224099999,16234099999,LIRA",24.2,10,311,5.1,1.67772159718525e-09,425.0854,15-Jun-2023 12:00:00
29.7,"Partially cloudy",2023-06-15T12:30:00,17.1,24.2,64.41,"41.829742371733346, 12.468582121891949",0,0,1009.9,"16245099999,16242099999,16239099999,AT416,16224099999,16234099999,LIRA",24.2,10,311,5.1,1.65551882023227e-09,460.2283,15-Jun-2023 12:30:00
47.7,"Partially cloudy",2023-06-15T13:00:00,15.9,24.5,58.56,"41.829742371733346, 12.468582121891949",0,0,1009.9,"16245099999,16242099999,16239099999,AT416,16224099999,16234099999,LIRA",24.5,10,321,10.7,1.63364605461326e-09,436.5951,15-Jun-2023 13:00:00
47.7,"Partially cloudy",2023-06-15T13:30:00,15.9,24.5,58.56,"41.829742371733346, 12.468582121891949",0,0,1009.9,"16245099999,16242099999,16239099999,AT416,16224099999,16234099999,LIRA",24.5,10,321,10.7,1.6120978589394e-09,481.863,15-Jun-2023 13:30:00
47.9,"Partially cloudy",2023-06-15T14:00:00,16.1,25.9,54.77,"41.829742371733346, 12.468582121891949",0,0,1009.9,"16242099999,16239099999,AT416,LIRA",25.9,10,297,10.7,1.59086889071034e-09,580.8286,15-Jun-2023 14:00:00
47.9,"Partially cloudy",2023-06-15T14:30:00,16.1,25.9,54.77,"41.829742371733346, 12.468582121891949",0,0,1009.9,"16242099999,16239099999,AT416,LIRA",25.9,10,297,10.7,1.56995390399662e-09,350.6385,15-Jun-2023 14:30:00
88,"Partially cloudy",2023-06-15T15:00:00,18,24,69.15,"41.829742371733346, 12.468582121891949",NaN,0,1010,"AT416,LIRA",24,10,180,20.5,1.5493477471957e-09,239.484,15-Jun-2023 15:00:00
88,"Partially cloudy",2023-06-15T15:30:00,18,24,69.15,"41.829742371733346, 12.468582121891949",NaN,0,1010,"AT416,LIRA",24,10,180,20.5,1.52904536187218e-09,229.5898,15-Jun-2023 15:30:00
80.5,"Partially cloudy",2023-06-15T16:00:00,19.7,23.2,80.37,"41.829742371733346, 12.468582121891949",0,0,1009.9,"16245099999,16242099999,16239099999,AT416,16234099999,LIRA",23.2,9.8,181,19.9,1.50904178057822e-09,236.0546,15-Jun-2023 16:00:00
80.5,"Partially cloudy",2023-06-15T16:30:00,19.7,23.2,80.37,"41.829742371733346, 12.468582121891949",0,0,1009.9,"16245099999,16242099999,16239099999,AT416,16234099999,LIRA",23.2,9.8,181,19.9,1.48933212474308e-09,189.3346,15-Jun-2023 16:30:00
83.9,"Partially cloudy",2023-06-15T17:00:00,17.2,23.8,66.54,"41.829742371733346, 12.468582121891949",0,0,1009.8,"16242099999,16239099999,AT416,16224099999,16234099999",23.8,10,72,14.5,1.46991160359888e-09,302.7175,15-Jun-2023 17:00:00
83.9,"Partially cloudy",2023-06-15T17:30:00,17.2,23.8,66.54,"41.829742371733346, 12.468582121891949",0,0,1009.8,"16242099999,16239099999,AT416,16224099999,16234099999",23.8,10,72,14.5,1.45077551212993e-09,265.7196,15-Jun-2023 17:30:00
48.8,"Partially cloudy",2023-06-15T18:00:00,19.3,22.9,80.15,"41.829742371733346, 12.468582121891949",0,0,1009.8,"16242099999,16239099999,AT416,16224099999,16234099999",22.9,9.8,296,11,1.43191922908728e-09,129.6048,15-Jun-2023 18:00:00
48.8,"Partially cloudy",2023-06-15T18:30:00,19.3,22.9,80.15,"41.829742371733346, 12.468582121891949",0,0,1009.8,"16242099999,16239099999,AT416,16224099999,16234099999",22.9,9.8,296,11,1.41333821599354e-09,213.0913,15-Jun-2023 18:30:00
44.3,"Partially cloudy",2023-06-15T19:00:00,18.8,23,76.91,"41.829742371733346, 12.468582121891949",0,0,1010.5,"16242099999,16239099999,AT416,16224099999,16234099999",23,10,86,8.8,1.395028015213e-09,232.1532,15-Jun-2023 19:00:00
44.3,"Partially cloudy",2023-06-15T19:30:00,18.8,23,76.91,"41.829742371733346, 12.468582121891949",0,0,1010.5,"16242099999,16239099999,AT416,16224099999,16234099999",23,10,86,8.8,1.37698424808297e-09,274.8272,15-Jun-2023 19:30:00
47.4,"Rain, Partially cloudy",2023-06-15T20:00:00,19.5,23.1,80.17,"41.829742371733346, 12.468582121891949",5.25,100,1010.1,"16242099999,16239099999,AT416,16224099999,16234099999",23.1,10,72,6.1,1.35920261399204e-09,259.9195,15-Jun-2023 20:00:00
47.4,"Rain, Partially cloudy",2023-06-15T20:30:00,19.5,23.1,80.17,"41.829742371733346, 12.468582121891949",5.25,100,1010.1,"16242099999,16239099999,AT416,16224099999,16234099999",23.1,10,72,6.1,1.34167888856304e-09,218.217,15-Jun-2023 20:30:00
NaN,"Clear",2023-06-15T21:00:00,19.8,21.3,90.79,"41.829742371733346, 12.468582121891949",0,0,1010.9,"E2310,16242099999,16239099999,16224099999,LIRA",21.3,10,358,7.4,1.32440892189389e-09,131.8174,15-Jun-2023 21:00:00
NaN,"Clear",2023-06-15T21:30:00,19.8,21.3,90.79,"41.829742371733346, 12.468582121891949",0,0,1010.9,"E2310,16242099999,16239099999,16224099999,LIRA",21.3,10,358,7.4,1.30738863770375e-09,70.8876,15-Jun-2023 21:30:00
NaN,"Clear",2023-06-15T22:00:00,19.1,21.1,88.36,"41.829742371733346, 12.468582121891949",0,0,1010.9,"16245099999,16242099999,16239099999,LIRA",21.1,10,22,7,1.29061403162178e-09,86.3482,15-Jun-2023 22:00:00
NaN,"Clear",2023-06-15T22:30:00,19.1,21.1,88.36,"41.829742371733346, 12.468582121891949",0,0,1010.9,"16245099999,16242099999,16239099999,LIRA",21.1,10,22,7,1.27408116953033e-09,53.4657,15-Jun-2023 22:30:00
NaN,"Clear",2023-06-15T23:00:00,17,20,82.83,"41.829742371733346, 12.468582121891949",0,0,1011.1,"16242099999,16239099999,16224099999,LIRA",20,10,67,7.7,1.25778618677424e-09,28.7661,15-Jun-2023 23:00:00
NaN,"Clear",2023-06-15T23:30:00,17,20,82.83,"41.829742371733346, 12.468582121891949",0,0,1011.1,"16242099999,16239099999,16224099999,LIRA",20,10,67,7.7,1.24172528654849e-09,0,15-Jun-2023 23:30:00
NaN,"Clear",2023-07-12T00:00:00,15.4,25.6,53.54,"41.83019005524591, 12.46317478841414",0,0,1018.1,"LIRF,16242099999,16239099999,AT416,16224099999,LIRA",25.6,10,72,5,1.22589473833744e-09,0,12-Jul-2023 00:00:00
NaN,"Clear",2023-07-12T00:30:00,15.4,25.6,53.54,"41.83019005524591, 12.46317478841414",0,0,1018.1,"LIRF,16242099999,16239099999,AT416,16224099999,LIRA",25.6,10,72,5,1.21029087718242e-09,51.5257,12-Jul-2023 00:30:00
NaN,"Clear",2023-07-12T01:00:00,14.6,26.1,48.99,"41.83019005524591, 12.46317478841414",0,0,1018.1,"LIRF,16242099999,16239099999,AT416,16224099999,LIRA",26.1,10,85,3.3,1.19491010216233e-09,57.9664,12-Jul-2023 01:00:00
NaN,"Clear",2023-07-12T01:30:00,14.6,26.1,48.99,"41.83019005524591, 12.46317478841414",0,0,1018.1,"LIRF,16242099999,16239099999,AT416,16224099999,LIRA",26.1,10,85,3.3,1.17974887492259e-09,80.5713,12-Jul-2023 01:30:00
NaN,"Clear",2023-07-12T02:00:00,15.9,23,64.2,"41.83019005524591, 12.46317478841414",0,0,1017.4,"LIRF,16242099999,AT416,16224099999",23,10,80,7.1,1.164803718997e-09,52.1306,12-Jul-2023 02:00:00
NaN,"Clear",2023-07-12T02:30:00,15.9,23,64.2,"41.83019005524591, 12.46317478841414",0,0,1017.4,"LIRF,16242099999,AT416,16224099999",23,10,80,7.1,1.1500712183753e-09,30.1306,12-Jul-2023 02:30:00
NaN,"Clear",2023-07-12T03:00:00,15.2,25.3,53.38,"41.83019005524591, 12.46317478841414",0,0,1017.8,"LIRF,16242099999,16239099999,AT416,16224099999,LIRA",25.3,10,106,3,1.13554801611628e-09,11.6049,12-Jul-2023 03:00:00
NaN,"Clear",2023-07-12T03:30:00,15.2,25.3,53.38,"41.83019005524591, 12.46317478841414",0,0,1017.8,"LIRF,16242099999,16239099999,AT416,16224099999,LIRA",25.3,10,106,3,1.12123081372e-09,0.604900000000004,12-Jul-2023 03:30:00
NaN,"Clear",2023-07-12T04:00:00,15.2,24.3,56.57,"41.83019005524591, 12.46317478841414",0,0,1017.1,"LIRF,16242099999,16239099999,AT416,16224099999,LIRA",24.3,10,96,2.6,1.10711636977675e-09,0,12-Jul-2023 04:00:00
NaN,"Clear",2023-07-12T04:30:00,15.2,24.3,56.57,"41.83019005524591, 12.46317478841414",0,0,1017.1,"LIRF,16242099999,16239099999,AT416,16224099999,LIRA",24.3,10,96,2.6,1.09320149865923e-09,46.314,12-Jul-2023 04:30:00
NaN,"Clear",2023-07-12T05:00:00,15.2,23.6,59.19,"41.83019005524591, 12.46317478841414",0,0,1017.1,"LIRF,16242099999,16239099999,AT416,16224099999,LIRA",23.6,10,85,3.6,1.07948306994134e-09,35.314,12-Jul-2023 05:00:00
NaN,"Clear",2023-07-12T05:30:00,15.2,23.6,59.19,"41.83019005524591, 12.46317478841414",0,0,1017.1,"LIRF,16242099999,16239099999,AT416,16224099999,LIRA",23.6,10,85,3.6,1.0659580071236e-09,119.8166,12-Jul-2023 05:30:00
NaN,"Clear",2023-07-12T06:00:00,16,22.8,65.47,"41.83019005524591, 12.46317478841414",0,0,1017.9,"LIRF,16242099999,16239099999,AT416,16224099999,LIRA",22.8,10,16,3.9,1.05262328639939e-09,105.929,12-Jul-2023 06:00:00
NaN,"Clear",2023-07-12T06:30:00,16,22.8,65.47,"41.83019005524591, 12.46317478841414",0,0,1017.9,"LIRF,16242099999,16239099999,AT416,16224099999,LIRA",22.8,10,16,3.9,1.03947593611698e-09,85.2283,12-Jul-2023 06:30:00
NaN,"Clear",2023-07-12T07:00:00,16.1,24.4,59.78,"41.83019005524591, 12.46317478841414",0,0,1018.8,"LIRF,16242099999,16239099999,AT416,16224099999,16234099999,LIRA",24.4,10,80,5,1.02651303557672e-09,339.3802,12-Jul-2023 07:00:00
NaN,"Clear",2023-07-12T07:30:00,16.1,24.4,59.78,"41.83019005524591, 12.46317478841414",0,0,1018.8,"LIRF,16242099999,16239099999,AT416,16224099999,16234099999,LIRA",24.4,10,80,5,1.01373171386673e-09,692.9289,12-Jul-2023 07:30:00
NaN,"Clear",2023-07-12T08:00:00,16.3,27.9,50.64,"41.83019005524591, 12.46317478841414",0,0,1018.7,"LIRF,16242099999,16239099999,AT416,16224099999,16234099999,LIRA",27.4,10,91,7,1.00112914936506e-09,808.7059,12-Jul-2023 08:00:00
NaN,"Clear",2023-07-12T08:30:00,16.3,27.9,50.64,"41.83019005524591, 12.46317478841414",0,0,1018.7,"LIRF,16242099999,16239099999,AT416,16224099999,16234099999,LIRA",27.4,10,91,7,9.88702568604186e-10,1039.2227,12-Jul-2023 08:30:00
NaN,"Clear",2023-07-12T09:00:00,16.1,29.7,44.19,"41.83019005524591, 12.46317478841414",0,0,1017.9,"LIRF,16242099999,16239099999,AT416,16224099999,16234099999,LIRA",29.6,10,127,12,9.76449245171971e-10,837.3842,12-Jul-2023 09:00:00
NaN,"Clear",2023-07-12T09:30:00,16.1,29.7,44.19,"41.83019005524591, 12.46317478841414",0,0,1017.9,"LIRF,16242099999,16239099999,AT416,16224099999,16234099999,LIRA",29.6,10,127,12,9.64366499250978e-10,1018.1445,12-Jul-2023 09:30:00
NaN,"Clear",2023-07-12T10:00:00,15.4,30.7,38.94,"41.83019005524591, 12.46317478841414",0,0,1017.8,"LIRF,16242099999,16239099999,AT416,16224099999,16234099999,LIRA",30.9,10,166,17.4,9.52451696546241e-10,766.5285,12-Jul-2023 10:00:00
NaN,"Clear",2023-07-12T10:30:00,15.4,30.7,38.94,"41.83019005524591, 12.46317478841414",0,0,1017.8,"LIRF,16242099999,16239099999,AT416,16224099999,16234099999,LIRA",30.9,10,166,17.4,9.40702247247394e-10,592.3348,12-Jul-2023 10:30:00
NaN,"Clear",2023-07-12T11:00:00,15.4,31.5,37.15,"41.83019005524591, 12.46317478841414",0,0,1017.1,"LIRF,16242099999,16239099999,AT416,16224099999,16234099999,LIRA",31.8,10,168,23.6,9.29115605602573e-10,482.8072,12-Jul-2023 11:00:00
NaN,"Clear",2023-07-12T11:30:00,15.4,31.5,37.15,"41.83019005524591, 12.46317478841414",0,0,1017.1,"LIRF,16242099999,16239099999,AT416,16224099999,16234099999,LIRA",31.8,10,168,23.6,9.17689268905531e-10,422.3931,12-Jul-2023 11:30:00
NaN,"Clear",2023-07-12T12:00:00,15.8,32.7,36.19,"41.83019005524591, 12.46317478841414",0,0,1017.9,"LIRF,16242099999,16239099999,AT416,16224099999,16234099999,LIRA",32.8,10,154,24,9.06420776515272e-10,456.4844,12-Jul-2023 12:00:00
NaN,"Clear",2023-07-12T12:30:00,15.8,32.7,36.19,"41.83019005524591, 12.46317478841414",0,0,1017.9,"LIRF,16242099999,16239099999,AT416,16224099999,16234099999,LIRA",32.8,10,154,24,0.0416666666666661,582.8871,12-Jul-2023 12:30:00
NaN,"Clear",2023-07-12T13:00:00,16.8,34,36.81,"41.83019005524591, 12.46317478841414",0,0,1017.8,"LIRF,16242099999,16239099999,AT416,16224099999,16234099999,LIRA",33.6,10,162,18.4,0.0833333333333339,493.4991,12-Jul-2023 13:00:00
NaN,"Clear",2023-07-12T13:30:00,16.8,34,36.81,"41.83019005524591, 12.46317478841414",0,0,1017.8,"LIRF,16242099999,16239099999,AT416,16224099999,16234099999,LIRA",33.6,10,162,18.4,0.125,487.03,12-Jul-2023 13:30:00
NaN,"Clear",2023-07-12T14:00:00,17.5,34.4,38.35,"41.83019005524591, 12.46317478841414",0,0,1017.8,"LIRF,16242099999,16239099999,AT416,16224099999,16234099999,LIRA",33.6,10,176,23.8,0.166666666666666,392.939,12-Jul-2023 14:00:00
NaN,"Clear",2023-07-12T14:30:00,17.5,34.4,38.35,"41.83019005524591, 12.46317478841414",0,0,1017.8,"LIRF,16242099999,16239099999,AT416,16224099999,16234099999,LIRA",33.6,10,176,23.8,0.208333333333334,247.8239,12-Jul-2023 14:30:00
NaN,"Clear",2023-07-12T15:00:00,16.4,33.9,35.89,"41.83019005524591, 12.46317478841414",0,0,1017.8,"LIRF,16242099999,16239099999,AT416,16224099999,16234099999,LIRA",33.6,10,173,24.7,0.25,163.9812,12-Jul-2023 15:00:00
NaN,"Clear",2023-07-12T15:30:00,16.4,33.9,35.89,"41.83019005524591, 12.46317478841414",0,0,1017.8,"LIRF,16242099999,16239099999,AT416,16224099999,16234099999,LIRA",33.6,10,173,24.7,0.291666666666666,213.0008,12-Jul-2023 15:30:00
NaN,"Clear",2023-07-12T16:00:00,16,33.8,34.63,"41.83019005524591, 12.46317478841414",0,0,1017.8,"LIRF,16242099999,16239099999,AT416,16224099999,16234099999,LIRA",33.8,10,175,21,0.333333333333334,231.4639,12-Jul-2023 16:00:00
NaN,"Clear",2023-07-12T16:30:00,16,33.8,34.63,"41.83019005524591, 12.46317478841414",0,0,1017.8,"LIRF,16242099999,16239099999,AT416,16224099999,16234099999,LIRA",33.8,10,175,21,0.375,227.7558,12-Jul-2023 16:30:00
NaN,"Clear",2023-07-12T17:00:00,14.9,32.6,33.56,"41.83019005524591, 12.46317478841414",0,0,1016.9,"LIRF,16242099999,16239099999,AT416,16224099999,16234099999,LIRA",33,10,173,27.4,0.416666666666666,216.7471,12-Jul-2023 17:00:00
NaN,"Clear",2023-07-12T17:30:00,14.9,32.6,33.56,"41.83019005524591, 12.46317478841414",0,0,1016.9,"LIRF,16242099999,16239099999,AT416,16224099999,16234099999,LIRA",33,10,173,27.4,0.458333333333334,227.8588,12-Jul-2023 17:30:00
NaN,"Clear",2023-07-12T18:00:00,13.9,31.9,31.99,"41.83019005524591, 12.46317478841414",0,0,1016.8,"LIRF,16242099999,16239099999,AT416,16224099999,16234099999,LIRA",32.7,10,162,22.7,0.5,248.6507,12-Jul-2023 18:00:00
NaN,"Clear",2023-07-12T18:30:00,13.9,31.9,31.99,"41.83019005524591, 12.46317478841414",0,0,1016.8,"LIRF,16242099999,16239099999,AT416,16224099999,16234099999,LIRA",32.7,10,162,22.7,0.541666666666666,238.7746,12-Jul-2023 18:30:00
0,"Clear",2023-07-12T19:00:00,11.7,31.3,27.83,"41.83019005524591, 12.46317478841414",0,0,1016.8,"LIRF,16242099999,16239099999,AT416,16224099999,16234099999,LIRA",32.7,10,158,20.8,0.583333333333334,371.0475,12-Jul-2023 19:00:00
0,"Clear",2023-07-12T19:30:00,11.7,31.3,27.83,"41.83019005524591, 12.46317478841414",0,0,1016.8,"LIRF,16242099999,16239099999,AT416,16224099999,16234099999,LIRA",32.7,10,158,20.8,0.625,262.3337,12-Jul-2023 19:30:00
NaN,"Clear",2023-07-12T20:00:00,12.5,29.9,32.51,"41.83019005524591, 12.46317478841414",0,0,1016.8,"LIRF,16242099999,16239099999,AT416,16224099999,16234099999,LIRA",30.9,10,165,18.6,0.666666666666666,189.4729,12-Jul-2023 20:00:00
NaN,"Clear",2023-07-12T20:30:00,12.5,29.9,32.51,"41.83019005524591, 12.46317478841414",0,0,1016.8,"LIRF,16242099999,16239099999,AT416,16224099999,16234099999,LIRA",30.9,10,165,18.6,0.708333333333334,76.5964,12-Jul-2023 20:30:00
NaN,"Clear",2023-07-12T21:00:00,12.4,28.4,35.68,"41.83019005524591, 12.46317478841414",0,0,1016.8,"LIRF,16242099999,16239099999,AT416,16224099999,LIRA",29.1,10,188,10.7,0.75,32.5964,12-Jul-2023 21:00:00
NaN,"Clear",2023-07-12T21:30:00,12.4,28.4,35.68,"41.83019005524591, 12.46317478841414",0,0,1016.8,"LIRF,16242099999,16239099999,AT416,16224099999,LIRA",29.1,10,188,10.7,0.791666666666666,7.0327,12-Jul-2023 21:30:00
NaN,"Clear",2023-07-12T22:00:00,13,28.9,35.96,"41.83019005524591, 12.46317478841414",0,0,1016.8,"LIRF,16242099999,16239099999,AT416,16224099999,LIRA",29.7,10,149,14.3,0.833333333333334,0,12-Jul-2023 22:00:00
NaN,"Clear",2023-07-12T22:30:00,13,28.9,35.96,"41.83019005524591, 12.46317478841414",0,0,1016.8,"LIRF,16242099999,16239099999,AT416,16224099999,LIRA",29.7,10,149,14.3,0.875,0,12-Jul-2023 22:30:00
NaN,"Clear",2023-07-12T23:00:00,10.4,28.5,30.36,"41.83019005524591, 12.46317478841414",0,0,1016.8,"LIRF,16242099999,16239099999,AT416,16224099999,LIRA",29.7,10,147,13.6,0.916666666666666,0,12-Jul-2023 23:00:00
NaN,"Clear",2023-07-12T23:30:00,10.4,28.5,30.36,"41.83019005524591, 12.46317478841414",0,0,1016.8,"LIRF,16242099999,16239099999,AT416,16224099999,LIRA",29.7,10,147,13.6,0.958333333333334,0,12-Jul-2023 23:30:00
NaN,"Clear",2023-07-13T00:00:00,10.1,27.7,31.33,"41.83019005524591, 12.46317478841414",0,0,1016.8,"LIRF,16242099999,16239099999,AT416,16224099999,LIRA",28.7,10,163,11.9,5.59975032537519e-13,38.4836,13-Jul-2023 00:00:00
NaN,"Clear",2023-07-13T00:30:00,10.1,27.7,31.33,"41.83019005524591, 12.46317478841414",0,0,1016.8,"LIRF,16242099999,16239099999,AT416,16224099999,LIRA",28.7,10,163,11.9,5.62727592544408e-13,109.9254,13-Jul-2023 00:30:00
NaN,"Clear",2023-07-13T01:00:00,9.8,27.7,30.87,"41.83019005524591, 12.46317478841414",0,0,1015.9,"LIRF,16242099999,16239099999,AT416,16224099999,LIRA",28.7,10,178,12.5,5.65495383390774e-13,85.9796,13-Jul-2023 01:00:00
NaN,"Clear",2023-07-13T01:30:00,9.8,27.7,30.87,"41.83019005524591, 12.46317478841414",0,0,1015.9,"LIRF,16242099999,16239099999,AT416,16224099999,LIRA",28.7,10,178,12.5,5.6827849880683e-13,93.5035,13-Jul-2023 01:30:00
NaN,"Clear",2023-07-13T02:00:00,10.8,28.2,31.89,"41.83019005524591, 12.46317478841414",0,0,1015.9,"LIRF,16242099999,16239099999,AT416,16224099999,LIRA",29.3,10,170,15,5.71077033110899e-13,56.9657,13-Jul-2023 02:00:00
NaN,"Clear",2023-07-13T02:30:00,10.8,28.2,31.89,"41.83019005524591, 12.46317478841414",0,0,1015.9,"LIRF,16242099999,16239099999,AT416,16224099999,LIRA",29.3,10,170,15,5.73891081260115e-13,23.9657,13-Jul-2023 02:30:00
NaN,"Clear",2023-07-13T03:00:00,11,28.2,32.35,"41.83019005524591, 12.46317478841414",0,0,1015.8,"LIRF,16242099999,16239099999,AT416,16224099999,LIRA",29.3,10,155,18.9,5.76720738902711e-13,20.503,13-Jul-2023 03:00:00
NaN,"Clear",2023-07-13T03:30:00,11,28.2,32.35,"41.83019005524591, 12.46317478841414",0,0,1015.8,"LIRF,16242099999,16239099999,AT416,16224099999,LIRA",29.3,10,155,18.9,5.79566102288437e-13,1.9791,13-Jul-2023 03:30:00
NaN,"Clear",2023-07-13T04:00:00,11.8,28.5,33.7,"41.83019005524591, 12.46317478841414",0,0,1014.9,"LIRF,16242099999,16239099999,AT416,16224099999,LIRA",29.4,10,155,23.3,5.82427268320144e-13,0,13-Jul-2023 04:00:00
NaN,"Clear",2023-07-13T04:30:00,11.8,28.5,33.7,"41.83019005524591, 12.46317478841414",0,0,1014.9,"LIRF,16242099999,16239099999,AT416,16224099999,LIRA",29.4,10,155,23.3,5.85304334606982e-13,48.2119,13-Jul-2023 04:30:00
NaN,"Clear",2023-07-13T05:00:00,12.6,28.7,35.47,"41.83019005524591, 12.46317478841414",0,0,1015.8,"LIRF,16242099999,16239099999,AT416,16224099999,LIRA",29.4,10,156,17.7,5.88197399373356e-13,37.2119,13-Jul-2023 05:00:00
NaN,"Clear",2023-07-13T05:30:00,12.6,28.7,35.47,"41.83019005524591, 12.46317478841414",0,0,1015.8,"LIRF,16242099999,16239099999,AT416,16224099999,LIRA",29.4,10,156,17.7,5.91106561511406e-13,68.8784,13-Jul-2023 05:30:00
NaN,"Clear",2023-07-13T06:00:00,12.2,28.6,34.6,"41.83019005524591, 12.46317478841414",0,0,1014.9,"LIRF,16242099999,16239099999,AT416,16224099999,LIRA",29.4,10,156,20.5,5.94031920635138e-13,158.2431,13-Jul-2023 06:00:00
NaN,"Clear",2023-07-13T06:30:00,12.2,28.6,34.6,"41.83019005524591, 12.46317478841414",0,0,1014.9,"LIRF,16242099999,16239099999,AT416,16224099999,LIRA",29.4,10,156,20.5,5.9697357698789e-13,199.2196,13-Jul-2023 06:30:00
NaN,"Clear",2023-07-13T07:00:00,10.7,28.4,31.09,"41.83019005524591, 12.46317478841414",0,0,1014.9,"LIRF,16242099999,16239099999,AT416,16224099999,16234099999,LIRA",29.5,10,163,21.6,5.99931631495723e-13,280.2471,13-Jul-2023 07:00:00
NaN,"Clear",2023-07-13T07:30:00,10.7,28.4,31.09,"41.83019005524591, 12.46317478841414",0,0,1014.9,"LIRF,16242099999,16239099999,AT416,16224099999,16234099999,LIRA",29.5,10,163,21.6,6.02906185822507e-13,569.9941,13-Jul-2023 07:30:00
NaN,"Clear",2023-07-13T08:00:00,11.7,29.2,31.7,"41.83019005524591, 12.46317478841414",0,0,1015.1,"LIRF,16242099999,16239099999,AT416,16224099999,16234099999,LIRA",30.3,10,149,26,6.05897342275865e-13,677.2164,13-Jul-2023 08:00:00
NaN,"Clear",2023-07-13T08:30:00,11.7,29.2,31.7,"41.83019005524591, 12.46317478841414",0,0,1015.1,"LIRF,16242099999,16239099999,AT416,16224099999,16234099999,LIRA",30.3,10,149,26,6.08905203861502e-13,618.5375,13-Jul-2023 08:30:00
NaN,"Clear",2023-07-13T09:00:00,12.8,29.9,32.99,"41.83019005524591, 12.46317478841414",0,0,1015.9,"LIRF,16242099999,16239099999,AT416,16224099999,16234099999,LIRA",30.9,10,148,24.9,6.11929874339254e-13,452.6542,13-Jul-2023 09:00:00
NaN,"Clear",2023-07-13T09:30:00,12.8,29.9,32.99,"41.83019005524591, 12.46317478841414",0,0,1015.9,"LIRF,16242099999,16239099999,AT416,16224099999,16234099999,LIRA",30.9,10,148,24.9,6.1497145812749e-13,253.6701,13-Jul-2023 09:30:00
30,"Partially cloudy",2023-07-13T10:00:00,14.3,31.3,34.41,"41.83019005524591, 12.46317478841414",0,0,1015.8,"LIRF,16242099999,16239099999,AT416,16224099999,16234099999,LIRA",31.9,10,166,30,6.18030060358393e-13,321.318,13-Jul-2023 10:00:00
30,"Partially cloudy",2023-07-13T10:30:00,14.3,31.3,34.41,"41.83019005524591, 12.46317478841414",0,0,1015.8,"LIRF,16242099999,16239099999,AT416,16224099999,16234099999,LIRA",31.9,10,166,30,6.21105786934997e-13,522.8375,13-Jul-2023 10:30:00
30,"Partially cloudy",2023-07-13T11:00:00,15.3,31.5,37.07,"41.83019005524591, 12.46317478841414",0,0,1015.8,"LIRF,16242099999,16239099999,AT416,16224099999,16234099999,LIRA",31.8,10,173,27.5,6.24198744434008e-13,588.2134,13-Jul-2023 11:00:00
30,"Partially cloudy",2023-07-13T11:30:00,15.3,31.5,37.07,"41.83019005524591, 12.46317478841414",0,0,1015.8,"LIRF,16242099999,16239099999,AT416,16224099999,16234099999,LIRA",31.8,10,173,27.5,6.27309040162071e-13,459.5742,13-Jul-2023 11:30:00
30,"Partially cloudy",2023-07-13T12:00:00,17,32.4,40.76,"41.83019005524591, 12.46317478841414",0,0,1015.8,"LIRF,16242099999,16239099999,AT416,16224099999,16234099999,LIRA",32,10,166,29,6.30436782213797e-13,342.4077,13-Jul-2023 12:00:00
30,"Partially cloudy",2023-07-13T12:30:00,17,32.4,40.76,"41.83019005524591, 12.46317478841414",0,0,1015.8,"LIRF,16242099999,16239099999,AT416,16224099999,16234099999,LIRA",32,10,166,29,6.33582079372997e-13,305.5246,13-Jul-2023 12:30:00
50,"Partially cloudy",2023-07-13T13:00:00,17.8,33.4,41.35,"41.83019005524591, 12.46317478841414",0,0,1015.8,"LIRF,16242099999,16239099999,AT416,LIRA",32.6,10,166,29.6,6.36745041169926e-13,218.4449,13-Jul-2023 13:00:00
50,"Partially cloudy",2023-07-13T13:30:00,17.8,33.4,41.35,"41.83019005524591, 12.46317478841414",0,0,1015.8,"LIRF,16242099999,16239099999,AT416,LIRA",32.6,10,166,29.6,6.39925777940348e-13,273.1718,13-Jul-2023 13:30:00
45.7,"Partially cloudy",2023-07-13T14:00:00,19.4,34.4,45.82,"41.83019005524591, 12.46317478841414",0,0,1016,"LIRF,AT416,16224099999,16234099999,LIRA",32.6,10,175,29.1,6.43124400725128e-13,250.8355,13-Jul-2023 14:00:00
45.7,"Partially cloudy",2023-07-13T14:30:00,19.4,34.4,45.82,"41.83019005524591, 12.46317478841414",0,0,1016,"LIRF,AT416,16224099999,16234099999,LIRA",32.6,10,175,29.1,6.46341021328497e-13,233.373,13-Jul-2023 14:30:00
75.1,"Partially cloudy",2023-07-13T15:00:00,19.4,33.3,48.54,"41.83019005524591, 12.46317478841414",0,0,1015.9,"LIRF,AT416,16224099999,16234099999,LIRA",31.6,10,177,27.2,6.49575752378155e-13,346.6686,13-Jul-2023 15:00:00
75.1,"Partially cloudy",2023-07-13T15:30:00,19.4,33.3,48.54,"41.83019005524591, 12.46317478841414",0,0,1015.9,"LIRF,AT416,16224099999,16234099999,LIRA",31.6,10,177,27.2,6.52828707223208e-13,370.5689,13-Jul-2023 15:30:00
30.5,"Partially cloudy",2023-07-13T16:00:00,19.6,32.7,50.79,"41.83019005524591, 12.46317478841414",0,0,1015.1,"LIRF,16242099999,16239099999,AT416,16224099999,16234099999,LIRA",31,10,174,31.2,6.56099999993459e-13,370.0576,13-Jul-2023 16:00:00
30.5,"Partially cloudy",2023-07-13T16:30:00,19.6,32.7,50.79,"41.83019005524591, 12.46317478841414",0,0,1015.1,"LIRF,16242099999,16239099999,AT416,16224099999,16234099999,LIRA",31,10,174,31.2,6.59389745660582e-13,221.1314,13-Jul-2023 16:30:00
30.5,"Partially cloudy",2023-07-13T17:00:00,20.4,33.3,53.43,"41.83019005524591, 12.46317478841414",0,0,1015.1,"LIRF,16242099999,16239099999,AT416,16224099999,16234099999,LIRA",31,10,185,27.7,6.62698059934364e-13,255.4695,13-Jul-2023 17:00:00
30.5,"Partially cloudy",2023-07-13T17:30:00,20.4,33.3,53.43,"41.83019005524591, 12.46317478841414",0,0,1015.1,"LIRF,16242099999,16239099999,AT416,16224099999,16234099999,LIRA",31,10,185,27.7,6.66025059323053e-13,180.1545,13-Jul-2023 17:30:00
30.5,"Partially cloudy",2023-07-13T18:00:00,20.4,32.2,56.49,"41.83019005524591, 12.46317478841414",0,0,1015.1,"LIRF,16242099999,16239099999,AT416,16224099999,16234099999,LIRA",30,10,174,26.9,6.69370861195613e-13,235.4559,13-Jul-2023 18:00:00
30.5,"Partially cloudy",2023-07-13T18:30:00,20.4,32.2,56.49,"41.83019005524591, 12.46317478841414",0,0,1015.1,"LIRF,16242099999,16239099999,AT416,16224099999,16234099999,LIRA",30,10,174,26.9,6.72735583676249e-13,329.7727,13-Jul-2023 18:30:00
28,"Partially cloudy",2023-07-13T19:00:00,20.5,32,57.35,"41.83019005524591, 12.46317478841414",0,0,1015.1,"LIRF,16242099999,16239099999,AT416,16224099999,16234099999,LIRA",29.8,10,174,25.6,6.76119345705827e-13,272.9804,13-Jul-2023 19:00:00
28,"Partially cloudy",2023-07-13T19:30:00,20.5,32,57.35,"41.83019005524591, 12.46317478841414",0,0,1015.1,"LIRF,16242099999,16239099999,AT416,16224099999,16234099999,LIRA",29.8,10,174,25.6,6.79522267105238e-13,164.0936,13-Jul-2023 19:30:00
30,"Partially cloudy",2023-07-13T20:00:00,20.5,30.7,60.99,"41.83019005524591, 12.46317478841414",0,0,1014.9,"LIRF,16242099999,16239099999,AT416,16224099999,16234099999,LIRA",28.7,10,168,22.1,6.82944468468168e-13,221.9307,13-Jul-2023 20:00:00
30,"Partially cloudy",2023-07-13T20:30:00,20.5,30.7,60.99,"41.83019005524591, 12.46317478841414",0,0,1014.9,"LIRF,16242099999,16239099999,AT416,16224099999,16234099999,LIRA",28.7,10,168,22.1,6.86386071223613e-13,195.4095,13-Jul-2023 20:30:00
NaN,"Clear",2023-07-13T21:00:00,20.6,29.8,64.48,"41.83019005524591, 12.46317478841414",0,0,1015.1,"LIRF,16242099999,16239099999,AT416,16224099999,LIRA",27.9,10,175,19.8,6.89847197700376e-13,258.7955,13-Jul-2023 21:00:00
NaN,"Clear",2023-07-13T21:30:00,20.6,29.8,64.48,"41.83019005524591, 12.46317478841414",0,0,1015.1,"LIRF,16242099999,16239099999,AT416,16224099999,LIRA",27.9,10,175,19.8,6.93327971018054e-13,155.5946,13-Jul-2023 21:30:00
NaN,"Clear",2023-07-13T22:00:00,19.8,28.3,65.15,"41.83019005524591, 12.46317478841414",0,0,1015.9,"LIRF,16242099999,16239099999,AT416,16224099999,LIRA",26.9,10,175,19.9,6.9682851515066e-13,69.8177,13-Jul-2023 22:00:00
NaN,"Clear",2023-07-13T22:30:00,19.8,28.3,65.15,"41.83019005524591, 12.46317478841414",0,0,1015.9,"LIRF,16242099999,16239099999,AT416,16224099999,LIRA",26.9,10,175,19.9,7.00348954992285e-13,19.7795,13-Jul-2023 22:30:00
NaN,"Clear",2023-07-13T23:00:00,20.6,28.5,68.48,"41.83019005524591, 12.46317478841414",0,0,1016.1,"LIRF,16242099999,16239099999,AT416,16224099999,LIRA",26.9,10,164,17,7.03889416246258e-13,0.203999999999997,13-Jul-2023 23:00:00
NaN,"Clear",2023-07-13T23:30:00,20.6,28.5,68.48,"41.83019005524591, 12.46317478841414",0,0,1016.1,"LIRF,16242099999,16239099999,AT416,16224099999,LIRA",26.9,10,164,17,7.07450025489915e-13,0,13-Jul-2023 23:30:00
NaN,"Clear",2023-07-14T00:00:00,20.4,28.2,68.44,"41.83019005524591, 12.46317478841414",0,0,1016.8,"LIRF,16242099999,16239099999,AT416,16224099999,LIRA",26.7,10,136,18.3,7.11030910241429e-13,18.2987,14-Jul-2023 00:00:00
NaN,"Clear",2023-07-14T00:30:00,20.4,28.2,68.44,"41.83019005524591, 12.46317478841414",0,0,1016.8,"LIRF,16242099999,16239099999,AT416,16224099999,LIRA",26.7,10,136,18.3,7.14632198847127e-13,66.3283,14-Jul-2023 00:30:00
NaN,"Clear",2023-07-14T01:00:00,20.4,28.2,68.33,"41.83019005524591, 12.46317478841414",0,0,1016.8,"LIRF,16242099999,16239099999,AT416,16224099999,LIRA",26.7,10,134,16.2,7.18254020547414e-13,54.1128,14-Jul-2023 01:00:00
NaN,"Clear",2023-07-14T01:30:00,20.4,28.2,68.33,"41.83019005524591, 12.46317478841414",0,0,1016.8,"LIRF,16242099999,16239099999,AT416,16224099999,LIRA",26.7,10,134,16.2,7.2189650554481e-13,31.4005,14-Jul-2023 01:30:00
NaN,"Clear",2023-07-14T02:00:00,19.4,24.9,71.38,"41.83019005524591, 12.46317478841414",0,0,1016.1,"LIRF,16242099999,16239099999,AT416,16224099999,LIRA",24.9,10,119,4.8,7.25559784889377e-13,14.3173,14-Jul-2023 02:00:00
NaN,"Clear",2023-07-14T02:30:00,19.4,24.9,71.38,"41.83019005524591, 12.46317478841414",0,0,1016.1,"LIRF,16242099999,16239099999,AT416,16224099999,LIRA",24.9,10,119,4.8,7.29243990545828e-13,124.2268,14-Jul-2023 02:30:00
NaN,"Clear",2023-07-14T03:00:00,19.4,25.7,68.25,"41.83019005524591, 12.46317478841414",0,0,1015.9,"LIRF,16242099999,16239099999,AT416,16224099999,LIRA",25.7,10,102,6.5,7.32949255462793e-13,65.9095,14-Jul-2023 03:00:00
NaN,"Clear",2023-07-14T03:30:00,19.4,25.7,68.25,"41.83019005524591, 12.46317478841414",0,0,1015.9,"LIRF,16242099999,16239099999,AT416,16224099999,LIRA",25.7,10,102,6.5,7.3667571345632e-13,26.7565,14-Jul-2023 03:30:00
NaN,"Clear",2023-07-14T04:00:00,19.2,24.9,70.54,"41.83019005524591, 12.46317478841414",0,0,1015.8,"LIRF,16242099999,16239099999,AT416,16224099999,LIRA",24.9,10,120,9.2,7.40423499278201e-13,9.5674,14-Jul-2023 04:00:00
NaN,"Clear",2023-07-14T04:30:00,19.2,24.9,70.54,"41.83019005524591, 12.46317478841414",0,0,1015.8,"LIRF,16242099999,16239099999,AT416,16224099999,LIRA",24.9,10,120,9.2,7.44192748686477e-13,0,14-Jul-2023 04:30:00
27.7,"Partially cloudy",2023-07-14T05:00:00,19.2,23.7,75.62,"41.83019005524591, 12.46317478841414",0,0,1015.8,"LIRF,16242099999,16239099999,AT416,16224099999,LIRA",23.7,10,71,3.4,7.47983598326996e-13,0,14-Jul-2023 05:00:00
27.7,"Partially cloudy",2023-07-14T05:30:00,19.2,23.7,75.62,"41.83019005524591, 12.46317478841414",0,0,1015.8,"LIRF,16242099999,16239099999,AT416,16224099999,LIRA",23.7,10,71,3.4,7.51796185802962e-13,46.6357,14-Jul-2023 05:30:00
NaN,"Clear",2023-07-14T06:00:00,19.2,23.6,76.37,"41.83019005524591, 12.46317478841414",0,0,1015.9,"LIRF,16242099999,16239099999,AT416,16224099999,LIRA",23.6,10,83,6.1,7.55630649746721e-13,84.2188,14-Jul-2023 06:00:00
NaN,"Clear",2023-07-14T06:30:00,19.2,23.6,76.37,"41.83019005524591, 12.46317478841414",0,0,1015.9,"LIRF,16242099999,16239099999,AT416,16224099999,LIRA",23.6,10,83,6.1,7.59487129699322e-13,149.9926,14-Jul-2023 06:30:00
NaN,"Clear",2023-07-14T07:00:00,19.2,24,74.34,"41.83019005524591, 12.46317478841414",0,0,1015.8,"LIRF,16242099999,16239099999,AT416,16224099999,16234099999,LIRA",24,10,86,3.4,7.63365766181333e-13,158.2409,14-Jul-2023 07:00:00
NaN,"Clear",2023-07-14T07:30:00,19.2,24,74.34,"41.83019005524591, 12.46317478841414",0,0,1015.8,"LIRF,16242099999,16239099999,AT416,16224099999,16234099999,LIRA",24,10,86,3.4,7.67266700765919e-13,163.295,14-Jul-2023 07:30:00
NaN,"Clear",2023-07-14T08:00:00,19.9,25.1,72.82,"41.83019005524591, 12.46317478841414",0,0,1015.9,"LIRF,16242099999,16239099999,AT416,16224099999,16234099999,LIRA",25.1,10,27,6.3,7.71190075956383e-13,128.6801,14-Jul-2023 08:00:00
NaN,"Clear",2023-07-14T08:30:00,19.9,25.1,72.82,"41.83019005524591, 12.46317478841414",0,0,1015.9,"LIRF,16242099999,16239099999,AT416,16224099999,16234099999,LIRA",25.1,10,27,6.3,7.75136035258256e-13,202.0932,14-Jul-2023 08:30:00
NaN,"Clear",2023-07-14T09:00:00,19.4,28.5,62.86,"41.83019005524591, 12.46317478841414",0,0,1015.9,"LIRF,16242099999,16239099999,AT416,16224099999,16234099999,LIRA",27.1,10,40,8.8,7.79104723253712e-13,374.0551,14-Jul-2023 09:00:00
NaN,"Clear",2023-07-14T09:30:00,19.4,28.5,62.86,"41.83019005524591, 12.46317478841414",0,0,1015.9,"LIRF,16242099999,16239099999,AT416,16224099999,16234099999,LIRA",27.1,10,40,8.8,7.83096285477039e-13,576.351,14-Jul-2023 09:30:00
28,"Partially cloudy",2023-07-14T10:00:00,20.1,29.9,61.73,"41.83019005524591, 12.46317478841414",0,0,1015.9,"LIRF,16242099999,16239099999,AT416,16224099999,16234099999,LIRA",28.2,10,37,7.3,7.87110868488038e-13,479.0041,14-Jul-2023 10:00:00
28,"Partially cloudy",2023-07-14T10:30:00,20.1,29.9,61.73,"41.83019005524591, 12.46317478841414",0,0,1015.9,"LIRF,16242099999,16239099999,AT416,16224099999,16234099999,LIRA",28.2,10,37,7.3,7.91148619947796e-13,413.1235,14-Jul-2023 10:30:00
28,"Partially cloudy",2023-07-14T11:00:00,20.3,32,56.07,"41.83019005524591, 12.46317478841414",0,0,1016.1,"LIRF,16242099999,16239099999,AT416,16224099999,16234099999,LIRA",30,10,169,15.6,7.95209688492048e-13,556.9607,14-Jul-2023 11:00:00
28,"Partially cloudy",2023-07-14T11:30:00,20.3,32,56.07,"41.83019005524591, 12.46317478841414",0,0,1016.1,"LIRF,16242099999,16239099999,AT416,16224099999,16234099999,LIRA",30,10,169,15.6,7.99294223805915e-13,582.6054,14-Jul-2023 11:30:00
30.5,"Partially cloudy",2023-07-14T12:00:00,20.2,32,55.58,"41.83019005524591, 12.46317478841414",0,0,1016.1,"LIRF,16242099999,16239099999,AT416,16224099999,16234099999,LIRA",30,10,176,17.7,8.03402376701065e-13,480.9491,14-Jul-2023 12:00:00
30.5,"Partially cloudy",2023-07-14T12:30:00,20.2,32,55.58,"41.83019005524591, 12.46317478841414",0,0,1016.1,"LIRF,16242099999,16239099999,AT416,16224099999,16234099999,LIRA",30,10,176,17.7,0.0416666666666661,427.3139,14-Jul-2023 12:30:00
50,"Partially cloudy",2023-07-14T13:00:00,21.2,34.8,53.66,"41.83019005524591, 12.46317478841414",0,0,1016.1,"LIRF,16242099999,16239099999,AT416,16224099999,16234099999,LIRA",31.8,10,177,13.7,0.0833333333333339,460.9033,14-Jul-2023 13:00:00
50,"Partially cloudy",2023-07-14T13:30:00,21.2,34.8,53.66,"41.83019005524591, 12.46317478841414",0,0,1016.1,"LIRF,16242099999,16239099999,AT416,16224099999,16234099999,LIRA",31.8,10,177,13.7,0.125,505.7858,14-Jul-2023 13:30:00
27.4,"Partially cloudy",2023-07-14T14:00:00,21.2,33.9,55.67,"41.83019005524591, 12.46317478841414",0,0,1016.1,"LIRF,16242099999,16239099999,AT416,16224099999,16234099999,LIRA",31.1,10,217,16.2,0.166666666666666,422.7815,14-Jul-2023 14:00:00
27.4,"Partially cloudy",2023-07-14T14:30:00,21.2,33.9,55.67,"41.83019005524591, 12.46317478841414",0,0,1016.1,"LIRF,16242099999,16239099999,AT416,16224099999,16234099999,LIRA",31.1,10,217,16.2,0.208333333333334,432.8502,14-Jul-2023 14:30:00
27.5,"Partially cloudy",2023-07-14T15:00:00,21.9,35.5,55.81,"41.83019005524591, 12.46317478841414",0,0,1015.8,"LIRF,16242099999,16239099999,AT416,16224099999,16234099999,LIRA",31.8,10,200,16.8,0.25,441.092,14-Jul-2023 15:00:00
27.5,"Partially cloudy",2023-07-14T15:30:00,21.9,35.5,55.81,"41.83019005524591, 12.46317478841414",0,0,1015.8,"LIRF,16242099999,16239099999,AT416,16224099999,16234099999,LIRA",31.8,10,200,16.8,0.291666666666666,357.7262,14-Jul-2023 15:30:00
41.8,"Partially cloudy",2023-07-14T16:00:00,21.9,34.3,58.99,"41.83019005524591, 12.46317478841414",0,0,1015.8,"LIRF,16242099999,16239099999,AT416,16224099999,16234099999,LIRA",30.9,10,205,20.4,0.333333333333334,162.6666,14-Jul-2023 16:00:00
41.8,"Partially cloudy",2023-07-14T16:30:00,21.9,34.3,58.99,"41.83019005524591, 12.46317478841414",0,0,1015.8,"LIRF,16242099999,16239099999,AT416,16224099999,16234099999,LIRA",30.9,10,205,20.4,0.375,181.8803,14-Jul-2023 16:30:00
30,"Partially cloudy",2023-07-14T17:00:00,22.9,35.2,62.83,"41.83019005524591, 12.46317478841414",0,0,1015.8,"LIRF,16242099999,16239099999,AT416,16224099999,16234099999,LIRA",30.8,10,208,18,0.416666666666666,209.4913,14-Jul-2023 17:00:00
30,"Partially cloudy",2023-07-14T17:30:00,22.9,35.2,62.83,"41.83019005524591, 12.46317478841414",0,0,1015.8,"LIRF,16242099999,16239099999,AT416,16224099999,16234099999,LIRA",30.8,10,208,18,0.458333333333334,261.2851,14-Jul-2023 17:30:00
30,"Partially cloudy",2023-07-14T18:00:00,22,33.1,62.66,"41.83019005524591, 12.46317478841414",0,0,1015.1,"LIRF,16242099999,16239099999,AT416,16224099999,16234099999,LIRA",29.9,10,220,16,0.5,247.3449,14-Jul-2023 18:00:00
30,"Partially cloudy",2023-07-14T18:30:00,22,33.1,62.66,"41.83019005524591, 12.46317478841414",0,0,1015.1,"LIRF,16242099999,16239099999,AT416,16224099999,16234099999,LIRA",29.9,10,220,16,0.541666666666666,238.8475,14-Jul-2023 18:30:00
30,"Partially cloudy",2023-07-14T19:00:00,22,32.1,65.94,"41.83019005524591, 12.46317478841414",0,0,1015.1,"LIRF,16242099999,16239099999,AT416,16224099999,16234099999,LIRA",29,10,216,15.8,0.583333333333334,184.0198,14-Jul-2023 19:00:00
30,"Partially cloudy",2023-07-14T19:30:00,22,32.1,65.94,"41.83019005524591, 12.46317478841414",0,0,1015.1,"LIRF,16242099999,16239099999,AT416,16224099999,16234099999,LIRA",29,10,216,15.8,0.625,164.5752,14-Jul-2023 19:30:00
0,"Clear",2023-07-14T20:00:00,22.2,30.8,70.67,"41.83019005524591, 12.46317478841414",0,0,1015.8,"LIRF,16242099999,16239099999,AT416,16224099999,16234099999,LIRA",28,9.9,224,13.6,0.666666666666666,225.5668,14-Jul-2023 20:00:00
0,"Clear",2023-07-14T20:30:00,22.2,30.8,70.67,"41.83019005524591, 12.46317478841414",0,0,1015.8,"LIRF,16242099999,16239099999,AT416,16224099999,16234099999,LIRA",28,9.9,224,13.6,0.708333333333334,203.8236,14-Jul-2023 20:30:00
NaN,"Clear",2023-07-14T21:00:00,22.2,29.2,75.12,"41.83019005524591, 12.46317478841414",0,0,1015.9,"LIRF,16242099999,16239099999,AT416,16224099999,LIRA",26.9,10,212,8.5,0.75,128.2566,14-Jul-2023 21:00:00
NaN,"Clear",2023-07-14T21:30:00,22.2,29.2,75.12,"41.83019005524591, 12.46317478841414",0,0,1015.9,"LIRF,16242099999,16239099999,AT416,16224099999,LIRA",26.9,10,212,8.5,0.791666666666666,98.5255,14-Jul-2023 21:30:00
NaN,"Clear",2023-07-14T22:00:00,23.1,25.2,88.54,"41.83019005524591, 12.46317478841414",0,0,1015.9,"LIRF,16242099999,16239099999,AT416,16224099999,LIRA",25.2,10,226,7,0.833333333333334,49.5653,14-Jul-2023 22:00:00
NaN,"Clear",2023-07-14T22:30:00,23.1,25.2,88.54,"41.83019005524591, 12.46317478841414",0,0,1015.9,"LIRF,16242099999,16239099999,AT416,16224099999,LIRA",25.2,10,226,7,0.875,19.0338,14-Jul-2023 22:30:00
NaN,"Clear",2023-07-14T23:00:00,23.1,25.1,88.69,"41.83019005524591, 12.46317478841414",0,0,1016.8,"LIRF,16242099999,16239099999,AT416,16224099999,LIRA",25.1,10,239,3.6,0.916666666666666,8.0338,14-Jul-2023 23:00:00
NaN,"Clear",2023-07-14T23:30:00,23.1,25.1,88.69,"41.83019005524591, 12.46317478841414",0,0,1016.8,"LIRF,16242099999,16239099999,AT416,16224099999,LIRA",25.1,10,239,3.6,0.958333333333334,0,14-Jul-2023 23:30:00
NaN,"Clear",2023-07-15T00:00:00,22.2,24.2,88.61,"41.83019005524591, 12.46317478841414",0,0,1016.8,"LIRF,16242099999,16239099999,AT416,16224099999,LIRA",24.2,10,231,4.6,1,20.1706,15-Jul-2023 00:00:00
NaN,"Clear",2023-07-15T00:30:00,22.2,24.2,88.61,"41.83019005524591, 12.46317478841414",0,0,1016.8,"LIRF,16242099999,16239099999,AT416,16224099999,LIRA",24.2,10,231,4.6,1,42.6935,15-Jul-2023 00:30:00
27.7,"Partially cloudy",2023-07-15T01:00:00,22,23.8,89.62,"41.83019005524591, 12.46317478841414",0,0,1016.8,"LIRF,16242099999,16239099999,AT416,16224099999,LIRA",23.8,10,257,5,1,11.5229,15-Jul-2023 01:00:00
27.7,"Partially cloudy",2023-07-15T01:30:00,22,23.8,89.62,"41.83019005524591, 12.46317478841414",0,0,1016.8,"LIRF,16242099999,16239099999,AT416,16224099999,LIRA",23.8,10,257,5,1,0,15-Jul-2023 01:30:00
27.7,"Partially cloudy",2023-07-15T02:00:00,22.2,24,89.63,"41.83019005524591, 12.46317478841414",0,0,1016.8,"LIRF,16242099999,16239099999,AT416,16224099999,LIRA",24,10,80,2.5,1,17.559,15-Jul-2023 02:00:00
27.7,"Partially cloudy",2023-07-15T02:30:00,22.2,24,89.63,"41.83019005524591, 12.46317478841414",0,0,1016.8,"LIRF,16242099999,16239099999,AT416,16224099999,LIRA",24,10,80,2.5,1,67.5475,15-Jul-2023 02:30:00
NaN,"Clear",2023-07-15T03:00:00,22.2,24.6,86.66,"41.83019005524591, 12.46317478841414",0,0,1016.8,"LIRF,16242099999,16239099999,AT416,16224099999,LIRA",24.6,10,80,3.9,1,38.9885,15-Jul-2023 03:00:00
NaN,"Clear",2023-07-15T03:30:00,22.2,24.6,86.66,"41.83019005524591, 12.46317478841414",0,0,1016.8,"LIRF,16242099999,16239099999,AT416,16224099999,LIRA",24.6,10,80,3.9,1,23.3151,15-Jul-2023 03:30:00
0,"Clear",2023-07-15T04:00:00,22,24.3,86.79,"41.83019005524591, 12.46317478841414",0,0,1016.8,"LIRF,16242099999,16239099999,AT416,16224099999,LIRA",24.3,9.8,63,2.5,1,12.3151,15-Jul-2023 04:00:00
0,"Clear",2023-07-15T04:30:00,22,24.3,86.79,"41.83019005524591, 12.46317478841414",0,0,1016.8,"LIRF,16242099999,16239099999,AT416,16224099999,LIRA",24.3,9.8,63,2.5,1,1.3151,15-Jul-2023 04:30:00
0,"Clear",2023-07-15T05:00:00,21.8,23.6,89.75,"41.83019005524591, 12.46317478841414",0,0,1015.9,"LIRF,16242099999,16239099999,AT416,16224099999,LIRA",23.6,9.6,50,2.1,1,45.8902,15-Jul-2023 05:00:00
0,"Clear",2023-07-15T05:30:00,21.8,23.6,89.75,"41.83019005524591, 12.46317478841414",0,0,1015.9,"LIRF,16242099999,16239099999,AT416,16224099999,LIRA",23.6,9.6,50,2.1,1,34.8902,15-Jul-2023 05:30:00
0,"Clear",2023-07-15T06:00:00,21.8,23.6,89.75,"41.83019005524591, 12.46317478841414",0,0,1016.1,"LIRF,16242099999,16239099999,AT416,16224099999,LIRA",23.6,9.2,14,0.7,1,91.3355,15-Jul-2023 06:00:00
0,"Clear",2023-07-15T06:30:00,21.8,23.6,89.75,"41.83019005524591, 12.46317478841414",0,0,1016.1,"LIRF,16242099999,16239099999,AT416,16224099999,LIRA",23.6,9.2,14,0.7,1,58.3355,15-Jul-2023 06:30:00
0,"Clear",2023-07-15T07:00:00,22,23.7,89.77,"41.83019005524591, 12.46317478841414",0,0,1016.1,"LIRF,16242099999,16239099999,AT416,16224099999,LIRA",23.7,9.2,48,3.9,1,28.4076,15-Jul-2023 07:00:00
0,"Clear",2023-07-15T07:30:00,22,23.7,89.77,"41.83019005524591, 12.46317478841414",0,0,1016.1,"LIRF,16242099999,16239099999,AT416,16224099999,LIRA",23.7,9.2,48,3.9,1,51.267,15-Jul-2023 07:30:00
50,"Partially cloudy",2023-07-15T08:00:00,22.2,25,84.71,"41.83019005524591, 12.46317478841414",0,0,1016.1,"LIRF,16242099999,16239099999,AT416,16224099999,LIRA",25,9.5,14,5.4,1,48.152,15-Jul-2023 08:00:00
50,"Partially cloudy",2023-07-15T08:30:00,22.2,25,84.71,"41.83019005524591, 12.46317478841414",0,0,1016.1,"LIRF,16242099999,16239099999,AT416,16224099999,LIRA",25,9.5,14,5.4,1,163.3096,15-Jul-2023 08:30:00
55,"Partially cloudy",2023-07-15T09:00:00,22.2,26.3,77.91,"41.83019005524591, 12.46317478841414",0,0,1016.8,"LIRF,16242099999,16239099999,AT416,16224099999,LIRA",26.3,9.9,NaN,2.5,1,264.6189,15-Jul-2023 09:00:00
55,"Partially cloudy",2023-07-15T09:30:00,22.2,26.3,77.91,"41.83019005524591, 12.46317478841414",0,0,1016.8,"LIRF,16242099999,16239099999,AT416,16224099999,LIRA",26.3,9.9,NaN,2.5,1,271.6359,15-Jul-2023 09:30:00
30.5,"Partially cloudy",2023-07-15T10:00:00,22.2,31,70.19,"41.83019005524591, 12.46317478841414",0,0,1016.8,"LIRF,16242099999,16239099999,AT416,16224099999,LIRA",28.2,9.9,180,5.1,1,360.2441,15-Jul-2023 10:00:00
30.5,"Partially cloudy",2023-07-15T10:30:00,22.2,31,70.19,"41.83019005524591, 12.46317478841414",0,0,1016.8,"LIRF,16242099999,16239099999,AT416,16224099999,LIRA",28.2,9.9,180,5.1,1,410.5946,15-Jul-2023 10:30:00
28,"Partially cloudy",2023-07-15T11:00:00,21.4,32.8,60.27,"41.83019005524591, 12.46317478841414",0,0,1016.9,"LIRF,16242099999,16239099999,AT416,16224099999,LIRA",30,9.9,200,9.9,1,341.0801,15-Jul-2023 11:00:00
28,"Partially cloudy",2023-07-15T11:30:00,21.4,32.8,60.27,"41.83019005524591, 12.46317478841414",0,0,1016.9,"LIRF,16242099999,16239099999,AT416,16224099999,LIRA",30,9.9,200,9.9,1,220.2631,15-Jul-2023 11:30:00
30,"Partially cloudy",2023-07-15T12:00:00,22.2,34.4,60.25,"41.83019005524591, 12.46317478841414",0,0,1016.9,"LIRF,16242099999,16239099999,AT416,16224099999,LIRA",30.8,9.9,196,12.8,1,180.5568,15-Jul-2023 12:00:00
30,"Partially cloudy",2023-07-15T12:30:00,22.2,34.4,60.25,"41.83019005524591, 12.46317478841414",0,0,1016.9,"LIRF,16242099999,16239099999,AT416,16224099999,LIRA",30.8,9.9,196,12.8,1,284.4604,15-Jul-2023 12:30:00
26.7,"Partially cloudy",2023-07-15T13:00:00,23,35.2,63.08,"41.83019005524591, 12.46317478841414",0,0,1017.1,"LIRF,16242099999,16239099999,AT416,16224099999,LIRA",30.8,10,215,14.7,1,350.2808,15-Jul-2023 13:00:00
26.7,"Partially cloudy",2023-07-15T13:30:00,23,35.2,63.08,"41.83019005524591, 12.46317478841414",0,0,1017.1,"LIRF,16242099999,16239099999,AT416,16224099999,LIRA",30.8,10,215,14.7,1,405.3065,15-Jul-2023 13:30:00
30,"Partially cloudy",2023-07-15T14:00:00,22.2,35.4,57.62,"41.83019005524591, 12.46317478841414",0,0,1016.9,"LIRF,16242099999,16239099999,AT416,16224099999,LIRA",31.6,10,211,13.8,1,292.4401,15-Jul-2023 14:00:00
30,"Partially cloudy",2023-07-15T14:30:00,22.2,35.4,57.62,"41.83019005524591, 12.46317478841414",0,0,1016.9,"LIRF,16242099999,16239099999,AT416,16224099999,LIRA",31.6,10,211,13.8,1,333.4957,15-Jul-2023 14:30:00
30,"Partially cloudy",2023-07-15T15:00:00,22.9,35.2,62.97,"41.83019005524591, 12.46317478841414",0,0,1016.8,"LIRF,16242099999,16239099999,AT416,16224099999,LIRA",30.8,10,247,17.5,1,194.4046,15-Jul-2023 15:00:00
30,"Partially cloudy",2023-07-15T15:30:00,22.9,35.2,62.97,"41.83019005524591, 12.46317478841414",0,0,1016.8,"LIRF,16242099999,16239099999,AT416,16224099999,LIRA",30.8,10,247,17.5,1,171.1743,15-Jul-2023 15:30:00
30,"Partially cloudy",2023-07-15T16:00:00,22.9,36.1,60.13,"41.83019005524591, 12.46317478841414",0,0,1016.1,"LIRF,16242099999,16239099999,AT416,16224099999,LIRA",31.6,10,232,12,1,162.3719,15-Jul-2023 16:00:00
30,"Partially cloudy",2023-07-15T16:30:00,22.9,36.1,60.13,"41.83019005524591, 12.46317478841414",0,0,1016.1,"LIRF,16242099999,16239099999,AT416,16224099999,LIRA",31.6,10,232,12,1,172.4986,15-Jul-2023 16:30:00
NaN,"Clear",2023-07-15T17:00:00,22.9,36.1,59.83,"41.83019005524591, 12.46317478841414",0,0,1016.1,"LIRF,16242099999,16239099999,AT416,16224099999,LIRA",31.6,10,241,11.8,1,206.0725,15-Jul-2023 17:00:00
NaN,"Clear",2023-07-15T17:30:00,22.9,36.1,59.83,"41.83019005524591, 12.46317478841414",0,0,1016.1,"LIRF,16242099999,16239099999,AT416,16224099999,LIRA",31.6,10,241,11.8,1,222.7705,15-Jul-2023 17:30:00
NaN,"Clear",2023-07-15T18:00:00,22,35.3,57.05,"41.83019005524591, 12.46317478841414",0,0,1015.9,"LIRF,16242099999,16239099999,AT416,16224099999,LIRA",31.6,10,241,10.5,1,206.938,15-Jul-2023 18:00:00
NaN,"Clear",2023-07-15T18:30:00,22,35.3,57.05,"41.83019005524591, 12.46317478841414",0,0,1015.9,"LIRF,16242099999,16239099999,AT416,16224099999,LIRA",31.6,10,241,10.5,1,111.8057,15-Jul-2023 18:30:00
NaN,"Clear",2023-07-15T19:00:00,21.3,33.5,57.78,"41.83019005524591, 12.46317478841414",0,0,1015.9,"LIRF,16242099999,16239099999,AT416,16224099999,LIRA",30.6,10,220,10.8,1,62.758,15-Jul-2023 19:00:00
NaN,"Clear",2023-07-15T19:30:00,21.3,33.5,57.78,"41.83019005524591, 12.46317478841414",0,0,1015.9,"LIRF,16242099999,16239099999,AT416,16224099999,LIRA",30.6,10,220,10.8,1,85.7182,15-Jul-2023 19:30:00
NaN,"Clear",2023-07-15T20:00:00,21.3,32.2,61.29,"41.83019005524591, 12.46317478841414",0,0,1015.9,"LIRF,16242099999,16239099999,AT416,16224099999,LIRA",29.6,10,228,10.8,1,92.885,15-Jul-2023 20:00:00
NaN,"Clear",2023-07-15T20:30:00,21.3,32.2,61.29,"41.83019005524591, 12.46317478841414",0,0,1015.9,"LIRF,16242099999,16239099999,AT416,16224099999,LIRA",29.6,10,228,10.8,1,209.5315,15-Jul-2023 20:30:00
NaN,"Clear",2023-07-15T21:00:00,22.3,30.2,73.05,"41.83019005524591, 12.46317478841414",0,0,1015.9,"LIRF,16242099999,16239099999,AT416,16224099999,LIRA",27.6,10,245,7.1,1,184.6789,15-Jul-2023 21:00:00
NaN,"Clear",2023-07-15T21:30:00,22.3,30.2,73.05,"41.83019005524591, 12.46317478841414",0,0,1015.9,"LIRF,16242099999,16239099999,AT416,16224099999,LIRA",27.6,10,245,7.1,1,59.8849,15-Jul-2023 21:30:00
0,"Clear",2023-07-15T22:00:00,22.3,25.7,81.26,"41.83019005524591, 12.46317478841414",0,0,1016.1,"LIRF,16242099999,16239099999,AT416,16224099999,LIRA",25.7,10,234,6.7,1,23.7235,15-Jul-2023 22:00:00
0,"Clear",2023-07-15T22:30:00,22.3,25.7,81.26,"41.83019005524591, 12.46317478841414",0,0,1016.1,"LIRF,16242099999,16239099999,AT416,16224099999,LIRA",25.7,10,234,6.7,1,4.498,15-Jul-2023 22:30:00
0,"Clear",2023-07-15T23:00:00,22.1,24.7,85.39,"41.83019005524591, 12.46317478841414",0,0,1016.8,"LIRF,16242099999,16239099999,AT416,16224099999,LIRA",24.7,10,260,3.6,1,0,15-Jul-2023 23:00:00
0,"Clear",2023-07-15T23:30:00,22.1,24.7,85.39,"41.83019005524591, 12.46317478841414",0,0,1016.8,"LIRF,16242099999,16239099999,AT416,16224099999,LIRA",24.7,10,260,3.6,1,0,15-Jul-2023 23:30:00
0,"Clear",2023-07-16T00:00:00,22.1,24.6,86.23,"41.83019005524591, 12.46317478841414",0,0,1016.8,"LIRF,16242099999,16239099999,AT416,16224099999,LIRA",24.6,10,11,2.2,1,0,16-Jul-2023 00:00:00
0,"Clear",2023-07-16T00:30:00,22.1,24.6,86.23,"41.83019005524591, 12.46317478841414",0,0,1016.8,"LIRF,16242099999,16239099999,AT416,16224099999,LIRA",24.6,10,11,2.2,1,91.1618,16-Jul-2023 00:30:00
0,"Clear",2023-07-16T01:00:00,21.9,24.4,86.35,"41.83019005524591, 12.46317478841414",0,0,1016.8,"LIRF,16242099999,16239099999,AT416,16224099999,LIRA",24.4,9.8,20,1.8,1,142.6659,16-Jul-2023 01:00:00
0,"Clear",2023-07-16T01:30:00,21.9,24.4,86.35,"41.83019005524591, 12.46317478841414",0,0,1016.8,"LIRF,16242099999,16239099999,AT416,16224099999,LIRA",24.4,9.8,20,1.8,1,116.3783,16-Jul-2023 01:30:00
0,"Clear",2023-07-16T02:00:00,19.6,24.4,74.62,"41.83019005524591, 12.46317478841414",0,0,1016.1,"LIRF,16242099999,16239099999,AT416,16224099999,LIRA",24.4,10,72,5.3,1,60.7181,16-Jul-2023 02:00:00
0,"Clear",2023-07-16T02:30:00,19.6,24.4,74.62,"41.83019005524591, 12.46317478841414",0,0,1016.1,"LIRF,16242099999,16239099999,AT416,16224099999,LIRA",24.4,10,72,5.3,1,30.7972,16-Jul-2023 02:30:00
0,"Clear",2023-07-16T03:00:00,20.6,22,91.9,"41.83019005524591, 12.46317478841414",0,0,1015.4,"LIRF,16242099999,AT416,16224099999",22,10,NaN,1.8,1,6.1188,16-Jul-2023 03:00:00
0,"Clear",2023-07-16T03:30:00,20.6,22,91.9,"41.83019005524591, 12.46317478841414",0,0,1015.4,"LIRF,16242099999,AT416,16224099999",22,10,NaN,1.8,1,12.7217,16-Jul-2023 03:30:00
0,"Clear",2023-07-16T04:00:00,20.9,21.3,97.71,"41.83019005524591, 12.46317478841414",0,0,1015.3,"LIRF,16242099999,AT416,16224099999",21.3,10,65,3.8,1,20.2764,16-Jul-2023 04:00:00
0,"Clear",2023-07-16T04:30:00,20.9,21.3,97.71,"41.83019005524591, 12.46317478841414",0,0,1015.3,"LIRF,16242099999,AT416,16224099999",21.3,10,65,3.8,1,53.6746,16-Jul-2023 04:30:00
0,"Clear",2023-07-16T05:00:00,19.4,22.6,82.1,"41.83019005524591, 12.46317478841414",0,0,1015.1,"LIRF,16242099999,16239099999,AT416,16224099999,LIRA",22.6,10,55,3.3,1,40.0305,16-Jul-2023 05:00:00
0,"Clear",2023-07-16T05:30:00,19.4,22.6,82.1,"41.83019005524591, 12.46317478841414",0,0,1015.1,"LIRF,16242099999,16239099999,AT416,16224099999,LIRA",22.6,10,55,3.3,1,39.6633,16-Jul-2023 05:30:00
0,"Clear",2023-07-16T06:00:00,18.4,23.2,74.55,"41.83019005524591, 12.46317478841414",0,0,1015.8,"LIRF,16242099999,16239099999,AT416,16224099999,LIRA",23.2,10,327,3.6,1,29.7072,16-Jul-2023 06:00:00
0,"Clear",2023-07-16T06:30:00,18.4,23.2,74.55,"41.83019005524591, 12.46317478841414",0,0,1015.8,"LIRF,16242099999,16239099999,AT416,16224099999,LIRA",23.2,10,327,3.6,1,141.9409,16-Jul-2023 06:30:00
0,"Clear",2023-07-16T07:00:00,20,23.6,80.31,"41.83019005524591, 12.46317478841414",0,0,1015.8,"LIRF,16242099999,16239099999,AT416,16224099999,LIRA",23.6,10,75,4.4,1,107.8008,16-Jul-2023 07:00:00
0,"Clear",2023-07-16T07:30:00,20,23.6,80.31,"41.83019005524591, 12.46317478841414",0,0,1015.8,"LIRF,16242099999,16239099999,AT416,16224099999,LIRA",23.6,10,75,4.4,1,58.2743,16-Jul-2023 07:30:00
NaN,"Clear",2023-07-16T08:00:00,21,24.8,79.4,"41.83019005524591, 12.46317478841414",0,0,1015.9,"LIRF,16242099999,16239099999,AT416,16224099999,LIRA",24.8,10,4,4.4,1,31.4599,16-Jul-2023 08:00:00
NaN,"Clear",2023-07-16T08:30:00,21,24.8,79.4,"41.83019005524591, 12.46317478841414",0,0,1015.9,"LIRF,16242099999,16239099999,AT416,16224099999,LIRA",24.8,10,4,4.4,1,9.4599,16-Jul-2023 08:30:00
NaN,"Clear",2023-07-16T09:00:00,21.7,29.3,72.21,"41.83019005524591, 12.46317478841414",0,0,1016.8,"LIRF,16242099999,16239099999,AT416,16224099999,LIRA",27.2,10,72,4.9,1,52.9862,16-Jul-2023 09:00:00
NaN,"Clear",2023-07-16T09:30:00,21.7,29.3,72.21,"41.83019005524591, 12.46317478841414",0,0,1016.8,"LIRF,16242099999,16239099999,AT416,16224099999,LIRA",27.2,10,72,4.9,1,234.0204,16-Jul-2023 09:30:00
NaN,"Clear",2023-07-16T10:00:00,21.1,31.4,62.68,"41.83019005524591, 12.46317478841414",0,0,1016.1,"LIRF,16242099999,16239099999,AT416,16224099999,LIRA",29,10,40,5.5,1,160.0802,16-Jul-2023 10:00:00
NaN,"Clear",2023-07-16T10:30:00,21.1,31.4,62.68,"41.83019005524591, 12.46317478841414",0,0,1016.1,"LIRF,16242099999,16239099999,AT416,16224099999,LIRA",29,10,40,5.5,1,116.4629,16-Jul-2023 10:30:00
NaN,"Clear",2023-07-16T11:00:00,20.6,33.3,54.05,"41.83019005524591, 12.46317478841414",0,0,1016.8,"LIRF,16242099999,16239099999,AT416,16224099999,LIRA",30.9,10,180,4.4,1,182.5527,16-Jul-2023 11:00:00
NaN,"Clear",2023-07-16T11:30:00,20.6,33.3,54.05,"41.83019005524591, 12.46317478841414",0,0,1016.8,"LIRF,16242099999,16239099999,AT416,16224099999,LIRA",30.9,10,180,4.4,1,258.699,16-Jul-2023 11:30:00
NaN,"Clear",2023-07-16T12:00:00,20.4,35,48.81,"41.83019005524591, 12.46317478841414",0,0,1016.9,"LIRF,16242099999,16239099999,AT416,16224099999,LIRA",32.5,10,204,9.9,1,251.2734,16-Jul-2023 12:00:00
NaN,"Clear",2023-07-16T12:30:00,20.4,35,48.81,"41.83019005524591, 12.46317478841414",0,0,1016.9,"LIRF,16242099999,16239099999,AT416,16224099999,LIRA",32.5,10,204,9.9,1,172.7439,16-Jul-2023 12:30:00
NaN,"Clear",2023-07-16T13:00:00,19.8,36.8,42.67,"41.83019005524591, 12.46317478841414",0,0,1016.9,"LIRF,16242099999,16239099999,AT416,16224099999,LIRA",34.3,10,200,13.6,1,209.6028,16-Jul-2023 13:00:00
NaN,"Clear",2023-07-16T13:30:00,19.8,36.8,42.67,"41.83019005524591, 12.46317478841414",0,0,1016.9,"LIRF,16242099999,16239099999,AT416,16224099999,LIRA",34.3,10,200,13.6,1,242.9603,16-Jul-2023 13:30:00
NaN,"Clear",2023-07-16T14:00:00,23,38.9,54.16,"41.83019005524591, 12.46317478841414",0,0,1016.9,"LIRF,16242099999,16239099999,AT416,16224099999,LIRA",33.6,10,228,17.9,1,143.9603,16-Jul-2023 14:00:00
NaN,"Clear",2023-07-16T14:30:00,23,38.9,54.16,"41.83019005524591, 12.46317478841414",0,0,1016.9,"LIRF,16242099999,16239099999,AT416,16224099999,LIRA",33.6,10,228,17.9,1,139.3649,16-Jul-2023 14:30:00
NaN,"Clear",2023-07-16T15:00:00,22,37.8,50.88,"41.83019005524591, 12.46317478841414",0,0,1016.9,"LIRF,16242099999,16239099999,AT416,16224099999,LIRA",33.6,10,213,15.9,1,93.1442,16-Jul-2023 15:00:00
NaN,"Clear",2023-07-16T15:30:00,22,37.8,50.88,"41.83019005524591, 12.46317478841414",0,0,1016.9,"LIRF,16242099999,16239099999,AT416,16224099999,LIRA",33.6,10,213,15.9,1,83.3149,16-Jul-2023 15:30:00
NaN,"Clear",2023-07-16T16:00:00,20,36,45,"41.83019005524591, 12.46317478841414",0,0,1016.1,"LIRF,16242099999,16239099999,AT416,16224099999,LIRA",33.6,10,212,13,1,82.4565,16-Jul-2023 16:00:00
NaN,"Clear",2023-07-16T16:30:00,20,36,45,"41.83019005524591, 12.46317478841414",0,0,1016.1,"LIRF,16242099999,16239099999,AT416,16224099999,LIRA",33.6,10,212,13,1,85.9854,16-Jul-2023 16:30:00
NaN,"Clear",2023-07-16T17:00:00,19.3,35.5,42.94,"41.83019005524591, 12.46317478841414",0,0,1016.1,"LIRF,16242099999,16239099999,AT416,16224099999,LIRA",33.6,10,226,15.4,1,125.0768,16-Jul-2023 17:00:00
NaN,"Clear",2023-07-16T17:30:00,19.3,35.5,42.94,"41.83019005524591, 12.46317478841414",0,0,1016.1,"LIRF,16242099999,16239099999,AT416,16224099999,LIRA",33.6,10,226,15.4,1,214.003,16-Jul-2023 17:30:00
NaN,"Clear",2023-07-16T18:00:00,18.8,34,44.08,"41.83019005524591, 12.46317478841414",0,0,1016.1,"LIRF,16242099999,16239099999,AT416,16224099999,LIRA",32.6,10,235,15.7,1,251.7528,16-Jul-2023 18:00:00
NaN,"Clear",2023-07-16T18:30:00,18.8,34,44.08,"41.83019005524591, 12.46317478841414",0,0,1016.1,"LIRF,16242099999,16239099999,AT416,16224099999,LIRA",32.6,10,235,15.7,1,128.5005,16-Jul-2023 18:30:00
NaN,"Clear",2023-07-16T19:00:00,17.2,31.9,42.67,"41.83019005524591, 12.46317478841414",0,0,1016.1,"LIRF,16242099999,16239099999,AT416,16224099999,LIRA",31.4,10,251,10.8,1,131.5899,16-Jul-2023 19:00:00
NaN,"Clear",2023-07-16T19:30:00,17.2,31.9,42.67,"41.83019005524591, 12.46317478841414",0,0,1016.1,"LIRF,16242099999,16239099999,AT416,16224099999,LIRA",31.4,10,251,10.8,1,74.2979,16-Jul-2023 19:30:00
NaN,"Clear",2023-07-16T20:00:00,19.8,32.4,52.73,"41.83019005524591, 12.46317478841414",0,0,1016.9,"LIRF,16242099999,16239099999,AT416,16224099999,LIRA",30.6,10,249,10.4,1,81.3989,16-Jul-2023 20:00:00
NaN,"Clear",2023-07-16T20:30:00,19.8,32.4,52.73,"41.83019005524591, 12.46317478841414",0,0,1016.9,"LIRF,16242099999,16239099999,AT416,16224099999,LIRA",30.6,10,249,10.4,1,97.951,16-Jul-2023 20:30:00
NaN,"Clear",2023-07-16T21:00:00,20.9,30.7,63.15,"41.83019005524591, 12.46317478841414",0,0,1016.9,"LIRF,16242099999,16239099999,AT416,16224099999,LIRA",28.6,10,223,7,1,64.951,16-Jul-2023 21:00:00
NaN,"Clear",2023-07-16T21:30:00,20.9,30.7,63.15,"41.83019005524591, 12.46317478841414",0,0,1016.9,"LIRF,16242099999,16239099999,AT416,16224099999,LIRA",28.6,10,223,7,1,23.8709,16-Jul-2023 21:30:00
NaN,"Clear",2023-07-16T22:00:00,20.7,29.4,66.38,"41.83019005524591, 12.46317478841414",0,0,1017.1,"LIRF,16242099999,16239099999,AT416,16224099999,LIRA",27.5,10,300,3.6,1,12.8709,16-Jul-2023 22:00:00
NaN,"Clear",2023-07-16T22:30:00,20.7,29.4,66.38,"41.83019005524591, 12.46317478841414",0,0,1017.1,"LIRF,16242099999,16239099999,AT416,16224099999,LIRA",27.5,10,300,3.6,1,1.8709,16-Jul-2023 22:30:00
NaN,"Clear",2023-07-16T23:00:00,21.5,26.4,74.57,"41.83019005524591, 12.46317478841414",0,0,1017.9,"LIRF,16242099999,16239099999,AT416,16224099999,LIRA",26.4,10,10,2.5,1,0,16-Jul-2023 23:00:00
NaN,"Clear",2023-07-16T23:30:00,21.5,26.4,74.57,"41.83019005524591, 12.46317478841414",0,0,1017.9,"LIRF,16242099999,16239099999,AT416,16224099999,LIRA",26.4,10,10,2.5,1,0,16-Jul-2023 23:30:00
NaN,"Clear",2023-07-17T00:00:00,21.3,25.6,77.19,"41.83019005524591, 12.46317478841414",0,0,1017.8,"LIRF,16242099999,16239099999,AT416,16224099999,LIRA",25.6,10,23,2.6,1.5241579027564e-12,0,17-Jul-2023 00:00:00
NaN,"Clear",2023-07-17T00:30:00,21.3,25.6,77.19,"41.83019005524591, 12.46317478841414",0,0,1017.8,"LIRF,16242099999,16239099999,AT416,16224099999,LIRA",25.6,10,23,2.6,1.53265196912082e-12,18.4131,17-Jul-2023 00:30:00
NaN,"Clear",2023-07-17T01:00:00,18.8,25.4,66.84,"41.83019005524591, 12.46317478841414",0,0,1017.9,"LIRF,16242099999,16239099999,AT416,16224099999,LIRA",25.4,10,60,3.6,1.54119932674538e-12,7.4131,17-Jul-2023 01:00:00
NaN,"Clear",2023-07-17T01:30:00,18.8,25.4,66.84,"41.83019005524591, 12.46317478841414",0,0,1017.9,"LIRF,16242099999,16239099999,AT416,16224099999,LIRA",25.4,10,60,3.6,1.54980034748103e-12,40.906,17-Jul-2023 01:30:00
NaN,"Clear",2023-07-17T02:00:00,18.7,25.2,67.49,"41.83019005524591, 12.46317478841414",0,0,1017.8,"LIRF,16242099999,16239099999,AT416,16224099999,LIRA",25.2,10,79,3.6,1.55845540589026e-12,29.906,17-Jul-2023 02:00:00
NaN,"Clear",2023-07-17T02:30:00,18.7,25.2,67.49,"41.83019005524591, 12.46317478841414",0,0,1017.8,"LIRF,16242099999,16239099999,AT416,16224099999,LIRA",25.2,10,79,3.6,1.56716487941294e-12,18.906,17-Jul-2023 02:30:00
NaN,"Clear",2023-07-17T03:00:00,16.7,25,60.28,"41.83019005524591, 12.46317478841414",0,0,1017.1,"LIRF,16242099999,16239099999,AT416,16224099999,LIRA",25,10,51,5.4,1.57592914853782e-12,7.906,17-Jul-2023 03:00:00
NaN,"Clear",2023-07-17T03:30:00,16.7,25,60.28,"41.83019005524591, 12.46317478841414",0,0,1017.1,"LIRF,16242099999,16239099999,AT416,16224099999,LIRA",25,10,51,5.4,1.58474859653489e-12,0,17-Jul-2023 03:30:00
NaN,"Clear",2023-07-17T04:00:00,16.8,24,64.23,"41.83019005524591, 12.46317478841414",0,0,1016.9,"LIRF,16242099999,16239099999,AT416,16224099999,LIRA",24,10,56,5.4,1.59362360962463e-12,0,17-Jul-2023 04:00:00
NaN,"Clear",2023-07-17T04:30:00,16.8,24,64.23,"41.83019005524591, 12.46317478841414",0,0,1016.9,"LIRF,16242099999,16239099999,AT416,16224099999,LIRA",24,10,56,5.4,1.60255457715292e-12,0,17-Jul-2023 04:30:00
NaN,"Clear",2023-07-17T05:00:00,16.6,22.2,70.56,"41.83019005524591, 12.46317478841414",0,0,1016.9,"LIRF,16242099999,16239099999,AT416,16224099999,LIRA",22.2,10,20,5.1,1.61154189131858e-12,0,17-Jul-2023 05:00:00
NaN,"Clear",2023-07-17T05:30:00,16.6,22.2,70.56,"41.83019005524591, 12.46317478841414",0,0,1016.9,"LIRF,16242099999,16239099999,AT416,16224099999,LIRA",22.2,10,20,5.1,1.62058594734599e-12,45.1873,17-Jul-2023 05:30:00
NaN,"Clear",2023-07-17T06:00:00,17.2,22.2,73.25,"41.83019005524591, 12.46317478841414",0,0,1016.9,"LIRF,16242099999,16239099999,AT416,16224099999,LIRA",22.2,10,13,7.1,1.62968714366358e-12,34.1873,17-Jul-2023 06:00:00
NaN,"Clear",2023-07-17T06:30:00,17.2,22.2,73.25,"41.83019005524591, 12.46317478841414",0,0,1016.9,"LIRF,16242099999,16239099999,AT416,16224099999,LIRA",22.2,10,13,7.1,1.63884588162637e-12,0,17-Jul-2023 06:30:00
NaN,"Clear",2023-07-17T07:00:00,18.1,23.1,73.2,"41.83019005524591, 12.46317478841414",0,0,1017.8,"LIRF,16242099999,16239099999,AT416,16224099999,16234099999,LIRA",23.1,10,24,6.7,1.64806256569212e-12,48.2545,17-Jul-2023 07:00:00
NaN,"Clear",2023-07-17T07:30:00,18.1,23.1,73.2,"41.83019005524591, 12.46317478841414",0,0,1017.8,"LIRF,16242099999,16239099999,AT416,16224099999,16234099999,LIRA",23.1,10,24,6.7,1.65733760360344e-12,241.4214,17-Jul-2023 07:30:00
NaN,"Clear",2023-07-17T08:00:00,18.2,24.5,68.25,"41.83019005524591, 12.46317478841414",0,0,1017.9,"LIRF,16242099999,16239099999,AT416,16224099999,16234099999,LIRA",24.5,10,11,4.9,1.66667140610526e-12,539.5421,17-Jul-2023 08:00:00
NaN,"Clear",2023-07-17T08:30:00,18.2,24.5,68.25,"41.83019005524591, 12.46317478841414",0,0,1017.9,"LIRF,16242099999,16239099999,AT416,16224099999,16234099999,LIRA",24.5,10,11,4.9,1.67606438712452e-12,838.5833,17-Jul-2023 08:30:00
NaN,"Clear",2023-07-17T09:00:00,18,28.2,57.21,"41.83019005524591, 12.46317478841414",0,0,1018.1,"LIRF,16242099999,16239099999,AT416,16224099999,16234099999,LIRA",27.2,10,24,10.3,1.68551696395606e-12,976.8792,17-Jul-2023 09:00:00
NaN,"Clear",2023-07-17T09:30:00,18,28.2,57.21,"41.83019005524591, 12.46317478841414",0,0,1018.1,"LIRF,16242099999,16239099999,AT416,16224099999,16234099999,LIRA",27.2,10,24,10.3,1.69502955697487e-12,1058.5565,17-Jul-2023 09:30:00
NaN,"Clear",2023-07-17T10:00:00,17.8,30.9,47.68,"41.83019005524591, 12.46317478841414",0,0,1017.9,"LIRF,16242099999,16239099999,AT416,16224099999,16234099999,LIRA",30.1,10,30,7.9,1.70460258981944e-12,855.7435,17-Jul-2023 10:00:00
NaN,"Clear",2023-07-17T10:30:00,17.8,30.9,47.68,"41.83019005524591, 12.46317478841414",0,0,1017.9,"LIRF,16242099999,16239099999,AT416,16224099999,16234099999,LIRA",30.1,10,30,7.9,1.71423648958149e-12,760.6362,17-Jul-2023 10:30:00
NaN,"Clear",2023-07-17T11:00:00,15.4,33.5,33.58,"41.83019005524591, 12.46317478841414",0,0,1017.9,"LIRF,16242099999,16239099999,AT416,16224099999,16234099999,LIRA",33.7,10,NaN,3.6,1.72393168651287e-12,657.4214,17-Jul-2023 11:00:00
NaN,"Clear",2023-07-17T11:30:00,15.4,33.5,33.58,"41.83019005524591, 12.46317478841414",0,0,1017.9,"LIRF,16242099999,16239099999,AT416,16224099999,16234099999,LIRA",33.7,10,NaN,3.6,1.73368861421277e-12,449.954,17-Jul-2023 11:30:00
NaN,"Clear",2023-07-17T12:00:00,15.7,34.3,32.9,"41.83019005524591, 12.46317478841414",0,0,1018.1,"LIRF,16242099999,16239099999,AT416,16224099999,16234099999,LIRA",34.3,10,277,8.7,1.7435077098212e-12,367.5027,17-Jul-2023 12:00:00
NaN,"Clear",2023-07-17T12:30:00,15.7,34.3,32.9,"41.83019005524591, 12.46317478841414",0,0,1018.1,"LIRF,16242099999,16239099999,AT416,16224099999,16234099999,LIRA",34.3,10,277,8.7,1.7533894137206e-12,380.7201,17-Jul-2023 12:30:00
NaN,"Clear",2023-07-17T13:00:00,15.4,35.3,30.44,"41.83019005524591, 12.46317478841414",0,0,1018.1,"LIRF,16242099999,16239099999,AT416,16224099999,16234099999,LIRA",35.4,10,257,10.2,1.76333416972685e-12,370.6312,17-Jul-2023 13:00:00
NaN,"Clear",2023-07-17T13:30:00,15.4,35.3,30.44,"41.83019005524591, 12.46317478841414",0,0,1018.1,"LIRF,16242099999,16239099999,AT416,16224099999,16234099999,LIRA",35.4,10,257,10.2,1.77334242528672e-12,311.6782,17-Jul-2023 13:30:00
NaN,"Clear",2023-07-17T14:00:00,13.3,35.6,25.2,"41.83019005524591, 12.46317478841414",0,0,1018.1,"LIRF,16242099999,16239099999,AT416,16224099999,16234099999,LIRA",36.4,10,278,10,1.78341463117403e-12,387.8595,17-Jul-2023 14:00:00
NaN,"Clear",2023-07-17T14:30:00,13.3,35.6,25.2,"41.83019005524591, 12.46317478841414",0,0,1018.1,"LIRF,16242099999,16239099999,AT416,16224099999,16234099999,LIRA",36.4,10,278,10,1.79355124168451e-12,475.0467,17-Jul-2023 14:30:00
NaN,"Clear",2023-07-17T15:00:00,16,36.8,29.81,"41.83019005524591, 12.46317478841414",0,0,1018.1,"LIRF,16242099999,16239099999,AT416,16224099999,16234099999,LIRA",36.5,10,266,11.6,1.80375271483738e-12,344.5758,17-Jul-2023 15:00:00
NaN,"Clear",2023-07-17T15:30:00,16,36.8,29.81,"41.83019005524591, 12.46317478841414",0,0,1018.1,"LIRF,16242099999,16239099999,AT416,16224099999,16234099999,LIRA",36.5,10,266,11.6,1.81401951206588e-12,339.7672,17-Jul-2023 15:30:00
NaN,"Clear",2023-07-17T16:00:00,13.1,36.3,23.81,"41.83019005524591, 12.46317478841414",0,0,1017.9,"LIRF,16242099999,16239099999,AT416,16224099999,16234099999,LIRA",37.1,10,261,12,1.82435209841614e-12,299.6312,17-Jul-2023 16:00:00
NaN,"Clear",2023-07-17T16:30:00,13.1,36.3,23.81,"41.83019005524591, 12.46317478841414",0,0,1017.9,"LIRF,16242099999,16239099999,AT416,16224099999,16234099999,LIRA",37.1,10,261,12,1.83475094275294e-12,197.9184,17-Jul-2023 16:30:00
NaN,"Clear",2023-07-17T17:00:00,13.5,34.5,26.91,"41.83019005524591, 12.46317478841414",0,0,1017.9,"LIRF,16242099999,16239099999,AT416,16224099999,16234099999,LIRA",35.3,10,254,14.9,1.8452165174445e-12,157.3977,17-Jul-2023 17:00:00
NaN,"Clear",2023-07-17T17:30:00,13.5,34.5,26.91,"41.83019005524591, 12.46317478841414",0,0,1017.9,"LIRF,16242099999,16239099999,AT416,16224099999,16234099999,LIRA",35.3,10,254,14.9,1.85574929856547e-12,191.907,17-Jul-2023 17:30:00
NaN,"Clear",2023-07-17T18:00:00,13.6,33.7,28.49,"41.83019005524591, 12.46317478841414",0,0,1017.8,"LIRF,16242099999,16239099999,AT416,16224099999,16234099999,LIRA",34.5,10,255,13.1,1.86634976610695e-12,318.1521,17-Jul-2023 18:00:00
NaN,"Clear",2023-07-17T18:30:00,13.6,33.7,28.49,"41.83019005524591, 12.46317478841414",0,0,1017.8,"LIRF,16242099999,16239099999,AT416,16224099999,16234099999,LIRA",34.5,10,255,13.1,1.87701840365545e-12,201.8453,17-Jul-2023 18:30:00
NaN,"Clear",2023-07-17T19:00:00,14.6,32.8,32.41,"41.83019005524591, 12.46317478841414",0,0,1017.1,"LIRF,16242099999,16239099999,AT416,16224099999,16234099999,LIRA",33.3,10,227,10.6,1.88775569860007e-12,156.0665,17-Jul-2023 19:00:00
NaN,"Clear",2023-07-17T19:30:00,14.6,32.8,32.41,"41.83019005524591, 12.46317478841414",0,0,1017.1,"LIRF,16242099999,16239099999,AT416,16224099999,16234099999,LIRA",33.3,10,227,10.6,1.89856214234691e-12,181.523,17-Jul-2023 19:30:00
NaN,"Clear",2023-07-17T20:00:00,18.1,32.4,44.88,"41.83019005524591, 12.46317478841414",0,0,1017.8,"LIRF,16242099999,16239099999,AT416,16224099999,16234099999,LIRA",31.5,10,244,10.6,1.909438229992e-12,158.5316,17-Jul-2023 20:00:00
NaN,"Clear",2023-07-17T20:30:00,18.1,32.4,44.88,"41.83019005524591, 12.46317478841414",0,0,1017.8,"LIRF,16242099999,16239099999,AT416,16224099999,16234099999,LIRA",31.5,10,244,10.6,1.92038446053291e-12,69.3839,17-Jul-2023 20:30:00
NaN,"Clear",2023-07-17T21:00:00,20.9,31,62.46,"41.83019005524591, 12.46317478841414",0,0,1017.9,"LIRF,16242099999,16239099999,AT416,16224099999,LIRA",28.7,10,223,8.1,1.93140133708747e-12,38.2543,17-Jul-2023 21:00:00
NaN,"Clear",2023-07-17T21:30:00,20.9,31,62.46,"41.83019005524591, 12.46317478841414",0,0,1017.9,"LIRF,16242099999,16239099999,AT416,16224099999,LIRA",28.7,10,223,8.1,1.94248936656079e-12,12.9553,17-Jul-2023 21:30:00
NaN,"Clear",2023-07-17T22:00:00,20.9,29.7,66.31,"41.83019005524591, 12.46317478841414",0,0,1017.9,"LIRF,16242099999,16239099999,AT416,16224099999,LIRA",27.7,10,215,6.7,1.95364905986111e-12,1.9553,17-Jul-2023 22:00:00
NaN,"Clear",2023-07-17T22:30:00,20.9,29.7,66.31,"41.83019005524591, 12.46317478841414",0,0,1017.9,"LIRF,16242099999,16239099999,AT416,16224099999,LIRA",27.7,10,215,6.7,1.96488093212322e-12,0,17-Jul-2023 22:30:00
50,"Partially cloudy",2023-07-17T23:00:00,21.9,28.8,74.63,"41.83019005524591, 12.46317478841414",0,0,1018.8,"LIRF,16242099999,16239099999,AT416,16224099999,LIRA",26.7,10,300,2.1,1.97618550236918e-12,0,17-Jul-2023 23:00:00
50,"Partially cloudy",2023-07-17T23:30:00,21.9,28.8,74.63,"41.83019005524591, 12.46317478841414",0,0,1018.8,"LIRF,16242099999,16239099999,AT416,16224099999,LIRA",26.7,10,300,2.1,1.98756329372876e-12,0,17-Jul-2023 23:30:00
50,"Partially cloudy",2023-07-18T00:00:00,21.7,25.9,77.51,"41.83019005524591, 12.46317478841414",0,0,1018.8,"LIRF,16242099999,16239099999,AT416,16224099999,LIRA",25.9,10,330,5.4,1.99901483366751e-12,48.6805,18-Jul-2023 00:00:00
50,"Partially cloudy",2023-07-18T00:30:00,21.7,25.9,77.51,"41.83019005524591, 12.46317478841414",0,0,1018.8,"LIRF,16242099999,16239099999,AT416,16224099999,LIRA",25.9,10,330,5.4,2.01054065364111e-12,37.6805,18-Jul-2023 00:30:00
50,"Partially cloudy",2023-07-18T01:00:00,24.1,25.9,89.48,"41.83019005524591, 12.46317478841414",0,0,1018.8,"LIRF,16242099999,16239099999,AT416,16224099999,LIRA",25.9,10,51,3.6,2.02214128932047e-12,75.9557,18-Jul-2023 01:00:00
50,"Partially cloudy",2023-07-18T01:30:00,24.1,25.9,89.48,"41.83019005524591, 12.46317478841414",0,0,1018.8,"LIRF,16242099999,16239099999,AT416,16224099999,LIRA",25.9,10,51,3.6,2.03381728082456e-12,53.9557,18-Jul-2023 01:30:00
NaN,"Clear",2023-07-18T02:00:00,22.3,25,85.27,"41.83019005524591, 12.46317478841414",0,0,1017.9,"LIRF,16242099999,16239099999,AT416,16224099999,LIRA",25,10,85,4,2.04556917236837e-12,31.9557,18-Jul-2023 02:00:00
NaN,"Clear",2023-07-18T02:30:00,22.3,25,85.27,"41.83019005524591, 12.46317478841414",0,0,1017.9,"LIRF,16242099999,16239099999,AT416,16224099999,LIRA",25,10,85,4,2.05739751249263e-12,25.5279,18-Jul-2023 02:30:00
27.7,"Partially cloudy",2023-07-18T03:00:00,22.2,25.3,82.58,"41.83019005524591, 12.46317478841414",0,0,1017.9,"LIRF,16242099999,16239099999,AT416,16224099999,LIRA",25.3,10,350,3.9,2.06930285430163e-12,5.2752,18-Jul-2023 03:00:00
27.7,"Partially cloudy",2023-07-18T03:30:00,22.2,25.3,82.58,"41.83019005524591, 12.46317478841414",0,0,1017.9,"LIRF,16242099999,16239099999,AT416,16224099999,LIRA",25.3,10,350,3.9,2.08128575510451e-12,0,18-Jul-2023 03:30:00
27.7,"Partially cloudy",2023-07-18T04:00:00,18.8,24.4,71.32,"41.83019005524591, 12.46317478841414",0,0,1017.9,"LIRF,16242099999,16239099999,AT416,16224099999,LIRA",24.4,8.4,57,7,2.09334677664991e-12,0,18-Jul-2023 04:00:00
27.7,"Partially cloudy",2023-07-18T04:30:00,18.8,24.4,71.32,"41.83019005524591, 12.46317478841414",0,0,1017.9,"LIRF,16242099999,16239099999,AT416,16224099999,LIRA",24.4,8.4,57,7,2.10548648536874e-12,0,18-Jul-2023 04:30:00
27.7,"Partially cloudy",2023-07-18T05:00:00,18,23.6,70.93,"41.83019005524591, 12.46317478841414",0,0,1017.8,"LIRF,16242099999,16239099999,AT416,16224099999,LIRA",23.6,8.4,38,5.2,2.11770545200877e-12,48.846,18-Jul-2023 05:00:00
27.7,"Partially cloudy",2023-07-18T05:30:00,18,23.6,70.93,"41.83019005524591, 12.46317478841414",0,0,1017.8,"LIRF,16242099999,16239099999,AT416,16224099999,LIRA",23.6,8.4,38,5.2,2.13000425187421e-12,37.846,18-Jul-2023 05:30:00
0,"Clear",2023-07-18T06:00:00,17.2,23.6,67.4,"41.83019005524591, 12.46317478841414",0,0,1017.1,"LIRF,16242099999,16239099999,AT416,16224099999,LIRA",23.6,8.2,36,5.6,2.14238346507365e-12,108.0403,18-Jul-2023 06:00:00
0,"Clear",2023-07-18T06:30:00,17.2,23.6,67.4,"41.83019005524591, 12.46317478841414",0,0,1017.1,"LIRF,16242099999,16239099999,AT416,16224099999,LIRA",23.6,8.2,36,5.6,2.15484367614777e-12,123.6356,18-Jul-2023 06:30:00
NaN,"Clear",2023-07-18T07:00:00,17.8,22.6,74.4,"41.83019005524591, 12.46317478841414",0,0,1017.8,"LIRF,16242099999,16239099999,AT416,16224099999,16234099999,LIRA",22.6,10,18,6.8,2.167385474314e-12,190.6211,18-Jul-2023 07:00:00
NaN,"Clear",2023-07-18T07:30:00,17.8,22.6,74.4,"41.83019005524591, 12.46317478841414",0,0,1017.8,"LIRF,16242099999,16239099999,AT416,16224099999,16234099999,LIRA",22.6,10,18,6.8,2.18000945371968e-12,396.4386,18-Jul-2023 07:30:00
NaN,"Clear",2023-07-18T08:00:00,17.4,24.6,64.38,"41.83019005524591, 12.46317478841414",0,0,1017.9,"LIRF,16242099999,16239099999,AT416,16224099999,16234099999,LIRA",24.6,10,30,7.6,2.19271621306284e-12,438.034,18-Jul-2023 08:00:00
NaN,"Clear",2023-07-18T08:30:00,17.4,24.6,64.38,"41.83019005524591, 12.46317478841414",0,0,1017.9,"LIRF,16242099999,16239099999,AT416,16224099999,16234099999,LIRA",24.6,10,30,7.6,2.205506355842e-12,359.8238,18-Jul-2023 08:30:00
NaN,"Clear",2023-07-18T09:00:00,17.6,28,56.01,"41.83019005524591, 12.46317478841414",0,0,1017.9,"LIRF,16242099999,16239099999,AT416,16224099999,16234099999,LIRA",27.2,10,17,7.9,2.21838049061471e-12,469.2698,18-Jul-2023 09:00:00
NaN,"Clear",2023-07-18T09:30:00,17.6,28,56.01,"41.83019005524591, 12.46317478841414",0,0,1017.9,"LIRF,16242099999,16239099999,AT416,16224099999,16234099999,LIRA",27.2,10,17,7.9,2.23133923061121e-12,431.7919,18-Jul-2023 09:30:00
NaN,"Clear",2023-07-18T10:00:00,16.5,30.3,43.9,"41.83019005524591, 12.46317478841414",0,0,1017.9,"LIRF,16242099999,16239099999,AT416,16224099999,16234099999,LIRA",30.1,10,10,9.7,2.24438319398954e-12,249.5711,18-Jul-2023 10:00:00
NaN,"Clear",2023-07-18T10:30:00,16.5,30.3,43.9,"41.83019005524591, 12.46317478841414",0,0,1017.9,"LIRF,16242099999,16239099999,AT416,16224099999,16234099999,LIRA",30.1,10,10,9.7,2.25751300409959e-12,167.9541,18-Jul-2023 10:30:00
NaN,"Clear",2023-07-18T11:00:00,17.2,32.1,42.06,"41.83019005524591, 12.46317478841414",0,0,1018.1,"LIRF,16242099999,16239099999,AT416,16224099999,16234099999,LIRA",31.6,10,10,10.3,2.27072928908947e-12,171.7345,18-Jul-2023 11:00:00
NaN,"Clear",2023-07-18T11:30:00,17.2,32.1,42.06,"41.83019005524591, 12.46317478841414",0,0,1018.1,"LIRF,16242099999,16239099999,AT416,16224099999,16234099999,LIRA",31.6,10,10,10.3,2.28403268216604e-12,206.0481,18-Jul-2023 11:30:00
NaN,"Clear",2023-07-18T12:00:00,16.6,34.6,34.98,"41.83019005524591, 12.46317478841414",0,0,1017.9,"LIRF,16242099999,16239099999,AT416,16224099999,16234099999,LIRA",34.3,10,334,5.8,2.29742382186467e-12,402.0742,18-Jul-2023 12:00:00
NaN,"Clear",2023-07-18T12:30:00,16.6,34.6,34.98,"41.83019005524591, 12.46317478841414",0,0,1017.9,"LIRF,16242099999,16239099999,AT416,16224099999,16234099999,LIRA",34.3,10,334,5.8,2.31090335164808e-12,584.9042,18-Jul-2023 12:30:00
NaN,"Clear",2023-07-18T13:00:00,15.8,36,30.51,"41.83019005524591, 12.46317478841414",0,0,1017.9,"LIRF,16242099999,16239099999,AT416,16224099999,16234099999,LIRA",35.8,10,12,13.4,2.32447192017254e-12,416.8413,18-Jul-2023 13:00:00
NaN,"Clear",2023-07-18T13:30:00,15.8,36,30.51,"41.83019005524591, 12.46317478841414",0,0,1017.9,"LIRF,16242099999,16239099999,AT416,16224099999,16234099999,LIRA",35.8,10,12,13.4,2.33813018156333e-12,327.4608,18-Jul-2023 13:30:00
NaN,"Clear",2023-07-18T14:00:00,15.5,37.9,27.15,"41.83019005524591, 12.46317478841414",0,0,1017.1,"LIRF,16242099999,16239099999,AT416,16224099999,16234099999,LIRA",37.6,10,344,15.7,2.35187879500602e-12,297.5028,18-Jul-2023 14:00:00
NaN,"Clear",2023-07-18T14:30:00,15.5,37.9,27.15,"41.83019005524591, 12.46317478841414",0,0,1017.1,"LIRF,16242099999,16239099999,AT416,16224099999,16234099999,LIRA",37.6,10,344,15.7,2.3657184250184e-12,321.9672,18-Jul-2023 14:30:00
NaN,"Clear",2023-07-18T15:00:00,14.8,38.7,24.52,"41.83019005524591, 12.46317478841414",0,0,1016.9,"LIRF,16242099999,16239099999,AT416,16224099999,16234099999,LIRA",38.6,10,335,15,2.37964974173182e-12,362.0278,18-Jul-2023 15:00:00
NaN,"Clear",2023-07-18T15:30:00,14.8,38.7,24.52,"41.83019005524591, 12.46317478841414",0,0,1016.9,"LIRF,16242099999,16239099999,AT416,16224099999,16234099999,LIRA",38.6,10,335,15,2.39367342047475e-12,321.4692,18-Jul-2023 15:30:00
NaN,"Clear",2023-07-18T16:00:00,18.2,39.8,31.63,"41.83019005524591, 12.46317478841414",0,0,1016.1,"LIRF,16242099999,16239099999,AT416,16224099999,16234099999,LIRA",37.9,10,309,11.6,2.40779014205054e-12,213.4929,18-Jul-2023 16:00:00
NaN,"Clear",2023-07-18T16:30:00,18.2,39.8,31.63,"41.83019005524591, 12.46317478841414",0,0,1016.1,"LIRF,16242099999,16239099999,AT416,16224099999,16234099999,LIRA",37.9,10,309,11.6,2.42200059302484e-12,192.2093,18-Jul-2023 16:30:00
NaN,"Clear",2023-07-18T17:00:00,20.5,39.8,39.73,"41.83019005524591, 12.46317478841414",0,0,1016.1,"LIRF,16242099999,16239099999,AT416,16224099999,16234099999,LIRA",36.4,10,270,18.3,2.43630546530126e-12,249.3293,18-Jul-2023 17:00:00
NaN,"Clear",2023-07-18T17:30:00,20.5,39.8,39.73,"41.83019005524591, 12.46317478841414",0,0,1016.1,"LIRF,16242099999,16239099999,AT416,16224099999,16234099999,LIRA",36.4,10,270,18.3,2.45070545640506e-12,245.733,18-Jul-2023 17:30:00
NaN,"Clear",2023-07-18T18:00:00,17,36.3,33.24,"41.83019005524591, 12.46317478841414",0,0,1015.9,"LIRF,16242099999,16239099999,AT416,16224099999,16234099999,LIRA",35.6,10,284,19.5,2.46520126977686e-12,244.3771,18-Jul-2023 18:00:00
NaN,"Clear",2023-07-18T18:30:00,17,36.3,33.24,"41.83019005524591, 12.46317478841414",0,0,1015.9,"LIRF,16242099999,16239099999,AT416,16224099999,16234099999,LIRA",35.6,10,284,19.5,2.47979361434016e-12,204.6999,18-Jul-2023 18:30:00
NaN,"Clear",2023-07-18T19:00:00,17.5,35.6,36.19,"41.83019005524591, 12.46317478841414",0,0,1015.9,"LIRF,16242099999,16239099999,AT416,16224099999,16234099999,LIRA",34.7,10,265,15.1,2.49448320479124e-12,155.8849,18-Jul-2023 19:00:00
NaN,"Clear",2023-07-18T19:30:00,17.5,35.6,36.19,"41.83019005524591, 12.46317478841414",0,0,1015.9,"LIRF,16242099999,16239099999,AT416,16224099999,16234099999,LIRA",34.7,10,265,15.1,2.50927076189914e-12,252.216,18-Jul-2023 19:30:00
NaN,"Clear",2023-07-18T20:00:00,17.2,34.3,37.63,"41.83019005524591, 12.46317478841414",0,0,1015.9,"LIRF,16242099999,16239099999,AT416,16224099999,16234099999,LIRA",33.7,10,247,10.8,2.52415701206505e-12,191.59,18-Jul-2023 20:00:00
NaN,"Clear",2023-07-18T20:30:00,17.2,34.3,37.63,"41.83019005524591, 12.46317478841414",0,0,1015.9,"LIRF,16242099999,16239099999,AT416,16224099999,16234099999,LIRA",33.7,10,247,10.8,2.53914268761838e-12,161.0596,18-Jul-2023 20:30:00
NaN,"Clear",2023-07-18T21:00:00,16.6,32.6,38.94,"41.83019005524591, 12.46317478841414",0,0,1015.9,"LIRF,16242099999,16239099999,AT416,16224099999,LIRA",32.3,10,210,5.1,2.55422852712334e-12,152.8665,18-Jul-2023 21:00:00
NaN,"Clear",2023-07-18T21:30:00,16.6,32.6,38.94,"41.83019005524591, 12.46317478841414",0,0,1015.9,"LIRF,16242099999,16239099999,AT416,16224099999,LIRA",32.3,10,210,5.1,2.56941527492987e-12,85.5306,18-Jul-2023 21:30:00
NaN,"Clear",2023-07-18T22:00:00,16.8,32.2,40.26,"41.83019005524591, 12.46317478841414",0,0,1015.9,"LIRF,16242099999,16239099999,AT416,16224099999,LIRA",31.9,10,172,6.7,2.58470368147622e-12,49.6393,18-Jul-2023 22:00:00
NaN,"Clear",2023-07-18T22:30:00,16.8,32.2,40.26,"41.83019005524591, 12.46317478841414",0,0,1015.9,"LIRF,16242099999,16239099999,AT416,16224099999,LIRA",31.9,10,172,6.7,2.60009450360214e-12,44.2751,18-Jul-2023 22:30:00
NaN,"Clear",2023-07-18T23:00:00,17.3,30.5,46.7,"41.83019005524591, 12.46317478841414",0,0,1015.9,"LIRF,16242099999,16239099999,AT416,16224099999,LIRA",30,10,126,3.7,2.61558850409123e-12,22.2751,18-Jul-2023 23:00:00
NaN,"Clear",2023-07-18T23:30:00,17.3,30.5,46.7,"41.83019005524591, 12.46317478841414",0,0,1015.9,"LIRF,16242099999,16239099999,AT416,16224099999,LIRA",30,10,126,3.7,2.63118645198013e-12,8.3838,18-Jul-2023 23:30:00
NaN,"Clear",2023-07-19T00:00:00,17.1,28.8,50.97,"41.83019005524591, 12.46317478841414",0,0,1015.9,"LIRF,16242099999,16239099999,AT416,16224099999,LIRA",28.2,10,170,4.7,2.64688912287859e-12,20.142,19-Jul-2023 00:00:00
NaN,"Clear",2023-07-19T00:30:00,17.1,28.8,50.97,"41.83019005524591, 12.46317478841414",0,0,1015.9,"LIRF,16242099999,16239099999,AT416,16224099999,LIRA",28.2,10,170,4.7,2.66269729850301e-12,9.142,19-Jul-2023 00:30:00
NaN,"Clear",2023-07-19T01:00:00,16.9,29.1,49.29,"41.83019005524591, 12.46317478841414",0,0,1015.9,"LIRF,16242099999,16239099999,AT416,16224099999,LIRA",28.6,10,136,5.1,2.67861176699241e-12,66.8909,19-Jul-2023 01:00:00
NaN,"Clear",2023-07-19T01:30:00,16.9,29.1,49.29,"41.83019005524591, 12.46317478841414",0,0,1015.9,"LIRF,16242099999,16239099999,AT416,16224099999,LIRA",28.6,10,136,5.1,2.69463332323547e-12,144.2612,19-Jul-2023 01:30:00
NaN,"Clear",2023-07-19T02:00:00,16.9,28.2,52.16,"41.83019005524591, 12.46317478841414",0,0,1015.8,"LIRF,16242099999,16239099999,AT416,16224099999,LIRA",27.6,10,131,4.8,2.71076276839522e-12,92.3905,19-Jul-2023 02:00:00
NaN,"Clear",2023-07-19T02:30:00,16.9,28.2,52.16,"41.83019005524591, 12.46317478841414",0,0,1015.8,"LIRF,16242099999,16239099999,AT416,16224099999,LIRA",27.6,10,131,4.8,2.72700091023182e-12,53.895,19-Jul-2023 02:30:00
NaN,"Clear",2023-07-19T03:00:00,15.7,28,47.92,"41.83019005524591, 12.46317478841414",0,0,1014.9,"LIRF,16242099999,16239099999,AT416,16224099999,LIRA",27.7,10,125,6.7,2.74334856343688e-12,20.895,19-Jul-2023 03:00:00
NaN,"Clear",2023-07-19T03:30:00,15.7,28,47.92,"41.83019005524591, 12.46317478841414",0,0,1014.9,"LIRF,16242099999,16239099999,AT416,16224099999,LIRA",27.7,10,125,6.7,2.75980654914895e-12,16.4969,19-Jul-2023 03:30:00
NaN,"Clear",2023-07-19T04:00:00,14.7,25.6,51.04,"41.83019005524591, 12.46317478841414",0,0,1014.9,"LIRF,16242099999,16239099999,AT416,16224099999,LIRA",25.6,10,46,7,2.77637569528346e-12,5.4969,19-Jul-2023 04:00:00
NaN,"Clear",2023-07-19T04:30:00,14.7,25.6,51.04,"41.83019005524591, 12.46317478841414",0,0,1014.9,"LIRF,16242099999,16239099999,AT416,16224099999,LIRA",25.6,10,46,7,2.79305683687437e-12,0,19-Jul-2023 04:30:00
NaN,"Clear",2023-07-19T05:00:00,16.3,24.2,61.23,"41.83019005524591, 12.46317478841414",0,0,1014.9,"LIRF,16242099999,16239099999,AT416,16224099999,LIRA",24.2,10,10,5,2.8098508155803e-12,18.8564,19-Jul-2023 05:00:00
NaN,"Clear",2023-07-19T05:30:00,16.3,24.2,61.23,"41.83019005524591, 12.46317478841414",0,0,1014.9,"LIRF,16242099999,16239099999,AT416,16224099999,LIRA",24.2,10,10,5,2.82675848002183e-12,7.8564,19-Jul-2023 05:30:00
NaN,"Clear",2023-07-19T06:00:00,16.5,24.2,62.09,"41.83019005524591, 12.46317478841414",0,0,1014.8,"LIRF,16242099999,16239099999,AT416,16224099999,LIRA",24.2,10,80,3.9,2.84378068613062e-12,0,19-Jul-2023 06:00:00
NaN,"Clear",2023-07-19T06:30:00,16.5,24.2,62.09,"41.83019005524591, 12.46317478841414",0,0,1014.8,"LIRF,16242099999,16239099999,AT416,16224099999,LIRA",24.2,10,80,3.9,2.86091829664609e-12,85.5247,19-Jul-2023 06:30:00
NaN,"Clear",2023-07-19T07:00:00,19.8,24.3,75.92,"41.83019005524591, 12.46317478841414",0,0,1014.8,"LIRF,16242099999,16239099999,AT416,16224099999,16234099999,LIRA",24.3,10,70,4.8,2.8781721814601e-12,122.2512,19-Jul-2023 07:00:00
NaN,"Clear",2023-07-19T07:30:00,19.8,24.3,75.92,"41.83019005524591, 12.46317478841414",0,0,1014.8,"LIRF,16242099999,16239099999,AT416,16224099999,16234099999,LIRA",24.3,10,70,4.8,2.89554321797385e-12,363.398,19-Jul-2023 07:30:00
NaN,"Clear",2023-07-19T08:00:00,19.5,28,64.57,"41.83019005524591, 12.46317478841414",0,0,1014.9,"LIRF,16242099999,16239099999,AT416,16224099999,16234099999,LIRA",26.7,10,110,4.3,2.91303229058487e-12,437.935,19-Jul-2023 08:00:00
NaN,"Clear",2023-07-19T08:30:00,19.5,28,64.57,"41.83019005524591, 12.46317478841414",0,0,1014.9,"LIRF,16242099999,16239099999,AT416,16224099999,16234099999,LIRA",26.7,10,110,4.3,2.93064029103928e-12,628.7448,19-Jul-2023 08:30:00
NaN,"Clear",2023-07-19T09:00:00,19.7,31.3,55.07,"41.83019005524591, 12.46317478841414",0,0,1014.9,"LIRF,16242099999,16239099999,AT416,16224099999,16234099999,LIRA",29.6,10,135,5.5,2.94836811879669e-12,679.634,19-Jul-2023 09:00:00
NaN,"Clear",2023-07-19T09:30:00,19.7,31.3,55.07,"41.83019005524591, 12.46317478841414",0,0,1014.9,"LIRF,16242099999,16239099999,AT416,16224099999,16234099999,LIRA",29.6,10,135,5.5,2.96621668050716e-12,539.6818,19-Jul-2023 09:30:00
NaN,"Clear",2023-07-19T10:00:00,18.7,34,43.88,"41.83019005524591, 12.46317478841414",0,0,1014.9,"LIRF,16242099999,16239099999,AT416,16224099999,16234099999,LIRA",32.6,10,65,9.9,2.98418689037142e-12,559.1231,19-Jul-2023 10:00:00
NaN,"Clear",2023-07-19T10:30:00,18.7,34,43.88,"41.83019005524591, 12.46317478841414",0,0,1014.9,"LIRF,16242099999,16239099999,AT416,16224099999,16234099999,LIRA",32.6,10,65,9.9,3.00227967051383e-12,546.7098,19-Jul-2023 10:30:00
NaN,"Clear",2023-07-19T11:00:00,17.8,35.5,37.25,"41.83019005524591, 12.46317478841414",0,0,1013.9,"LIRF,16242099999,16239099999,AT416,16224099999,16234099999,LIRA",34.5,10,219,9.8,3.02049595044922e-12,578.0145,19-Jul-2023 11:00:00
NaN,"Clear",2023-07-19T11:30:00,17.8,35.5,37.25,"41.83019005524591, 12.46317478841414",0,0,1013.9,"LIRF,16242099999,16239099999,AT416,16224099999,16234099999,LIRA",34.5,10,219,9.8,3.03883666745114e-12,481.5402,19-Jul-2023 11:30:00
NaN,"Clear",2023-07-19T12:00:00,17,36.2,33.48,"41.83019005524591, 12.46317478841414",0,0,1013.9,"LIRF,16242099999,16239099999,AT416,16224099999,16234099999,LIRA",35.5,10,193,11.9,3.05730276693316e-12,436.8816,19-Jul-2023 12:00:00
NaN,"Clear",2023-07-19T12:30:00,17,36.2,33.48,"41.83019005524591, 12.46317478841414",0,0,1013.9,"LIRF,16242099999,16239099999,AT416,16224099999,16234099999,LIRA",35.5,10,193,11.9,3.07589520190537e-12,382.1863,19-Jul-2023 12:30:00
NaN,"Clear",2023-07-19T13:00:00,20.1,38.3,40.79,"41.83019005524591, 12.46317478841414",0,0,1013.8,"LIRF,16242099999,16239099999,AT416,16224099999,16234099999,LIRA",35.4,10,206,13.3,3.09461493335085e-12,302.0626,19-Jul-2023 13:00:00
NaN,"Clear",2023-07-19T13:30:00,20.1,38.3,40.79,"41.83019005524591, 12.46317478841414",0,0,1013.8,"LIRF,16242099999,16239099999,AT416,16224099999,16234099999,LIRA",35.4,10,206,13.3,3.11346293061551e-12,342.2805,19-Jul-2023 13:30:00
NaN,"Clear",2023-07-19T14:00:00,20.9,39.9,40.94,"41.83019005524591, 12.46317478841414",0,0,1012.9,"LIRF,16242099999,16239099999,AT416,16224099999,16234099999,LIRA",36.2,10,200,17,3.13244017085408e-12,191.755,19-Jul-2023 14:00:00
NaN,"Clear",2023-07-19T14:30:00,20.9,39.9,40.94,"41.83019005524591, 12.46317478841414",0,0,1012.9,"LIRF,16242099999,16239099999,AT416,16224099999,16234099999,LIRA",36.2,10,200,17,3.15154763941495e-12,181.8338,19-Jul-2023 14:30:00
NaN,"Clear",2023-07-19T15:00:00,19.8,39,38.41,"41.83019005524591, 12.46317478841414",0,0,1012.8,"LIRF,16242099999,16239099999,AT416,16224099999,16234099999,LIRA",36.2,10,214,17.6,3.17078633023883e-12,217.8779,19-Jul-2023 15:00:00
NaN,"Clear",2023-07-19T15:30:00,19.8,39,38.41,"41.83019005524591, 12.46317478841414",0,0,1012.8,"LIRF,16242099999,16239099999,AT416,16224099999,16234099999,LIRA",36.2,10,214,17.6,3.1901572452939e-12,128.3578,19-Jul-2023 15:30:00
NaN,"Clear",2023-07-19T16:00:00,19.1,37.6,38.1,"41.83019005524591, 12.46317478841414",0,0,1012.1,"LIRF,16242099999,16239099999,AT416,16224099999,16234099999,LIRA",35.5,10,200,21.5,3.20966139496937e-12,158.3035,19-Jul-2023 16:00:00
NaN,"Clear",2023-07-19T16:30:00,19.1,37.6,38.1,"41.83019005524591, 12.46317478841414",0,0,1012.1,"LIRF,16242099999,16239099999,AT416,16224099999,16234099999,LIRA",35.5,10,200,21.5,3.22929979848307e-12,77.024,19-Jul-2023 16:30:00
NaN,"Clear",2023-07-19T17:00:00,20.7,37.8,44.11,"41.83019005524591, 12.46317478841414",0,0,1011.9,"LIRF,16242099999,16239099999,AT416,16224099999,16234099999,LIRA",34.7,10,207,22.3,3.24907348330563e-12,205.0633,19-Jul-2023 17:00:00
NaN,"Clear",2023-07-19T17:30:00,20.7,37.8,44.11,"41.83019005524591, 12.46317478841414",0,0,1011.9,"LIRF,16242099999,16239099999,AT416,16224099999,16234099999,LIRA",34.7,10,207,22.3,3.26898348556286e-12,279.0117,19-Jul-2023 17:30:00
NaN,"Clear",2023-07-19T18:00:00,19.2,36.4,40.77,"41.83019005524591, 12.46317478841414",0,0,1011.8,"LIRF,16242099999,16239099999,AT416,16224099999,16234099999,LIRA",34.4,10,192,19.8,3.28903085045264e-12,328.0565,19-Jul-2023 18:00:00
NaN,"Clear",2023-07-19T18:30:00,19.2,36.4,40.77,"41.83019005524591, 12.46317478841414",0,0,1011.8,"LIRF,16242099999,16239099999,AT416,16224099999,16234099999,LIRA",34.4,10,192,19.8,3.30921663165775e-12,281.6548,19-Jul-2023 18:30:00
0,"Clear",2023-07-19T19:00:00,20.2,35,47.9,"41.83019005524591, 12.46317478841414",0,0,1011.8,"LIRF,16242099999,16239099999,AT416,16224099999,16234099999,LIRA",32.6,9.9,195,19.8,3.32954189175747e-12,206.3156,19-Jul-2023 19:00:00
0,"Clear",2023-07-19T19:30:00,20.2,35,47.9,"41.83019005524591, 12.46317478841414",0,0,1011.8,"LIRF,16242099999,16239099999,AT416,16224099999,16234099999,LIRA",32.6,9.9,195,19.8,3.35000770265381e-12,177.3851,19-Jul-2023 19:30:00
0,"Clear",2023-07-19T20:00:00,23.2,35.5,64.1,"41.83019005524591, 12.46317478841414",0,0,1011.1,"LIRF,16242099999,16239099999,AT416,16224099999,16234099999,LIRA",30.8,9.9,209,14.7,3.37061514497291e-12,192.9853,19-Jul-2023 20:00:00
0,"Clear",2023-07-19T20:30:00,23.2,35.5,64.1,"41.83019005524591, 12.46317478841414",0,0,1011.1,"LIRF,16242099999,16239099999,AT416,16224099999,16234099999,LIRA",30.8,9.9,209,14.7,3.391365308486e-12,271.3411,19-Jul-2023 20:30:00
NaN,"Clear",2023-07-19T21:00:00,23.6,33.1,73.04,"41.83019005524591, 12.46317478841414",0,0,1011.9,"LIRF,16242099999,16239099999,AT416,16224099999,LIRA",28.9,10,210,12.2,3.41225929254524e-12,157.8497,19-Jul-2023 21:00:00
NaN,"Clear",2023-07-19T21:30:00,23.6,33.1,73.04,"41.83019005524591, 12.46317478841414",0,0,1011.9,"LIRF,16242099999,16239099999,AT416,16224099999,LIRA",28.9,10,210,12.2,3.4332982054735e-12,91.7238,19-Jul-2023 21:30:00
NaN,"Clear",2023-07-19T22:00:00,23.6,31.9,76.44,"41.83019005524591, 12.46317478841414",0,0,1011.9,"LIRF,16242099999,16239099999,AT416,16224099999,LIRA",28.1,10,192,10.7,3.45448316499479e-12,78.3238,19-Jul-2023 22:00:00
NaN,"Clear",2023-07-19T22:30:00,23.6,31.9,76.44,"41.83019005524591, 12.46317478841414",0,0,1011.9,"LIRF,16242099999,16239099999,AT416,16224099999,LIRA",28.1,10,192,10.7,3.47581529868015e-12,35.7923,19-Jul-2023 22:30:00
NaN,"Clear",2023-07-19T23:00:00,22.8,29.8,77.31,"41.83019005524591, 12.46317478841414",0,0,1011.8,"LIRF,16242099999,16239099999,AT416,16224099999,LIRA",27.2,10,192,5.5,3.49729574332535e-12,0,19-Jul-2023 23:00:00
NaN,"Clear",2023-07-19T23:30:00,22.8,29.8,77.31,"41.83019005524591, 12.46317478841414",0,0,1011.8,"LIRF,16242099999,16239099999,AT416,16224099999,LIRA",27.2,10,192,5.5,3.5189256453912e-12,0,19-Jul-2023 23:30:00
NaN,"Clear",2023-07-20T00:00:00,20.5,29.6,64.71,"41.83019005524591, 12.46317478841414",0,0,1010.9,"LIRF,16242099999,16239099999,AT416,16224099999,LIRA",27.7,10,141,7.1,3.54070616145961e-12,0,20-Jul-2023 00:00:00
NaN,"Clear",2023-07-20T00:30:00,20.5,29.6,64.71,"41.83019005524591, 12.46317478841414",0,0,1010.9,"LIRF,16242099999,16239099999,AT416,16224099999,LIRA",27.7,10,141,7.1,3.56263845759912e-12,42.4862,20-Jul-2023 00:30:00
NaN,"Clear",2023-07-20T01:00:00,19.7,26,68.46,"41.83019005524591, 12.46317478841414",0,0,1010.9,"LIRF,16242099999,16239099999,AT416,16224099999,LIRA",26,10,104,3.4,3.5847237098152e-12,31.4862,20-Jul-2023 01:00:00
NaN,"Clear",2023-07-20T01:30:00,19.7,26,68.46,"41.83019005524591, 12.46317478841414",0,0,1010.9,"LIRF,16242099999,16239099999,AT416,16224099999,LIRA",26,10,104,3.4,3.60696310451685e-12,59.3416,20-Jul-2023 01:30:00
NaN,"Clear",2023-07-20T02:00:00,19.3,26.6,64.46,"41.83019005524591, 12.46317478841414",0,0,1010.9,"LIRF,16242099999,16239099999,AT416,16224099999,LIRA",26.6,10,128,5.3,3.62935783786955e-12,26.3416,20-Jul-2023 02:00:00
NaN,"Clear",2023-07-20T02:30:00,19.3,26.6,64.46,"41.83019005524591, 12.46317478841414",0,0,1010.9,"LIRF,16242099999,16239099999,AT416,16224099999,LIRA",26.6,10,128,5.3,3.65190911625599e-12,0,20-Jul-2023 02:30:00
NaN,"Clear",2023-07-20T03:00:00,19.1,25.6,67.46,"41.83019005524591, 12.46317478841414",0,0,1010.9,"LIRF,16242099999,16239099999,AT416,16224099999,LIRA",25.6,10,57,5.8,3.67461815675335e-12,0,20-Jul-2023 03:00:00
NaN,"Clear",2023-07-20T03:30:00,19.1,25.6,67.46,"41.83019005524591, 12.46317478841414",0,0,1010.9,"LIRF,16242099999,16239099999,AT416,16224099999,LIRA",25.6,10,57,5.8,3.69748618647351e-12,0,20-Jul-2023 03:30:00
NaN,"Clear",2023-07-20T04:00:00,18.9,25.6,66.77,"41.83019005524591, 12.46317478841414",0,0,1010.1,"LIRF,16242099999,16239099999,AT416,16224099999,LIRA",25.6,10,200,2.2,3.72051444303439e-12,18.7849,20-Jul-2023 04:00:00
NaN,"Clear",2023-07-20T04:30:00,18.9,25.6,66.77,"41.83019005524591, 12.46317478841414",0,0,1010.1,"LIRF,16242099999,16239099999,AT416,16224099999,LIRA",25.6,10,200,2.2,3.74370417504821e-12,7.7849,20-Jul-2023 04:30:00
NaN,"Clear",2023-07-20T05:00:00,22.1,23.1,94.11,"41.83019005524591, 12.46317478841414",0,0,1010.3,"LIRF,16242099999,AT416,16224099999",23.1,10,65,7.1,3.76705664144871e-12,0,20-Jul-2023 05:00:00
NaN,"Clear",2023-07-20T05:30:00,22.1,23.1,94.11,"41.83019005524591, 12.46317478841414",0,0,1010.3,"LIRF,16242099999,AT416,16224099999",23.1,10,65,7.1,3.79057311197335e-12,48.9304,20-Jul-2023 05:30:00
NaN,"Clear",2023-07-20T06:00:00,16.5,24,63.13,"41.83019005524591, 12.46317478841414",0,0,1010.8,"LIRF,16242099999,16239099999,AT416,16224099999,LIRA",24,10,100,2.2,3.81425486766289e-12,133.1267,20-Jul-2023 06:00:00
NaN,"Clear",2023-07-20T06:30:00,16.5,24,63.13,"41.83019005524591, 12.46317478841414",0,0,1010.8,"LIRF,16242099999,16239099999,AT416,16224099999,LIRA",24,10,100,2.2,3.83810320017527e-12,305.3973,20-Jul-2023 06:30:00
NaN,"Clear",2023-07-20T07:00:00,16.5,24.5,60.98,"41.83019005524591, 12.46317478841414",0,0,1010.8,"LIRF,16242099999,16239099999,AT416,16224099999,16234099999,LIRA",24.5,10,57,5.7,3.862119412279e-12,508.8428,20-Jul-2023 07:00:00
NaN,"Clear",2023-07-20T07:30:00,16.5,24.5,60.98,"41.83019005524591, 12.46317478841414",0,0,1010.8,"LIRF,16242099999,16239099999,AT416,16224099999,16234099999,LIRA",24.5,10,57,5.7,3.88630481836435e-12,791.5164,20-Jul-2023 07:30:00
NaN,"Clear",2023-07-20T08:00:00,17.8,25.8,61.28,"41.83019005524591, 12.46317478841414",0,0,1010.8,"LIRF,16242099999,16239099999,AT416,16224099999,16234099999,LIRA",25.8,10,53,4.3,3.91066074374361e-12,950.5693,20-Jul-2023 08:00:00
NaN,"Clear",2023-07-20T08:30:00,17.8,25.8,61.28,"41.83019005524591, 12.46317478841414",0,0,1010.8,"LIRF,16242099999,16239099999,AT416,16224099999,16234099999,LIRA",25.8,10,53,4.3,3.93518852515595e-12,927.4843,20-Jul-2023 08:30:00
NaN,"Clear",2023-07-20T09:00:00,19.4,29.5,59.41,"41.83019005524591, 12.46317478841414",0,0,1010.9,"LIRF,16242099999,16239099999,AT416,16224099999,16234099999,LIRA",28.1,10,123,4.6,3.9598895112905e-12,766.2478,20-Jul-2023 09:00:00
NaN,"Clear",2023-07-20T09:30:00,19.4,29.5,59.41,"41.83019005524591, 12.46317478841414",0,0,1010.9,"LIRF,16242099999,16239099999,AT416,16224099999,16234099999,LIRA",28.1,10,123,4.6,3.98476506207274e-12,652.3211,20-Jul-2023 09:30:00
27.7,"Partially cloudy",2023-07-20T10:00:00,19.1,31.5,51.71,"41.83019005524591, 12.46317478841414",0,0,1010.9,"LIRF,16242099999,16239099999,AT416,16224099999,16234099999,LIRA",30.1,10,59,6.4,4.00981654918112e-12,563.2664,20-Jul-2023 10:00:00
27.7,"Partially cloudy",2023-07-20T10:30:00,19.1,31.5,51.71,"41.83019005524591, 12.46317478841414",0,0,1010.9,"LIRF,16242099999,16239099999,AT416,16224099999,16234099999,LIRA",30.1,10,59,6.4,4.03504535658238e-12,476.6571,20-Jul-2023 10:30:00
NaN,"Clear",2023-07-20T11:00:00,20.4,33.3,53.57,"41.83019005524591, 12.46317478841414",0,0,1010.9,"LIRF,16242099999,16239099999,AT416,16224099999,16234099999,LIRA",31,10,187,6.7,4.06045287980369e-12,484.3703,20-Jul-2023 11:00:00
NaN,"Clear",2023-07-20T11:30:00,20.4,33.3,53.57,"41.83019005524591, 12.46317478841414",0,0,1010.9,"LIRF,16242099999,16239099999,AT416,16224099999,16234099999,LIRA",31,10,187,6.7,4.08604052646141e-12,332.5597,20-Jul-2023 11:30:00
NaN,"Clear",2023-07-20T12:00:00,22.2,37,53.93,"41.83019005524591, 12.46317478841414",0,0,1010.9,"LIRF,16242099999,16239099999,AT416,16224099999,16234099999,LIRA",32.8,10,194,9.9,4.11180971680889e-12,333.8047,20-Jul-2023 12:00:00
NaN,"Clear",2023-07-20T12:30:00,22.2,37,53.93,"41.83019005524591, 12.46317478841414",0,0,1010.9,"LIRF,16242099999,16239099999,AT416,16224099999,16234099999,LIRA",32.8,10,194,9.9,4.13776188299419e-12,354.3209,20-Jul-2023 12:30:00
NaN,"Clear",2023-07-20T13:00:00,20.6,36.4,46.97,"41.83019005524591, 12.46317478841414",0,0,1010.8,"LIRF,16242099999,AT416,16224099999,16234099999,LIRA",33.5,10,189,13.6,4.16389846960119e-12,317.7532,20-Jul-2023 13:00:00
NaN,"Clear",2023-07-20T13:30:00,20.6,36.4,46.97,"41.83019005524591, 12.46317478841414",0,0,1010.8,"LIRF,16242099999,AT416,16224099999,16234099999,LIRA",33.5,10,189,13.6,4.19022093421024e-12,246.326,20-Jul-2023 13:30:00
NaN,"Clear",2023-07-20T14:00:00,21,37.8,45.6,"41.83019005524591, 12.46317478841414",0,0,1010.8,"LIRF,16242099999,16239099999,AT416,LIRA",34.4,10,174,11.1,4.21673074664114e-12,175.8546,20-Jul-2023 14:00:00
NaN,"Clear",2023-07-20T14:30:00,21,37.8,45.6,"41.83019005524591, 12.46317478841414",0,0,1010.8,"LIRF,16242099999,16239099999,AT416,LIRA",34.4,10,174,11.1,4.24342938950691e-12,200.0694,20-Jul-2023 14:30:00
30,"Partially cloudy",2023-07-20T15:00:00,23.4,39.7,54.35,"41.83019005524591, 12.46317478841414",0,0,1009.9,"LIRF,16242099999,16239099999,AT416,16224099999,16234099999,LIRA",33.9,10,227,14.8,4.27031835878772e-12,204.0323,20-Jul-2023 15:00:00
30,"Partially cloudy",2023-07-20T15:30:00,23.4,39.7,54.35,"41.83019005524591, 12.46317478841414",0,0,1009.9,"LIRF,16242099999,16239099999,AT416,16224099999,16234099999,LIRA",33.9,10,227,14.8,4.29739916305866e-12,229.2318,20-Jul-2023 15:30:00
30,"Partially cloudy",2023-07-20T16:00:00,23.8,40.3,55.78,"41.83019005524591, 12.46317478841414",0,0,1009.8,"LIRF,16242099999,16239099999,AT416,16224099999,16234099999,LIRA",33.9,10,219,16.4,4.32467332405668e-12,229.5623,20-Jul-2023 16:00:00
30,"Partially cloudy",2023-07-20T16:30:00,23.8,40.3,55.78,"41.83019005524591, 12.46317478841414",0,0,1009.8,"LIRF,16242099999,16239099999,AT416,16224099999,16234099999,LIRA",33.9,10,219,16.4,4.352142377268e-12,170.7457,20-Jul-2023 16:30:00
30,"Partially cloudy",2023-07-20T17:00:00,23.8,38.9,58.86,"41.83019005524591, 12.46317478841414",0,0,1009.8,"LIRF,16242099999,16239099999,AT416,16224099999,16234099999,LIRA",32.9,10,216,13.3,4.37980787114048e-12,206.8673,20-Jul-2023 17:00:00
30,"Partially cloudy",2023-07-20T17:30:00,23.8,38.9,58.86,"41.83019005524591, 12.46317478841414",0,0,1009.8,"LIRF,16242099999,16239099999,AT416,16224099999,16234099999,LIRA",32.9,10,216,13.3,4.40767136766393e-12,243.8763,20-Jul-2023 17:30:00
NaN,"Clear",2023-07-20T18:00:00,22.5,37.2,55.08,"41.83019005524591, 12.46317478841414",0,0,1009.8,"LIRF,16242099999,16239099999,AT416,16224099999,16234099999,LIRA",32.7,10,217,14.3,4.43573444297153e-12,123.107,20-Jul-2023 18:00:00
NaN,"Clear",2023-07-20T18:30:00,22.5,37.2,55.08,"41.83019005524591, 12.46317478841414",0,0,1009.8,"LIRF,16242099999,16239099999,AT416,16224099999,16234099999,LIRA",32.7,10,217,14.3,4.46399868653631e-12,115.6148,20-Jul-2023 18:30:00
NaN,"Clear",2023-07-20T19:00:00,22.7,36.1,58.94,"41.83019005524591, 12.46317478841414",0,0,1009.8,"LIRF,16242099999,16239099999,AT416,16224099999,16234099999,LIRA",31.7,10,236,14.3,4.49246570176534e-12,23.9296,20-Jul-2023 19:00:00
NaN,"Clear",2023-07-20T19:30:00,22.7,36.1,58.94,"41.83019005524591, 12.46317478841414",0,0,1009.8,"LIRF,16242099999,16239099999,AT416,16224099999,16234099999,LIRA",31.7,10,236,14.3,4.52113710661534e-12,48.6166,20-Jul-2023 19:30:00
NaN,"Clear",2023-07-20T20:00:00,22.7,33.7,65.38,"41.83019005524591, 12.46317478841414",0,0,1009.9,"LIRF,16242099999,16239099999,AT416,16224099999,16234099999,LIRA",29.9,10,235,11.9,4.55001453277316e-12,128.9923,20-Jul-2023 20:00:00
NaN,"Clear",2023-07-20T20:30:00,22.7,33.7,65.38,"41.83019005524591, 12.46317478841414",0,0,1009.9,"LIRF,16242099999,16239099999,AT416,16224099999,16234099999,LIRA",29.9,10,235,11.9,4.57909962626402e-12,287.9857,20-Jul-2023 20:30:00
NaN,"Clear",2023-07-20T21:00:00,23.5,31.5,76.79,"41.83019005524591, 12.46317478841414",0,0,1009.9,"LIRF,16242099999,16239099999,AT416,16224099999,LIRA",28,10,241,8.3,4.60839404808187e-12,172.1269,20-Jul-2023 21:00:00
NaN,"Clear",2023-07-20T21:30:00,23.5,31.5,76.79,"41.83019005524591, 12.46317478841414",0,0,1009.9,"LIRF,16242099999,16239099999,AT416,16224099999,LIRA",28,10,241,8.3,4.63789947335334e-12,152.9756,20-Jul-2023 21:30:00
NaN,"Clear",2023-07-20T22:00:00,24.1,30.4,83.55,"41.83019005524591, 12.46317478841414",0,0,1010.9,"LIRF,16242099999,16239099999,AT416,16224099999,LIRA",27.1,10,210,7.1,4.66761759196055e-12,82.359,20-Jul-2023 22:00:00
NaN,"Clear",2023-07-20T22:30:00,24.1,30.4,83.55,"41.83019005524591, 12.46317478841414",0,0,1010.9,"LIRF,16242099999,16239099999,AT416,16224099999,LIRA",27.1,10,210,7.1,4.69755010918656e-12,35.3083,20-Jul-2023 22:30:00
NaN,"Clear",2023-07-20T23:00:00,22.8,31,73.85,"41.83019005524591, 12.46317478841414",0,0,1010.9,"LIRF,16242099999,16239099999,AT416,16224099999,LIRA",27.9,10,145,11.9,4.72769874486246e-12,13.8487,20-Jul-2023 23:00:00
NaN,"Clear",2023-07-20T23:30:00,22.8,31,73.85,"41.83019005524591, 12.46317478841414",0,0,1010.9,"LIRF,16242099999,16239099999,AT416,16224099999,LIRA",27.9,10,145,11.9,4.7580652340051e-12,2.84869999999999,20-Jul-2023 23:30:00
NaN,"Clear",2023-07-21T00:00:00,19.5,28.3,63.78,"41.83019005524591, 12.46317478841414",0,0,1010.9,"LIRF,16242099999,16239099999,AT416,16224099999,LIRA",26.9,10,182,11,4.78865132747807e-12,19.4427,21-Jul-2023 00:00:00
NaN,"Clear",2023-07-21T00:30:00,19.5,28.3,63.78,"41.83019005524591, 12.46317478841414",0,0,1010.9,"LIRF,16242099999,16239099999,AT416,16224099999,LIRA",26.9,10,182,11,4.81945879112157e-12,8.4427,21-Jul-2023 00:30:00
NaN,"Clear",2023-07-21T01:00:00,19.5,29.9,58.3,"41.83019005524591, 12.46317478841414",0,0,1010.9,"LIRF,16242099999,16239099999,AT416,16224099999,LIRA",28.5,10,152,9.9,4.85048940640547e-12,9.33850000000001,21-Jul-2023 01:00:00
NaN,"Clear",2023-07-21T01:30:00,19.5,29.9,58.3,"41.83019005524591, 12.46317478841414",0,0,1010.9,"LIRF,16242099999,16239099999,AT416,16224099999,LIRA",28.5,10,152,9.9,4.8817449711062e-12,38.1833,21-Jul-2023 01:30:00
NaN,"Clear",2023-07-21T02:00:00,20.2,30.3,61.09,"41.83019005524591, 12.46317478841414",0,0,1010.9,"LIRF,16242099999,16239099999,AT416,16224099999,LIRA",28.5,10,158,7.5,4.91322729841907e-12,45.0469,21-Jul-2023 02:00:00
NaN,"Clear",2023-07-21T02:30:00,20.2,30.3,61.09,"41.83019005524591, 12.46317478841414",0,0,1010.9,"LIRF,16242099999,16239099999,AT416,16224099999,LIRA",28.5,10,158,7.5,4.94493821762706e-12,9.0276,21-Jul-2023 02:30:00
NaN,"Clear",2023-07-21T03:00:00,20.8,29.4,67.05,"41.83019005524591, 12.46317478841414",0,0,1010.8,"LIRF,16242099999,16239099999,AT416,16224099999,LIRA",27.5,10,184,7.8,4.97687957479405e-12,0,21-Jul-2023 03:00:00
NaN,"Clear",2023-07-21T03:30:00,20.8,29.4,67.05,"41.83019005524591, 12.46317478841414",0,0,1010.8,"LIRF,16242099999,16239099999,AT416,16224099999,LIRA",27.5,10,184,7.8,5.00905323185921e-12,0,21-Jul-2023 03:30:00
NaN,"Clear",2023-07-21T04:00:00,20.1,29.3,63.19,"41.83019005524591, 12.46317478841414",0,0,1009.9,"LIRF,16242099999,16239099999,AT416,16224099999,LIRA",27.7,10,156,5.8,5.04146106732198e-12,18.7992,21-Jul-2023 04:00:00
NaN,"Clear",2023-07-21T04:30:00,20.1,29.3,63.19,"41.83019005524591, 12.46317478841414",0,0,1009.9,"LIRF,16242099999,16239099999,AT416,16224099999,LIRA",27.7,10,156,5.8,5.07410497695204e-12,7.7992,21-Jul-2023 04:30:00
NaN,"Clear",2023-07-21T05:00:00,20.8,28.4,70.2,"41.83019005524591, 12.46317478841414",0,0,1009.9,"LIRF,16242099999,16239099999,AT416,16224099999,LIRA",26.7,10,163,6.6,5.10698687286542e-12,17.9841,21-Jul-2023 05:00:00
NaN,"Clear",2023-07-21T05:30:00,20.8,28.4,70.2,"41.83019005524591, 12.46317478841414",0,0,1009.9,"LIRF,16242099999,16239099999,AT416,16224099999,LIRA",26.7,10,163,6.6,5.14010868422605e-12,142.8685,21-Jul-2023 05:30:00
50,"Partially cloudy",2023-07-21T06:00:00,19.1,28.5,60.83,"41.83019005524591, 12.46317478841414",0,0,1010.1,"LIRF,16242099999,16239099999,AT416,16224099999,LIRA",27.3,10,171,6.9,5.17347235797304e-12,199.2318,21-Jul-2023 06:00:00
50,"Partially cloudy",2023-07-21T06:30:00,19.1,28.5,60.83,"41.83019005524591, 12.46317478841414",0,0,1010.1,"LIRF,16242099999,16239099999,AT416,16224099999,LIRA",27.3,10,171,6.9,5.20707985787801e-12,224.358,21-Jul-2023 06:30:00
NaN,"Clear",2023-07-21T07:00:00,20.1,25.9,70.25,"41.83019005524591, 12.46317478841414",0,0,1010.8,"LIRF,16242099999,16239099999,AT416,16224099999,16234099999,LIRA",25.9,10,129,3.4,5.24093316526371e-12,270.544,21-Jul-2023 07:00:00
NaN,"Clear",2023-07-21T07:30:00,20.1,25.9,70.25,"41.83019005524591, 12.46317478841414",0,0,1010.8,"LIRF,16242099999,16239099999,AT416,16224099999,16234099999,LIRA",25.9,10,129,3.4,5.27503427974908e-12,650.7299,21-Jul-2023 07:30:00
30,"Partially cloudy",2023-07-21T08:00:00,19.5,29,61.17,"41.83019005524591, 12.46317478841414",0,0,1010.8,"LIRF,16242099999,16239099999,AT416,16224099999,16234099999,LIRA",27.6,9.9,129,5.7,5.30938521828738e-12,621.2586,21-Jul-2023 08:00:00
30,"Partially cloudy",2023-07-21T08:30:00,19.5,29,61.17,"41.83019005524591, 12.46317478841414",0,0,1010.8,"LIRF,16242099999,16239099999,AT416,16224099999,16234099999,LIRA",27.6,9.9,129,5.7,5.34398801590241e-12,994.5415,21-Jul-2023 08:30:00
28,"Partially cloudy",2023-07-21T09:00:00,19.7,31.6,54.48,"41.83019005524591, 12.46317478841414",0,0,1010.9,"LIRF,16242099999,16239099999,AT416,16224099999,16234099999,LIRA",29.9,9.9,136,6.2,5.37884472645174e-12,1153.8501,21-Jul-2023 09:00:00
28,"Partially cloudy",2023-07-21T09:30:00,19.7,31.6,54.48,"41.83019005524591, 12.46317478841414",0,0,1010.9,"LIRF,16242099999,16239099999,AT416,16224099999,16234099999,LIRA",29.9,9.9,136,6.2,5.41395742164531e-12,899.9271,21-Jul-2023 09:30:00
33.5,"Partially cloudy",2023-07-21T10:00:00,21.7,34.1,58.18,"41.83019005524591, 12.46317478841414",0,0,1011.8,"LIRF,16242099999,16239099999,AT416,16224099999,16234099999,LIRA",30.9,9.9,20,9.5,5.44932819179967e-12,746.9628,21-Jul-2023 10:00:00
33.5,"Partially cloudy",2023-07-21T10:30:00,21.7,34.1,58.18,"41.83019005524591, 12.46317478841414",0,0,1011.8,"LIRF,16242099999,16239099999,AT416,16224099999,16234099999,LIRA",30.9,9.9,20,9.5,5.48495914661995e-12,702.528,21-Jul-2023 10:30:00
27.6,"Partially cloudy",2023-07-21T11:00:00,21.7,35,55.99,"41.83019005524591, 12.46317478841414",0,0,1011.7,"LIRF,16242099999,16239099999,AT416,16224099999,16234099999,LIRA",31.6,10,186,15.2,5.52085241419843e-12,610.6051,21-Jul-2023 11:00:00
27.6,"Partially cloudy",2023-07-21T11:30:00,21.7,35,55.99,"41.83019005524591, 12.46317478841414",0,0,1011.7,"LIRF,16242099999,16239099999,AT416,16224099999,16234099999,LIRA",31.6,10,186,15.2,5.55701014178738e-12,443.3836,21-Jul-2023 11:30:00
33.5,"Partially cloudy",2023-07-21T12:00:00,22.4,36.2,57.07,"41.83019005524591, 12.46317478841414",0,0,1011.8,"LIRF,16242099999,16239099999,AT416,16224099999,16234099999,LIRA",32,10,170,16.9,5.59343449660023e-12,587.0942,21-Jul-2023 12:00:00
33.5,"Partially cloudy",2023-07-21T12:30:00,22.4,36.2,57.07,"41.83019005524591, 12.46317478841414",0,0,1011.8,"LIRF,16242099999,16239099999,AT416,16224099999,16234099999,LIRA",32,10,170,16.9,0.0416666666666661,641.7182,21-Jul-2023 12:30:00
30.5,"Partially cloudy",2023-07-21T13:00:00,21,36.8,47.67,"41.83019005524591, 12.46317478841414",0,0,1011.1,"LIRF,16242099999,16239099999,AT416,16224099999,16234099999,LIRA",33.6,10,179,18.6,0.0833333333333339,502.6183,21-Jul-2023 13:00:00
30.5,"Partially cloudy",2023-07-21T13:30:00,21,36.8,47.67,"41.83019005524591, 12.46317478841414",0,0,1011.1,"LIRF,16242099999,16239099999,AT416,16224099999,16234099999,LIRA",33.6,10,179,18.6,0.125,372.3251,21-Jul-2023 13:30:00
28,"Partially cloudy",2023-07-21T14:00:00,20.1,37,43.17,"41.83019005524591, 12.46317478841414",0,0,1011.1,"LIRF,16242099999,16239099999,AT416,16224099999,16234099999,LIRA",34.4,10,187,22.1,0.166666666666666,248.0863,21-Jul-2023 14:00:00
28,"Partially cloudy",2023-07-21T14:30:00,20.1,37,43.17,"41.83019005524591, 12.46317478841414",0,0,1011.1,"LIRF,16242099999,16239099999,AT416,16224099999,16234099999,LIRA",34.4,10,187,22.1,0.208333333333334,226.8196,21-Jul-2023 14:30:00
NaN,"Clear",2023-07-21T15:00:00,22.3,38.3,51.55,"41.83019005524591, 12.46317478841414",0,0,1010.8,"LIRF,16242099999,16239099999,AT416,16224099999,16234099999,LIRA",33.7,10,175,23.8,0.25,232.5183,21-Jul-2023 15:00:00
NaN,"Clear",2023-07-21T15:30:00,22.3,38.3,51.55,"41.83019005524591, 12.46317478841414",0,0,1010.8,"LIRF,16242099999,16239099999,AT416,16224099999,16234099999,LIRA",33.7,10,175,23.8,0.291666666666666,195.2174,21-Jul-2023 15:30:00
NaN,"Clear",2023-07-21T16:00:00,21.2,37.4,47.76,"41.83019005524591, 12.46317478841414",0,0,1010.8,"LIRF,16242099999,16239099999,AT416,16224099999,16234099999,LIRA",33.9,10,171,25.6,0.333333333333334,227.2374,21-Jul-2023 16:00:00
NaN,"Clear",2023-07-21T16:30:00,21.2,37.4,47.76,"41.83019005524591, 12.46317478841414",0,0,1010.8,"LIRF,16242099999,16239099999,AT416,16224099999,16234099999,LIRA",33.9,10,171,25.6,0.375,176.0472,21-Jul-2023 16:30:00
NaN,"Clear",2023-07-21T17:00:00,20.3,36.5,45.24,"41.83019005524591, 12.46317478841414",0,0,1010.8,"LIRF,16242099999,16239099999,AT416,16224099999,16234099999,LIRA",33.8,10,178,23.6,0.416666666666666,188.498,21-Jul-2023 17:00:00
NaN,"Clear",2023-07-21T17:30:00,20.3,36.5,45.24,"41.83019005524591, 12.46317478841414",0,0,1010.8,"LIRF,16242099999,16239099999,AT416,16224099999,16234099999,LIRA",33.8,10,178,23.6,0.458333333333334,377.0917,21-Jul-2023 17:30:00
30,"Partially cloudy",2023-07-21T18:00:00,21.4,37.2,49.12,"41.83019005524591, 12.46317478841414",0,0,1009.9,"LIRF,16242099999,16239099999,AT416,16224099999,16234099999,LIRA",33.6,10,170,22,0.5,277.5959,21-Jul-2023 18:00:00
30,"Partially cloudy",2023-07-21T18:30:00,21.4,37.2,49.12,"41.83019005524591, 12.46317478841414",0,0,1009.9,"LIRF,16242099999,16239099999,AT416,16224099999,16234099999,LIRA",33.6,10,170,22,0.541666666666666,203.6373,21-Jul-2023 18:30:00
28,"Partially cloudy",2023-07-21T19:00:00,21.1,34.8,53.25,"41.83019005524591, 12.46317478841414",0,0,1010.1,"LIRF,16242099999,16239099999,AT416,16224099999,16234099999,LIRA",31.8,10,168,23.4,0.583333333333334,228.2313,21-Jul-2023 19:00:00
28,"Partially cloudy",2023-07-21T19:30:00,21.1,34.8,53.25,"41.83019005524591, 12.46317478841414",0,0,1010.1,"LIRF,16242099999,16239099999,AT416,16224099999,16234099999,LIRA",31.8,10,168,23.4,0.625,232.9708,21-Jul-2023 19:30:00
28,"Partially cloudy",2023-07-21T20:00:00,23.7,35.9,65.73,"41.83019005524591, 12.46317478841414",0,0,1010.1,"LIRF,16242099999,16239099999,AT416,16224099999,16234099999,LIRA",30.8,9.9,168,23.1,0.666666666666666,149.577,21-Jul-2023 20:00:00
28,"Partially cloudy",2023-07-21T20:30:00,23.7,35.9,65.73,"41.83019005524591, 12.46317478841414",0,0,1010.1,"LIRF,16242099999,16239099999,AT416,16224099999,16234099999,LIRA",30.8,9.9,168,23.1,0.708333333333334,141.4543,21-Jul-2023 20:30:00
50,"Partially cloudy",2023-07-21T21:00:00,25.3,34.8,81,"41.83019005524591, 12.46317478841414",0,0,1010.9,"LIRF,16242099999,16239099999,AT416,16224099999,LIRA",28.9,10,177,19.7,0.75,252.0655,21-Jul-2023 21:00:00
50,"Partially cloudy",2023-07-21T21:30:00,25.3,34.8,81,"41.83019005524591, 12.46317478841414",0,0,1010.9,"LIRF,16242099999,16239099999,AT416,16224099999,LIRA",28.9,10,177,19.7,0.791666666666666,218.7999,21-Jul-2023 21:30:00
89.1,"Partially cloudy",2023-07-21T22:00:00,25.4,33.3,84.9,"41.83019005524591, 12.46317478841414",0,0,1011.1,"LIRF,16242099999,16239099999,AT416,16224099999,LIRA",28.2,10,184,17.4,0.833333333333334,168.8593,21-Jul-2023 22:00:00
89.1,"Partially cloudy",2023-07-21T22:30:00,25.4,33.3,84.9,"41.83019005524591, 12.46317478841414",0,0,1011.1,"LIRF,16242099999,16239099999,AT416,16224099999,LIRA",28.2,10,184,17.4,0.875,50.9586,21-Jul-2023 22:30:00
50,"Partially cloudy",2023-07-21T23:00:00,24.6,34,77.56,"41.83019005524591, 12.46317478841414",0,0,1011.9,"LIRF,16242099999,16239099999,AT416,16224099999,LIRA",28.9,10,159,16.2,0.916666666666666,11.1594,21-Jul-2023 23:00:00
50,"Partially cloudy",2023-07-21T23:30:00,24.6,34,77.56,"41.83019005524591, 12.46317478841414",0,0,1011.9,"LIRF,16242099999,16239099999,AT416,16224099999,LIRA",28.9,10,159,16.2,0.958333333333334,0,21-Jul-2023 23:30:00
50,"Partially cloudy",2023-07-22T00:00:00,23.8,33,74.84,"41.83019005524591, 12.46317478841414",0,0,1011.9,"LIRF,16242099999,16239099999,AT416,16224099999,LIRA",28.7,10,157,17.5,1,0,22-Jul-2023 00:00:00
50,"Partially cloudy",2023-07-22T00:30:00,23.8,33,74.84,"41.83019005524591, 12.46317478841414",0,0,1011.9,"LIRF,16242099999,16239099999,AT416,16224099999,LIRA",28.7,10,157,17.5,1,0,22-Jul-2023 00:30:00
50,"Partially cloudy",2023-07-22T01:00:00,23.5,31.3,77.49,"41.83019005524591, 12.46317478841414",0,0,1012.1,"LIRF,16242099999,16239099999,AT416,16224099999,LIRA",27.8,10,143,9.4,1,133.9829,22-Jul-2023 01:00:00
50,"Partially cloudy",2023-07-22T01:30:00,23.5,31.3,77.49,"41.83019005524591, 12.46317478841414",0,0,1012.1,"LIRF,16242099999,16239099999,AT416,16224099999,LIRA",27.8,10,143,9.4,1,100.9829,22-Jul-2023 01:30:00
NaN,"Clear",2023-07-22T02:00:00,23.1,31.2,74.9,"41.83019005524591, 12.46317478841414",0,0,1013,"16239099999,AT416,16224099999,LIRA",27.9,10,150,9.4,1,112.3135,22-Jul-2023 02:00:00
NaN,"Clear",2023-07-22T02:30:00,23.1,31.2,74.9,"41.83019005524591, 12.46317478841414",0,0,1013,"16239099999,AT416,16224099999,LIRA",27.9,10,150,9.4,1,113.2613,22-Jul-2023 02:30:00
50,"Partially cloudy",2023-07-22T03:00:00,24.4,32.1,81.14,"41.83019005524591, 12.46317478841414",0,0,1012.6,"LIRF,16242099999,16239099999,AT416,16224099999,LIRA",27.9,10,144,15,1,42.8218,22-Jul-2023 03:00:00
50,"Partially cloudy",2023-07-22T03:30:00,24.4,32.1,81.14,"41.83019005524591, 12.46317478841414",0,0,1012.6,"LIRF,16242099999,16239099999,AT416,16224099999,LIRA",27.9,10,144,15,1,11.3306,22-Jul-2023 03:30:00
NaN,"Clear",2023-07-22T04:00:00,24.4,31.8,82.05,"41.83019005524591, 12.46317478841414",0,0,1011.9,"LIRF,16242099999,16239099999,AT416,16224099999,LIRA",27.7,10,141,15,1,0.330600000000008,22-Jul-2023 04:00:00
NaN,"Clear",2023-07-22T04:30:00,24.4,31.8,82.05,"41.83019005524591, 12.46317478841414",0,0,1011.9,"LIRF,16242099999,16239099999,AT416,16224099999,LIRA",27.7,10,141,15,1,0,22-Jul-2023 04:30:00
27.7,"Partially cloudy",2023-07-22T05:00:00,24.4,31.8,82.05,"41.83019005524591, 12.46317478841414",0,0,1012.1,"LIRF,16242099999,16239099999,AT416,16224099999,LIRA",27.7,10,160,14.2,1,0,22-Jul-2023 05:00:00
27.7,"Partially cloudy",2023-07-22T05:30:00,24.4,31.8,82.05,"41.83019005524591, 12.46317478841414",0,0,1012.1,"LIRF,16242099999,16239099999,AT416,16224099999,LIRA",27.7,10,160,14.2,1,0,22-Jul-2023 05:30:00
50,"Partially cloudy",2023-07-22T06:00:00,23.6,29.8,81.96,"41.83019005524591, 12.46317478841414",0,0,1011.9,"LIRF,16242099999,16239099999,AT416,16224099999,LIRA",27,10,131,4.1,1,0,22-Jul-2023 06:00:00
50,"Partially cloudy",2023-07-22T06:30:00,23.6,29.8,81.96,"41.83019005524591, 12.46317478841414",0,0,1011.9,"LIRF,16242099999,16239099999,AT416,16224099999,LIRA",27,10,131,4.1,1,170.2678,22-Jul-2023 06:30:00
50,"Partially cloudy",2023-07-22T07:00:00,23.2,26.2,83.86,"41.83019005524591, 12.46317478841414",0,0,1013.8,"LIRF,16242099999,16239099999,AT416,16224099999,LIRA",26.2,10,120,6.9,1,94.6365,22-Jul-2023 07:00:00
50,"Partially cloudy",2023-07-22T07:30:00,23.2,26.2,83.86,"41.83019005524591, 12.46317478841414",0,0,1013.8,"LIRF,16242099999,16239099999,AT416,16224099999,LIRA",26.2,10,120,6.9,1,112.2338,22-Jul-2023 07:30:00
50,"Partially cloudy",2023-07-22T08:00:00,24,31.9,79.05,"41.83019005524591, 12.46317478841414",0,0,1013.9,"LIRF,16242099999,16239099999,AT416,16224099999,LIRA",28,10,122,10.5,1,212.2048,22-Jul-2023 08:00:00
50,"Partially cloudy",2023-07-22T08:30:00,24,31.9,79.05,"41.83019005524591, 12.46317478841414",0,0,1013.9,"LIRF,16242099999,16239099999,AT416,16224099999,LIRA",28,10,122,10.5,1,252.5444,22-Jul-2023 08:30:00
50,"Partially cloudy",2023-07-22T09:00:00,24,33.2,75.29,"41.83019005524591, 12.46317478841414",0,0,1013.9,"LIRF,16242099999,16239099999,AT416,16224099999,LIRA",28.8,10,187,13.2,1,305.3328,22-Jul-2023 09:00:00
50,"Partially cloudy",2023-07-22T09:30:00,24,33.2,75.29,"41.83019005524591, 12.46317478841414",0,0,1013.9,"LIRF,16242099999,16239099999,AT416,16224099999,LIRA",28.8,10,187,13.2,1,447.6826,22-Jul-2023 09:30:00
45.7,"Partially cloudy",2023-07-22T10:00:00,23.2,34.3,66.84,"41.83019005524591, 12.46317478841414",0,0,1014.8,"LIRF,16242099999,16239099999,AT416,16224099999,LIRA",30,10,188,11.4,1,374.1666,22-Jul-2023 10:00:00
45.7,"Partially cloudy",2023-07-22T10:30:00,23.2,34.3,66.84,"41.83019005524591, 12.46317478841414",0,0,1014.8,"LIRF,16242099999,16239099999,AT416,16224099999,LIRA",30,10,188,11.4,1,477.4996,22-Jul-2023 10:30:00
27.5,"Partially cloudy",2023-07-22T11:00:00,22.4,35.8,57.67,"41.83019005524591, 12.46317478841414",0,0,1014.8,"LIRF,16242099999,16239099999,AT416,16224099999,LIRA",31.7,10,144,9.5,1,416.0352,22-Jul-2023 11:00:00
27.5,"Partially cloudy",2023-07-22T11:30:00,22.4,35.8,57.67,"41.83019005524591, 12.46317478841414",0,0,1014.8,"LIRF,16242099999,16239099999,AT416,16224099999,LIRA",31.7,10,144,9.5,1,394.2493,22-Jul-2023 11:30:00
45.7,"Partially cloudy",2023-07-22T12:00:00,21.6,36.6,51.24,"41.83019005524591, 12.46317478841414",0,0,1014.8,"LIRF,16242099999,16239099999,AT416,16224099999,LIRA",33,10,171,13.5,1,286.0278,22-Jul-2023 12:00:00
45.7,"Partially cloudy",2023-07-22T12:30:00,21.6,36.6,51.24,"41.83019005524591, 12.46317478841414",0,0,1014.8,"LIRF,16242099999,16239099999,AT416,16224099999,LIRA",33,10,171,13.5,1,190.3399,22-Jul-2023 12:30:00
50,"Partially cloudy",2023-07-22T13:00:00,21.6,36.6,51.49,"41.83019005524591, 12.46317478841414",0,0,1015.1,"LIRF,16242099999,16239099999,AT416,16224099999,LIRA",32.9,10,167,15.7,1,224.8867,22-Jul-2023 13:00:00
50,"Partially cloudy",2023-07-22T13:30:00,21.6,36.6,51.49,"41.83019005524591, 12.46317478841414",0,0,1015.1,"LIRF,16242099999,16239099999,AT416,16224099999,LIRA",32.9,10,167,15.7,1,249.5971,22-Jul-2023 13:30:00
26.7,"Partially cloudy",2023-07-22T14:00:00,24.2,39.1,60.6,"41.83019005524591, 12.46317478841414",0,0,1014.9,"LIRF,16242099999,16239099999,AT416,16224099999,LIRA",32.8,10,204,22.9,1,333.1809,22-Jul-2023 14:00:00
26.7,"Partially cloudy",2023-07-22T14:30:00,24.2,39.1,60.6,"41.83019005524591, 12.46317478841414",0,0,1014.9,"LIRF,16242099999,16239099999,AT416,16224099999,LIRA",32.8,10,204,22.9,1,210.6241,22-Jul-2023 14:30:00
26.7,"Partially cloudy",2023-07-22T15:00:00,23.3,36.6,61.54,"41.83019005524591, 12.46317478841414",0,0,1014.8,"LIRF,16242099999,16239099999,AT416,16224099999,LIRA",31.6,10,207,21.4,1,216.4426,22-Jul-2023 15:00:00
26.7,"Partially cloudy",2023-07-22T15:30:00,23.3,36.6,61.54,"41.83019005524591, 12.46317478841414",0,0,1014.8,"LIRF,16242099999,16239099999,AT416,16224099999,LIRA",31.6,10,207,21.4,1,143.5019,22-Jul-2023 15:30:00
28,"Partially cloudy",2023-07-22T16:00:00,24.1,36.7,66.71,"41.83019005524591, 12.46317478841414",0,0,1015.1,"LIRF,16242099999,16239099999,AT416,16224099999,LIRA",31,10,211,18.1,1,162.9826,22-Jul-2023 16:00:00
28,"Partially cloudy",2023-07-22T16:30:00,24.1,36.7,66.71,"41.83019005524591, 12.46317478841414",0,0,1015.1,"LIRF,16242099999,16239099999,AT416,16224099999,LIRA",31,10,211,18.1,1,123.5647,22-Jul-2023 16:30:00
30,"Partially cloudy",2023-07-22T17:00:00,22.4,34.7,60.96,"41.83019005524591, 12.46317478841414",0,0,1015.1,"LIRF,16242099999,16239099999,AT416,16224099999,LIRA",30.8,10,214,19.4,1,112.3975,22-Jul-2023 17:00:00
30,"Partially cloudy",2023-07-22T17:30:00,22.4,34.7,60.96,"41.83019005524591, 12.46317478841414",0,0,1015.1,"LIRF,16242099999,16239099999,AT416,16224099999,LIRA",30.8,10,214,19.4,1,119.2356,22-Jul-2023 17:30:00
30,"Partially cloudy",2023-07-22T18:00:00,23,34.1,66.28,"41.83019005524591, 12.46317478841414",0,0,1015.1,"LIRF,16242099999,16239099999,AT416,16224099999,LIRA",30,10,224,17.4,1,200.5006,22-Jul-2023 18:00:00
30,"Partially cloudy",2023-07-22T18:30:00,23,34.1,66.28,"41.83019005524591, 12.46317478841414",0,0,1015.1,"LIRF,16242099999,16239099999,AT416,16224099999,LIRA",30,10,224,17.4,1,131.5182,22-Jul-2023 18:30:00
30,"Partially cloudy",2023-07-22T19:00:00,20.8,31.4,60.75,"41.83019005524591, 12.46317478841414",0,0,1015.9,"LIRF,16242099999,16239099999,AT416,16224099999,LIRA",29.2,9.9,225,19.2,1,89.2506,22-Jul-2023 19:00:00
30,"Partially cloudy",2023-07-22T19:30:00,20.8,31.4,60.75,"41.83019005524591, 12.46317478841414",0,0,1015.9,"LIRF,16242099999,16239099999,AT416,16224099999,LIRA",29.2,9.9,225,19.2,1,131.2011,22-Jul-2023 19:30:00
26.7,"Partially cloudy",2023-07-22T20:00:00,19.2,30.3,55.76,"41.83019005524591, 12.46317478841414",0,0,1016.6,"LIRF,16242099999,16239099999,AT416,16224099999,LIRA",28.9,10,230,11,1,148.5191,22-Jul-2023 20:00:00
26.7,"Partially cloudy",2023-07-22T20:30:00,19.2,30.3,55.76,"41.83019005524591, 12.46317478841414",0,0,1016.6,"LIRF,16242099999,16239099999,AT416,16224099999,LIRA",28.9,10,230,11,1,187.4492,22-Jul-2023 20:30:00
NaN,"Clear",2023-07-22T21:00:00,19.6,29.4,60.61,"41.83019005524591, 12.46317478841414",0,0,1016.6,"LIRF,16242099999,16239099999,AT416,16224099999,LIRA",27.9,10,202,5.8,1,155.4085,22-Jul-2023 21:00:00
NaN,"Clear",2023-07-22T21:30:00,19.6,29.4,60.61,"41.83019005524591, 12.46317478841414",0,0,1016.6,"LIRF,16242099999,16239099999,AT416,16224099999,LIRA",27.9,10,202,5.8,1,99.1424,22-Jul-2023 21:30:00
NaN,"Clear",2023-07-22T22:00:00,18.8,28.3,60.44,"41.83019005524591, 12.46317478841414",0,0,1016.8,"LIRF,16242099999,16239099999,AT416,16224099999,LIRA",27.1,10,200,5,1,32.5767,22-Jul-2023 22:00:00
NaN,"Clear",2023-07-22T22:30:00,18.8,28.3,60.44,"41.83019005524591, 12.46317478841414",0,0,1016.8,"LIRF,16242099999,16239099999,AT416,16224099999,LIRA",27.1,10,200,5,1,4.2211,22-Jul-2023 22:30:00
NaN,"Clear",2023-07-22T23:00:00,18.8,28.2,60.53,"41.83019005524591, 12.46317478841414",0,0,1016.9,"LIRF,16242099999,16239099999,AT416,16224099999,LIRA",27.1,10,123,3,1,0,22-Jul-2023 23:00:00
NaN,"Clear",2023-07-22T23:30:00,18.8,28.2,60.53,"41.83019005524591, 12.46317478841414",0,0,1016.9,"LIRF,16242099999,16239099999,AT416,16224099999,LIRA",27.1,10,123,3,1,0,22-Jul-2023 23:30:00
NaN,"Clear",2023-07-23T00:00:00,18.6,27.8,61.17,"41.83019005524591, 12.46317478841414",0,0,1016.9,"LIRF,16242099999,16239099999,AT416,16224099999,LIRA",26.7,10,84,8.5,1,48.5314,23-Jul-2023 00:00:00
NaN,"Clear",2023-07-23T00:30:00,18.6,27.8,61.17,"41.83019005524591, 12.46317478841414",0,0,1016.9,"LIRF,16242099999,16239099999,AT416,16224099999,LIRA",26.7,10,84,8.5,1,56.159,23-Jul-2023 00:30:00
NaN,"Clear",2023-07-23T01:00:00,18.6,26.5,61.87,"41.83019005524591, 12.46317478841414",0,0,1016.9,"LIRF,16242099999,16239099999,AT416,16224099999,LIRA",26.5,10,88,5.1,1,34.159,23-Jul-2023 01:00:00
NaN,"Clear",2023-07-23T01:30:00,18.6,26.5,61.87,"41.83019005524591, 12.46317478841414",0,0,1016.9,"LIRF,16242099999,16239099999,AT416,16224099999,LIRA",26.5,10,88,5.1,1,75.3375,23-Jul-2023 01:30:00
NaN,"Clear",2023-07-23T02:00:00,17.9,26.3,59.68,"41.83019005524591, 12.46317478841414",0,0,1016.1,"LIRF,16242099999,16239099999,AT416,16224099999,LIRA",26.3,10,130,5,1,42.3375,23-Jul-2023 02:00:00
NaN,"Clear",2023-07-23T02:30:00,17.9,26.3,59.68,"41.83019005524591, 12.46317478841414",0,0,1016.1,"LIRF,16242099999,16239099999,AT416,16224099999,LIRA",26.3,10,130,5,1,67.3694,23-Jul-2023 02:30:00
NaN,"Clear",2023-07-23T03:00:00,17.1,25.4,60.17,"41.83019005524591, 12.46317478841414",0,0,1015.9,"LIRF,16242099999,16239099999,AT416,16224099999,LIRA",25.4,10,150,5,1,45.3694,23-Jul-2023 03:00:00
NaN,"Clear",2023-07-23T03:30:00,17.1,25.4,60.17,"41.83019005524591, 12.46317478841414",0,0,1015.9,"LIRF,16242099999,16239099999,AT416,16224099999,LIRA",25.4,10,150,5,1,23.3694,23-Jul-2023 03:30:00
NaN,"Clear",2023-07-23T04:00:00,17.9,25.3,63.43,"41.83019005524591, 12.46317478841414",0,0,1015.9,"LIRF,16242099999,16239099999,AT416,16224099999,LIRA",25.3,10,330,3.6,1,12.1021,23-Jul-2023 04:00:00
NaN,"Clear",2023-07-23T04:30:00,17.9,25.3,63.43,"41.83019005524591, 12.46317478841414",0,0,1015.9,"LIRF,16242099999,16239099999,AT416,16224099999,LIRA",25.3,10,330,3.6,1,13.7223,23-Jul-2023 04:30:00
NaN,"Clear",2023-07-23T05:00:00,18.6,23.6,73.98,"41.83019005524591, 12.46317478841414",0,0,1016.9,"LIRF,16242099999,16239099999,AT416,16224099999,LIRA",23.6,10,288,5.4,1,1.6202,23-Jul-2023 05:00:00
NaN,"Clear",2023-07-23T05:30:00,18.6,23.6,73.98,"41.83019005524591, 12.46317478841414",0,0,1016.9,"LIRF,16242099999,16239099999,AT416,16224099999,LIRA",23.6,10,288,5.4,1,0,23-Jul-2023 05:30:00
NaN,"Clear",2023-07-23T06:00:00,18.6,24.6,69.55,"41.83019005524591, 12.46317478841414",0,0,1016.9,"LIRF,16242099999,16239099999,AT416,16224099999,LIRA",24.6,10,95,2.2,1,0,23-Jul-2023 06:00:00
NaN,"Clear",2023-07-23T06:30:00,18.6,24.6,69.55,"41.83019005524591, 12.46317478841414",0,0,1016.9,"LIRF,16242099999,16239099999,AT416,16224099999,LIRA",24.6,10,95,2.2,1,84.1102,23-Jul-2023 06:30:00
NaN,"Clear",2023-07-23T07:00:00,17.8,25.6,62.39,"41.83019005524591, 12.46317478841414",0,0,1016.8,"LIRF,16242099999,16239099999,AT416,16224099999,LIRA",25.6,10,88,6.1,1,62.1102,23-Jul-2023 07:00:00
NaN,"Clear",2023-07-23T07:30:00,17.8,25.6,62.39,"41.83019005524591, 12.46317478841414",0,0,1016.8,"LIRF,16242099999,16239099999,AT416,16224099999,LIRA",25.6,10,88,6.1,1,105.3282,23-Jul-2023 07:30:00
NaN,"Clear",2023-07-23T08:00:00,18.7,27.9,61.19,"41.83019005524591, 12.46317478841414",0,0,1016.9,"LIRF,16242099999,16239099999,AT416,16224099999,LIRA",26.8,10,50,6.1,1,75.4227,23-Jul-2023 08:00:00
NaN,"Clear",2023-07-23T08:30:00,18.7,27.9,61.19,"41.83019005524591, 12.46317478841414",0,0,1016.9,"LIRF,16242099999,16239099999,AT416,16224099999,LIRA",26.8,10,50,6.1,1,117.4323,23-Jul-2023 08:30:00
NaN,"Clear",2023-07-23T09:00:00,18.6,29.3,56.24,"41.83019005524591, 12.46317478841414",0,0,1017.1,"LIRF,16242099999,16239099999,AT416,16224099999,LIRA",28.2,10,81,4.5,1,148.1055,23-Jul-2023 09:00:00
NaN,"Clear",2023-07-23T09:30:00,18.6,29.3,56.24,"41.83019005524591, 12.46317478841414",0,0,1017.1,"LIRF,16242099999,16239099999,AT416,16224099999,LIRA",28.2,10,81,4.5,1,109.2071,23-Jul-2023 09:30:00
NaN,"Clear",2023-07-23T10:00:00,17.7,30.6,47.81,"41.83019005524591, 12.46317478841414",0,0,1017.1,"LIRF,16242099999,16239099999,AT416,16224099999,LIRA",29.9,10,130,6.2,1,225.6932,23-Jul-2023 10:00:00
NaN,"Clear",2023-07-23T10:30:00,17.7,30.6,47.81,"41.83019005524591, 12.46317478841414",0,0,1017.1,"LIRF,16242099999,16239099999,AT416,16224099999,LIRA",29.9,10,130,6.2,1,154.2821,23-Jul-2023 10:30:00
26.6,"Partially cloudy",2023-07-23T11:00:00,18.6,32.3,47.31,"41.83019005524591, 12.46317478841414",0,0,1017.8,"LIRF,16242099999,16239099999,AT416,16224099999,LIRA",31.2,10,345,5.5,1,136.6645,23-Jul-2023 11:00:00
26.6,"Partially cloudy",2023-07-23T11:30:00,18.6,32.3,47.31,"41.83019005524591, 12.46317478841414",0,0,1017.8,"LIRF,16242099999,16239099999,AT416,16224099999,LIRA",31.2,10,345,5.5,1,256.166,23-Jul-2023 11:30:00
26.6,"Partially cloudy",2023-07-23T12:00:00,20.4,34.6,50.01,"41.83019005524591, 12.46317478841414",0,0,1017.8,"LIRF,16242099999,16239099999,AT416,16224099999,LIRA",32.1,10,231,8.2,1,159.1001,23-Jul-2023 12:00:00
26.6,"Partially cloudy",2023-07-23T12:30:00,20.4,34.6,50.01,"41.83019005524591, 12.46317478841414",0,0,1017.8,"LIRF,16242099999,16239099999,AT416,16224099999,LIRA",32.1,10,231,8.2,1,186.5744,23-Jul-2023 12:30:00
26.6,"Partially cloudy",2023-07-23T13:00:00,20.3,36.4,45.43,"41.83019005524591, 12.46317478841414",0,0,1017.1,"LIRF,16242099999,16239099999,AT416,16224099999,LIRA",33.7,10,178,11.3,1,186.7143,23-Jul-2023 13:00:00
26.6,"Partially cloudy",2023-07-23T13:30:00,20.3,36.4,45.43,"41.83019005524591, 12.46317478841414",0,0,1017.1,"LIRF,16242099999,16239099999,AT416,16224099999,LIRA",33.7,10,178,11.3,1,150.4531,23-Jul-2023 13:30:00
26.6,"Partially cloudy",2023-07-23T14:00:00,21.7,36.7,51.47,"41.83019005524591, 12.46317478841414",0,0,1017.1,"LIRF,16242099999,16239099999,AT416,16224099999,LIRA",33,10,229,15.9,1,81.1523,23-Jul-2023 14:00:00
26.6,"Partially cloudy",2023-07-23T14:30:00,21.7,36.7,51.47,"41.83019005524591, 12.46317478841414",0,0,1017.1,"LIRF,16242099999,16239099999,AT416,16224099999,LIRA",33,10,229,15.9,1,84.5319,23-Jul-2023 14:30:00
26.6,"Partially cloudy",2023-07-23T15:00:00,20.9,35.8,49.68,"41.83019005524591, 12.46317478841414",0,0,1016.9,"LIRF,16242099999,16239099999,AT416,16224099999,LIRA",32.8,10,198,16.8,1,51.707,23-Jul-2023 15:00:00
26.6,"Partially cloudy",2023-07-23T15:30:00,20.9,35.8,49.68,"41.83019005524591, 12.46317478841414",0,0,1016.9,"LIRF,16242099999,16239099999,AT416,16224099999,LIRA",32.8,10,198,16.8,1,3.1803,23-Jul-2023 15:30:00
NaN,"Clear",2023-07-23T16:00:00,20.7,37,45.84,"41.83019005524591, 12.46317478841414",0,0,1016.1,"LIRF,16242099999,16239099999,AT416,16224099999,LIRA",34,10,182,11.9,1,0,23-Jul-2023 16:00:00
NaN,"Clear",2023-07-23T16:30:00,20.7,37,45.84,"41.83019005524591, 12.46317478841414",0,0,1016.1,"LIRF,16242099999,16239099999,AT416,16224099999,LIRA",34,10,182,11.9,1,55.3679,23-Jul-2023 16:30:00
NaN,"Clear",2023-07-23T17:00:00,20.5,35.9,47.41,"41.83019005524591, 12.46317478841414",0,0,1016.1,"LIRF,16242099999,16239099999,AT416,16224099999,LIRA",33.2,10,206,13.3,1,80.7917,23-Jul-2023 17:00:00
NaN,"Clear",2023-07-23T17:30:00,20.5,35.9,47.41,"41.83019005524591, 12.46317478841414",0,0,1016.1,"LIRF,16242099999,16239099999,AT416,16224099999,LIRA",33.2,10,206,13.3,1,89.0149,23-Jul-2023 17:30:00
NaN,"Clear",2023-07-23T18:00:00,22.1,37.8,51.22,"41.83019005524591, 12.46317478841414",0,0,1015.9,"LIRF,16242099999,16239099999,AT416,16224099999,LIRA",33.6,10,214,15.9,1,141.3043,23-Jul-2023 18:00:00
NaN,"Clear",2023-07-23T18:30:00,22.1,37.8,51.22,"41.83019005524591, 12.46317478841414",0,0,1015.9,"LIRF,16242099999,16239099999,AT416,16224099999,LIRA",33.6,10,214,15.9,1,112.604,23-Jul-2023 18:30:00
NaN,"Clear",2023-07-23T19:00:00,23.3,35.4,64.33,"41.83019005524591, 12.46317478841414",0,0,1015.9,"LIRF,16242099999,16239099999,AT416,16224099999,LIRA",30.8,10,224,13.4,1,88.8695,23-Jul-2023 19:00:00
NaN,"Clear",2023-07-23T19:30:00,23.3,35.4,64.33,"41.83019005524591, 12.46317478841414",0,0,1015.9,"LIRF,16242099999,16239099999,AT416,16224099999,LIRA",30.8,10,224,13.4,1,47.3089,23-Jul-2023 19:30:00
27.7,"Partially cloudy",2023-07-23T20:00:00,24.3,34.1,75.22,"41.83019005524591, 12.46317478841414",0,0,1015.9,"LIRF,16242099999,16239099999,AT416,16224099999,LIRA",29.2,10,220,14,1,112.0925,23-Jul-2023 20:00:00
27.7,"Partially cloudy",2023-07-23T20:30:00,24.3,34.1,75.22,"41.83019005524591, 12.46317478841414",0,0,1015.9,"LIRF,16242099999,16239099999,AT416,16224099999,LIRA",29.2,10,220,14,1,156.7047,23-Jul-2023 20:30:00
27.7,"Partially cloudy",2023-07-23T21:00:00,24.2,32.3,79.07,"41.83019005524591, 12.46317478841414",0,0,1015.9,"LIRF,16242099999,16239099999,AT416,16224099999,LIRA",28.1,10,212,10,1,112.7047,23-Jul-2023 21:00:00
27.7,"Partially cloudy",2023-07-23T21:30:00,24.2,32.3,79.07,"41.83019005524591, 12.46317478841414",0,0,1015.9,"LIRF,16242099999,16239099999,AT416,16224099999,LIRA",28.1,10,212,10,1,57.9016,23-Jul-2023 21:30:00
NaN,"Clear",2023-07-23T22:00:00,25.1,31,88.85,"41.83019005524591, 12.46317478841414",0,0,1015.9,"LIRF,16242099999,16239099999,AT416,16224099999,LIRA",27.1,10,198,7.1,1,24.9016,23-Jul-2023 22:00:00
NaN,"Clear",2023-07-23T22:30:00,25.1,31,88.85,"41.83019005524591, 12.46317478841414",0,0,1015.9,"LIRF,16242099999,16239099999,AT416,16224099999,LIRA",27.1,10,198,7.1,1,0,23-Jul-2023 22:30:00
NaN,"Clear",2023-07-23T23:00:00,24.3,32,81,"41.83019005524591, 12.46317478841414",0,0,1015.9,"LIRF,16242099999,16239099999,AT416,16224099999,LIRA",27.9,10,74,7.7,1,0,23-Jul-2023 23:00:00
NaN,"Clear",2023-07-23T23:30:00,24.3,32,81,"41.83019005524591, 12.46317478841414",0,0,1015.9,"LIRF,16242099999,16239099999,AT416,16224099999,LIRA",27.9,10,74,7.7,1,0,23-Jul-2023 23:30:00
NaN,"Clear",2023-07-24T00:00:00,24.4,30.1,85.89,"41.83019005524591, 12.46317478841414",0,0,1015.9,"LIRF,16242099999,16239099999,AT416,16224099999,LIRA",26.9,10,110,5,1.27696005407028e-11,0,24-Jul-2023 00:00:00
NaN,"Clear",2023-07-24T00:30:00,24.4,30.1,85.89,"41.83019005524591, 12.46317478841414",0,0,1015.9,"LIRF,16242099999,16239099999,AT416,16224099999,LIRA",26.9,10,110,5,1.2862512193709e-11,60.519,24-Jul-2023 00:30:00
NaN,"Clear",2023-07-24T01:00:00,22.6,29.3,77.27,"41.83019005524591, 12.46317478841414",0,0,1015.9,"LIRF,16242099999,16239099999,AT416,16224099999,LIRA",26.9,10,140,4.7,1.29561850668111e-11,32.2979,24-Jul-2023 01:00:00
NaN,"Clear",2023-07-24T01:30:00,22.6,29.3,77.27,"41.83019005524591, 12.46317478841414",0,0,1015.9,"LIRF,16242099999,16239099999,AT416,16224099999,LIRA",26.9,10,140,4.7,1.30506260969703e-11,14.6713,24-Jul-2023 01:30:00
NaN,"Clear",2023-07-24T02:00:00,20.2,25.9,70.89,"41.83019005524591, 12.46317478841414",0,0,1014.9,"LIRF,16242099999,16239099999,AT416,16224099999,LIRA",25.9,10,120,4.7,1.31458422891596e-11,3.6713,24-Jul-2023 02:00:00
NaN,"Clear",2023-07-24T02:30:00,20.2,25.9,70.89,"41.83019005524591, 12.46317478841414",0,0,1014.9,"LIRF,16242099999,16239099999,AT416,16224099999,LIRA",25.9,10,120,4.7,1.32418407186771e-11,60.2778,24-Jul-2023 02:30:00
NaN,"Clear",2023-07-24T03:00:00,21,25.2,77.92,"41.83019005524591, 12.46317478841414",0,0,1014.9,"LIRF,16242099999,16239099999,AT416,16224099999,LIRA",25.2,10,200,6.1,1.33386285335457e-11,38.2778,24-Jul-2023 03:00:00
NaN,"Clear",2023-07-24T03:30:00,21,25.2,77.92,"41.83019005524591, 12.46317478841414",0,0,1014.9,"LIRF,16242099999,16239099999,AT416,16224099999,LIRA",25.2,10,200,6.1,1.34362129520753e-11,21.8667,24-Jul-2023 03:30:00
NaN,"Clear",2023-07-24T04:00:00,25.6,26.6,94.26,"41.83019005524591, 12.46317478841414",0,0,1014.3,"LIRF,16242099999,AT416,16224099999",26.6,10,146,12.5,1.35346012652416e-11,53.0081,24-Jul-2023 04:00:00
NaN,"Clear",2023-07-24T04:30:00,25.6,26.6,94.26,"41.83019005524591, 12.46317478841414",0,0,1014.3,"LIRF,16242099999,AT416,16224099999",26.6,10,146,12.5,1.36338008391544e-11,37.1031,24-Jul-2023 04:30:00
NaN,"Clear",2023-07-24T05:00:00,21.2,26,75.26,"41.83019005524591, 12.46317478841414",0,0,1013.9,"LIRF,16242099999,16239099999,AT416,16224099999,LIRA",26,10,147,10.4,1.37338191125679e-11,18.7134,24-Jul-2023 05:00:00
NaN,"Clear",2023-07-24T05:30:00,21.2,26,75.26,"41.83019005524591, 12.46317478841414",0,0,1013.9,"LIRF,16242099999,16239099999,AT416,16224099999,LIRA",26,10,147,10.4,1.38346635993274e-11,55.9686,24-Jul-2023 05:30:00
NaN,"Clear",2023-07-24T06:00:00,22.8,25.4,85.74,"41.83019005524591, 12.46317478841414",0,0,1013.9,"LIRF,16242099999,16239099999,AT416,16224099999,LIRA",25.4,10,136,5.5,1.39363418909085e-11,116.3135,24-Jul-2023 06:00:00
NaN,"Clear",2023-07-24T06:30:00,22.8,25.4,85.74,"41.83019005524591, 12.46317478841414",0,0,1013.9,"LIRF,16242099999,16239099999,AT416,16224099999,LIRA",25.4,10,136,5.5,1.40388616538744e-11,210.0694,24-Jul-2023 06:30:00
NaN,"Clear",2023-07-24T07:00:00,22.6,25.3,84.89,"41.83019005524591, 12.46317478841414",0,0,1013.9,"LIRF,16242099999,16239099999,AT416,16224099999,16234099999,LIRA",25.3,10,40,9.4,1.41422306323926e-11,263.4299,24-Jul-2023 07:00:00
NaN,"Clear",2023-07-24T07:30:00,22.6,25.3,84.89,"41.83019005524591, 12.46317478841414",0,0,1013.9,"LIRF,16242099999,16239099999,AT416,16224099999,16234099999,LIRA",25.3,10,40,9.4,1.42464566508477e-11,685.3641,24-Jul-2023 07:30:00
30,"Partially cloudy",2023-07-24T08:00:00,22.6,29.6,76.55,"41.83019005524591, 12.46317478841414",0,0,1014.8,"LIRF,16242099999,16239099999,AT416,16224099999,16234099999,LIRA",27.1,10,48,9.3,1.43515476112434e-11,825.6391,24-Jul-2023 08:00:00
30,"Partially cloudy",2023-07-24T08:30:00,22.6,29.6,76.55,"41.83019005524591, 12.46317478841414",0,0,1014.8,"LIRF,16242099999,16239099999,AT416,16224099999,16234099999,LIRA",27.1,10,48,9.3,1.44575114957931e-11,944.1071,24-Jul-2023 08:30:00
30,"Partially cloudy",2023-07-24T09:00:00,21.2,31.6,62.47,"41.83019005524591, 12.46317478841414",0,0,1013.9,"LIRF,16242099999,16239099999,AT416,16224099999,16234099999,LIRA",29.1,10,89,8.3,1.45643563696071e-11,866.5793,24-Jul-2023 09:00:00
30,"Partially cloudy",2023-07-24T09:30:00,21.2,31.6,62.47,"41.83019005524591, 12.46317478841414",0,0,1013.9,"LIRF,16242099999,16239099999,AT416,16224099999,16234099999,LIRA",29.1,10,89,8.3,1.46720903780399e-11,1043.677,24-Jul-2023 09:30:00
30,"Partially cloudy",2023-07-24T10:00:00,17.4,34.2,38.36,"41.83019005524591, 12.46317478841414",0,0,1012.9,"LIRF,16242099999,16239099999,AT416,16224099999,16234099999,LIRA",33.5,10,152,17,1.47807217493552e-11,750.8348,24-Jul-2023 10:00:00
30,"Partially cloudy",2023-07-24T10:30:00,17.4,34.2,38.36,"41.83019005524591, 12.46317478841414",0,0,1012.9,"LIRF,16242099999,16239099999,AT416,16224099999,16234099999,LIRA",33.5,10,152,17,1.48902587974911e-11,729.7157,24-Jul-2023 10:30:00
30,"Partially cloudy",2023-07-24T11:00:00,16.8,36.3,32.69,"41.83019005524591, 12.46317478841414",0,0,1012.9,"LIRF,16242099999,16239099999,AT416,16224099999,16234099999,LIRA",35.7,10,138,10.1,1.50007099193513e-11,627.3793,24-Jul-2023 11:00:00
30,"Partially cloudy",2023-07-24T11:30:00,16.8,36.3,32.69,"41.83019005524591, 12.46317478841414",0,0,1012.9,"LIRF,16242099999,16239099999,AT416,16224099999,16234099999,LIRA",35.7,10,138,10.1,1.5112083597547e-11,332.6584,24-Jul-2023 11:30:00
30,"Partially cloudy",2023-07-24T12:00:00,15.5,36.7,28.68,"41.83019005524591, 12.46317478841414",0,0,1012.1,"LIRF,16242099999,16239099999,AT416,16224099999,16234099999,LIRA",36.5,10,153,22.4,1.52243884032427e-11,530.8679,24-Jul-2023 12:00:00
30,"Partially cloudy",2023-07-24T12:30:00,15.5,36.7,28.68,"41.83019005524591, 12.46317478841414",0,0,1012.1,"LIRF,16242099999,16239099999,AT416,16224099999,16234099999,LIRA",36.5,10,153,22.4,1.53376329933894e-11,479.1264,24-Jul-2023 12:30:00
30,"Partially cloudy",2023-07-24T13:00:00,17.4,37.5,32.76,"41.83019005524591, 12.46317478841414",0,0,1011.9,"LIRF,16242099999,16239099999,AT416,16224099999,16234099999,LIRA",36.3,10,151,27.2,1.54518261135471e-11,346.3056,24-Jul-2023 13:00:00
30,"Partially cloudy",2023-07-24T13:30:00,17.4,37.5,32.76,"41.83019005524591, 12.46317478841414",0,0,1011.9,"LIRF,16242099999,16239099999,AT416,16224099999,16234099999,LIRA",36.3,10,151,27.2,1.55669766008129e-11,288.7472,24-Jul-2023 13:30:00
NaN,"Clear",2023-07-24T14:00:00,19.7,39.3,37.63,"41.83019005524591, 12.46317478841414",0,0,1011.1,"LIRF,16242099999,16239099999,AT416,16224099999,16234099999,LIRA",36.5,10,175,30.1,1.56830933809959e-11,254.0394,24-Jul-2023 14:00:00
NaN,"Clear",2023-07-24T14:30:00,19.7,39.3,37.63,"41.83019005524591, 12.46317478841414",0,0,1011.1,"LIRF,16242099999,16239099999,AT416,16224099999,16234099999,LIRA",36.5,10,175,30.1,1.58001854715214e-11,311.3296,24-Jul-2023 14:30:00
30,"Partially cloudy",2023-07-24T15:00:00,20.6,38.7,41.94,"41.83019005524591, 12.46317478841414",0,0,1010.1,"LIRF,16242099999,16239099999,AT416,16224099999,16234099999,LIRA",35.5,10,160,34.9,1.5918261984446e-11,249.5757,24-Jul-2023 15:00:00
30,"Partially cloudy",2023-07-24T15:30:00,20.6,38.7,41.94,"41.83019005524591, 12.46317478841414",0,0,1010.1,"LIRF,16242099999,16239099999,AT416,16224099999,16234099999,LIRA",35.5,10,160,34.9,1.60373321235712e-11,205.537,24-Jul-2023 15:30:00
30,"Partially cloudy",2023-07-24T16:00:00,20.6,39.6,40.32,"41.83019005524591, 12.46317478841414",0,0,1010.1,"LIRF,16242099999,16239099999,AT416,16224099999,16234099999,LIRA",36.2,10,159,31.1,1.61574051874336e-11,101.4652,24-Jul-2023 16:00:00
30,"Partially cloudy",2023-07-24T16:30:00,20.6,39.6,40.32,"41.83019005524591, 12.46317478841414",0,0,1010.1,"LIRF,16242099999,16239099999,AT416,16224099999,16234099999,LIRA",36.2,10,159,31.1,1.62784905724084e-11,98.2204,24-Jul-2023 16:30:00
30,"Partially cloudy",2023-07-24T17:00:00,20.6,38.4,42.65,"41.83019005524591, 12.46317478841414",0,0,1009.9,"LIRF,16242099999,16239099999,AT416,16224099999,16234099999,LIRA",35.2,10,166,33.4,1.64005977697614e-11,194.3769,24-Jul-2023 17:00:00
30,"Partially cloudy",2023-07-24T17:30:00,20.6,38.4,42.65,"41.83019005524591, 12.46317478841414",0,0,1009.9,"LIRF,16242099999,16239099999,AT416,16224099999,16234099999,LIRA",35.2,10,166,33.4,1.65237363687278e-11,309.0446,24-Jul-2023 17:30:00
30,"Partially cloudy",2023-07-24T18:00:00,20.6,37.6,44.19,"41.83019005524591, 12.46317478841414",0,0,1008.9,"LIRF,16242099999,16239099999,AT416,16224099999,16234099999,LIRA",34.5,10,158,25.9,1.66479160597066e-11,329.3474,24-Jul-2023 18:00:00
30,"Partially cloudy",2023-07-24T18:30:00,20.6,37.6,44.19,"41.83019005524591, 12.46317478841414",0,0,1008.9,"LIRF,16242099999,16239099999,AT416,16224099999,16234099999,LIRA",34.5,10,158,25.9,1.67731466312506e-11,179.692,24-Jul-2023 18:30:00
30,"Partially cloudy",2023-07-24T19:00:00,17.3,36.4,34.29,"41.83019005524591, 12.46317478841414",0,0,1008.1,"LIRF,16242099999,16239099999,AT416,16224099999,16234099999,LIRA",35.4,10,141,29.7,1.68994379732357e-11,51.1711,24-Jul-2023 19:00:00
30,"Partially cloudy",2023-07-24T19:30:00,17.3,36.4,34.29,"41.83019005524591, 12.46317478841414",0,0,1008.1,"LIRF,16242099999,16239099999,AT416,16224099999,16234099999,LIRA",35.4,10,141,29.7,1.70268000801505e-11,148.0786,24-Jul-2023 19:30:00
NaN,"Clear",2023-07-24T20:00:00,17.6,34.2,38.99,"41.83019005524591, 12.46317478841414",0,0,1008,"LIRF,16242099999,16239099999,AT416,LIRA",33.4,10,166,20.2,1.71552430480215e-11,75.6718,24-Jul-2023 20:00:00
NaN,"Clear",2023-07-24T20:30:00,17.6,34.2,38.99,"41.83019005524591, 12.46317478841414",0,0,1008,"LIRF,16242099999,16239099999,AT416,LIRA",33.4,10,166,20.2,1.72847770776775e-11,51.2116,24-Jul-2023 20:30:00
NaN,"Clear",2023-07-24T21:00:00,18.8,33.1,46.22,"41.83019005524591, 12.46317478841414",0,0,1008.7,"LIRF,16242099999,16239099999,AT416,16224099999,LIRA",31.7,10,188,13,1.74154124781361e-11,30.0812,24-Jul-2023 21:00:00
NaN,"Clear",2023-07-24T21:30:00,18.8,33.1,46.22,"41.83019005524591, 12.46317478841414",0,0,1008.7,"LIRF,16242099999,16239099999,AT416,16224099999,LIRA",31.7,10,188,13,1.75471596634642e-11,0,24-Jul-2023 21:30:00
NaN,"Clear",2023-07-24T22:00:00,17.4,33.1,40.7,"41.83019005524591, 12.46317478841414",0,0,1008.1,"LIRF,16242099999,16239099999,AT416,16224099999,LIRA",32.5,10,162,21.8,1.76800291561392e-11,24.296,24-Jul-2023 22:00:00
NaN,"Clear",2023-07-24T22:30:00,17.4,33.1,40.7,"41.83019005524591, 12.46317478841414",0,0,1008.1,"LIRF,16242099999,16239099999,AT416,16224099999,LIRA",32.5,10,162,21.8,1.78140315905371e-11,13.296,24-Jul-2023 22:30:00
NaN,"Clear",2023-07-24T23:00:00,17.4,31.3,45.11,"41.83019005524591, 12.46317478841414",0,0,1008.9,"LIRF,16242099999,16239099999,AT416,16224099999,LIRA",30.7,10,271,14.8,1.79491777097259e-11,49.9662,24-Jul-2023 23:00:00
NaN,"Clear",2023-07-24T23:30:00,17.4,31.3,45.11,"41.83019005524591, 12.46317478841414",0,0,1008.9,"LIRF,16242099999,16239099999,AT416,16224099999,LIRA",30.7,10,271,14.8,1.80854783689276e-11,20.6213,24-Jul-2023 23:30:00
NaN,"Clear",2023-07-25T00:00:00,20.9,33.3,56.21,"41.83019005524591, 12.46317478841414",0,0,1008.9,"LIRF,16242099999,16239099999,AT416,16224099999,LIRA",30.7,10,156,21.8,1.82229445391106e-11,65.9439,25-Jul-2023 00:00:00
NaN,"Clear",2023-07-25T00:30:00,20.9,33.3,56.21,"41.83019005524591, 12.46317478841414",0,0,1008.9,"LIRF,16242099999,16239099999,AT416,16224099999,LIRA",30.7,10,156,21.8,1.83615873037154e-11,91.5594,25-Jul-2023 00:30:00
NaN,"Clear",2023-07-25T01:00:00,19,31.9,50.39,"41.83019005524591, 12.46317478841414",0,0,1007.9,"LIRF,16242099999,16239099999,AT416,16224099999,LIRA",30.5,10,114,17.4,1.850141786222e-11,79.3439,25-Jul-2023 01:00:00
NaN,"Clear",2023-07-25T01:30:00,19,31.9,50.39,"41.83019005524591, 12.46317478841414",0,0,1007.9,"LIRF,16242099999,16239099999,AT416,16224099999,LIRA",30.5,10,114,17.4,1.86424475338414e-11,46.3439,25-Jul-2023 01:30:00
NaN,"Clear",2023-07-25T02:00:00,16.7,31.7,40.99,"41.83019005524591, 12.46317478841414",0,0,1006.9,"LIRF,16242099999,16239099999,AT416,16224099999,LIRA",31.5,10,130,14.5,1.87846877541902e-11,15.8454,25-Jul-2023 02:00:00
NaN,"Clear",2023-07-25T02:30:00,16.7,31.7,40.99,"41.83019005524591, 12.46317478841414",0,0,1006.9,"LIRF,16242099999,16239099999,AT416,16224099999,LIRA",31.5,10,130,14.5,1.89281500789453e-11,3.6155,25-Jul-2023 02:30:00
NaN,"Clear",2023-07-25T03:00:00,17.1,30.3,46.12,"41.83019005524591, 12.46317478841414",0,0,1007.1,"LIRF,16242099999,16239099999,AT416,16224099999,LIRA",29.9,10,150,6.9,1.9072846187666e-11,0,25-Jul-2023 03:00:00
NaN,"Clear",2023-07-25T03:30:00,17.1,30.3,46.12,"41.83019005524591, 12.46317478841414",0,0,1007.1,"LIRF,16242099999,16239099999,AT416,16224099999,LIRA",29.9,10,150,6.9,1.9218787880376e-11,0,25-Jul-2023 03:30:00
NaN,"Clear",2023-07-25T04:00:00,17.2,32,42.55,"41.83019005524591, 12.46317478841414",0,0,1005.9,"LIRF,16242099999,16239099999,AT416,16224099999,LIRA",31.5,10,149,28.7,1.93659870813495e-11,0,25-Jul-2023 04:00:00
NaN,"Clear",2023-07-25T04:30:00,17.2,32,42.55,"41.83019005524591, 12.46317478841414",0,0,1005.9,"LIRF,16242099999,16239099999,AT416,16224099999,LIRA",31.5,10,149,28.7,1.95144558430385e-11,0,25-Jul-2023 04:30:00
NaN,"Clear",2023-07-25T05:00:00,18.8,32,49.17,"41.83019005524591, 12.46317478841414",0,0,1004.9,"LIRF,16242099999,16239099999,AT416,16224099999,LIRA",30.7,10,145,13.7,1.96642063425851e-11,0,25-Jul-2023 05:00:00
NaN,"Clear",2023-07-25T05:30:00,18.8,32,49.17,"41.83019005524591, 12.46317478841414",0,0,1004.9,"LIRF,16242099999,16239099999,AT416,16224099999,LIRA",30.7,10,145,13.7,1.98152508857216e-11,20.9714,25-Jul-2023 05:30:00
NaN,"Clear",2023-07-25T06:00:00,17.9,29.9,50.69,"41.83019005524591, 12.46317478841414",0,0,1004.9,"LIRF,16242099999,16239099999,AT416,16224099999,LIRA",29.1,10,77,16.5,1.99676019108184e-11,58.4888,25-Jul-2023 06:00:00
NaN,"Clear",2023-07-25T06:30:00,17.9,29.9,50.69,"41.83019005524591, 12.46317478841414",0,0,1004.9,"LIRF,16242099999,16239099999,AT416,16224099999,LIRA",29.1,10,77,16.5,2.0121271985322e-11,58.1456,25-Jul-2023 06:30:00
NaN,"Clear",2023-07-25T07:00:00,18.6,29.4,55.91,"41.83019005524591, 12.46317478841414",0,0,1006.1,"LIRF,16242099999,16239099999,AT416,16224099999,16234099999,LIRA",28.3,10,216,10.8,2.02762738097739e-11,132.7824,25-Jul-2023 07:00:00
NaN,"Clear",2023-07-25T07:30:00,18.6,29.4,55.91,"41.83019005524591, 12.46317478841414",0,0,1006.1,"LIRF,16242099999,16239099999,AT416,16224099999,16234099999,LIRA",28.3,10,216,10.8,2.04326202219828e-11,349.2136,25-Jul-2023 07:30:00
50,"Partially cloudy",2023-07-25T08:00:00,18.6,30.2,53.24,"41.83019005524591, 12.46317478841414",0,0,1006.6,"LIRF,16242099999,16239099999,AT416,16224099999,16234099999,LIRA",29.1,9.9,43,7,2.05903241933864e-11,554.1238,25-Jul-2023 08:00:00
50,"Partially cloudy",2023-07-25T08:30:00,18.6,30.2,53.24,"41.83019005524591, 12.46317478841414",0,0,1006.6,"LIRF,16242099999,16239099999,AT416,16224099999,16234099999,LIRA",29.1,9.9,43,7,2.07493988331943e-11,987.3478,25-Jul-2023 08:30:00
50,"Partially cloudy",2023-07-25T09:00:00,18.4,31.8,47.8,"41.83019005524591, 12.46317478841414",0,0,1004,"LIRF,16242099999,16239099999,AT416,16224099999,16234099999,LIRA",30.8,9.9,111,11.2,2.09098573926878e-11,1066.8408,25-Jul-2023 09:00:00
50,"Partially cloudy",2023-07-25T09:30:00,18.4,31.8,47.8,"41.83019005524591, 12.46317478841414",0,0,1004,"LIRF,16242099999,16239099999,AT416,16224099999,16234099999,LIRA",30.8,9.9,111,11.2,2.10717132615044e-11,674.9223,25-Jul-2023 09:30:00
38.2,"Partially cloudy",2023-07-25T10:00:00,18.3,32,46.52,"41.83019005524591, 12.46317478841414",0,0,1003.9,"LIRF,16242099999,16239099999,AT416,16224099999,16234099999,LIRA",31,9.9,147,13.6,2.12349799719091e-11,633.6756,25-Jul-2023 10:00:00
38.2,"Partially cloudy",2023-07-25T10:30:00,18.3,32,46.52,"41.83019005524591, 12.46317478841414",0,0,1003.9,"LIRF,16242099999,16239099999,AT416,16224099999,16234099999,LIRA",31,9.9,147,13.6,2.13996712032256e-11,490.3945,25-Jul-2023 10:30:00
38.2,"Partially cloudy",2023-07-25T11:00:00,17.9,34.6,39.34,"41.83019005524591, 12.46317478841414",0,0,1003.9,"LIRF,16242099999,16239099999,AT416,16224099999,16234099999,LIRA",33.6,9.9,180,10.5,2.15658007780433e-11,699.5756,25-Jul-2023 11:00:00
38.2,"Partially cloudy",2023-07-25T11:30:00,17.9,34.6,39.34,"41.83019005524591, 12.46317478841414",0,0,1003.9,"LIRF,16242099999,16239099999,AT416,16224099999,16234099999,LIRA",33.6,9.9,180,10.5,2.17333826666197e-11,517.3374,25-Jul-2023 11:30:00
28.3,"Partially cloudy",2023-07-25T12:00:00,19.7,36.5,42.67,"41.83019005524591, 12.46317478841414",0,0,1004.1,"LIRF,16242099999,16239099999,AT416,16224099999,16234099999,LIRA",34.2,9.9,186,19.3,2.19024309914492e-11,449.4792,25-Jul-2023 12:00:00
28.3,"Partially cloudy",2023-07-25T12:30:00,19.7,36.5,42.67,"41.83019005524591, 12.46317478841414",0,0,1004.1,"LIRF,16242099999,16239099999,AT416,16224099999,16234099999,LIRA",34.2,9.9,186,19.3,2.20729600233898e-11,455.2413,25-Jul-2023 12:30:00
30,"Partially cloudy",2023-07-25T13:00:00,22.5,37.8,53.71,"41.83019005524591, 12.46317478841414",0,0,1003.8,"LIRF,16242099999,16239099999,AT416,16224099999,16234099999,LIRA",33.2,9.9,188,26.3,2.22449841862021e-11,514.851,25-Jul-2023 13:00:00
30,"Partially cloudy",2023-07-25T13:30:00,22.5,37.8,53.71,"41.83019005524591, 12.46317478841414",0,0,1003.8,"LIRF,16242099999,16239099999,AT416,16224099999,16234099999,LIRA",33.2,9.9,188,26.3,2.24185180612603e-11,659.0028,25-Jul-2023 13:30:00
46.9,"Partially cloudy",2023-07-25T14:00:00,23,39.8,51.64,"41.83019005524591, 12.46317478841414",0,0,1003.1,"LIRF,16242099999,16239099999,AT416,16224099999,16234099999,LIRA",34.3,9.9,162,30.4,2.25935763835965e-11,593.7385,25-Jul-2023 14:00:00
46.9,"Partially cloudy",2023-07-25T14:30:00,23,39.8,51.64,"41.83019005524591, 12.46317478841414",0,0,1003.1,"LIRF,16242099999,16239099999,AT416,16224099999,16234099999,LIRA",34.3,9.9,162,30.4,2.27701740465821e-11,403.1648,25-Jul-2023 14:30:00
30,"Partially cloudy",2023-07-25T15:00:00,24.7,39.7,62.61,"41.83019005524591, 12.46317478841414",0,0,1003.8,"LIRF,16242099999,16239099999,AT416,16224099999,16234099999,LIRA",32.7,9.9,223,28.4,2.29483261067846e-11,376.3764,25-Jul-2023 15:00:00
30,"Partially cloudy",2023-07-25T15:30:00,24.7,39.7,62.61,"41.83019005524591, 12.46317478841414",0,0,1003.8,"LIRF,16242099999,16239099999,AT416,16224099999,16234099999,LIRA",32.7,9.9,223,28.4,2.31280477799295e-11,316.8511,25-Jul-2023 15:30:00
41.6,"Partially cloudy",2023-07-25T16:00:00,21.8,35.2,55.95,"41.83019005524591, 12.46317478841414",0,0,1003.8,"LIRF,16242099999,16239099999,AT416,16224099999,16234099999,LIRA",31.6,9.6,229,22.8,2.33093544457276e-11,248.2928,25-Jul-2023 16:00:00
41.6,"Partially cloudy",2023-07-25T16:30:00,21.8,35.2,55.95,"41.83019005524591, 12.46317478841414",0,0,1003.8,"LIRF,16242099999,16239099999,AT416,16224099999,16234099999,LIRA",31.6,9.6,229,22.8,2.34922616528841e-11,145.2799,25-Jul-2023 16:30:00
38.9,"Partially cloudy",2023-07-25T17:00:00,24.2,35.5,70.55,"41.83019005524591, 12.46317478841414",0,0,1003.9,"LIRF,16242099999,16239099999,AT416,16224099999,16234099999,LIRA",30.1,9.6,227,22.1,2.36767851149755e-11,125.7271,25-Jul-2023 17:00:00
38.9,"Partially cloudy",2023-07-25T17:30:00,24.2,35.5,70.55,"41.83019005524591, 12.46317478841414",0,0,1003.9,"LIRF,16242099999,16239099999,AT416,16224099999,16234099999,LIRA",30.1,9.6,227,22.1,2.38629407154286e-11,150.7058,25-Jul-2023 17:30:00
49.4,"Partially cloudy",2023-07-25T18:00:00,23.9,35.1,69.92,"41.83019005524591, 12.46317478841414",0,0,1004,"LIRF,16242099999,16239099999,AT416,16224099999,16234099999,LIRA",30,9.9,237,22.4,2.40507445126868e-11,181.9167,25-Jul-2023 18:00:00
49.4,"Partially cloudy",2023-07-25T18:30:00,23.9,35.1,69.92,"41.83019005524591, 12.46317478841414",0,0,1004,"LIRF,16242099999,16239099999,AT416,16224099999,16234099999,LIRA",30,9.9,237,22.4,2.42402127360008e-11,395.5452,25-Jul-2023 18:30:00
49.4,"Partially cloudy",2023-07-25T19:00:00,21.1,32.6,58.8,"41.83019005524591, 12.46317478841414",0,0,1004.8,"LIRF,16242099999,16239099999,AT416,16224099999,16234099999,LIRA",30,10,268,29.3,2.44313617905642e-11,358.8104,25-Jul-2023 19:00:00
49.4,"Partially cloudy",2023-07-25T19:30:00,21.1,32.6,58.8,"41.83019005524591, 12.46317478841414",0,0,1004.8,"LIRF,16242099999,16239099999,AT416,16224099999,16234099999,LIRA",30,10,268,29.3,2.46242082628435e-11,220.7234,25-Jul-2023 19:30:00
30,"Partially cloudy",2023-07-25T20:00:00,18.3,29,55.63,"41.83019005524591, 12.46317478841414",0,0,1004.8,"LIRF,16242099999,16239099999,AT416,16224099999,16234099999,LIRA",28,10,259,25.8,2.48187689162797e-11,278.2355,25-Jul-2023 20:00:00
30,"Partially cloudy",2023-07-25T20:30:00,18.3,29,55.63,"41.83019005524591, 12.46317478841414",0,0,1004.8,"LIRF,16242099999,16239099999,AT416,16224099999,16234099999,LIRA",28,10,259,25.8,2.50150606965874e-11,267.8434,25-Jul-2023 20:30:00
NaN,"Clear",2023-07-25T21:00:00,18.2,26.2,61.43,"41.83019005524591, 12.46317478841414",0,0,1004.8,"LIRF,16242099999,16239099999,AT416,LIRA",26.2,10,244,19.1,2.52131007372533e-11,170.4549,25-Jul-2023 21:00:00
NaN,"Clear",2023-07-25T21:30:00,18.2,26.2,61.43,"41.83019005524591, 12.46317478841414",0,0,1004.8,"LIRF,16242099999,16239099999,AT416,LIRA",26.2,10,244,19.1,2.54129063551476e-11,76.7336,25-Jul-2023 21:30:00
NaN,"Clear",2023-07-25T22:00:00,18,25.2,64.51,"41.83019005524591, 12.46317478841414",0,0,1005.8,"LIRF,16242099999,16239099999,AT416,16224099999,LIRA",25.2,10,234,16.8,2.56144950559923e-11,43.5682,25-Jul-2023 22:00:00
NaN,"Clear",2023-07-25T22:30:00,18,25.2,64.51,"41.83019005524591, 12.46317478841414",0,0,1005.8,"LIRF,16242099999,16239099999,AT416,16224099999,LIRA",25.2,10,234,16.8,2.5817884540034e-11,18.6845,25-Jul-2023 22:30:00
NaN,"Clear",2023-07-25T23:00:00,18,24,69.01,"41.83019005524591, 12.46317478841414",0,0,1006,"16239099999,AT416,16224099999,LIRA",24,10,201,11.4,2.60230926975641e-11,24.3566,25-Jul-2023 23:00:00
NaN,"Clear",2023-07-25T23:30:00,18,24,69.01,"41.83019005524591, 12.46317478841414",0,0,1006,"16239099999,AT416,16224099999,LIRA",24,10,201,11.4,2.62301376145615e-11,0,25-Jul-2023 23:30:00
NaN,"Clear",2023-09-27T00:00:00,14,21.2,63.54,"41.83019005524591, 12.46317478841414",0,0,1015.9,"LIRF,16242099999,16239099999,AT416,16224099999,LIRA",21.2,10,44,11.1,2.64390375785466e-11,0,27-Sep-2023 00:00:00
NaN,"Clear",2023-09-27T00:30:00,14,21.2,63.54,"41.83019005524591, 12.46317478841414",0,0,1015.9,"LIRF,16242099999,16239099999,AT416,16224099999,LIRA",21.2,10,44,11.1,2.66498110740086e-11,19.0266,27-Sep-2023 00:30:00
NaN,"Clear",2023-09-27T01:00:00,13.2,21,61.09,"41.83019005524591, 12.46317478841414",0,0,1015.9,"LIRF,16242099999,16239099999,AT416,16224099999,LIRA",21,10,42,11.2,2.68624767882284e-11,71.2434,27-Sep-2023 01:00:00
NaN,"Clear",2023-09-27T01:30:00,13.2,21,61.09,"41.83019005524591, 12.46317478841414",0,0,1015.9,"LIRF,16242099999,16239099999,AT416,16224099999,LIRA",21,10,42,11.2,2.70770536173212e-11,41.2168,27-Sep-2023 01:30:00
NaN,"Clear",2023-09-27T02:00:00,13,19.2,67.25,"41.83019005524591, 12.46317478841414",0,0,1016.1,"LIRF,16242099999,16239099999,AT416,16224099999,LIRA",19.2,10,20,9.8,2.72935606615683e-11,23.8476,27-Sep-2023 02:00:00
NaN,"Clear",2023-09-27T02:30:00,13,19.2,67.25,"41.83019005524591, 12.46317478841414",0,0,1016.1,"LIRF,16242099999,16239099999,AT416,16224099999,LIRA",19.2,10,20,9.8,2.75120172314274e-11,12.8476,27-Sep-2023 02:30:00
NaN,"Clear",2023-09-27T03:00:00,13,19.2,67.25,"41.83019005524591, 12.46317478841414",0,0,1015.9,"LIRF,16242099999,16239099999,AT416,16224099999,LIRA",19.2,10,34,10,2.77324428537701e-11,1.8476,27-Sep-2023 03:00:00
NaN,"Clear",2023-09-27T03:30:00,13,19.2,67.25,"41.83019005524591, 12.46317478841414",0,0,1015.9,"LIRF,16242099999,16239099999,AT416,16224099999,LIRA",19.2,10,34,10,2.79548572671169e-11,0,27-Sep-2023 03:30:00
NaN,"Clear",2023-09-27T04:00:00,13,19,68.06,"41.83019005524591, 12.46317478841414",0,0,1015.9,"LIRF,16242099999,16239099999,AT416,16224099999,LIRA",19,10,48,11.4,2.8179280427842e-11,0,27-Sep-2023 04:00:00
NaN,"Clear",2023-09-27T04:30:00,13,19,68.06,"41.83019005524591, 12.46317478841414",0,0,1015.9,"LIRF,16242099999,16239099999,AT416,16224099999,LIRA",19,10,48,11.4,2.84057325166122e-11,0,27-Sep-2023 04:30:00
NaN,"Clear",2023-09-27T05:00:00,13,18.2,71.34,"41.83019005524591, 12.46317478841414",0,0,1015.9,"LIRF,16242099999,16239099999,AT416,16224099999,LIRA",18.2,10,44,12.2,2.86342339335234e-11,42.1627,27-Sep-2023 05:00:00
NaN,"Clear",2023-09-27T05:30:00,13,18.2,71.34,"41.83019005524591, 12.46317478841414",0,0,1015.9,"LIRF,16242099999,16239099999,AT416,16224099999,LIRA",18.2,10,44,12.2,2.88648053045072e-11,31.1627,27-Sep-2023 05:30:00
NaN,"Clear",2023-09-27T06:00:00,13,18.2,71.59,"41.83019005524591, 12.46317478841414",0,0,1015.8,"LIRF,16242099999,16239099999,AT416,16224099999,LIRA",18.2,10,54,12.2,2.90974674879789e-11,46.314,27-Sep-2023 06:00:00
NaN,"Clear",2023-09-27T06:30:00,13,18.2,71.59,"41.83019005524591, 12.46317478841414",0,0,1015.8,"LIRF,16242099999,16239099999,AT416,16224099999,LIRA",18.2,10,54,12.2,2.93322415698732e-11,97.9027,27-Sep-2023 06:30:00
NaN,"Clear",2023-09-27T07:00:00,13,17.1,76.77,"41.83019005524591, 12.46317478841414",0,0,1015.8,"LIRF,16242099999,16239099999,AT416,16224099999,16234099999,LIRA",17.1,10,51,11.1,2.95691488702607e-11,302.3852,27-Sep-2023 07:00:00
NaN,"Clear",2023-09-27T07:30:00,13,17.1,76.77,"41.83019005524591, 12.46317478841414",0,0,1015.8,"LIRF,16242099999,16239099999,AT416,16224099999,16234099999,LIRA",17.1,10,51,11.1,2.98082109502113e-11,174.4381,27-Sep-2023 07:30:00
NaN,"Clear",2023-09-27T08:00:00,13,17.1,76.58,"41.83019005524591, 12.46317478841414",0,0,1016.1,"LIRF,16242099999,16239099999,AT416,16224099999,16234099999,LIRA",17.1,10,58,10.5,3.00494496067298e-11,121.4291,27-Sep-2023 08:00:00
NaN,"Clear",2023-09-27T08:30:00,13,17.1,76.58,"41.83019005524591, 12.46317478841414",0,0,1016.1,"LIRF,16242099999,16239099999,AT416,16224099999,16234099999,LIRA",17.1,10,58,10.5,3.0292886879587e-11,284.6599,27-Sep-2023 08:30:00
NaN,"Clear",2023-09-27T09:00:00,12.3,19.4,63.53,"41.83019005524591, 12.46317478841414",0,0,1016.8,"LIRF,16242099999,16239099999,AT416,16224099999,16234099999,LIRA",19.4,10,40,12.1,3.05385450584096e-11,267.6691,27-Sep-2023 09:00:00
NaN,"Clear",2023-09-27T09:30:00,12.3,19.4,63.53,"41.83019005524591, 12.46317478841414",0,0,1016.8,"LIRF,16242099999,16239099999,AT416,16224099999,16234099999,LIRA",19.4,10,40,12.1,3.07864466775107e-11,328.929,27-Sep-2023 09:30:00
NaN,"Clear",2023-09-27T10:00:00,13,21.6,58.24,"41.83019005524591, 12.46317478841414",0,0,1016.8,"LIRF,16242099999,16239099999,AT416,16224099999,16234099999,LIRA",21.6,10,32,14.3,3.10366145229468e-11,187.3568,27-Sep-2023 10:00:00
NaN,"Clear",2023-09-27T10:30:00,13,21.6,58.24,"41.83019005524591, 12.46317478841414",0,0,1016.8,"LIRF,16242099999,16239099999,AT416,16224099999,16234099999,LIRA",21.6,10,32,14.3,3.12890716398397e-11,196.538,27-Sep-2023 10:30:00
NaN,"Clear",2023-09-27T11:00:00,12.9,23.6,51.09,"41.83019005524591, 12.46317478841414",0,0,1016.8,"LIRF,16242099999,16239099999,AT416,16224099999,16234099999,LIRA",23.6,10,18,13.9,3.15438413271026e-11,251.7308,27-Sep-2023 11:00:00
NaN,"Clear",2023-09-27T11:30:00,12.9,23.6,51.09,"41.83019005524591, 12.46317478841414",0,0,1016.8,"LIRF,16242099999,16239099999,AT416,16224099999,16234099999,LIRA",23.6,10,18,13.9,3.18009471447293e-11,335.6132,27-Sep-2023 11:30:00
NaN,"Clear",2023-09-27T12:00:00,12.1,25.6,43.09,"41.83019005524591, 12.46317478841414",0,0,1016.1,"LIRF,16242099999,16239099999,AT416,16224099999,16234099999,LIRA",25.6,10,6,10.9,3.20604129213585e-11,286.8127,27-Sep-2023 12:00:00
NaN,"Clear",2023-09-27T12:30:00,12.1,25.6,43.09,"41.83019005524591, 12.46317478841414",0,0,1016.1,"LIRF,16242099999,16239099999,AT416,16224099999,16234099999,LIRA",25.6,10,6,10.9,3.2322262748892e-11,329.8732,27-Sep-2023 12:30:00
NaN,"Clear",2023-09-27T13:00:00,12.7,27,40.77,"41.83019005524591, 12.46317478841414",0,0,1016.1,"LIRF,16242099999,16239099999,AT416,16224099999,16234099999,LIRA",27.2,10,4,10.1,3.25865209900264e-11,337.353,27-Sep-2023 13:00:00
NaN,"Clear",2023-09-27T13:30:00,12.7,27,40.77,"41.83019005524591, 12.46317478841414",0,0,1016.1,"LIRF,16242099999,16239099999,AT416,16224099999,16234099999,LIRA",27.2,10,4,10.1,3.28532122860679e-11,523.7364,27-Sep-2023 13:30:00
NaN,"Clear",2023-09-27T14:00:00,12.9,27.6,39.15,"41.83019005524591, 12.46317478841414",0,0,1015.8,"LIRF,16242099999,16239099999,AT416,16224099999,16234099999,LIRA",28,10,332,11.8,3.31223615514415e-11,493.4185,27-Sep-2023 14:00:00
NaN,"Clear",2023-09-27T14:30:00,12.9,27.6,39.15,"41.83019005524591, 12.46317478841414",0,0,1015.8,"LIRF,16242099999,16239099999,AT416,16224099999,16234099999,LIRA",28,10,332,11.8,3.33939939814738e-11,508.5212,27-Sep-2023 14:30:00
NaN,"Clear",2023-09-27T15:00:00,12.8,28.6,35.95,"41.83019005524591, 12.46317478841414",0,0,1015.1,"LIRF,16242099999,16239099999,AT416,16224099999,16234099999,LIRA",29.4,10,329,12.6,3.36681350604676e-11,488.3655,27-Sep-2023 15:00:00
NaN,"Clear",2023-09-27T15:30:00,12.8,28.6,35.95,"41.83019005524591, 12.46317478841414",0,0,1015.1,"LIRF,16242099999,16239099999,AT416,16224099999,16234099999,LIRA",29.4,10,329,12.6,3.39448105561011e-11,394.2942,27-Sep-2023 15:30:00
NaN,"Clear",2023-09-27T16:00:00,12.2,28.6,34.58,"41.83019005524591, 12.46317478841414",0,0,1014.8,"LIRF,16242099999,16239099999,AT416,16224099999,16234099999,LIRA",29.4,10,336,13.8,3.42240465274704e-11,430.6579,27-Sep-2023 16:00:00
NaN,"Clear",2023-09-27T16:30:00,12.2,28.6,34.58,"41.83019005524591, 12.46317478841414",0,0,1014.8,"LIRF,16242099999,16239099999,AT416,16224099999,16234099999,LIRA",29.4,10,336,13.8,3.45058693334345e-11,452.9492,27-Sep-2023 16:30:00
NaN,"Clear",2023-09-27T17:00:00,12.2,28.4,35,"41.83019005524591, 12.46317478841414",0,0,1014.1,"LIRF,16242099999,16239099999,AT416,16224099999,16234099999,LIRA",29.2,10,293,13.9,3.4790305626902e-11,378.6948,27-Sep-2023 17:00:00
NaN,"Clear",2023-09-27T17:30:00,12.2,28.4,35,"41.83019005524591, 12.46317478841414",0,0,1014.1,"LIRF,16242099999,16239099999,AT416,16224099999,16234099999,LIRA",29.2,10,293,13.9,3.50773823631437e-11,320.343,27-Sep-2023 17:30:00
NaN,"Clear",2023-09-27T18:00:00,15.4,27.7,47.84,"41.83019005524591, 12.46317478841414",0,0,1014.1,"LIRF,16242099999,16239099999,AT416,16224099999,16234099999,LIRA",27.5,10,271,16.7,3.53671268084182e-11,304.6857,27-Sep-2023 18:00:00
NaN,"Clear",2023-09-27T18:30:00,15.4,27.7,47.84,"41.83019005524591, 12.46317478841414",0,0,1014.1,"LIRF,16242099999,16239099999,AT416,16224099999,16234099999,LIRA",27.5,10,271,16.7,3.56595665341442e-11,195.9207,27-Sep-2023 18:30:00
NaN,"Clear",2023-09-27T19:00:00,15.6,25.6,53.7,"41.83019005524591, 12.46317478841414",0,0,1014.1,"LIRF,16242099999,16239099999,AT416,16224099999,16234099999,LIRA",25.6,10,258,11.4,3.59547294254938e-11,49.3499,27-Sep-2023 19:00:00
NaN,"Clear",2023-09-27T19:30:00,15.6,25.6,53.7,"41.83019005524591, 12.46317478841414",0,0,1014.1,"LIRF,16242099999,16239099999,AT416,16224099999,16234099999,LIRA",25.6,10,258,11.4,3.62526436903088e-11,122.7816,27-Sep-2023 19:30:00
NaN,"Clear",2023-09-27T20:00:00,16.3,23.9,62.54,"41.83019005524591, 12.46317478841414",0,0,1014.8,"LIRF,16242099999,16239099999,AT416,16224099999,16234099999,LIRA",23.9,10,207,7.6,3.65533378531572e-11,139.9487,27-Sep-2023 20:00:00
NaN,"Clear",2023-09-27T20:30:00,16.3,23.9,62.54,"41.83019005524591, 12.46317478841414",0,0,1014.8,"LIRF,16242099999,16239099999,AT416,16224099999,16234099999,LIRA",23.9,10,207,7.6,3.68568407642182e-11,119.1849,27-Sep-2023 20:30:00
NaN,"Clear",2023-09-27T21:00:00,16.2,21.8,70.31,"41.83019005524591, 12.46317478841414",0,0,1014.9,"LIRF,16242099999,16239099999,AT416,16224099999,LIRA",21.8,10,231,5.9,3.71631816085e-11,58.198,27-Sep-2023 21:00:00
NaN,"Clear",2023-09-27T21:30:00,16.2,21.8,70.31,"41.83019005524591, 12.46317478841414",0,0,1014.9,"LIRF,16242099999,16239099999,AT416,16224099999,LIRA",21.8,10,231,5.9,3.74723898997792e-11,33.4202,27-Sep-2023 21:30:00
NaN,"Clear",2023-09-27T22:00:00,15.3,21.8,66.64,"41.83019005524591, 12.46317478841414",0,0,1015.1,"LIRF,16242099999,16239099999,AT416,16224099999,LIRA",21.8,10,188,3.6,3.77844954897878e-11,12.2801,27-Sep-2023 22:00:00
NaN,"Clear",2023-09-27T22:30:00,15.3,21.8,66.64,"41.83019005524591, 12.46317478841414",0,0,1015.1,"LIRF,16242099999,16239099999,AT416,16224099999,LIRA",21.8,10,188,3.6,3.8099528577745e-11,1.28009999999999,27-Sep-2023 22:30:00
NaN,"Clear",2023-09-27T23:00:00,14.9,20.8,69.14,"41.83019005524591, 12.46317478841414",0,0,1015.8,"LIRF,16242099999,16239099999,AT416,16224099999,LIRA",20.8,10,NaN,3.3,3.84175197041774e-11,0,27-Sep-2023 23:00:00
NaN,"Clear",2023-09-27T23:30:00,14.9,20.8,69.14,"41.83019005524591, 12.46317478841414",0,0,1015.8,"LIRF,16242099999,16239099999,AT416,16224099999,LIRA",20.8,10,NaN,3.3,3.87384997604202e-11,0,27-Sep-2023 23:30:00
NaN,"Clear",2023-09-28T00:00:00,13.4,20.6,63.22,"41.83019005524591, 12.46317478841414",0,0,1015.8,"LIRF,16242099999,16239099999,AT416,16224099999,LIRA",20.6,10,87,5.5,4.78865132747807e-12,0,28-Sep-2023 00:00:00
NaN,"Clear",2023-09-28T00:30:00,13.4,20.6,63.22,"41.83019005524591, 12.46317478841414",0,0,1015.8,"LIRF,16242099999,16239099999,AT416,16224099999,LIRA",20.6,10,87,5.5,4.7580652340051e-12,0,28-Sep-2023 00:30:00
NaN,"Clear",2023-09-28T01:00:00,13,19.6,65.72,"41.83019005524591, 12.46317478841414",0,0,1015.1,"LIRF,16242099999,16239099999,AT416,16224099999,LIRA",19.6,10,129,4.5,4.72769874486246e-12,34.7429,28-Sep-2023 01:00:00
NaN,"Clear",2023-09-28T01:30:00,13,19.6,65.72,"41.83019005524591, 12.46317478841414",0,0,1015.1,"LIRF,16242099999,16239099999,AT416,16224099999,LIRA",19.6,10,129,4.5,4.69755010918656e-12,7.7965,28-Sep-2023 01:30:00
NaN,"Clear",2023-09-28T02:00:00,13,17.8,73.33,"41.83019005524591, 12.46317478841414",0,0,1015.1,"LIRF,16242099999,16239099999,AT416,16224099999,LIRA",17.8,10,7,2.7,4.66761759196055e-12,0,28-Sep-2023 02:00:00
NaN,"Clear",2023-09-28T02:30:00,13,17.8,73.33,"41.83019005524591, 12.46317478841414",0,0,1015.1,"LIRF,16242099999,16239099999,AT416,16224099999,LIRA",17.8,10,7,2.7,4.63789947335334e-12,0,28-Sep-2023 02:30:00
NaN,"Clear",2023-09-28T03:00:00,13.2,17.6,75.15,"41.83019005524591, 12.46317478841414",0,0,1015.1,"LIRF,16242099999,16239099999,AT416,16224099999,LIRA",17.6,10,95,4.1,4.60839404808187e-12,0,28-Sep-2023 03:00:00
NaN,"Clear",2023-09-28T03:30:00,13.2,17.6,75.15,"41.83019005524591, 12.46317478841414",0,0,1015.1,"LIRF,16242099999,16239099999,AT416,16224099999,LIRA",17.6,10,95,4.1,4.57909962626402e-12,0,28-Sep-2023 03:30:00
NaN,"Clear",2023-09-28T04:00:00,13,15.4,85.73,"41.83019005524591, 12.46317478841414",0,0,1015.3,"LIRF,16242099999,AT416,16224099999",15.4,10,25,5.9,4.55001453277316e-12,0,28-Sep-2023 04:00:00
NaN,"Clear",2023-09-28T04:30:00,13,15.4,85.73,"41.83019005524591, 12.46317478841414",0,0,1015.3,"LIRF,16242099999,AT416,16224099999",15.4,10,25,5.9,4.52113710661534e-12,0,28-Sep-2023 04:30:00
NaN,"Clear",2023-09-28T05:00:00,13,16.8,77.97,"41.83019005524591, 12.46317478841414",0,0,1015.8,"LIRF,16242099999,16239099999,AT416,16224099999,LIRA",16.8,10,25,4.1,4.49246570176534e-12,30.837,28-Sep-2023 05:00:00
NaN,"Clear",2023-09-28T05:30:00,13,16.8,77.97,"41.83019005524591, 12.46317478841414",0,0,1015.8,"LIRF,16242099999,16239099999,AT416,16224099999,LIRA",16.8,10,25,4.1,4.46399868653631e-12,49.8626,28-Sep-2023 05:30:00
NaN,"Clear",2023-09-28T06:00:00,13,16.6,78.92,"41.83019005524591, 12.46317478841414",0,0,1015.8,"LIRF,16242099999,16239099999,AT416,16224099999,LIRA",16.6,10,44,5.5,4.43573444297153e-12,168.7005,28-Sep-2023 06:00:00
NaN,"Clear",2023-09-28T06:30:00,13,16.6,78.92,"41.83019005524591, 12.46317478841414",0,0,1015.8,"LIRF,16242099999,16239099999,AT416,16224099999,LIRA",16.6,10,44,5.5,4.40767136766393e-12,91.2374,28-Sep-2023 06:30:00
27.7,"Partially cloudy",2023-09-28T07:00:00,13,16.7,78.71,"41.83019005524591, 12.46317478841414",0,0,1015.8,"LIRF,16242099999,16239099999,AT416,16224099999,16234099999,LIRA",16.7,10,40,6.3,4.37980787114048e-12,97.6099,28-Sep-2023 07:00:00
27.7,"Partially cloudy",2023-09-28T07:30:00,13,16.7,78.71,"41.83019005524591, 12.46317478841414",0,0,1015.8,"LIRF,16242099999,16239099999,AT416,16224099999,16234099999,LIRA",16.7,10,40,6.3,4.352142377268e-12,123.2537,28-Sep-2023 07:30:00
27.7,"Partially cloudy",2023-09-28T08:00:00,13,16.7,78.38,"41.83019005524591, 12.46317478841414",0,0,1016.1,"LIRF,16242099999,16239099999,AT416,16224099999,16234099999,LIRA",16.7,10,45,6,4.32467332405668e-12,294.8802,28-Sep-2023 08:00:00
27.7,"Partially cloudy",2023-09-28T08:30:00,13,16.7,78.38,"41.83019005524591, 12.46317478841414",0,0,1016.1,"LIRF,16242099999,16239099999,AT416,16224099999,16234099999,LIRA",16.7,10,45,6,4.29739916305866e-12,422.9729,28-Sep-2023 08:30:00
NaN,"Clear",2023-09-28T09:00:00,13.2,18.2,72.77,"41.83019005524591, 12.46317478841414",0,0,1016.8,"LIRF,16242099999,16239099999,AT416,16224099999,16234099999,LIRA",18.2,10,35,7.4,4.27031835878772e-12,675.7064,28-Sep-2023 09:00:00
NaN,"Clear",2023-09-28T09:30:00,13.2,18.2,72.77,"41.83019005524591, 12.46317478841414",0,0,1016.8,"LIRF,16242099999,16239099999,AT416,16224099999,16234099999,LIRA",18.2,10,35,7.4,4.24342938950691e-12,783.4028,28-Sep-2023 09:30:00
50,"Partially cloudy",2023-09-28T10:00:00,13.9,20.5,65.86,"41.83019005524591, 12.46317478841414",0,0,1016.9,"LIRF,16242099999,16239099999,AT416,16224099999,16234099999,LIRA",20.5,10,28,10.1,4.21673074664114e-12,612.3271,28-Sep-2023 10:00:00
50,"Partially cloudy",2023-09-28T10:30:00,13.9,20.5,65.86,"41.83019005524591, 12.46317478841414",0,0,1016.9,"LIRF,16242099999,16239099999,AT416,16224099999,16234099999,LIRA",20.5,10,28,10.1,4.19022093421024e-12,405.802,28-Sep-2023 10:30:00
NaN,"Clear",2023-09-28T11:00:00,15.3,23.4,60.53,"41.83019005524591, 12.46317478841414",0,0,1016.9,"LIRF,16242099999,16239099999,AT416,16224099999,16234099999,LIRA",23.4,10,32,8.5,4.16389846960119e-12,312.8731,28-Sep-2023 11:00:00
NaN,"Clear",2023-09-28T11:30:00,15.3,23.4,60.53,"41.83019005524591, 12.46317478841414",0,0,1016.9,"LIRF,16242099999,16239099999,AT416,16224099999,16234099999,LIRA",23.4,10,32,8.5,4.13776188299419e-12,432.8174,28-Sep-2023 11:30:00
30,"Partially cloudy",2023-09-28T12:00:00,15.1,26.1,50.72,"41.83019005524591, 12.46317478841414",0,0,1016.9,"LIRF,16242099999,16239099999,AT416,16224099999,16234099999,LIRA",26.1,10,33,7.9,4.11180971680889e-12,488.4746,28-Sep-2023 12:00:00
30,"Partially cloudy",2023-09-28T12:30:00,15.1,26.1,50.72,"41.83019005524591, 12.46317478841414",0,0,1016.9,"LIRF,16242099999,16239099999,AT416,16224099999,16234099999,LIRA",26.1,10,33,7.9,4.08604052646141e-12,378.2648,28-Sep-2023 12:30:00
30,"Partially cloudy",2023-09-28T13:00:00,12.8,27,41.12,"41.83019005524591, 12.46317478841414",0,0,1016.9,"LIRF,16242099999,16239099999,AT416,16224099999,16234099999,LIRA",27.2,10,269,7.7,4.06045287980369e-12,192.2623,28-Sep-2023 13:00:00
30,"Partially cloudy",2023-09-28T13:30:00,12.8,27,41.12,"41.83019005524591, 12.46317478841414",0,0,1016.9,"LIRF,16242099999,16239099999,AT416,16224099999,16234099999,LIRA",27.2,10,269,7.7,4.03504535658238e-12,315.1246,28-Sep-2023 13:30:00
NaN,"Clear",2023-09-28T14:00:00,13.2,28.3,38.08,"41.83019005524591, 12.46317478841414",0,0,1016.9,"LIRF,16239099999,AT416,LIRA",28.9,10,180,4.4,4.00981654918112e-12,306.3881,28-Sep-2023 14:00:00
NaN,"Clear",2023-09-28T14:30:00,13.2,28.3,38.08,"41.83019005524591, 12.46317478841414",0,0,1016.9,"LIRF,16239099999,AT416,LIRA",28.9,10,180,4.4,3.98476506207274e-12,360.798,28-Sep-2023 14:30:00
NaN,"Clear",2023-09-28T15:00:00,14.4,27.9,43.44,"41.83019005524591, 12.46317478841414",NaN,0,1016.9,"LIRF,AT416,LIRA",28,10,269,8.6,3.9598895112905e-12,429.0083,28-Sep-2023 15:00:00
NaN,"Clear",2023-09-28T15:30:00,14.4,27.9,43.44,"41.83019005524591, 12.46317478841414",NaN,0,1016.9,"LIRF,AT416,LIRA",28,10,269,8.6,3.93518852515595e-12,479.9945,28-Sep-2023 15:30:00
30,"Partially cloudy",2023-09-28T16:00:00,13.8,27.7,41.99,"41.83019005524591, 12.46317478841414",0,0,1016.1,"LIRF,16242099999,16239099999,AT416,16224099999,16234099999,LIRA",27.9,10,242,9.3,3.91066074374361e-12,242.6763,28-Sep-2023 16:00:00
30,"Partially cloudy",2023-09-28T16:30:00,13.8,27.7,41.99,"41.83019005524591, 12.46317478841414",0,0,1016.1,"LIRF,16242099999,16239099999,AT416,16224099999,16234099999,LIRA",27.9,10,242,9.3,3.88630481836435e-12,116.888,28-Sep-2023 16:30:00
NaN,"Clear",2023-09-28T17:00:00,14.4,28.4,41.86,"41.83019005524591, 12.46317478841414",0,0,1016,"LIRF,16242099999,16239099999,AT416,LIRA",28.6,10,218,11.2,3.862119412279e-12,424.7581,28-Sep-2023 17:00:00
NaN,"Clear",2023-09-28T17:30:00,14.4,28.4,41.86,"41.83019005524591, 12.46317478841414",0,0,1016,"LIRF,16242099999,16239099999,AT416,LIRA",28.6,10,218,11.2,3.83810320017527e-12,374.5757,28-Sep-2023 17:30:00
NaN,"Clear",2023-09-28T18:00:00,12.8,26.8,41.91,"41.83019005524591, 12.46317478841414",NaN,0,1016,"LIRF,AT416,LIRA",26.8,10,229,13,3.81425486766289e-12,313.0753,28-Sep-2023 18:00:00
NaN,"Clear",2023-09-28T18:30:00,12.8,26.8,41.91,"41.83019005524591, 12.46317478841414",NaN,0,1016,"LIRF,AT416,LIRA",26.8,10,229,13,3.79057311197335e-12,277.0824,28-Sep-2023 18:30:00
NaN,"Clear",2023-09-28T19:00:00,14.6,24.6,53.6,"41.83019005524591, 12.46317478841414",0,0,1016.8,"LIRF,16242099999,16239099999,AT416,LIRA",24.6,10,238,7.6,3.76705664144871e-12,444.8054,28-Sep-2023 19:00:00
NaN,"Clear",2023-09-28T19:30:00,14.6,24.6,53.6,"41.83019005524591, 12.46317478841414",0,0,1016.8,"LIRF,16242099999,16239099999,AT416,LIRA",24.6,10,238,7.6,3.74370417504821e-12,324.8419,28-Sep-2023 19:30:00
NaN,"Clear",2023-09-28T20:00:00,18.3,22.8,75.63,"41.83019005524591, 12.46317478841414",0,0,1017.1,"LIRF,16242099999,16239099999,AT416,16224099999,16234099999,LIRA",22.8,10,230,8,3.72051444303439e-12,160.4483,28-Sep-2023 20:00:00
NaN,"Clear",2023-09-28T20:30:00,18.3,22.8,75.63,"41.83019005524591, 12.46317478841414",0,0,1017.1,"LIRF,16242099999,16239099999,AT416,16224099999,16234099999,LIRA",22.8,10,230,8,3.69748618647351e-12,121.3521,28-Sep-2023 20:30:00
NaN,"Clear",2023-09-28T21:00:00,18.5,22,80.78,"41.83019005524591, 12.46317478841414",0,0,1017.8,"LIRF,16242099999,16239099999,AT416,16224099999,LIRA",22,10,210,6.4,3.67461815675335e-12,100.5667,28-Sep-2023 21:00:00
NaN,"Clear",2023-09-28T21:30:00,18.5,22,80.78,"41.83019005524591, 12.46317478841414",0,0,1017.8,"LIRF,16242099999,16239099999,AT416,16224099999,LIRA",22,10,210,6.4,3.65190911625599e-12,61.0845,28-Sep-2023 21:30:00
NaN,"Clear",2023-09-28T22:00:00,19.1,21.9,83.81,"41.83019005524591, 12.46317478841414",0,0,1018.1,"LIRF,16242099999,16239099999,AT416,16224099999,LIRA",21.9,10,202,5.9,3.62935783786955e-12,33.5428,28-Sep-2023 22:00:00
NaN,"Clear",2023-09-28T22:30:00,19.1,21.9,83.81,"41.83019005524591, 12.46317478841414",0,0,1018.1,"LIRF,16242099999,16239099999,AT416,16224099999,LIRA",21.9,10,202,5.9,3.60696310451685e-12,12.8689,28-Sep-2023 22:30:00
NaN,"Clear",2023-09-28T23:00:00,15.9,21,72.78,"41.83019005524591, 12.46317478841414",0,0,1018.8,"LIRF,16242099999,16239099999,AT416,16224099999,LIRA",21,10,144,6.4,3.5847237098152e-12,1.8689,28-Sep-2023 23:00:00
NaN,"Clear",2023-09-28T23:30:00,15.9,21,72.78,"41.83019005524591, 12.46317478841414",0,0,1018.8,"LIRF,16242099999,16239099999,AT416,16224099999,LIRA",21,10,144,6.4,3.56263845759912e-12,0,28-Sep-2023 23:30:00
NaN,"Clear",2023-09-29T00:00:00,15.9,20.8,73.64,"41.83019005524591, 12.46317478841414",0,0,1018.8,"LIRF,16242099999,16239099999,AT416,16224099999,LIRA",20.8,10,121,7.1,3.54070616145961e-12,0,29-Sep-2023 00:00:00
NaN,"Clear",2023-09-29T00:30:00,15.9,20.8,73.64,"41.83019005524591, 12.46317478841414",0,0,1018.8,"LIRF,16242099999,16239099999,AT416,16224099999,LIRA",20.8,10,121,7.1,3.5189256453912e-12,0,29-Sep-2023 00:30:00
0,"Clear",2023-09-29T01:00:00,12.6,20.6,60.33,"41.83019005524591, 12.46317478841414",0,0,1018.8,"LIRF,16242099999,16239099999,AT416,16224099999,LIRA",20.6,9.6,75,4.1,3.49729574332535e-12,44.527,29-Sep-2023 01:00:00
0,"Clear",2023-09-29T01:30:00,12.6,20.6,60.33,"41.83019005524591, 12.46317478841414",0,0,1018.8,"LIRF,16242099999,16239099999,AT416,16224099999,LIRA",20.6,9.6,75,4.1,3.47581529868015e-12,33.527,29-Sep-2023 01:30:00
0,"Clear",2023-09-29T02:00:00,12.2,18.6,66.15,"41.83019005524591, 12.46317478841414",0,0,1018.9,"LIRF,16242099999,16239099999,AT416,16224099999,LIRA",18.6,9,40,3.7,3.45448316499479e-12,22.527,29-Sep-2023 02:00:00
0,"Clear",2023-09-29T02:30:00,12.2,18.6,66.15,"41.83019005524591, 12.46317478841414",0,0,1018.9,"LIRF,16242099999,16239099999,AT416,16224099999,LIRA",18.6,9,40,3.7,3.4332982054735e-12,11.527,29-Sep-2023 02:30:00
0,"Clear",2023-09-29T03:00:00,13,18.6,69.87,"41.83019005524591, 12.46317478841414",0,0,1018.8,"LIRF,16242099999,16239099999,AT416,16224099999,LIRA",18.6,9,21,4.1,3.41225929254524e-12,0.527000000000001,29-Sep-2023 03:00:00
0,"Clear",2023-09-29T03:30:00,13,18.6,69.87,"41.83019005524591, 12.46317478841414",0,0,1018.8,"LIRF,16242099999,16239099999,AT416,16224099999,LIRA",18.6,9,21,4.1,3.391365308486e-12,0,29-Sep-2023 03:30:00
27.7,"Partially cloudy",2023-09-29T04:00:00,13.9,18,77.1,"41.83019005524591, 12.46317478841414",0,0,1018.8,"LIRF,16242099999,16239099999,AT416,16224099999,LIRA",18,9.2,54,5.9,3.37061514497291e-12,0,29-Sep-2023 04:00:00
27.7,"Partially cloudy",2023-09-29T04:30:00,13.9,18,77.1,"41.83019005524591, 12.46317478841414",0,0,1018.8,"LIRF,16242099999,16239099999,AT416,16224099999,LIRA",18,9.2,54,5.9,3.35000770265381e-12,0,29-Sep-2023 04:30:00
NaN,"Clear",2023-09-29T05:00:00,13.5,17,79.97,"41.83019005524591, 12.46317478841414",0,0,1018.8,"LIRF,16242099999,16239099999,AT416,16224099999,LIRA",17,10,33,7.9,3.32954189175747e-12,63.9256,29-Sep-2023 05:00:00
NaN,"Clear",2023-09-29T05:30:00,13.5,17,79.97,"41.83019005524591, 12.46317478841414",0,0,1018.8,"LIRF,16242099999,16239099999,AT416,16224099999,LIRA",17,10,33,7.9,3.30921663165775e-12,97.1324,29-Sep-2023 05:30:00
NaN,"Clear",2023-09-29T06:00:00,13.5,17,79.97,"41.83019005524591, 12.46317478841414",0,0,1018.8,"LIRF,16242099999,16239099999,AT416,16224099999,LIRA",17,10,46,9.1,3.28903085045264e-12,201.916,29-Sep-2023 06:00:00
NaN,"Clear",2023-09-29T06:30:00,13.5,17,79.97,"41.83019005524591, 12.46317478841414",0,0,1018.8,"LIRF,16242099999,16239099999,AT416,16224099999,LIRA",17,10,46,9.1,3.26898348556286e-12,267.575,29-Sep-2023 06:30:00
NaN,"Clear",2023-09-29T07:00:00,13.4,16.9,79.68,"41.83019005524591, 12.46317478841414",0,0,1018.8,"LIRF,16242099999,16239099999,AT416,16224099999,16234099999,LIRA",16.9,10,60,5.8,3.24907348330563e-12,230.993,29-Sep-2023 07:00:00
NaN,"Clear",2023-09-29T07:30:00,13.4,16.9,79.68,"41.83019005524591, 12.46317478841414",0,0,1018.8,"LIRF,16242099999,16239099999,AT416,16224099999,16234099999,LIRA",16.9,10,60,5.8,3.22929979848307e-12,352.4393,29-Sep-2023 07:30:00
NaN,"Clear",2023-09-29T08:00:00,13.2,17.7,75.08,"41.83019005524591, 12.46317478841414",0,0,1019.1,"LIRF,16242099999,16239099999,AT416,16224099999,16234099999,LIRA",17.7,10,43,6,3.20966139496937e-12,609.7716,29-Sep-2023 08:00:00
NaN,"Clear",2023-09-29T08:30:00,13.2,17.7,75.08,"41.83019005524591, 12.46317478841414",0,0,1019.1,"LIRF,16242099999,16239099999,AT416,16224099999,16234099999,LIRA",17.7,10,43,6,3.1901572452939e-12,901.8377,29-Sep-2023 08:30:00
NaN,"Clear",2023-09-29T09:00:00,13.2,18.4,71.6,"41.83019005524591, 12.46317478841414",0,0,1019.8,"LIRF,16242099999,16239099999,AT416,16224099999,16234099999,LIRA",18.4,10,40,9.4,3.17078633023883e-12,718.5748,29-Sep-2023 09:00:00
NaN,"Clear",2023-09-29T09:30:00,13.2,18.4,71.6,"41.83019005524591, 12.46317478841414",0,0,1019.8,"LIRF,16242099999,16239099999,AT416,16224099999,16234099999,LIRA",18.4,10,40,9.4,3.15154763941495e-12,724.2877,29-Sep-2023 09:30:00
NaN,"Clear",2023-09-29T10:00:00,14,20.7,65.61,"41.83019005524591, 12.46317478841414",0,0,1020.1,"LIRF,16242099999,16239099999,AT416,16224099999,16234099999,LIRA",20.7,10,30,9.8,3.13244017085408e-12,634.9714,29-Sep-2023 10:00:00
NaN,"Clear",2023-09-29T10:30:00,14,20.7,65.61,"41.83019005524591, 12.46317478841414",0,0,1020.1,"LIRF,16242099999,16239099999,AT416,16224099999,16234099999,LIRA",20.7,10,30,9.8,3.11346293061551e-12,505.2268,29-Sep-2023 10:30:00
NaN,"Clear",2023-09-29T11:00:00,14.2,23.4,56.23,"41.83019005524591, 12.46317478841414",0,0,1020.8,"LIRF,16242099999,16239099999,AT416,16224099999,16234099999,LIRA",23.4,10,25,7.5,3.09461493335085e-12,455.7877,29-Sep-2023 11:00:00
NaN,"Clear",2023-09-29T11:30:00,14.2,23.4,56.23,"41.83019005524591, 12.46317478841414",0,0,1020.8,"LIRF,16242099999,16239099999,AT416,16224099999,16234099999,LIRA",23.4,10,25,7.5,3.07589520190537e-12,472.3687,29-Sep-2023 11:30:00
30,"Partially cloudy",2023-09-29T12:00:00,15.3,26.1,51.2,"41.83019005524591, 12.46317478841414",0,0,1020.8,"LIRF,16242099999,16239099999,AT416,16224099999,16234099999,LIRA",26.1,10,310,3.8,3.05730276693316e-12,517.5216,29-Sep-2023 12:00:00
30,"Partially cloudy",2023-09-29T12:30:00,15.3,26.1,51.2,"41.83019005524591, 12.46317478841414",0,0,1020.8,"LIRF,16242099999,16239099999,AT416,16224099999,16234099999,LIRA",26.1,10,310,3.8,0.0416666666666661,674.3673,29-Sep-2023 12:30:00
30,"Partially cloudy",2023-09-29T13:00:00,12.3,27.5,37.91,"41.83019005524591, 12.46317478841414",0,0,1020.1,"LIRF,16242099999,16239099999,AT416,16224099999,16234099999,LIRA",27.9,10,310,6.2,0.0833333333333339,677.0268,29-Sep-2023 13:00:00
30,"Partially cloudy",2023-09-29T13:30:00,12.3,27.5,37.91,"41.83019005524591, 12.46317478841414",0,0,1020.1,"LIRF,16242099999,16239099999,AT416,16224099999,16234099999,LIRA",27.9,10,310,6.2,0.125,511.544,29-Sep-2023 13:30:00
26.9,"Partially cloudy",2023-09-29T14:00:00,11.1,27.1,35.66,"41.83019005524591, 12.46317478841414",0,0,1019.8,"LIRF,16242099999,16239099999,AT416,16224099999,16234099999,LIRA",27.6,10,277,10.7,0.166666666666666,345.1629,29-Sep-2023 14:00:00
26.9,"Partially cloudy",2023-09-29T14:30:00,11.1,27.1,35.66,"41.83019005524591, 12.46317478841414",0,0,1019.8,"LIRF,16242099999,16239099999,AT416,16224099999,16234099999,LIRA",27.6,10,277,10.7,0.208333333333334,349.0883,29-Sep-2023 14:30:00
26.9,"Partially cloudy",2023-09-29T15:00:00,12,27.8,36.21,"41.83019005524591, 12.46317478841414",0,0,1019.1,"LIRF,16242099999,16239099999,AT416,16224099999,16234099999,LIRA",28.5,10,291,13.5,0.25,257.748,29-Sep-2023 15:00:00
26.9,"Partially cloudy",2023-09-29T15:30:00,12,27.8,36.21,"41.83019005524591, 12.46317478841414",0,0,1019.1,"LIRF,16242099999,16239099999,AT416,16224099999,16234099999,LIRA",28.5,10,291,13.5,0.291666666666666,229.706,29-Sep-2023 15:30:00
26.9,"Partially cloudy",2023-09-29T16:00:00,14.2,27.5,44.12,"41.83019005524591, 12.46317478841414",0,0,1019.1,"LIRF,16242099999,16239099999,AT416,16224099999,16234099999,LIRA",27.5,10,287,14.3,0.333333333333334,108.2628,29-Sep-2023 16:00:00
26.9,"Partially cloudy",2023-09-29T16:30:00,14.2,27.5,44.12,"41.83019005524591, 12.46317478841414",0,0,1019.1,"LIRF,16242099999,16239099999,AT416,16224099999,16234099999,LIRA",27.5,10,287,14.3,0.375,109.2729,29-Sep-2023 16:30:00
NaN,"Clear",2023-09-29T17:00:00,14.6,26.6,47.66,"41.83019005524591, 12.46317478841414",0,0,1018.8,"LIRF,16242099999,16239099999,AT416,LIRA",26.6,10,254,16.2,0.416666666666666,118.2153,29-Sep-2023 17:00:00
NaN,"Clear",2023-09-29T17:30:00,14.6,26.6,47.66,"41.83019005524591, 12.46317478841414",0,0,1018.8,"LIRF,16242099999,16239099999,AT416,LIRA",26.6,10,254,16.2,0.458333333333334,149.5681,29-Sep-2023 17:30:00
NaN,"Clear",2023-09-29T18:00:00,14.2,25.6,49.2,"41.83019005524591, 12.46317478841414",0,0,1018.7,"LIRF,16242099999,AT416,16234099999,LIRA",25.6,10,271,14.9,0.5,153.4785,29-Sep-2023 18:00:00
NaN,"Clear",2023-09-29T18:30:00,14.2,25.6,49.2,"41.83019005524591, 12.46317478841414",0,0,1018.7,"LIRF,16242099999,AT416,16234099999,LIRA",25.6,10,271,14.9,0.541666666666666,222.5581,29-Sep-2023 18:30:00
30,"Partially cloudy",2023-09-29T19:00:00,13.8,24,53.08,"41.83019005524591, 12.46317478841414",0,0,1018.8,"LIRF,16242099999,16239099999,AT416,16224099999,16234099999,LIRA",24,10,248,8.8,0.583333333333334,387.4,29-Sep-2023 19:00:00
30,"Partially cloudy",2023-09-29T19:30:00,13.8,24,53.08,"41.83019005524591, 12.46317478841414",0,0,1018.8,"LIRF,16242099999,16239099999,AT416,16224099999,16234099999,LIRA",24,10,248,8.8,0.625,259.8624,29-Sep-2023 19:30:00
30,"Partially cloudy",2023-09-29T20:00:00,14.8,22.1,63.24,"41.83019005524591, 12.46317478841414",0,0,1019.1,"LIRF,16242099999,16239099999,AT416,16224099999,16234099999,LIRA",22.1,10,213,8,0.666666666666666,131.7351,29-Sep-2023 20:00:00
30,"Partially cloudy",2023-09-29T20:30:00,14.8,22.1,63.24,"41.83019005524591, 12.46317478841414",0,0,1019.1,"LIRF,16242099999,16239099999,AT416,16224099999,16234099999,LIRA",22.1,10,213,8,0.708333333333334,261.053,29-Sep-2023 20:30:00
NaN,"Clear",2023-09-29T21:00:00,16.2,22,69.73,"41.83019005524591, 12.46317478841414",0,0,1019.8,"LIRF,16242099999,16239099999,AT416,16224099999,LIRA",22,10,196,8.9,0.75,244.689,29-Sep-2023 21:00:00
NaN,"Clear",2023-09-29T21:30:00,16.2,22,69.73,"41.83019005524591, 12.46317478841414",0,0,1019.8,"LIRF,16242099999,16239099999,AT416,16224099999,LIRA",22,10,196,8.9,0.791666666666666,157.0701,29-Sep-2023 21:30:00
NaN,"Clear",2023-09-29T22:00:00,16.4,21.8,71.53,"41.83019005524591, 12.46317478841414",0,0,1019.8,"LIRF,16242099999,16239099999,AT416,16224099999,LIRA",21.8,10,159,6.7,0.833333333333334,109.9202,29-Sep-2023 22:00:00
NaN,"Clear",2023-09-29T22:30:00,16.4,21.8,71.53,"41.83019005524591, 12.46317478841414",0,0,1019.8,"LIRF,16242099999,16239099999,AT416,16224099999,LIRA",21.8,10,159,6.7,0.875,100.0385,29-Sep-2023 22:30:00
NaN,"Clear",2023-09-29T23:00:00,13.7,20.8,63.83,"41.83019005524591, 12.46317478841414",0,0,1019.8,"LIRF,16242099999,16239099999,AT416,16224099999,LIRA",20.8,10,145,5.8,0.916666666666666,24.3588,29-Sep-2023 23:00:00
NaN,"Clear",2023-09-29T23:30:00,13.7,20.8,63.83,"41.83019005524591, 12.46317478841414",0,0,1019.8,"LIRF,16242099999,16239099999,AT416,16224099999,LIRA",20.8,10,145,5.8,0.958333333333334,13.3588,29-Sep-2023 23:30:00
NaN,"Clear",2023-09-30T00:00:00,13.5,19.6,67.98,"41.83019005524591, 12.46317478841414",0,0,1020.1,"LIRF,16242099999,16239099999,AT416,16224099999,LIRA",19.6,10,59,4.7,1,98.807,30-Sep-2023 00:00:00
NaN,"Clear",2023-09-30T00:30:00,13.5,19.6,67.98,"41.83019005524591, 12.46317478841414",0,0,1020.1,"LIRF,16242099999,16239099999,AT416,16224099999,LIRA",19.6,10,59,4.7,1,96.2393,30-Sep-2023 00:30:00
NaN,"Clear",2023-09-30T01:00:00,11.6,19.2,61.5,"41.83019005524591, 12.46317478841414",0,0,1020.1,"LIRF,16242099999,16239099999,AT416,16224099999,LIRA",19.2,10,81,5.5,1,34.4099,30-Sep-2023 01:00:00
NaN,"Clear",2023-09-30T01:30:00,11.6,19.2,61.5,"41.83019005524591, 12.46317478841414",0,0,1020.1,"LIRF,16242099999,16239099999,AT416,16224099999,LIRA",19.2,10,81,5.5,1,104.4789,30-Sep-2023 01:30:00
NaN,"Clear",2023-09-30T02:00:00,11.6,18.2,65.23,"41.83019005524591, 12.46317478841414",0,0,1020.1,"LIRF,16242099999,16239099999,AT416,16224099999,LIRA",18.2,10,68,5.5,1,71.4789,30-Sep-2023 02:00:00
NaN,"Clear",2023-09-30T02:30:00,11.6,18.2,65.23,"41.83019005524591, 12.46317478841414",0,0,1020.1,"LIRF,16242099999,16239099999,AT416,16224099999,LIRA",18.2,10,68,5.5,1,62.9706,30-Sep-2023 02:30:00
NaN,"Clear",2023-09-30T03:00:00,12.4,16,78.98,"41.83019005524591, 12.46317478841414",0,0,1020.1,"LIRF,16242099999,16239099999,AT416,16224099999,LIRA",16,10,46,6,1,29.9706,30-Sep-2023 03:00:00
NaN,"Clear",2023-09-30T03:30:00,12.4,16,78.98,"41.83019005524591, 12.46317478841414",0,0,1020.1,"LIRF,16242099999,16239099999,AT416,16224099999,LIRA",16,10,46,6,1,1.5013,30-Sep-2023 03:30:00
NaN,"Clear",2023-09-30T04:00:00,12.6,16,79.83,"41.83019005524591, 12.46317478841414",0,0,1020,"LIRF,16242099999,16239099999,AT416,16224099999,LIRA",16,10,37,4.1,1,0,30-Sep-2023 04:00:00
NaN,"Clear",2023-09-30T04:30:00,12.6,16,79.83,"41.83019005524591, 12.46317478841414",0,0,1020,"LIRF,16242099999,16239099999,AT416,16224099999,LIRA",16,10,37,4.1,1,0,30-Sep-2023 04:30:00
NaN,"Clear",2023-09-30T05:00:00,12.2,16.8,74.08,"41.83019005524591, 12.46317478841414",0,0,1020.1,"LIRF,16242099999,16239099999,AT416,16224099999,LIRA",16.8,10,60,5.5,1,115.0654,30-Sep-2023 05:00:00
NaN,"Clear",2023-09-30T05:30:00,12.2,16.8,74.08,"41.83019005524591, 12.46317478841414",0,0,1020.1,"LIRF,16242099999,16239099999,AT416,16224099999,LIRA",16.8,10,60,5.5,1,82.0654,30-Sep-2023 05:30:00
NaN,"Clear",2023-09-30T06:00:00,12,16.8,73.15,"41.83019005524591, 12.46317478841414",0,0,1020.1,"LIRF,16242099999,16239099999,AT416,16224099999,LIRA",16.8,10,72,5.5,1,215.4091,30-Sep-2023 06:00:00
NaN,"Clear",2023-09-30T06:30:00,12,16.8,73.15,"41.83019005524591, 12.46317478841414",0,0,1020.1,"LIRF,16242099999,16239099999,AT416,16224099999,LIRA",16.8,10,72,5.5,1,149.4091,30-Sep-2023 06:30:00
NaN,"Clear",2023-09-30T07:00:00,11.2,15.4,75.82,"41.83019005524591, 12.46317478841414",0,0,1020.1,"LIRF,16242099999,16239099999,AT416,16224099999,LIRA",15.4,10,31,8,1,172.5333,30-Sep-2023 07:00:00
NaN,"Clear",2023-09-30T07:30:00,11.2,15.4,75.82,"41.83019005524591, 12.46317478841414",0,0,1020.1,"LIRF,16242099999,16239099999,AT416,16224099999,LIRA",15.4,10,31,8,1,147.3057,30-Sep-2023 07:30:00
NaN,"Clear",2023-09-30T08:00:00,12,16,76.74,"41.83019005524591, 12.46317478841414",0,0,1020.8,"LIRF,16242099999,16239099999,AT416,16224099999,LIRA",16,10,54,7.2,1,154.5306,30-Sep-2023 08:00:00
NaN,"Clear",2023-09-30T08:30:00,12,16,76.74,"41.83019005524591, 12.46317478841414",0,0,1020.8,"LIRF,16242099999,16239099999,AT416,16224099999,LIRA",16,10,54,7.2,1,309.431,30-Sep-2023 08:30:00
NaN,"Clear",2023-09-30T09:00:00,12.2,17.5,71.19,"41.83019005524591, 12.46317478841414",0,0,1020.8,"LIRF,16242099999,16239099999,AT416,16224099999,LIRA",17.5,10,48,7.6,1,391.107,30-Sep-2023 09:00:00
NaN,"Clear",2023-09-30T09:30:00,12.2,17.5,71.19,"41.83019005524591, 12.46317478841414",0,0,1020.8,"LIRF,16242099999,16239099999,AT416,16224099999,LIRA",17.5,10,48,7.6,1,222.9306,30-Sep-2023 09:30:00
NaN,"Clear",2023-09-30T10:00:00,13,20.4,62.35,"41.83019005524591, 12.46317478841414",0,0,1021.1,"LIRF,16242099999,16239099999,AT416,16224099999,LIRA",20.4,10,27,8,1,386.4863,30-Sep-2023 10:00:00
NaN,"Clear",2023-09-30T10:30:00,13,20.4,62.35,"41.83019005524591, 12.46317478841414",0,0,1021.1,"LIRF,16242099999,16239099999,AT416,16224099999,LIRA",20.4,10,27,8,1,480.1827,30-Sep-2023 10:30:00
NaN,"Clear",2023-09-30T11:00:00,12.8,23.2,52.14,"41.83019005524591, 12.46317478841414",0,0,1021.8,"LIRF,16242099999,16239099999,AT416,16224099999,LIRA",23.2,10,45,10,1,496.208,30-Sep-2023 11:00:00
NaN,"Clear",2023-09-30T11:30:00,12.8,23.2,52.14,"41.83019005524591, 12.46317478841414",0,0,1021.8,"LIRF,16242099999,16239099999,AT416,16224099999,LIRA",23.2,10,45,10,1,668.9072,30-Sep-2023 11:30:00
NaN,"Clear",2023-09-30T12:00:00,14,26.1,47.17,"41.83019005524591, 12.46317478841414",0,0,1021.1,"LIRF,16242099999,16239099999,AT416,16224099999,LIRA",26.1,10,115,4.8,1,562.0331,30-Sep-2023 12:00:00
NaN,"Clear",2023-09-30T12:30:00,14,26.1,47.17,"41.83019005524591, 12.46317478841414",0,0,1021.1,"LIRF,16242099999,16239099999,AT416,16224099999,LIRA",26.1,10,115,4.8,1,349.9744,30-Sep-2023 12:30:00
26.6,"Partially cloudy",2023-09-30T13:00:00,15.1,28,45.64,"41.83019005524591, 12.46317478841414",0,0,1020.9,"LIRF,16242099999,16239099999,AT416,16224099999,LIRA",27.9,10,NaN,4,1,271.7278,30-Sep-2023 13:00:00
26.6,"Partially cloudy",2023-09-30T13:30:00,15.1,28,45.64,"41.83019005524591, 12.46317478841414",0,0,1020.9,"LIRF,16242099999,16239099999,AT416,16224099999,LIRA",27.9,10,NaN,4,1,215.4657,30-Sep-2023 13:30:00
26.6,"Partially cloudy",2023-09-30T14:00:00,13.1,27.3,40.81,"41.83019005524591, 12.46317478841414",0,0,1020.8,"LIRF,16242099999,16239099999,AT416,16224099999,LIRA",27.6,10,264,10.6,1,99.9515,30-Sep-2023 14:00:00
26.6,"Partially cloudy",2023-09-30T14:30:00,13.1,27.3,40.81,"41.83019005524591, 12.46317478841414",0,0,1020.8,"LIRF,16242099999,16239099999,AT416,16224099999,LIRA",27.6,10,264,10.6,1,293.5909,30-Sep-2023 14:30:00
26.6,"Partially cloudy",2023-09-30T15:00:00,17.7,27.7,57.52,"41.83019005524591, 12.46317478841414",0,0,1020.1,"LIRF,16242099999,16239099999,AT416,16224099999,LIRA",26.8,10,232,11.8,1,388.2854,30-Sep-2023 15:00:00
26.6,"Partially cloudy",2023-09-30T15:30:00,17.7,27.7,57.52,"41.83019005524591, 12.46317478841414",0,0,1020.1,"LIRF,16242099999,16239099999,AT416,16224099999,LIRA",26.8,10,232,11.8,1,286.4056,30-Sep-2023 15:30:00
26.7,"Partially cloudy",2023-09-30T16:00:00,16.6,26.6,54.14,"41.83019005524591, 12.46317478841414",0,0,1020.1,"LIRF,16242099999,16239099999,AT416,16224099999,LIRA",26.6,10,256,13.4,1,241.6792,30-Sep-2023 16:00:00
26.7,"Partially cloudy",2023-09-30T16:30:00,16.6,26.6,54.14,"41.83019005524591, 12.46317478841414",0,0,1020.1,"LIRF,16242099999,16239099999,AT416,16224099999,LIRA",26.6,10,256,13.4,1,172.727,30-Sep-2023 16:30:00
26.6,"Partially cloudy",2023-09-30T17:00:00,16.1,26.6,52.5,"41.83019005524591, 12.46317478841414",0,0,1020,"LIRF,16242099999,16239099999,AT416,16224099999,LIRA",26.6,10,224,13.4,1,101.5323,30-Sep-2023 17:00:00
26.6,"Partially cloudy",2023-09-30T17:30:00,16.1,26.6,52.5,"41.83019005524591, 12.46317478841414",0,0,1020,"LIRF,16242099999,16239099999,AT416,16224099999,LIRA",26.6,10,224,13.4,1,169.8059,30-Sep-2023 17:30:00
NaN,"Clear",2023-09-30T18:00:00,16.7,25.6,57.84,"41.83019005524591, 12.46317478841414",0,0,1020.1,"LIRF,16242099999,16239099999,AT416,16224099999,LIRA",25.6,10,242,11.5,1,146.9298,30-Sep-2023 18:00:00
NaN,"Clear",2023-09-30T18:30:00,16.7,25.6,57.84,"41.83019005524591, 12.46317478841414",0,0,1020.1,"LIRF,16242099999,16239099999,AT416,16224099999,LIRA",25.6,10,242,11.5,1,182.7457,30-Sep-2023 18:30:00
NaN,"Clear",2023-09-30T19:00:00,14.7,23.8,56.93,"41.83019005524591, 12.46317478841414",0,0,1020.1,"LIRF,16242099999,16239099999,AT416,16224099999,LIRA",23.8,10,254,9.3,1,184.0708,30-Sep-2023 19:00:00
NaN,"Clear",2023-09-30T19:30:00,14.7,23.8,56.93,"41.83019005524591, 12.46317478841414",0,0,1020.1,"LIRF,16242099999,16239099999,AT416,16224099999,LIRA",23.8,10,254,9.3,1,473.5565,30-Sep-2023 19:30:00
NaN,"Clear",2023-09-30T20:00:00,13.9,21.8,60.78,"41.83019005524591, 12.46317478841414",0,0,1020.8,"LIRF,16242099999,16239099999,AT416,16224099999,LIRA",21.8,10,230,5.8,1,418.3517,30-Sep-2023 20:00:00
NaN,"Clear",2023-09-30T20:30:00,13.9,21.8,60.78,"41.83019005524591, 12.46317478841414",0,0,1020.8,"LIRF,16242099999,16239099999,AT416,16224099999,LIRA",21.8,10,230,5.8,1,297.4709,30-Sep-2023 20:30:00
NaN,"Clear",2023-09-30T21:00:00,14.6,21.9,63.29,"41.83019005524591, 12.46317478841414",0,0,1020.8,"LIRF,16242099999,16239099999,AT416,16224099999,LIRA",21.9,10,172,7,1,130.5241,30-Sep-2023 21:00:00
NaN,"Clear",2023-09-30T21:30:00,14.6,21.9,63.29,"41.83019005524591, 12.46317478841414",0,0,1020.8,"LIRF,16242099999,16239099999,AT416,16224099999,LIRA",21.9,10,172,7,1,45.1823,30-Sep-2023 21:30:00
NaN,"Clear",2023-09-30T22:00:00,14.6,21,66.82,"41.83019005524591, 12.46317478841414",0,0,1020.8,"LIRF,16242099999,16239099999,AT416,16224099999,LIRA",21,10,150,3.3,1,59.768,30-Sep-2023 22:00:00
NaN,"Clear",2023-09-30T22:30:00,14.6,21,66.82,"41.83019005524591, 12.46317478841414",0,0,1020.8,"LIRF,16242099999,16239099999,AT416,16224099999,LIRA",21,10,150,3.3,1,38.7533,30-Sep-2023 22:30:00
NaN,"Clear",2023-09-30T23:00:00,13.4,20.6,63.44,"41.83019005524591, 12.46317478841414",0,0,1021.1,"LIRF,16242099999,16239099999,AT416,16224099999,LIRA",20.6,10,170,3.6,1,0,30-Sep-2023 23:00:00
NaN,"Clear",2023-09-30T23:30:00,13.4,20.6,63.44,"41.83019005524591, 12.46317478841414",0,0,1021.1,"LIRF,16242099999,16239099999,AT416,16224099999,LIRA",20.6,10,170,3.6,1,0,30-Sep-2023 23:30:00
0,"Clear",2023-10-01T00:00:00,13.5,19.6,67.84,"41.83019005524591, 12.46317478841414",0,0,1021.8,"LIRF,16242099999,16239099999,AT416,16224099999,LIRA",19.6,10,166,7,1,66.373,01-Oct-2023 00:00:00
0,"Clear",2023-10-01T00:30:00,13.5,19.6,67.84,"41.83019005524591, 12.46317478841414",0,0,1021.8,"LIRF,16242099999,16239099999,AT416,16224099999,LIRA",19.6,10,166,7,1,138.1032,01-Oct-2023 00:30:00
0,"Clear",2023-10-01T01:00:00,13.5,19.2,69.6,"41.83019005524591, 12.46317478841414",0,0,1021.1,"LIRF,16242099999,16239099999,AT416,16224099999,LIRA",19.2,9.8,137,3.6,1,144.2796,01-Oct-2023 01:00:00
0,"Clear",2023-10-01T01:30:00,13.5,19.2,69.6,"41.83019005524591, 12.46317478841414",0,0,1021.1,"LIRF,16242099999,16239099999,AT416,16224099999,LIRA",19.2,9.8,137,3.6,1,144.5723,01-Oct-2023 01:30:00
0,"Clear",2023-10-01T02:00:00,13.2,18.2,72.67,"41.83019005524591, 12.46317478841414",0,0,1021.8,"LIRF,16242099999,16239099999,AT416,16224099999,LIRA",18.2,9.6,19,3.7,1,89.5723,01-Oct-2023 02:00:00
0,"Clear",2023-10-01T02:30:00,13.2,18.2,72.67,"41.83019005524591, 12.46317478841414",0,0,1021.8,"LIRF,16242099999,16239099999,AT416,16224099999,LIRA",18.2,9.6,19,3.7,1,61.4151,01-Oct-2023 02:30:00
0,"Clear",2023-10-01T03:00:00,11,16.6,69.48,"41.83019005524591, 12.46317478841414",0,0,1021.8,"LIRF,16242099999,16239099999,AT416,16224099999,LIRA",16.6,9.6,50,5.1,1,22.6849,01-Oct-2023 03:00:00
0,"Clear",2023-10-01T03:30:00,11,16.6,69.48,"41.83019005524591, 12.46317478841414",0,0,1021.8,"LIRF,16242099999,16239099999,AT416,16224099999,LIRA",16.6,9.6,50,5.1,1,0.292699999999996,01-Oct-2023 03:30:00
0,"Clear",2023-10-01T04:00:00,11,16.6,69.48,"41.83019005524591, 12.46317478841414",0,0,1021.1,"LIRF,16242099999,16239099999,AT416,16224099999,LIRA",16.6,10,36,5.6,1,0,01-Oct-2023 04:00:00
0,"Clear",2023-10-01T04:30:00,11,16.6,69.48,"41.83019005524591, 12.46317478841414",0,0,1021.1,"LIRF,16242099999,16239099999,AT416,16224099999,LIRA",16.6,10,36,5.6,1,0,01-Oct-2023 04:30:00
0,"Clear",2023-10-01T05:00:00,11.8,15,81.15,"41.83019005524591, 12.46317478841414",0,0,1021.1,"LIRF,16242099999,16239099999,AT416,16224099999,LIRA",15,10,38,3.7,1,0,01-Oct-2023 05:00:00
0,"Clear",2023-10-01T05:30:00,11.8,15,81.15,"41.83019005524591, 12.46317478841414",0,0,1021.1,"LIRF,16242099999,16239099999,AT416,16224099999,LIRA",15,10,38,3.7,1,0,01-Oct-2023 05:30:00
0,"Clear",2023-10-01T06:00:00,12.4,15,84.05,"41.83019005524591, 12.46317478841414",0,0,1021.1,"LIRF,16242099999,16239099999,AT416,16224099999,LIRA",15,10,23,5.2,1,0,01-Oct-2023 06:00:00
0,"Clear",2023-10-01T06:30:00,12.4,15,84.05,"41.83019005524591, 12.46317478841414",0,0,1021.1,"LIRF,16242099999,16239099999,AT416,16224099999,LIRA",15,10,23,5.2,1,0,01-Oct-2023 06:30:00
0,"Clear",2023-10-01T07:00:00,12.2,14.9,83.88,"41.83019005524591, 12.46317478841414",0,0,1021.8,"LIRF,16242099999,16239099999,AT416,16224099999,LIRA",14.9,10,23,5.5,1,0,01-Oct-2023 07:00:00
0,"Clear",2023-10-01T07:30:00,12.2,14.9,83.88,"41.83019005524591, 12.46317478841414",0,0,1021.8,"LIRF,16242099999,16239099999,AT416,16224099999,LIRA",14.9,10,23,5.5,1,0,01-Oct-2023 07:30:00
NaN,"Clear",2023-10-01T08:00:00,12.2,15.9,78.67,"41.83019005524591, 12.46317478841414",0,0,1022.1,"LIRF,16242099999,16239099999,AT416,16224099999,LIRA",15.9,10,52,5.5,1,0,01-Oct-2023 08:00:00
NaN,"Clear",2023-10-01T08:30:00,12.2,15.9,78.67,"41.83019005524591, 12.46317478841414",0,0,1022.1,"LIRF,16242099999,16239099999,AT416,16224099999,LIRA",15.9,10,52,5.5,1,48.1054,01-Oct-2023 08:30:00
NaN,"Clear",2023-10-01T09:00:00,12.9,18,72.19,"41.83019005524591, 12.46317478841414",0,0,1022.8,"LIRF,16242099999,16239099999,AT416,16224099999,LIRA",18,10,34,7.7,1,102.4456,01-Oct-2023 09:00:00
NaN,"Clear",2023-10-01T09:30:00,12.9,18,72.19,"41.83019005524591, 12.46317478841414",0,0,1022.8,"LIRF,16242099999,16239099999,AT416,16224099999,LIRA",18,10,34,7.7,1,269.273,01-Oct-2023 09:30:00
27.7,"Partially cloudy",2023-10-01T10:00:00,13.1,20.4,63.13,"41.83019005524591, 12.46317478841414",0,0,1022.9,"LIRF,16242099999,16239099999,AT416,16224099999,LIRA",20.4,10,23,6.7,1,368.6453,01-Oct-2023 10:00:00
27.7,"Partially cloudy",2023-10-01T10:30:00,13.1,20.4,63.13,"41.83019005524591, 12.46317478841414",0,0,1022.9,"LIRF,16242099999,16239099999,AT416,16224099999,LIRA",20.4,10,23,6.7,1,196.5851,01-Oct-2023 10:30:00
27.7,"Partially cloudy",2023-10-01T11:00:00,14.9,24.1,56.38,"41.83019005524591, 12.46317478841414",0,0,1023.1,"LIRF,16242099999,16239099999,AT416,16224099999,LIRA",24.1,10,12,6.2,1,219.9032,01-Oct-2023 11:00:00
27.7,"Partially cloudy",2023-10-01T11:30:00,14.9,24.1,56.38,"41.83019005524591, 12.46317478841414",0,0,1023.1,"LIRF,16242099999,16239099999,AT416,16224099999,LIRA",24.1,10,12,6.2,1,378.6903,01-Oct-2023 11:30:00
NaN,"Clear",2023-10-01T12:00:00,15.1,25.9,51.24,"41.83019005524591, 12.46317478841414",0,0,1023.1,"LIRF,16242099999,16239099999,AT416,16224099999,LIRA",25.9,10,220,5.4,1,490.1858,01-Oct-2023 12:00:00
NaN,"Clear",2023-10-01T12:30:00,15.1,25.9,51.24,"41.83019005524591, 12.46317478841414",0,0,1023.1,"LIRF,16242099999,16239099999,AT416,16224099999,LIRA",25.9,10,220,5.4,1,232.6027,01-Oct-2023 12:30:00
NaN,"Clear",2023-10-01T13:00:00,14.3,27.7,43.88,"41.83019005524591, 12.46317478841414",0,0,1023.1,"LIRF,16242099999,16239099999,AT416,16224099999,LIRA",27.7,10,200,6.2,1,301.5662,01-Oct-2023 13:00:00
NaN,"Clear",2023-10-01T13:30:00,14.3,27.7,43.88,"41.83019005524591, 12.46317478841414",0,0,1023.1,"LIRF,16242099999,16239099999,AT416,16224099999,LIRA",27.7,10,200,6.2,1,165.1375,01-Oct-2023 13:30:00
NaN,"Clear",2023-10-01T14:00:00,14.5,28.3,42.3,"41.83019005524591, 12.46317478841414",0,0,1022.8,"LIRF,16242099999,16239099999,AT416,16224099999,LIRA",28.5,10,222,6.2,1,125.8225,01-Oct-2023 14:00:00
NaN,"Clear",2023-10-01T14:30:00,14.5,28.3,42.3,"41.83019005524591, 12.46317478841414",0,0,1022.8,"LIRF,16242099999,16239099999,AT416,16224099999,LIRA",28.5,10,222,6.2,1,217.523,01-Oct-2023 14:30:00
NaN,"Clear",2023-10-01T15:00:00,15.6,28.5,46.03,"41.83019005524591, 12.46317478841414",0,0,1022.1,"LIRF,16242099999,16239099999,AT416,16224099999,LIRA",28.4,10,210,9.3,1,152.3192,01-Oct-2023 15:00:00
NaN,"Clear",2023-10-01T15:30:00,15.6,28.5,46.03,"41.83019005524591, 12.46317478841414",0,0,1022.1,"LIRF,16242099999,16239099999,AT416,16224099999,LIRA",28.4,10,210,9.3,1,215.9435,01-Oct-2023 15:30:00
NaN,"Clear",2023-10-01T16:00:00,15.6,27.8,47.92,"41.83019005524591, 12.46317478841414",0,0,1022.1,"LIRF,16242099999,16239099999,AT416,16224099999,LIRA",27.6,10,222,12.2,1,207.0734,01-Oct-2023 16:00:00
NaN,"Clear",2023-10-01T16:30:00,15.6,27.8,47.92,"41.83019005524591, 12.46317478841414",0,0,1022.1,"LIRF,16242099999,16239099999,AT416,16224099999,LIRA",27.6,10,222,12.2,1,62.8912,01-Oct-2023 16:30:00
NaN,"Clear",2023-10-01T17:00:00,15.2,27.6,47.45,"41.83019005524591, 12.46317478841414",0,0,1021.8,"LIRF,16242099999,16239099999,AT416,16224099999,LIRA",27.4,10,247,12.2,1,240.6115,01-Oct-2023 17:00:00
NaN,"Clear",2023-10-01T17:30:00,15.2,27.6,47.45,"41.83019005524591, 12.46317478841414",0,0,1021.8,"LIRF,16242099999,16239099999,AT416,16224099999,LIRA",27.4,10,247,12.2,1,159.9186,01-Oct-2023 17:30:00
NaN,"Clear",2023-10-01T18:00:00,15.7,25.6,54.39,"41.83019005524591, 12.46317478841414",0,0,1022,"LIRF,16242099999,16239099999,AT416,16224099999,LIRA",25.6,10,230,11.5,1,106.4781,01-Oct-2023 18:00:00
NaN,"Clear",2023-10-01T18:30:00,15.7,25.6,54.39,"41.83019005524591, 12.46317478841414",0,0,1022,"LIRF,16242099999,16239099999,AT416,16224099999,LIRA",25.6,10,230,11.5,1,165.4677,01-Oct-2023 18:30:00
NaN,"Clear",2023-10-01T19:00:00,15.9,23.6,62.05,"41.83019005524591, 12.46317478841414",0,0,1022.1,"LIRF,16242099999,16239099999,AT416,16224099999,LIRA",23.6,10,234,7.9,1,237.5007,01-Oct-2023 19:00:00
NaN,"Clear",2023-10-01T19:30:00,15.9,23.6,62.05,"41.83019005524591, 12.46317478841414",0,0,1022.1,"LIRF,16242099999,16239099999,AT416,16224099999,LIRA",23.6,10,234,7.9,1,162.0514,01-Oct-2023 19:30:00
NaN,"Clear",2023-10-01T20:00:00,16.5,21.8,71.91,"41.83019005524591, 12.46317478841414",0,0,1022.8,"LIRF,16242099999,16239099999,AT416,16224099999,LIRA",21.8,10,212,6.7,1,67.8972,01-Oct-2023 20:00:00
NaN,"Clear",2023-10-01T20:30:00,16.5,21.8,71.91,"41.83019005524591, 12.46317478841414",0,0,1022.8,"LIRF,16242099999,16239099999,AT416,16224099999,LIRA",21.8,10,212,6.7,1,88.4272,01-Oct-2023 20:30:00
NaN,"Clear",2023-10-01T21:00:00,16.3,21.8,70.79,"41.83019005524591, 12.46317478841414",0,0,1022.8,"LIRF,16242099999,16239099999,AT416,16224099999,LIRA",21.8,10,280,3.6,1,40.1633,01-Oct-2023 21:00:00
NaN,"Clear",2023-10-01T21:30:00,16.3,21.8,70.79,"41.83019005524591, 12.46317478841414",0,0,1022.8,"LIRF,16242099999,16239099999,AT416,16224099999,LIRA",21.8,10,280,3.6,1,36.6431,01-Oct-2023 21:30:00
NaN,"Clear",2023-10-01T22:00:00,16.3,21,74.39,"41.83019005524591, 12.46317478841414",0,0,1023,"LIRF,16242099999,16239099999,AT416,16224099999,LIRA",21,10,270,1.9,1,14.6431,01-Oct-2023 22:00:00
NaN,"Clear",2023-10-01T22:30:00,16.3,21,74.39,"41.83019005524591, 12.46317478841414",0,0,1023,"LIRF,16242099999,16239099999,AT416,16224099999,LIRA",21,10,270,1.9,1,0,01-Oct-2023 22:30:00
NaN,"Clear",2023-10-01T23:00:00,14.7,20.6,69.02,"41.83019005524591, 12.46317478841414",0,0,1023.1,"LIRF,16242099999,16239099999,AT416,16224099999,LIRA",20.6,10,134,6.4,1,0,01-Oct-2023 23:00:00
NaN,"Clear",2023-10-01T23:30:00,14.7,20.6,69.02,"41.83019005524591, 12.46317478841414",0,0,1023.1,"LIRF,16242099999,16239099999,AT416,16224099999,LIRA",20.6,10,134,6.4,1,0,01-Oct-2023 23:30:00
NaN,"Clear",2023-10-02T00:00:00,13.8,18.8,72.52,"41.83019005524591, 12.46317478841414",0,0,1023.1,"LIRF,16242099999,16239099999,AT416,16224099999,LIRA",18.8,10,138,4.4,1.5241579027564e-12,46.657,02-Oct-2023 00:00:00
NaN,"Clear",2023-10-02T00:30:00,13.8,18.8,72.52,"41.83019005524591, 12.46317478841414",0,0,1023.1,"LIRF,16242099999,16239099999,AT416,16224099999,LIRA",18.8,10,138,4.4,1.51571675877553e-12,35.657,02-Oct-2023 00:30:00
0,"Clear",2023-10-02T01:00:00,14.4,19.2,73.62,"41.83019005524591, 12.46317478841414",0,0,1023.1,"LIRF,16242099999,16239099999,AT416,16224099999,LIRA",19.2,9.2,29,4,1.50732817110788e-12,24.657,02-Oct-2023 01:00:00
0,"Clear",2023-10-02T01:30:00,14.4,19.2,73.62,"41.83019005524591, 12.46317478841414",0,0,1023.1,"LIRF,16242099999,16239099999,AT416,16224099999,LIRA",19.2,9.2,29,4,1.4989917763268e-12,13.657,02-Oct-2023 01:30:00
0,"Clear",2023-10-02T02:00:00,13.4,18.2,73.32,"41.83019005524591, 12.46317478841414",0,0,1023.1,"LIRF,16242099999,16239099999,AT416,16224099999,LIRA",18.2,8.6,80,7.6,1.49070721390747e-12,2.657,02-Oct-2023 02:00:00
0,"Clear",2023-10-02T02:30:00,13.4,18.2,73.32,"41.83019005524591, 12.46317478841414",0,0,1023.1,"LIRF,16242099999,16239099999,AT416,16224099999,LIRA",18.2,8.6,80,7.6,1.48247412606212e-12,0,02-Oct-2023 02:30:00
0,"Clear",2023-10-02T03:00:00,12.8,17,75.86,"41.83019005524591, 12.46317478841414",0,0,1023.1,"LIRF,16242099999,16239099999,AT416,16224099999,LIRA",17,9,30,5.8,1.47429215758062e-12,0,02-Oct-2023 03:00:00
0,"Clear",2023-10-02T03:30:00,12.8,17,75.86,"41.83019005524591, 12.46317478841414",0,0,1023.1,"LIRF,16242099999,16239099999,AT416,16224099999,LIRA",17,9,30,5.8,1.46616095608406e-12,0,02-Oct-2023 03:30:00
0,"Clear",2023-10-02T04:00:00,15.5,16.3,95.28,"41.83019005524591, 12.46317478841414",0,0,1023.3,"LIRF,16242099999,AT416,16224099999",16.3,5,80,4.1,1.45808017186322e-12,0,02-Oct-2023 04:00:00
0,"Clear",2023-10-02T04:30:00,15.5,16.3,95.28,"41.83019005524591, 12.46317478841414",0,0,1023.3,"LIRF,16242099999,AT416,16224099999",16.3,5,80,4.1,1.45004945772226e-12,0,02-Oct-2023 04:30:00
0,"Clear",2023-10-02T05:00:00,12.5,15.9,80.53,"41.83019005524591, 12.46317478841414",0,0,1023.1,"LIRF,16242099999,16239099999,AT416,16224099999,LIRA",15.9,9.4,29,6.3,1.44206846922783e-12,20.4423,02-Oct-2023 05:00:00
0,"Clear",2023-10-02T05:30:00,12.5,15.9,80.53,"41.83019005524591, 12.46317478841414",0,0,1023.1,"LIRF,16242099999,16239099999,AT416,16224099999,LIRA",15.9,9.4,29,6.3,1.43413686455063e-12,29.7512,02-Oct-2023 05:30:00
NaN,"Clear",2023-10-02T06:00:00,13.1,15.9,83.84,"41.83019005524591, 12.46317478841414",0,0,1023.1,"LIRF,16242099999,16239099999,AT416,16224099999,LIRA",15.9,10,52,5.2,1.42625430431228e-12,76.2082,02-Oct-2023 06:00:00
NaN,"Clear",2023-10-02T06:30:00,13.1,15.9,83.84,"41.83019005524591, 12.46317478841414",0,0,1023.1,"LIRF,16242099999,16239099999,AT416,16224099999,LIRA",15.9,10,52,5.2,1.41842045182993e-12,109.8912,02-Oct-2023 06:30:00
NaN,"Clear",2023-10-02T07:00:00,13,16,82.42,"41.83019005524591, 12.46317478841414",0,0,1023.8,"LIRF,16242099999,16239099999,AT416,16224099999,16234099999,LIRA",16,10,43,5.4,1.41063497296094e-12,220.9258,02-Oct-2023 07:00:00
NaN,"Clear",2023-10-02T07:30:00,13,16,82.42,"41.83019005524591, 12.46317478841414",0,0,1023.8,"LIRF,16242099999,16239099999,AT416,16224099999,16234099999,LIRA",16,10,43,5.4,1.40289753595273e-12,507.9801,02-Oct-2023 07:30:00
NaN,"Clear",2023-10-02T08:00:00,12.9,15.7,83.39,"41.83019005524591, 12.46317478841414",0,0,1023.9,"LIRF,16242099999,16239099999,AT416,16224099999,16234099999,LIRA",15.7,10,53,7.6,1.39520781168307e-12,618.9074,02-Oct-2023 08:00:00
NaN,"Clear",2023-10-02T08:30:00,12.9,15.7,83.39,"41.83019005524591, 12.46317478841414",0,0,1023.9,"LIRF,16242099999,16239099999,AT416,16224099999,16234099999,LIRA",15.7,10,53,7.6,1.38756547350783e-12,623.2012,02-Oct-2023 08:30:00
NaN,"Clear",2023-10-02T09:00:00,13.2,18,73.62,"41.83019005524591, 12.46317478841414",0,0,1024.1,"LIRF,16242099999,16239099999,AT416,16224099999,16234099999,LIRA",18,10,20,6.7,1.37997019711367e-12,667.4791,02-Oct-2023 09:00:00
NaN,"Clear",2023-10-02T09:30:00,13.2,18,73.62,"41.83019005524591, 12.46317478841414",0,0,1024.1,"LIRF,16242099999,16239099999,AT416,16224099999,16234099999,LIRA",18,10,20,6.7,1.37242166075416e-12,665.7798,02-Oct-2023 09:30:00
NaN,"Clear",2023-10-02T10:00:00,13,20.4,62.31,"41.83019005524591, 12.46317478841414",0,0,1024.8,"LIRF,16242099999,16239099999,AT416,16224099999,16234099999,LIRA",20.4,10,43,7.7,1.36491954510044e-12,652.4716,02-Oct-2023 10:00:00
NaN,"Clear",2023-10-02T10:30:00,13,20.4,62.31,"41.83019005524591, 12.46317478841414",0,0,1024.8,"LIRF,16242099999,16239099999,AT416,16224099999,16234099999,LIRA",20.4,10,43,7.7,1.35746353309685e-12,454.0682,02-Oct-2023 10:30:00
NaN,"Clear",2023-10-02T11:00:00,13.2,24.1,50.28,"41.83019005524591, 12.46317478841414",0,0,1024.8,"LIRF,16242099999,16239099999,AT416,16224099999,16234099999,LIRA",24.1,10,32,7.7,1.35005331019276e-12,382.5196,02-Oct-2023 11:00:00
NaN,"Clear",2023-10-02T11:30:00,13.2,24.1,50.28,"41.83019005524591, 12.46317478841414",0,0,1024.8,"LIRF,16242099999,16239099999,AT416,16224099999,16234099999,LIRA",24.1,10,32,7.7,1.34268856419626e-12,722.3497,02-Oct-2023 11:30:00
NaN,"Clear",2023-10-02T12:00:00,14.3,27,46.53,"41.83019005524591, 12.46317478841414",0,0,1024.8,"LIRF,16242099999,16239099999,AT416,16224099999,16234099999,LIRA",26.7,10,319,7.6,1.3353689851325e-12,669.2605,02-Oct-2023 12:00:00
NaN,"Clear",2023-10-02T12:30:00,14.3,27,46.53,"41.83019005524591, 12.46317478841414",0,0,1024.8,"LIRF,16242099999,16239099999,AT416,16224099999,16234099999,LIRA",26.7,10,319,7.6,1.3280942654715e-12,769.5235,02-Oct-2023 12:30:00
NaN,"Clear",2023-10-02T13:00:00,13.3,27.5,41.09,"41.83019005524591, 12.46317478841414",0,0,1024.8,"LIRF,16242099999,16239099999,AT416,16224099999,16234099999,LIRA",27.7,10,33,6.8,1.32086409998461e-12,504.535,02-Oct-2023 13:00:00
NaN,"Clear",2023-10-02T13:30:00,13.3,27.5,41.09,"41.83019005524591, 12.46317478841414",0,0,1024.8,"LIRF,16242099999,16239099999,AT416,16224099999,16234099999,LIRA",27.7,10,33,6.8,1.31367818560564e-12,364.0059,02-Oct-2023 13:30:00
NaN,"Clear",2023-10-02T14:00:00,13.6,27.6,41.86,"41.83019005524591, 12.46317478841414",0,0,1024.1,"LIRF,16242099999,16239099999,AT416,16224099999,16234099999,LIRA",27.8,10,220,11,1.30653622165464e-12,341.2413,02-Oct-2023 14:00:00
NaN,"Clear",2023-10-02T14:30:00,13.6,27.6,41.86,"41.83019005524591, 12.46317478841414",0,0,1024.1,"LIRF,16242099999,16239099999,AT416,16224099999,16234099999,LIRA",27.8,10,220,11,1.29943790969716e-12,255.4792,02-Oct-2023 14:30:00
NaN,"Clear",2023-10-02T15:00:00,15.4,27.3,49.46,"41.83019005524591, 12.46317478841414",0,0,1023.8,"LIRF,16242099999,16239099999,AT416,16224099999,16234099999,LIRA",26.9,10,251,13.2,1.29238295340802e-12,195.2535,02-Oct-2023 15:00:00
NaN,"Clear",2023-10-02T15:30:00,15.4,27.3,49.46,"41.83019005524591, 12.46317478841414",0,0,1023.8,"LIRF,16242099999,16239099999,AT416,16224099999,16234099999,LIRA",26.9,10,251,13.2,1.2853710587912e-12,128.9736,02-Oct-2023 15:30:00
NaN,"Clear",2023-10-02T16:00:00,15.5,27.9,47.42,"41.83019005524591, 12.46317478841414",0,0,1023.8,"LIRF,16242099999,16239099999,AT416,16224099999,16234099999,LIRA",27.7,10,226,10.3,1.27840193404178e-12,249.2133,02-Oct-2023 16:00:00
NaN,"Clear",2023-10-02T16:30:00,15.5,27.9,47.42,"41.83019005524591, 12.46317478841414",0,0,1023.8,"LIRF,16242099999,16239099999,AT416,16224099999,16234099999,LIRA",27.7,10,226,10.3,1.27147528941237e-12,474.0296,02-Oct-2023 16:30:00
NaN,"Clear",2023-10-02T17:00:00,16.4,27.3,53.13,"41.83019005524591, 12.46317478841414",0,0,1023.1,"LIRF,16242099999,16239099999,AT416,16224099999,16234099999,LIRA",26.7,10,221,8.3,1.26459083742912e-12,300.79,02-Oct-2023 17:00:00
NaN,"Clear",2023-10-02T17:30:00,16.4,27.3,53.13,"41.83019005524591, 12.46317478841414",0,0,1023.1,"LIRF,16242099999,16239099999,AT416,16224099999,16234099999,LIRA",26.7,10,221,8.3,1.2577482927563e-12,125.0935,02-Oct-2023 17:30:00
NaN,"Clear",2023-10-02T18:00:00,16.4,25.9,56.02,"41.83019005524591, 12.46317478841414",0,0,1023.1,"LIRF,16242099999,16239099999,AT416,16224099999,16234099999,LIRA",25.9,10,225,9.9,1.25094737206533e-12,193.9118,02-Oct-2023 18:00:00
NaN,"Clear",2023-10-02T18:30:00,16.4,25.9,56.02,"41.83019005524591, 12.46317478841414",0,0,1023.1,"LIRF,16242099999,16239099999,AT416,16224099999,16234099999,LIRA",25.9,10,225,9.9,1.24418779424701e-12,137.1532,02-Oct-2023 18:30:00
0,"Clear",2023-10-02T19:00:00,16.8,23.9,64.48,"41.83019005524591, 12.46317478841414",0,0,1023.1,"LIRF,16242099999,16239099999,AT416,16224099999,16234099999,LIRA",23.9,10,238,9,1.23746928027866e-12,290.5416,02-Oct-2023 19:00:00
0,"Clear",2023-10-02T19:30:00,16.8,23.9,64.48,"41.83019005524591, 12.46317478841414",0,0,1023.1,"LIRF,16242099999,16239099999,AT416,16224099999,16234099999,LIRA",23.9,10,238,9,1.23079155309572e-12,342.3027,02-Oct-2023 19:30:00
0,"Clear",2023-10-02T20:00:00,17.5,22.8,71.87,"41.83019005524591, 12.46317478841414",0,0,1023.8,"LIRF,16242099999,16239099999,AT416,16224099999,16234099999,LIRA",22.8,10,238,5.5,1.22415433780019e-12,165.5013,02-Oct-2023 20:00:00
0,"Clear",2023-10-02T20:30:00,17.5,22.8,71.87,"41.83019005524591, 12.46317478841414",0,0,1023.8,"LIRF,16242099999,16239099999,AT416,16224099999,16234099999,LIRA",22.8,10,238,5.5,1.21755736153042e-12,77.2968,02-Oct-2023 20:30:00
NaN,"Clear",2023-10-02T21:00:00,18.3,21,84.71,"41.83019005524591, 12.46317478841414",0,0,1023.8,"LIRF,16242099999,16239099999,AT416,16224099999,LIRA",21,10,228,4.7,1.21100035333504e-12,152.7299,02-Oct-2023 21:00:00
NaN,"Clear",2023-10-02T21:30:00,18.3,21,84.71,"41.83019005524591, 12.46317478841414",0,0,1023.8,"LIRF,16242099999,16239099999,AT416,16224099999,LIRA",21,10,228,4.7,1.20448304437787e-12,173.2636,02-Oct-2023 21:30:00
0,"Clear",2023-10-02T22:00:00,18.9,20.6,89.99,"41.83019005524591, 12.46317478841414",0,0,1024.1,"LIRF,16242099999,16239099999,AT416,16224099999,LIRA",20.6,9.8,230,3.6,1.19800516781015e-12,110.8087,02-Oct-2023 22:00:00
0,"Clear",2023-10-02T22:30:00,18.9,20.6,89.99,"41.83019005524591, 12.46317478841414",0,0,1024.1,"LIRF,16242099999,16239099999,AT416,16224099999,LIRA",20.6,9.8,230,3.6,1.1915664586469e-12,66.8087,02-Oct-2023 22:30:00
0,"Clear",2023-10-02T23:00:00,17.9,19.6,89.76,"41.83019005524591, 12.46317478841414",0,0,1024.1,"LIRF,16242099999,16239099999,AT416,16224099999,LIRA",19.6,9.6,60,2.2,1.1851666539682e-12,18.6023,02-Oct-2023 23:00:00
0,"Clear",2023-10-02T23:30:00,17.9,19.6,89.76,"41.83019005524591, 12.46317478841414",0,0,1024.1,"LIRF,16242099999,16239099999,AT416,16224099999,LIRA",19.6,9.6,60,2.2,1.17880549279392e-12,0,02-Oct-2023 23:30:00
0,"Clear",2023-10-03T00:00:00,16.2,19.6,80.88,"41.83019005524591, 12.46317478841414",0,0,1024.1,"LIRF,16242099999,16239099999,AT416,16224099999,LIRA",19.6,9.6,70,4.4,1.17248271596242e-12,0,03-Oct-2023 00:00:00
0,"Clear",2023-10-03T00:30:00,16.2,19.6,80.88,"41.83019005524591, 12.46317478841414",0,0,1024.1,"LIRF,16242099999,16239099999,AT416,16224099999,LIRA",19.6,9.6,70,4.4,1.16619806632831e-12,0,03-Oct-2023 00:30:00
0,"Clear",2023-10-03T01:00:00,17,18.6,90.16,"41.83019005524591, 12.46317478841414",0,0,1024.1,"LIRF,16242099999,16239099999,AT416,16224099999,LIRA",18.6,8.8,66,4,1.15995128863958e-12,0,03-Oct-2023 01:00:00
0,"Clear",2023-10-03T01:30:00,17,18.6,90.16,"41.83019005524591, 12.46317478841414",0,0,1024.1,"LIRF,16242099999,16239099999,AT416,16224099999,LIRA",18.6,8.8,66,4,1.15374212941858e-12,0,03-Oct-2023 01:30:00
0,"Clear",2023-10-03T02:00:00,16.2,18.6,85.79,"41.83019005524591, 12.46317478841414",0,0,1024,"LIRF,16242099999,16239099999,AT416,16224099999,LIRA",18.6,8.4,52,5,1.14757033715639e-12,41.2468,03-Oct-2023 02:00:00
0,"Clear",2023-10-03T02:30:00,16.2,18.6,85.79,"41.83019005524591, 12.46317478841414",0,0,1024,"LIRF,16242099999,16239099999,AT416,16224099999,LIRA",18.6,8.4,52,5,1.14143566219221e-12,79.0338,03-Oct-2023 02:30:00
0,"Clear",2023-10-03T03:00:00,15,18.2,81.56,"41.83019005524591, 12.46317478841414",0,0,1023.8,"LIRF,16242099999,16239099999,AT416,16224099999,LIRA",18.2,8.4,58,5.4,1.13533785659669e-12,57.0338,03-Oct-2023 03:00:00
0,"Clear",2023-10-03T03:30:00,15,18.2,81.56,"41.83019005524591, 12.46317478841414",0,0,1023.8,"LIRF,16242099999,16239099999,AT416,16224099999,LIRA",18.2,8.4,58,5.4,1.12927667436283e-12,35.0338,03-Oct-2023 03:30:00
0,"Clear",2023-10-03T04:00:00,15.1,15.4,98.4,"41.83019005524591, 12.46317478841414",0,0,1023.3,"LIRF,16242099999,AT416,16224099999",15.4,2,29,3.8,1.12325187128776e-12,15.787,03-Oct-2023 04:00:00
0,"Clear",2023-10-03T04:30:00,15.1,15.4,98.4,"41.83019005524591, 12.46317478841414",0,0,1023.3,"LIRF,16242099999,AT416,16224099999",15.4,2,29,3.8,1.11726320485814e-12,4.78700000000001,03-Oct-2023 04:30:00
0,"Clear",2023-10-03T05:00:00,15.2,16.8,90.19,"41.83019005524591, 12.46317478841414",0,0,1023,"LIRF,16242099999,16239099999,AT416,16224099999,LIRA",16.8,8.8,40,5,1.1113104344379e-12,0,03-Oct-2023 05:00:00
0,"Clear",2023-10-03T05:30:00,15.2,16.8,90.19,"41.83019005524591, 12.46317478841414",0,0,1023,"LIRF,16242099999,16239099999,AT416,16224099999,LIRA",16.8,8.8,40,5,1.10539332115215e-12,48.7827,03-Oct-2023 05:30:00
0,"Clear",2023-10-03T06:00:00,14.4,16,90.29,"41.83019005524591, 12.46317478841414",0,0,1022.8,"LIRF,16242099999,16239099999,AT416,16224099999,LIRA",16,9.2,41,5.4,1.09951162777479e-12,243.7208,03-Oct-2023 06:00:00
0,"Clear",2023-10-03T06:30:00,14.4,16,90.29,"41.83019005524591, 12.46317478841414",0,0,1022.8,"LIRF,16242099999,16239099999,AT416,16224099999,LIRA",16,9.2,41,5.4,1.093665118913e-12,409.116,03-Oct-2023 06:30:00
0,"Clear",2023-10-03T07:00:00,14.2,16.5,86.23,"41.83019005524591, 12.46317478841414",0,0,1022.9,"LIRF,16242099999,16239099999,AT416,16224099999,16234099999,LIRA",16.5,9.2,47,4.3,1.08785356089329e-12,580.1334,03-Oct-2023 07:00:00
0,"Clear",2023-10-03T07:30:00,14.2,16.5,86.23,"41.83019005524591, 12.46317478841414",0,0,1022.9,"LIRF,16242099999,16239099999,AT416,16224099999,16234099999,LIRA",16.5,9.2,47,4.3,1.08207672165133e-12,605.7974,03-Oct-2023 07:30:00
0,"Clear",2023-10-03T08:00:00,14,16.4,86.07,"41.83019005524591, 12.46317478841414",0,0,1023,"LIRF,16242099999,16239099999,AT416,16224099999,16234099999,LIRA",16.4,9.4,27,5.2,1.07633437091312e-12,705.4582,03-Oct-2023 08:00:00
0,"Clear",2023-10-03T08:30:00,14,16.4,86.07,"41.83019005524591, 12.46317478841414",0,0,1023,"LIRF,16242099999,16239099999,AT416,16224099999,16234099999,LIRA",16.4,9.4,27,5.2,1.07062628008332e-12,855.2379,03-Oct-2023 08:30:00
NaN,"Clear",2023-10-03T09:00:00,14.6,17.8,81.86,"41.83019005524591, 12.46317478841414",0,0,1023.1,"LIRF,16242099999,16239099999,AT416,16224099999,16234099999,LIRA",17.8,10,10,4.6,1.06495222213703e-12,840.243,03-Oct-2023 09:00:00
NaN,"Clear",2023-10-03T09:30:00,14.6,17.8,81.86,"41.83019005524591, 12.46317478841414",0,0,1023.1,"LIRF,16242099999,16239099999,AT416,16224099999,16234099999,LIRA",17.8,10,10,4.6,1.05931197179792e-12,649.5964,03-Oct-2023 09:30:00
NaN,"Clear",2023-10-03T10:00:00,14.4,21.2,65.37,"41.83019005524591, 12.46317478841414",0,0,1023.8,"LIRF,16242099999,16239099999,AT416,16224099999,16234099999,LIRA",21.2,10,34,5.7,1.05370530542863e-12,739.4376,03-Oct-2023 10:00:00
NaN,"Clear",2023-10-03T10:30:00,14.4,21.2,65.37,"41.83019005524591, 12.46317478841414",0,0,1023.8,"LIRF,16242099999,16239099999,AT416,16224099999,16234099999,LIRA",21.2,10,34,5.7,1.04813200092453e-12,663.9008,03-Oct-2023 10:30:00
NaN,"Clear",2023-10-03T11:00:00,15.3,24.2,57.57,"41.83019005524591, 12.46317478841414",0,0,1023.9,"LIRF,16242099999,16239099999,AT416,16224099999,16234099999,LIRA",24.2,10,182,2.6,1.0425918378889e-12,658.4482,03-Oct-2023 11:00:00
NaN,"Clear",2023-10-03T11:30:00,15.3,24.2,57.57,"41.83019005524591, 12.46317478841414",0,0,1023.9,"LIRF,16242099999,16239099999,AT416,16224099999,16234099999,LIRA",24.2,10,182,2.6,1.03708459752523e-12,714.1256,03-Oct-2023 11:30:00
NaN,"Clear",2023-10-03T12:00:00,15,27.3,47.78,"41.83019005524591, 12.46317478841414",0,0,1023.9,"LIRF,16242099999,16239099999,AT416,16224099999,16234099999,LIRA",27,10,180,5.7,1.03161006253313e-12,634.5617,03-Oct-2023 12:00:00
NaN,"Clear",2023-10-03T12:30:00,15,27.3,47.78,"41.83019005524591, 12.46317478841414",0,0,1023.9,"LIRF,16242099999,16239099999,AT416,16224099999,16234099999,LIRA",27,10,180,5.7,1.02616801728035e-12,332.3095,03-Oct-2023 12:30:00
NaN,"Clear",2023-10-03T13:00:00,14.3,28.4,41.73,"41.83019005524591, 12.46317478841414",0,0,1023.8,"LIRF,16242099999,16239099999,AT416,16224099999,16234099999,LIRA",28.6,10,226,7.3,1.0207582476972e-12,331.1254,03-Oct-2023 13:00:00
NaN,"Clear",2023-10-03T13:30:00,14.3,28.4,41.73,"41.83019005524591, 12.46317478841414",0,0,1023.8,"LIRF,16242099999,16239099999,AT416,16224099999,16234099999,LIRA",28.6,10,226,7.3,1.01538054117432e-12,327.2513,03-Oct-2023 13:30:00
NaN,"Rain",2023-10-03T14:00:00,15.6,29.4,43.11,"41.83019005524591, 12.46317478841414",0.049,100,1023.1,"LIRF,16242099999,16239099999,AT416,16224099999,16234099999,LIRA",29.4,10,241,11.8,1.01003468673184e-12,259.6625,03-Oct-2023 14:00:00
NaN,"Rain",2023-10-03T14:30:00,15.6,29.4,43.11,"41.83019005524591, 12.46317478841414",0.049,100,1023.1,"LIRF,16242099999,16239099999,AT416,16224099999,16234099999,LIRA",29.4,10,241,11.8,1.00472047491568e-12,320.4964,03-Oct-2023 14:30:00
NaN,"Clear",2023-10-03T15:00:00,14.9,28.4,43.71,"41.83019005524591, 12.46317478841414",0,0,1023,"LIRF,16242099999,16239099999,AT416,16224099999,16234099999,LIRA",28.5,10,246,15,9.99437697697303e-13,304.2796,03-Oct-2023 15:00:00
NaN,"Clear",2023-10-03T15:30:00,14.9,28.4,43.71,"41.83019005524591, 12.46317478841414",0,0,1023,"LIRF,16242099999,16239099999,AT416,16224099999,16234099999,LIRA",28.5,10,246,15,9.94186148639874e-13,243.0335,03-Oct-2023 15:30:00
NaN,"Clear",2023-10-03T16:00:00,14.5,28.1,42.93,"41.83019005524591, 12.46317478841414",0,0,1022.8,"LIRF,16242099999,16239099999,AT416,16224099999,16234099999,LIRA",28.2,10,237,13.2,9.8896562279661e-13,202.7718,03-Oct-2023 16:00:00
NaN,"Clear",2023-10-03T16:30:00,14.5,28.1,42.93,"41.83019005524591, 12.46317478841414",0,0,1022.8,"LIRF,16242099999,16239099999,AT416,16224099999,16234099999,LIRA",28.2,10,237,13.2,9.83775916612288e-13,238.7728,03-Oct-2023 16:30:00
NaN,"Clear",2023-10-03T17:00:00,13.1,27.3,41.19,"41.83019005524591, 12.46317478841414",0,0,1022.8,"LIRF,16242099999,16239099999,AT416,16224099999,16234099999,LIRA",27.4,10,245,13.1,9.7861682808665e-13,158.6054,03-Oct-2023 17:00:00
NaN,"Clear",2023-10-03T17:30:00,13.1,27.3,41.19,"41.83019005524591, 12.46317478841414",0,0,1022.8,"LIRF,16242099999,16239099999,AT416,16224099999,16234099999,LIRA",27.4,10,245,13.1,9.73488156674576e-13,216.5016,03-Oct-2023 17:30:00
NaN,"Clear",2023-10-03T18:00:00,11.6,26.4,39.58,"41.83019005524591, 12.46317478841414",0,0,1022.1,"LIRF,16242099999,16239099999,AT416,16224099999,16234099999,LIRA",26.4,10,245,9.9,9.68389703189446e-13,392.6404,03-Oct-2023 18:00:00
NaN,"Clear",2023-10-03T18:30:00,11.6,26.4,39.58,"41.83019005524591, 12.46317478841414",0,0,1022.1,"LIRF,16242099999,16239099999,AT416,16224099999,16234099999,LIRA",26.4,10,245,9.9,9.63321269963751e-13,159.5561,03-Oct-2023 18:30:00
NaN,"Clear",2023-10-03T19:00:00,13.6,24.6,50.24,"41.83019005524591, 12.46317478841414",0,0,1022.8,"LIRF,16242099999,16239099999,AT416,LIRA",24.6,10,240,7.6,9.58282660751113e-13,32.4261,03-Oct-2023 19:00:00
NaN,"Clear",2023-10-03T19:30:00,13.6,24.6,50.24,"41.83019005524591, 12.46317478841414",0,0,1022.8,"LIRF,16242099999,16239099999,AT416,LIRA",24.6,10,240,7.6,9.53273680631433e-13,12.6559,03-Oct-2023 19:30:00
NaN,"Clear",2023-10-03T20:00:00,15,21.8,65.46,"41.83019005524591, 12.46317478841414",0,0,1022.8,"LIRF,16242099999,16239099999,AT416,16224099999,16234099999,LIRA",21.8,10,243,5.9,9.48294136168764e-13,1.6559,03-Oct-2023 20:00:00
NaN,"Clear",2023-10-03T20:30:00,15,21.8,65.46,"41.83019005524591, 12.46317478841414",0,0,1022.8,"LIRF,16242099999,16239099999,AT416,16224099999,16234099999,LIRA",21.8,10,243,5.9,9.43343835315148e-13,0,03-Oct-2023 20:30:00
NaN,"Clear",2023-10-03T21:00:00,17.3,20.9,79.81,"41.83019005524591, 12.46317478841414",0,0,1022.8,"LIRF,16242099999,16239099999,AT416,16224099999,LIRA",20.9,10,270,4.4,9.38422587317501e-13,0,03-Oct-2023 21:00:00
NaN,"Clear",2023-10-03T21:30:00,17.3,20.9,79.81,"41.83019005524591, 12.46317478841414",0,0,1022.8,"LIRF,16242099999,16239099999,AT416,16224099999,LIRA",20.9,10,270,4.4,9.33530202872813e-13,48.0202,03-Oct-2023 21:30:00
0,"Clear",2023-10-03T22:00:00,16.4,20,79.81,"41.83019005524591, 12.46317478841414",0,0,1023,"LIRF,16242099999,16239099999,AT416,16224099999,LIRA",20,9.8,NaN,2.2,9.2866649403375e-13,37.0202,03-Oct-2023 22:00:00
0,"Clear",2023-10-03T22:30:00,16.4,20,79.81,"41.83019005524591, 12.46317478841414",0,0,1023,"LIRF,16242099999,16239099999,AT416,16224099999,LIRA",20,9.8,NaN,2.2,9.2383127411725e-13,26.0202,03-Oct-2023 22:30:00
0,"Clear",2023-10-03T23:00:00,13.7,19.6,68.94,"41.83019005524591, 12.46317478841414",0,0,1023,"LIRF,16242099999,16239099999,AT416,16224099999,LIRA",19.6,9.8,164,4.7,9.19024357857094e-13,15.0202,03-Oct-2023 23:00:00
0,"Clear",2023-10-03T23:30:00,13.7,19.6,68.94,"41.83019005524591, 12.46317478841414",0,0,1023,"LIRF,16242099999,16239099999,AT416,16224099999,LIRA",19.6,9.8,164,4.7,9.14245561311241e-13,0,03-Oct-2023 23:30:00
0,"Clear",2023-10-04T00:00:00,13.7,18.8,72.51,"41.83019005524591, 12.46317478841414",0,0,1023,"LIRF,16242099999,16239099999,AT416,16224099999,LIRA",18.8,9.6,130,6.7,9.09494701772101e-13,0,04-Oct-2023 00:00:00
0,"Clear",2023-10-04T00:30:00,13.7,18.8,72.51,"41.83019005524591, 12.46317478841414",0,0,1023,"LIRF,16242099999,16239099999,AT416,16224099999,LIRA",18.8,9.6,130,6.7,9.0477159791652e-13,0,04-Oct-2023 00:30:00
0,"Clear",2023-10-04T01:00:00,12.2,18.6,66.49,"41.83019005524591, 12.46317478841414",0,0,1023,"LIRF,16242099999,16239099999,AT416,16224099999,LIRA",18.6,9.6,57,3.9,9.00076069714816e-13,0,04-Oct-2023 01:00:00
0,"Clear",2023-10-04T01:30:00,12.2,18.6,66.49,"41.83019005524591, 12.46317478841414",0,0,1023,"LIRF,16242099999,16239099999,AT416,16224099999,LIRA",18.6,9.6,57,3.9,8.95407938342693e-13,0,04-Oct-2023 01:30:00
23.5,"Partially cloudy",2023-10-04T02:00:00,12.5,18.2,69.17,"41.83019005524591, 12.46317478841414",0,0,1022.8,"LIRF,16242099999,16239099999,AT416,16224099999,LIRA",18.2,9.4,30,3.9,8.90767026328688e-13,0,04-Oct-2023 02:00:00
23.5,"Partially cloudy",2023-10-04T02:30:00,12.5,18.2,69.17,"41.83019005524591, 12.46317478841414",0,0,1022.8,"LIRF,16242099999,16239099999,AT416,16224099999,LIRA",18.2,9.4,30,3.9,8.86153157464875e-13,0,04-Oct-2023 02:30:00
0,"Clear",2023-10-04T03:00:00,12.2,17.8,70.08,"41.83019005524591, 12.46317478841414",0,0,1022.8,"LIRF,16242099999,16239099999,AT416,16224099999,LIRA",17.8,8.6,118,6.7,8.81566156720386e-13,0,04-Oct-2023 03:00:00
0,"Clear",2023-10-04T03:30:00,12.2,17.8,70.08,"41.83019005524591, 12.46317478841414",0,0,1022.8,"LIRF,16242099999,16239099999,AT416,16224099999,LIRA",17.8,8.6,118,6.7,8.77005850386368e-13,0,04-Oct-2023 03:30:00
0,"Clear",2023-10-04T04:00:00,11.3,17.6,66.52,"41.83019005524591, 12.46317478841414",0,0,1022.8,"LIRF,16242099999,16239099999,AT416,16224099999,LIRA",17.6,8.4,118,5.4,8.72472065988315e-13,41.2468,04-Oct-2023 04:00:00
0,"Clear",2023-10-04T04:30:00,11.3,17.6,66.52,"41.83019005524591, 12.46317478841414",0,0,1022.8,"LIRF,16242099999,16239099999,AT416,16224099999,LIRA",17.6,8.4,118,5.4,8.67964632201168e-13,48.1594,04-Oct-2023 04:30:00
0,"Clear",2023-10-04T05:00:00,12.6,17.4,73.7,"41.83019005524591, 12.46317478841414",0,0,1022.1,"LIRF,16242099999,16239099999,AT416,16224099999,LIRA",17.4,9.2,127,4.5,8.63483378991828e-13,26.1594,04-Oct-2023 05:00:00
0,"Clear",2023-10-04T05:30:00,12.6,17.4,73.7,"41.83019005524591, 12.46317478841414",0,0,1022.1,"LIRF,16242099999,16239099999,AT416,16224099999,LIRA",17.4,9.2,127,4.5,8.59028137533084e-13,56.7642,04-Oct-2023 05:30:00
78.2,"Partially cloudy",2023-10-04T06:00:00,14.2,16.6,85.89,"41.83019005524591, 12.46317478841414",0,0,1022,"LIRF,16242099999,16239099999,AT416,16224099999,LIRA",16.6,6.4,40,5.9,8.54598740120257e-13,125.3452,04-Oct-2023 06:00:00
78.2,"Partially cloudy",2023-10-04T06:30:00,14.2,16.6,85.89,"41.83019005524591, 12.46317478841414",0,0,1022,"LIRF,16242099999,16239099999,AT416,16224099999,LIRA",16.6,6.4,40,5.9,8.50195020311312e-13,217.5519,04-Oct-2023 06:30:00
23.5,"Partially cloudy",2023-10-04T07:00:00,14.8,16.4,90.67,"41.83019005524591, 12.46317478841414",0,0,1022.1,"LIRF,16242099999,16239099999,AT416,16224099999,16234099999,LIRA",16.4,8.3,36,7.2,8.45816812842358e-13,287.5786,04-Oct-2023 07:00:00
23.5,"Partially cloudy",2023-10-04T07:30:00,14.8,16.4,90.67,"41.83019005524591, 12.46317478841414",0,0,1022.1,"LIRF,16242099999,16239099999,AT416,16224099999,16234099999,LIRA",16.4,8.3,36,7.2,8.41463953545791e-13,602.1366,04-Oct-2023 07:30:00
27.7,"Rain, Partially cloudy",2023-10-04T08:00:00,12.1,15.9,78.09,"41.83019005524591, 12.46317478841414",0.049,100,1022.1,"LIRF,16242099999,16239099999,AT416,16224099999,16234099999,LIRA",15.9,8.9,24,8.9,8.37136279488066e-13,846.8823,04-Oct-2023 08:00:00
27.7,"Rain, Partially cloudy",2023-10-04T08:30:00,12.1,15.9,78.09,"41.83019005524591, 12.46317478841414",0.049,100,1022.1,"LIRF,16242099999,16239099999,AT416,16224099999,16234099999,LIRA",15.9,8.9,24,8.9,8.32833628886721e-13,1142.9198,04-Oct-2023 08:30:00
27.7,"Partially cloudy",2023-10-04T09:00:00,12.3,17,74,"41.83019005524591, 12.46317478841414",0,0,1022.8,"LIRF,16242099999,16239099999,AT416,16224099999,16234099999,LIRA",17,9.1,37,6.9,8.28555841030003e-13,1056.9914,04-Oct-2023 09:00:00
27.7,"Partially cloudy",2023-10-04T09:30:00,12.3,17,74,"41.83019005524591, 12.46317478841414",0,0,1022.8,"LIRF,16242099999,16239099999,AT416,16224099999,16234099999,LIRA",17,9.1,37,6.9,8.24302756412329e-13,1005.2802,04-Oct-2023 09:30:00
NaN,"Clear",2023-10-04T10:00:00,11.2,20,57.09,"41.83019005524591, 12.46317478841414",0,0,1023,"LIRF,16242099999,16239099999,AT416,16234099999,LIRA",20,10,49,7.7,8.20074216652813e-13,910.63,04-Oct-2023 10:00:00
NaN,"Clear",2023-10-04T10:30:00,11.2,20,57.09,"41.83019005524591, 12.46317478841414",0,0,1023,"LIRF,16242099999,16239099999,AT416,16234099999,LIRA",20,10,49,7.7,8.15870064416344e-13,586.9245,04-Oct-2023 10:30:00
NaN,"Clear",2023-10-04T11:00:00,12.8,23.2,52.14,"41.83019005524591, 12.46317478841414",0,0,1023,"LIRF,16242099999,16239099999,AT416,16234099999,LIRA",23.2,10,306,5.3,8.11690143546774e-13,378.248,04-Oct-2023 11:00:00
NaN,"Clear",2023-10-04T11:30:00,12.8,23.2,52.14,"41.83019005524591, 12.46317478841414",0,0,1023,"LIRF,16242099999,16239099999,AT416,16234099999,LIRA",23.2,10,306,5.3,8.07534298986921e-13,277.741,04-Oct-2023 11:30:00
NaN,"Clear",2023-10-04T12:00:00,11.2,25.9,39.72,"41.83019005524591, 12.46317478841414",0,0,1023.1,"LIRF,16242099999,16239099999,AT416,16224099999,16234099999,LIRA",25.9,10,238,10.5,8.03402376701065e-13,330.713,04-Oct-2023 12:00:00
NaN,"Clear",2023-10-04T12:30:00,11.2,25.9,39.72,"41.83019005524591, 12.46317478841414",0,0,1023.1,"LIRF,16242099999,16239099999,AT416,16224099999,16234099999,LIRA",25.9,10,238,10.5,7.99294223805915e-13,490.5677,04-Oct-2023 12:30:00
NaN,"Clear",2023-10-04T13:00:00,12.1,27.1,38.75,"41.83019005524591, 12.46317478841414",0,0,1023.1,"LIRF,16242099999,16239099999,AT416,16224099999,16234099999,LIRA",27.3,10,250,12.3,7.95209688492048e-13,433.4945,04-Oct-2023 13:00:00
NaN,"Clear",2023-10-04T13:30:00,12.1,27.1,38.75,"41.83019005524591, 12.46317478841414",0,0,1023.1,"LIRF,16242099999,16239099999,AT416,16224099999,16234099999,LIRA",27.3,10,250,12.3,7.91148619947796e-13,349.9369,04-Oct-2023 13:30:00
NaN,"Clear",2023-10-04T14:00:00,13.1,26.9,42.69,"41.83019005524591, 12.46317478841414",0,0,1022.8,"LIRF,16242099999,16239099999,AT416,16224099999,16234099999,LIRA",26.8,10,237,12.9,7.87110868488038e-13,279.7134,04-Oct-2023 14:00:00
NaN,"Clear",2023-10-04T14:30:00,13.1,26.9,42.69,"41.83019005524591, 12.46317478841414",0,0,1022.8,"LIRF,16242099999,16239099999,AT416,16224099999,16234099999,LIRA",26.8,10,237,12.9,7.83096285477039e-13,303.2716,04-Oct-2023 14:30:00
27.7,"Partially cloudy",2023-10-04T15:00:00,14.8,27,48.05,"41.83019005524591, 12.46317478841414",0,0,1022.8,"LIRF,16242099999,16239099999,AT416,16224099999,16234099999,LIRA",26.7,10,242,13.9,7.79104723253712e-13,280.1943,04-Oct-2023 15:00:00
27.7,"Partially cloudy",2023-10-04T15:30:00,14.8,27,48.05,"41.83019005524591, 12.46317478841414",0,0,1022.8,"LIRF,16242099999,16239099999,AT416,16224099999,16234099999,LIRA",26.7,10,242,13.9,7.75136035258256e-13,208.4047,04-Oct-2023 15:30:00
NaN,"Clear",2023-10-04T16:00:00,14.4,26,48.86,"41.83019005524591, 12.46317478841414",NaN,0,1022,"LIRF,AT416,LIRA",26,10,237,15,7.71190075956383e-13,173.9344,04-Oct-2023 16:00:00
NaN,"Clear",2023-10-04T16:30:00,14.4,26,48.86,"41.83019005524591, 12.46317478841414",NaN,0,1022,"LIRF,AT416,LIRA",26,10,237,15,7.67266700765919e-13,304.238,04-Oct-2023 16:30:00
30,"Partially cloudy",2023-10-04T17:00:00,16,25.8,54.8,"41.83019005524591, 12.46317478841414",0,0,1022.1,"LIRF,16242099999,16239099999,AT416,16224099999,16234099999,LIRA",25.8,10,225,13.8,7.63365766181333e-13,309.3723,04-Oct-2023 17:00:00
30,"Partially cloudy",2023-10-04T17:30:00,16,25.8,54.8,"41.83019005524591, 12.46317478841414",0,0,1022.1,"LIRF,16242099999,16239099999,AT416,16224099999,16234099999,LIRA",25.8,10,225,13.8,7.59487129699322e-13,231.8596,04-Oct-2023 17:30:00
28,"Partially cloudy",2023-10-04T18:00:00,17,24.2,64.11,"41.83019005524591, 12.46317478841414",0,0,1022,"LIRF,16242099999,16239099999,AT416,16224099999,16234099999,LIRA",24.2,10,233,11.8,7.55630649746721e-13,339.0299,04-Oct-2023 18:00:00
28,"Partially cloudy",2023-10-04T18:30:00,17,24.2,64.11,"41.83019005524591, 12.46317478841414",0,0,1022,"LIRF,16242099999,16239099999,AT416,16224099999,16234099999,LIRA",24.2,10,233,11.8,7.51796185802962e-13,334.3537,04-Oct-2023 18:30:00
28,"Partially cloudy",2023-10-04T19:00:00,16.5,23,67,"41.83019005524591, 12.46317478841414",0,0,1022.1,"LIRF,16242099999,16239099999,AT416,16224099999,16234099999,LIRA",23,9.9,214,8.3,7.47983598326996e-13,366.732,04-Oct-2023 19:00:00
28,"Partially cloudy",2023-10-04T19:30:00,16.5,23,67,"41.83019005524591, 12.46317478841414",0,0,1022.1,"LIRF,16242099999,16239099999,AT416,16224099999,16234099999,LIRA",23,9.9,214,8.3,7.44192748686477e-13,231.0726,04-Oct-2023 19:30:00
28,"Partially cloudy",2023-10-04T20:00:00,17.2,22.1,74,"41.83019005524591, 12.46317478841414",0,0,1022.8,"LIRF,16242099999,16239099999,AT416,16224099999,16234099999,LIRA",22.1,10,203,6.5,7.40423499278201e-13,150.0512,04-Oct-2023 20:00:00
28,"Partially cloudy",2023-10-04T20:30:00,17.2,22.1,74,"41.83019005524591, 12.46317478841414",0,0,1022.8,"LIRF,16242099999,16239099999,AT416,16224099999,16234099999,LIRA",22.1,10,203,6.5,7.3667571345632e-13,91.8758,04-Oct-2023 20:30:00
50,"Partially cloudy",2023-10-04T21:00:00,18.2,21.3,82.18,"41.83019005524591, 12.46317478841414",0,0,1022.8,"LIRF,16242099999,16239099999,AT416,16224099999,LIRA",21.3,10,179,8.9,7.32949255462793e-13,27.3702,04-Oct-2023 21:00:00
50,"Partially cloudy",2023-10-04T21:30:00,18.2,21.3,82.18,"41.83019005524591, 12.46317478841414",0,0,1022.8,"LIRF,16242099999,16239099999,AT416,16224099999,LIRA",21.3,10,179,8.9,7.29243990545828e-13,2.9229,04-Oct-2023 21:30:00
27.7,"Partially cloudy",2023-10-04T22:00:00,18.2,20.3,87.25,"41.83019005524591, 12.46317478841414",0,0,1022.8,"LIRF,16242099999,16239099999,AT416,16224099999,LIRA",20.3,10,182,7.5,7.25559784889377e-13,0,04-Oct-2023 22:00:00
27.7,"Partially cloudy",2023-10-04T22:30:00,18.2,20.3,87.25,"41.83019005524591, 12.46317478841414",0,0,1022.8,"LIRF,16242099999,16239099999,AT416,16224099999,LIRA",20.3,10,182,7.5,7.2189650554481e-13,0,04-Oct-2023 22:30:00
50,"Partially cloudy",2023-10-04T23:00:00,18.2,20.3,87.4,"41.83019005524591, 12.46317478841414",0,0,1023,"LIRF,16242099999,16239099999,AT416,16224099999,LIRA",20.3,10,149,5.4,7.18254020547414e-13,0,04-Oct-2023 23:00:00
50,"Partially cloudy",2023-10-04T23:30:00,18.2,20.3,87.4,"41.83019005524591, 12.46317478841414",0,0,1023,"LIRF,16242099999,16239099999,AT416,16224099999,LIRA",20.3,10,149,5.4,7.14632198847127e-13,0,04-Oct-2023 23:30:00
50,"Partially cloudy",2023-10-05T00:00:00,17.4,20.2,84.19,"41.83019005524591, 12.46317478841414",0,0,1022.8,"LIRF,16242099999,16239099999,AT416,16224099999,LIRA",20.2,10,136,9.3,7.11030910241429e-13,0,05-Oct-2023 00:00:00
50,"Partially cloudy",2023-10-05T00:30:00,17.4,20.2,84.19,"41.83019005524591, 12.46317478841414",0,0,1022.8,"LIRF,16242099999,16239099999,AT416,16224099999,LIRA",20.2,10,136,9.3,7.07450025489915e-13,0,05-Oct-2023 00:30:00
50,"Partially cloudy",2023-10-05T01:00:00,16.4,20.2,79.16,"41.83019005524591, 12.46317478841414",0,0,1022.8,"LIRF,16242099999,16239099999,AT416,16224099999,LIRA",20.2,10,120,7.5,7.03889416246258e-13,0,05-Oct-2023 01:00:00
50,"Partially cloudy",2023-10-05T01:30:00,16.4,20.2,79.16,"41.83019005524591, 12.46317478841414",0,0,1022.8,"LIRF,16242099999,16239099999,AT416,16224099999,LIRA",20.2,10,120,7.5,7.00348954992285e-13,0,05-Oct-2023 01:30:00
NaN,"Clear",2023-10-05T02:00:00,17.2,20,84.17,"41.83019005524591, 12.46317478841414",0,0,1022.8,"LIRF,16242099999,16239099999,AT416,16224099999,LIRA",20,10,120,9.7,6.9682851515066e-13,0,05-Oct-2023 02:00:00
NaN,"Clear",2023-10-05T02:30:00,17.2,20,84.17,"41.83019005524591, 12.46317478841414",0,0,1022.8,"LIRF,16242099999,16239099999,AT416,16224099999,LIRA",20,10,120,9.7,6.93327971018054e-13,0,05-Oct-2023 02:30:00
NaN,"Clear",2023-10-05T03:00:00,18,19.7,89.47,"41.83019005524591, 12.46317478841414",0,0,1022.8,"LIRF,16242099999,16239099999,AT416,16224099999,LIRA",19.7,10,128,8.2,6.89847197700376e-13,0,05-Oct-2023 03:00:00
NaN,"Clear",2023-10-05T03:30:00,18,19.7,89.47,"41.83019005524591, 12.46317478841414",0,0,1022.8,"LIRF,16242099999,16239099999,AT416,16224099999,LIRA",19.7,10,128,8.2,6.86386071223613e-13,17.0605,05-Oct-2023 03:30:00
NaN,"Clear",2023-10-05T04:00:00,16.4,18.8,86.11,"41.83019005524591, 12.46317478841414",0,0,1022,"LIRF,16242099999,16239099999,AT416,16224099999,LIRA",18.8,10,80,4.4,6.82944468468168e-13,6.0605,05-Oct-2023 04:00:00
NaN,"Clear",2023-10-05T04:30:00,16.4,18.8,86.11,"41.83019005524591, 12.46317478841414",0,0,1022,"LIRF,16242099999,16239099999,AT416,16224099999,LIRA",18.8,10,80,4.4,6.79522267105238e-13,0,05-Oct-2023 04:30:00
27.7,"Partially cloudy",2023-10-05T05:00:00,16.2,18.8,85.07,"41.83019005524591, 12.46317478841414",0,0,1021.8,"LIRF,16242099999,16239099999,AT416,16224099999,LIRA",18.8,10,55,3.3,6.76119345705827e-13,0,05-Oct-2023 05:00:00
27.7,"Partially cloudy",2023-10-05T05:30:00,16.2,18.8,85.07,"41.83019005524591, 12.46317478841414",0,0,1021.8,"LIRF,16242099999,16239099999,AT416,16224099999,LIRA",18.8,10,55,3.3,6.72735583676249e-13,0,05-Oct-2023 05:30:00
27.7,"Partially cloudy",2023-10-05T06:00:00,16,18.7,84.18,"41.83019005524591, 12.46317478841414",0,0,1021.8,"LIRF,16242099999,16239099999,AT416,16224099999,LIRA",18.7,10,47,3.9,6.69370861195613e-13,20.5138,05-Oct-2023 06:00:00
27.7,"Partially cloudy",2023-10-05T06:30:00,16,18.7,84.18,"41.83019005524591, 12.46317478841414",0,0,1021.8,"LIRF,16242099999,16239099999,AT416,16224099999,LIRA",18.7,10,47,3.9,6.66025059323053e-13,27.9984,05-Oct-2023 06:30:00
27.7,"Partially cloudy",2023-10-05T07:00:00,17.4,19.3,88.57,"41.83019005524591, 12.46317478841414",0,0,1021.9,"LIRF,16242099999,16239099999,AT416,16224099999,16234099999,LIRA",19.3,10,122,7,6.62698059934364e-13,151.3535,05-Oct-2023 07:00:00
27.7,"Partially cloudy",2023-10-05T07:30:00,17.4,19.3,88.57,"41.83019005524591, 12.46317478841414",0,0,1021.9,"LIRF,16242099999,16239099999,AT416,16224099999,16234099999,LIRA",19.3,10,122,7,6.59389745660582e-13,126.708,05-Oct-2023 07:30:00
55,"Partially cloudy",2023-10-05T08:00:00,17.4,19.9,85.5,"41.83019005524591, 12.46317478841414",0,0,1022.1,"LIRF,16242099999,16239099999,AT416,16224099999,16234099999,LIRA",19.9,9.8,142,8.4,6.56099999993459e-13,470.9173,05-Oct-2023 08:00:00
55,"Partially cloudy",2023-10-05T08:30:00,17.4,19.9,85.5,"41.83019005524591, 12.46317478841414",0,0,1022.1,"LIRF,16242099999,16239099999,AT416,16224099999,16234099999,LIRA",19.9,9.8,142,8.4,6.52828707223208e-13,605.6536,05-Oct-2023 08:30:00
43.9,"Partially cloudy",2023-10-05T09:00:00,17.6,21.3,79.51,"41.83019005524591, 12.46317478841414",0,0,1022.8,"LIRF,16242099999,16239099999,AT416,16224099999,16234099999,LIRA",21.3,9.8,146,7.3,6.49575752378155e-13,895.3267,05-Oct-2023 09:00:00
43.9,"Partially cloudy",2023-10-05T09:30:00,17.6,21.3,79.51,"41.83019005524591, 12.46317478841414",0,0,1022.8,"LIRF,16242099999,16239099999,AT416,16224099999,16234099999,LIRA",21.3,9.8,146,7.3,6.46341021328497e-13,843.7522,05-Oct-2023 09:30:00
33.5,"Partially cloudy",2023-10-05T10:00:00,18,23,73.52,"41.83019005524591, 12.46317478841414",0,0,1023.1,"LIRF,16242099999,16239099999,AT416,16224099999,16234099999,LIRA",23,9.8,181,10.1,6.43124400725128e-13,679.2664,05-Oct-2023 10:00:00
33.5,"Partially cloudy",2023-10-05T10:30:00,18,23,73.52,"41.83019005524591, 12.46317478841414",0,0,1023.1,"LIRF,16242099999,16239099999,AT416,16224099999,16234099999,LIRA",23,9.8,181,10.1,6.39925777940348e-13,698.4497,05-Oct-2023 10:30:00
49.2,"Partially cloudy",2023-10-05T11:00:00,17.1,24,65.22,"41.83019005524591, 12.46317478841414",0,0,1023.8,"LIRF,16242099999,16239099999,AT416,16224099999,16234099999,LIRA",24,9.9,158,5.9,6.36745041169926e-13,769.8594,05-Oct-2023 11:00:00
49.2,"Partially cloudy",2023-10-05T11:30:00,17.1,24,65.22,"41.83019005524591, 12.46317478841414",0,0,1023.8,"LIRF,16242099999,16239099999,AT416,16224099999,16234099999,LIRA",24,9.9,158,5.9,6.33582079372997e-13,604.4212,05-Oct-2023 11:30:00
57.2,"Partially cloudy",2023-10-05T12:00:00,16.4,24.9,59.22,"41.83019005524591, 12.46317478841414",0,0,1023.8,"LIRF,16242099999,16239099999,AT416,16224099999,16234099999,LIRA",24.9,9.9,95,15.4,6.30436782213797e-13,595.4898,05-Oct-2023 12:00:00
57.2,"Partially cloudy",2023-10-05T12:30:00,16.4,24.9,59.22,"41.83019005524591, 12.46317478841414",0,0,1023.8,"LIRF,16242099999,16239099999,AT416,16224099999,16234099999,LIRA",24.9,9.9,95,15.4,6.27309040162071e-13,560.5637,05-Oct-2023 12:30:00
58.2,"Partially cloudy",2023-10-05T13:00:00,15.6,25.7,53.63,"41.83019005524591, 12.46317478841414",0,0,1023.8,"LIRF,16242099999,16239099999,AT416,16224099999,16234099999,LIRA",25.7,9.9,195,11.9,6.24198744434008e-13,442.2759,05-Oct-2023 13:00:00
58.2,"Partially cloudy",2023-10-05T13:30:00,15.6,25.7,53.63,"41.83019005524591, 12.46317478841414",0,0,1023.8,"LIRF,16242099999,16239099999,AT416,16224099999,16234099999,LIRA",25.7,9.9,195,11.9,6.21105786934997e-13,696.4275,05-Oct-2023 13:30:00
50,"Partially cloudy",2023-10-05T14:00:00,15.4,25.8,52.54,"41.83019005524591, 12.46317478841414",NaN,0,1023,"LIRF,AT416,LIRA",25.8,10,211,15.6,6.18030060358393e-13,652.9486,05-Oct-2023 14:00:00
50,"Partially cloudy",2023-10-05T14:30:00,15.4,25.8,52.54,"41.83019005524591, 12.46317478841414",NaN,0,1023,"LIRF,AT416,LIRA",25.8,10,211,15.6,6.1497145812749e-13,553.3096,05-Oct-2023 14:30:00
50,"Partially cloudy",2023-10-05T15:00:00,15.5,25.8,52.94,"41.83019005524591, 12.46317478841414",0,0,1022.8,"LIRF,16242099999,16239099999,AT416,16234099999,LIRA",25.8,10,223,15.4,6.11929874339254e-13,409.0141,05-Oct-2023 15:00:00
50,"Partially cloudy",2023-10-05T15:30:00,15.5,25.8,52.94,"41.83019005524591, 12.46317478841414",0,0,1022.8,"LIRF,16242099999,16239099999,AT416,16234099999,LIRA",25.8,10,223,15.4,6.08905203861502e-13,293.5957,05-Oct-2023 15:30:00
26.9,"Partially cloudy",2023-10-05T16:00:00,16.3,25.8,55.98,"41.83019005524591, 12.46317478841414",0,0,1022.1,"LIRF,16242099999,16239099999,AT416,16224099999,16234099999,LIRA",25.8,9.9,205,11,6.05897342275865e-13,263.995,05-Oct-2023 16:00:00
26.9,"Partially cloudy",2023-10-05T16:30:00,16.3,25.8,55.98,"41.83019005524591, 12.46317478841414",0,0,1022.1,"LIRF,16242099999,16239099999,AT416,16224099999,16234099999,LIRA",25.8,9.9,205,11,6.02906185822507e-13,292.4816,05-Oct-2023 16:30:00
26.9,"Partially cloudy",2023-10-05T17:00:00,16.3,24.8,59.41,"41.83019005524591, 12.46317478841414",0,0,1022,"LIRF,16242099999,16239099999,AT416,16224099999,16234099999,LIRA",24.8,9.9,232,15,5.99931631495723e-13,304.214,05-Oct-2023 17:00:00
26.9,"Partially cloudy",2023-10-05T17:30:00,16.3,24.8,59.41,"41.83019005524591, 12.46317478841414",0,0,1022,"LIRF,16242099999,16239099999,AT416,16224099999,16234099999,LIRA",24.8,9.9,232,15,5.9697357698789e-13,306.2298,05-Oct-2023 17:30:00
26.9,"Partially cloudy",2023-10-05T18:00:00,16.6,24,63.23,"41.83019005524591, 12.46317478841414",0,0,1022,"LIRF,16242099999,16239099999,AT416,16224099999,16234099999,LIRA",24,9.9,235,11.6,5.94031920635138e-13,369.4776,05-Oct-2023 18:00:00
26.9,"Partially cloudy",2023-10-05T18:30:00,16.6,24,63.23,"41.83019005524591, 12.46317478841414",0,0,1022,"LIRF,16242099999,16239099999,AT416,16224099999,16234099999,LIRA",24,9.9,235,11.6,5.91106561511406e-13,488.0528,05-Oct-2023 18:30:00
30,"Partially cloudy",2023-10-05T19:00:00,16.6,22.8,68.11,"41.83019005524591, 12.46317478841414",0,0,1022.8,"LIRF,16242099999,16239099999,AT416,16224099999,16234099999,LIRA",22.8,9.9,235,7.7,5.88197399373356e-13,351.2326,05-Oct-2023 19:00:00
30,"Partially cloudy",2023-10-05T19:30:00,16.6,22.8,68.11,"41.83019005524591, 12.46317478841414",0,0,1022.8,"LIRF,16242099999,16239099999,AT416,16224099999,16234099999,LIRA",22.8,9.9,235,7.7,5.85304334606982e-13,268.8921,05-Oct-2023 19:30:00
30,"Partially cloudy",2023-10-05T20:00:00,17.4,21,79.82,"41.83019005524591, 12.46317478841414",0,0,1022.8,"LIRF,16242099999,16239099999,AT416,16224099999,16234099999,LIRA",21,9.9,217,6.7,5.82427268320144e-13,136.8241,05-Oct-2023 20:00:00
30,"Partially cloudy",2023-10-05T20:30:00,17.4,21,79.82,"41.83019005524591, 12.46317478841414",0,0,1022.8,"LIRF,16242099999,16239099999,AT416,16224099999,16234099999,LIRA",21,9.9,217,6.7,5.79566102288437e-13,78.1414,05-Oct-2023 20:30:00
NaN,"Clear",2023-10-05T21:00:00,17.2,20.8,80,"41.83019005524591, 12.46317478841414",NaN,0,1022.9,"LIRF,AT416,LIRA",20.8,10,171,5.1,5.76720738902711e-13,40.2114,05-Oct-2023 21:00:00
NaN,"Clear",2023-10-05T21:30:00,17.2,20.8,80,"41.83019005524591, 12.46317478841414",NaN,0,1022.9,"LIRF,AT416,LIRA",20.8,10,171,5.1,5.73891081260115e-13,3.8667,05-Oct-2023 21:30:00
NaN,"Clear",2023-10-05T22:00:00,16.4,19.8,80.91,"41.83019005524591, 12.46317478841414",0,0,1023,"LIRF,16242099999,16239099999,AT416,16224099999,LIRA",19.8,10,92,5,5.71077033110899e-13,0,05-Oct-2023 22:00:00
NaN,"Clear",2023-10-05T22:30:00,16.4,19.8,80.91,"41.83019005524591, 12.46317478841414",0,0,1023,"LIRF,16242099999,16239099999,AT416,16224099999,LIRA",19.8,10,92,5,5.6827849880683e-13,43.7389,05-Oct-2023 22:30:00
NaN,"Clear",2023-10-05T23:00:00,16.2,19.7,80.56,"41.83019005524591, 12.46317478841414",NaN,0,1023,"LIRF,AT416,LIRA",19.7,10,119,3.9,5.65495383390774e-13,32.7389,05-Oct-2023 23:00:00
NaN,"Clear",2023-10-05T23:30:00,16.2,19.7,80.56,"41.83019005524591, 12.46317478841414",NaN,0,1023,"LIRF,AT416,LIRA",19.7,10,119,3.9,5.62727592544408e-13,0,05-Oct-2023 23:30:00
NaN,"Clear",2023-10-06T00:00:00,16.4,18.8,86.11,"41.83019005524591, 12.46317478841414",0,0,1023,"LIRF,16242099999,16239099999,AT416,16224099999,LIRA",18.8,10,111,4,5.59975032537519e-13,0,06-Oct-2023 00:00:00
NaN,"Clear",2023-10-06T00:30:00,16.4,18.8,86.11,"41.83019005524591, 12.46317478841414",0,0,1023,"LIRF,16242099999,16239099999,AT416,16224099999,LIRA",18.8,10,111,4,5.57237610316148e-13,16.6671,06-Oct-2023 00:30:00
0,"Clear",2023-10-06T01:00:00,16,18.6,85.05,"41.83019005524591, 12.46317478841414",0,0,1022.8,"LIRF,16242099999,16239099999,AT416,16224099999,LIRA",18.6,9.2,126,4.4,5.54515233451195e-13,5.6671,06-Oct-2023 01:00:00
0,"Clear",2023-10-06T01:30:00,16,18.6,85.05,"41.83019005524591, 12.46317478841414",0,0,1022.8,"LIRF,16242099999,16239099999,AT416,16224099999,LIRA",18.6,9.2,126,4.4,5.51807810088586e-13,19.0566,06-Oct-2023 01:30:00
0,"Clear",2023-10-06T02:00:00,15.2,17.6,85.99,"41.83019005524591, 12.46317478841414",0,0,1022.8,"LIRF,16242099999,16239099999,AT416,16224099999,LIRA",17.6,9.2,70,5.4,5.49115249036e-13,51.689,06-Oct-2023 02:00:00
0,"Clear",2023-10-06T02:30:00,15.2,17.6,85.99,"41.83019005524591, 12.46317478841414",0,0,1022.8,"LIRF,16242099999,16239099999,AT416,16224099999,LIRA",17.6,9.2,70,5.4,5.46437459712356e-13,32.6324,06-Oct-2023 02:30:00
0,"Clear",2023-10-06T03:00:00,15,17.4,85.97,"41.83019005524591, 12.46317478841414",0,0,1022.8,"LIRF,16242099999,16239099999,AT416,16224099999,LIRA",17.4,9,359,4,5.43774352098821e-13,29.9556,06-Oct-2023 03:00:00
0,"Clear",2023-10-06T03:30:00,15,17.4,85.97,"41.83019005524591, 12.46317478841414",0,0,1022.8,"LIRF,16242099999,16239099999,AT416,16224099999,LIRA",17.4,9,359,4,5.4112583682416e-13,28.5593,06-Oct-2023 03:30:00
0,"Clear",2023-10-06T04:00:00,14.5,16.8,85.91,"41.83019005524591, 12.46317478841414",0,0,1023,"LIRF,16242099999,16239099999,AT416,16224099999,LIRA",16.8,8.8,67,5.5,5.38491825115072e-13,6.9269,06-Oct-2023 04:00:00
0,"Clear",2023-10-06T04:30:00,14.5,16.8,85.91,"41.83019005524591, 12.46317478841414",0,0,1023,"LIRF,16242099999,16239099999,AT416,16224099999,LIRA",16.8,8.8,67,5.5,5.35872228748042e-13,0,06-Oct-2023 04:30:00
0,"Clear",2023-10-06T05:00:00,15.2,16.8,90.35,"41.83019005524591, 12.46317478841414",0,0,1022.1,"LIRF,16242099999,16239099999,AT416,16224099999,LIRA",16.8,9,60,2.2,5.33266960133315e-13,20.428,06-Oct-2023 05:00:00
0,"Clear",2023-10-06T05:30:00,15.2,16.8,90.35,"41.83019005524591, 12.46317478841414",0,0,1022.1,"LIRF,16242099999,16239099999,AT416,16224099999,LIRA",16.8,9,60,2.2,5.30675932266088e-13,107.2091,06-Oct-2023 05:30:00
0,"Clear",2023-10-06T06:00:00,15.3,15.3,100,"41.83019005524591, 12.46317478841414",0,0,1022.3,"LIRF,16242099999,AT416,16224099999",15.3,3,69,3.6,5.28099058679169e-13,75.7811,06-Oct-2023 06:00:00
0,"Clear",2023-10-06T06:30:00,15.3,15.3,100,"41.83019005524591, 12.46317478841414",0,0,1022.3,"LIRF,16242099999,AT416,16224099999",15.3,3,69,3.6,5.25536253525617e-13,167.5097,06-Oct-2023 06:30:00
0,"Clear",2023-10-06T07:00:00,15,16.5,90.68,"41.83019005524591, 12.46317478841414",0,0,1022.8,"LIRF,16242099999,16239099999,AT416,16224099999,16234099999,LIRA",16.5,9.1,43,5.4,5.22987431530761e-13,161.2115,06-Oct-2023 07:00:00
0,"Clear",2023-10-06T07:30:00,15,16.5,90.68,"41.83019005524591, 12.46317478841414",0,0,1022.8,"LIRF,16242099999,16239099999,AT416,16224099999,16234099999,LIRA",16.5,9.1,43,5.4,5.20452507945658e-13,121.0121,06-Oct-2023 07:30:00
10.4,"Rain",2023-10-06T08:00:00,15.2,16,95.14,"41.83019005524591, 12.46317478841414",0.013,100,1023,"LIRF,16242099999,16239099999,AT416,16224099999,16234099999,LIRA",16,8.9,39,9.1,5.17931398628422e-13,191.5638,06-Oct-2023 08:00:00
10.4,"Rain",2023-10-06T08:30:00,15.2,16,95.14,"41.83019005524591, 12.46317478841414",0.013,100,1023,"LIRF,16242099999,16239099999,AT416,16224099999,16234099999,LIRA",16,8.9,39,9.1,5.15424019997046e-13,265.9842,06-Oct-2023 08:30:00
10.4,"Clear",2023-10-06T09:00:00,15.4,17.9,85.3,"41.83019005524591, 12.46317478841414",0,0,1023.1,"LIRF,16242099999,16239099999,AT416,16224099999,16234099999,LIRA",17.9,9.7,66,3.3,5.12930288983658e-13,354.866,06-Oct-2023 09:00:00
10.4,"Clear",2023-10-06T09:30:00,15.4,17.9,85.3,"41.83019005524591, 12.46317478841414",0,0,1023.1,"LIRF,16242099999,16239099999,AT416,16224099999,16234099999,LIRA",17.9,9.7,66,3.3,5.10450123114546e-13,327.698,06-Oct-2023 09:30:00
30,"Partially cloudy",2023-10-06T10:00:00,15.4,20.1,74.44,"41.83019005524591, 12.46317478841414",0,0,1023.8,"LIRF,16242099999,16239099999,AT416,16224099999,16234099999,LIRA",20.1,10,12,6.1,5.07983440463785e-13,241.9279,06-Oct-2023 10:00:00
30,"Partially cloudy",2023-10-06T10:30:00,15.4,20.1,74.44,"41.83019005524591, 12.46317478841414",0,0,1023.8,"LIRF,16242099999,16239099999,AT416,16224099999,16234099999,LIRA",20.1,10,12,6.1,5.05530159608258e-13,406.4606,06-Oct-2023 10:30:00
50,"Partially cloudy",2023-10-06T11:00:00,15.4,22.2,65.38,"41.83019005524591, 12.46317478841414",0,0,1024,"LIRF,16242099999,16239099999,AT416,16224099999,16234099999,LIRA",22.2,10,28,10.1,5.03090199706416e-13,603.0467,06-Oct-2023 11:00:00
50,"Partially cloudy",2023-10-06T11:30:00,15.4,22.2,65.38,"41.83019005524591, 12.46317478841414",0,0,1024,"LIRF,16242099999,16239099999,AT416,16224099999,16234099999,LIRA",22.2,10,28,10.1,5.00663480452683e-13,452.3438,06-Oct-2023 11:30:00
38.2,"Partially cloudy",2023-10-06T12:00:00,16,24.2,60.12,"41.83019005524591, 12.46317478841414",0,0,1023.8,"LIRF,16242099999,16239099999,AT416,16224099999,16234099999,LIRA",24.2,10,110,5,4.98249922033233e-13,465.3065,06-Oct-2023 12:00:00
38.2,"Partially cloudy",2023-10-06T12:30:00,16,24.2,60.12,"41.83019005524591, 12.46317478841414",0,0,1023.8,"LIRF,16242099999,16239099999,AT416,16224099999,16234099999,LIRA",24.2,10,110,5,0.0416666666666661,408.7211,06-Oct-2023 12:30:00
30.5,"Partially cloudy",2023-10-06T13:00:00,16.3,26,55.26,"41.83019005524591, 12.46317478841414",0,0,1023.8,"LIRF,16242099999,16239099999,AT416,16224099999,16234099999,LIRA",26,10,320,7.9,0.0833333333333339,584.6766,06-Oct-2023 13:00:00
30.5,"Partially cloudy",2023-10-06T13:30:00,16.3,26,55.26,"41.83019005524591, 12.46317478841414",0,0,1023.8,"LIRF,16242099999,16239099999,AT416,16224099999,16234099999,LIRA",26,10,320,7.9,0.125,533.6642,06-Oct-2023 13:30:00
30.5,"Partially cloudy",2023-10-06T14:00:00,15.4,26.6,50.21,"41.83019005524591, 12.46317478841414",0,0,1022.8,"LIRF,16242099999,16239099999,AT416,16224099999,16234099999,LIRA",26.6,10,332,9.2,0.166666666666666,500.5064,06-Oct-2023 14:00:00
30.5,"Partially cloudy",2023-10-06T14:30:00,15.4,26.6,50.21,"41.83019005524591, 12.46317478841414",0,0,1022.8,"LIRF,16242099999,16239099999,AT416,16224099999,16234099999,LIRA",26.6,10,332,9.2,0.208333333333334,361.7244,06-Oct-2023 14:30:00
27.5,"Partially cloudy",2023-10-06T15:00:00,14.7,26.6,47.92,"41.83019005524591, 12.46317478841414",0,0,1022.1,"LIRF,16242099999,16239099999,AT416,16224099999,16234099999,LIRA",26.6,10,271,7.4,0.25,227.6168,06-Oct-2023 15:00:00
27.5,"Partially cloudy",2023-10-06T15:30:00,14.7,26.6,47.92,"41.83019005524591, 12.46317478841414",0,0,1022.1,"LIRF,16242099999,16239099999,AT416,16224099999,16234099999,LIRA",26.6,10,271,7.4,0.291666666666666,261.0849,06-Oct-2023 15:30:00
27.5,"Partially cloudy",2023-10-06T16:00:00,15.4,26.5,50.52,"41.83019005524591, 12.46317478841414",0,0,1022,"LIRF,16242099999,16239099999,AT416,16224099999,16234099999,LIRA",26.5,10,267,10.2,0.333333333333334,313.7692,06-Oct-2023 16:00:00
27.5,"Partially cloudy",2023-10-06T16:30:00,15.4,26.5,50.52,"41.83019005524591, 12.46317478841414",0,0,1022,"LIRF,16242099999,16239099999,AT416,16224099999,16234099999,LIRA",26.5,10,267,10.2,0.375,235.308,06-Oct-2023 16:30:00
27.4,"Partially cloudy",2023-10-06T17:00:00,17.2,25.7,59.3,"41.83019005524591, 12.46317478841414",0,0,1022,"LIRF,16242099999,16239099999,AT416,16224099999,16234099999,LIRA",25.7,10,238,14.4,0.416666666666666,234.785,06-Oct-2023 17:00:00
27.4,"Partially cloudy",2023-10-06T17:30:00,17.2,25.7,59.3,"41.83019005524591, 12.46317478841414",0,0,1022,"LIRF,16242099999,16239099999,AT416,16224099999,16234099999,LIRA",25.7,10,238,14.4,0.458333333333334,312.6186,06-Oct-2023 17:30:00
NaN,"Clear",2023-10-06T18:00:00,17.3,24.7,63.37,"41.83019005524591, 12.46317478841414",0,0,1022,"LIRF,16242099999,16239099999,AT416,16224099999,16234099999,LIRA",24.7,10,238,12,0.5,463.1341,06-Oct-2023 18:00:00
NaN,"Clear",2023-10-06T18:30:00,17.3,24.7,63.37,"41.83019005524591, 12.46317478841414",0,0,1022,"LIRF,16242099999,16239099999,AT416,16224099999,16234099999,LIRA",24.7,10,238,12,0.541666666666666,312.7821,06-Oct-2023 18:30:00
NaN,"Clear",2023-10-06T19:00:00,17.3,22.8,71.21,"41.83019005524591, 12.46317478841414",0,0,1022.1,"LIRF,16242099999,16239099999,AT416,16224099999,16234099999,LIRA",22.8,10,247,7.7,0.583333333333334,343.6976,06-Oct-2023 19:00:00
NaN,"Clear",2023-10-06T19:30:00,17.3,22.8,71.21,"41.83019005524591, 12.46317478841414",0,0,1022.1,"LIRF,16242099999,16239099999,AT416,16224099999,16234099999,LIRA",22.8,10,247,7.7,0.625,234.0157,06-Oct-2023 19:30:00
NaN,"Clear",2023-10-06T20:00:00,18.1,21.2,82.35,"41.83019005524591, 12.46317478841414",0,0,1022.8,"LIRF,16242099999,16239099999,AT416,16224099999,16234099999,LIRA",21.2,10,229,5.7,0.666666666666666,223.3754,06-Oct-2023 20:00:00
NaN,"Clear",2023-10-06T20:30:00,18.1,21.2,82.35,"41.83019005524591, 12.46317478841414",0,0,1022.8,"LIRF,16242099999,16239099999,AT416,16224099999,16234099999,LIRA",21.2,10,229,5.7,0.708333333333334,123.382,06-Oct-2023 20:30:00
NaN,"Clear",2023-10-06T21:00:00,18.1,21.2,82.58,"41.83019005524591, 12.46317478841414",0,0,1022.8,"LIRF,16242099999,16239099999,AT416,16224099999,LIRA",21.2,10,260,4.4,0.75,81.4715,06-Oct-2023 21:00:00
NaN,"Clear",2023-10-06T21:30:00,18.1,21.2,82.58,"41.83019005524591, 12.46317478841414",0,0,1022.8,"LIRF,16242099999,16239099999,AT416,16224099999,LIRA",21.2,10,260,4.4,0.791666666666666,92.7703,06-Oct-2023 21:30:00
0,"Clear",2023-10-06T22:00:00,17,20.8,78.83,"41.83019005524591, 12.46317478841414",0,0,1022.8,"LIRF,16242099999,16239099999,AT416,16224099999,LIRA",20.8,10,130,7.8,0.833333333333334,41.9708,06-Oct-2023 22:00:00
0,"Clear",2023-10-06T22:30:00,17,20.8,78.83,"41.83019005524591, 12.46317478841414",0,0,1022.8,"LIRF,16242099999,16239099999,AT416,16224099999,LIRA",20.8,10,130,7.8,0.875,0,06-Oct-2023 22:30:00
0,"Clear",2023-10-06T23:00:00,16.5,21,75.83,"41.83019005524591, 12.46317478841414",0,0,1022.8,"LIRF,16242099999,16239099999,AT416,16224099999,LIRA",21,10,125,5,0.916666666666666,0,06-Oct-2023 23:00:00
0,"Clear",2023-10-06T23:30:00,16.5,21,75.83,"41.83019005524591, 12.46317478841414",0,0,1022.8,"LIRF,16242099999,16239099999,AT416,16224099999,LIRA",21,10,125,5,0.958333333333334,0,06-Oct-2023 23:30:00
0,"Clear",2023-10-07T00:00:00,15.6,20.6,73.09,"41.83019005524591, 12.46317478841414",0,0,1023.1,"LIRF,16242099999,16239099999,AT416,16224099999,LIRA",20.6,9.8,60,4.1,1,65.8849,07-Oct-2023 00:00:00
0,"Clear",2023-10-07T00:30:00,15.6,20.6,73.09,"41.83019005524591, 12.46317478841414",0,0,1023.1,"LIRF,16242099999,16239099999,AT416,16224099999,LIRA",20.6,9.8,60,4.1,1,43.8849,07-Oct-2023 00:30:00
0,"Clear",2023-10-07T01:00:00,15.4,19.4,77.72,"41.83019005524591, 12.46317478841414",0,0,1023.1,"LIRF,16242099999,16239099999,AT416,16224099999,LIRA",19.4,9.2,4,3.6,1,69.6911,07-Oct-2023 01:00:00
0,"Clear",2023-10-07T01:30:00,15.4,19.4,77.72,"41.83019005524591, 12.46317478841414",0,0,1023.1,"LIRF,16242099999,16239099999,AT416,16224099999,LIRA",19.4,9.2,4,3.6,1,96.6637,07-Oct-2023 01:30:00
0,"Clear",2023-10-07T02:00:00,15.4,18.6,81.61,"41.83019005524591, 12.46317478841414",0,0,1023.1,"LIRF,16242099999,16239099999,AT416,16224099999,LIRA",18.6,9.2,39,5.9,1,63.6637,07-Oct-2023 02:00:00
0,"Clear",2023-10-07T02:30:00,15.4,18.6,81.61,"41.83019005524591, 12.46317478841414",0,0,1023.1,"LIRF,16242099999,16239099999,AT416,16224099999,LIRA",18.6,9.2,39,5.9,1,38.9641,07-Oct-2023 02:30:00
0,"Clear",2023-10-07T03:00:00,16.2,17.8,90.1,"41.83019005524591, 12.46317478841414",0,0,1022.8,"LIRF,16242099999,16239099999,AT416,16224099999,LIRA",17.8,9.4,78,5.5,1,44.3428,07-Oct-2023 03:00:00
0,"Clear",2023-10-07T03:30:00,16.2,17.8,90.1,"41.83019005524591, 12.46317478841414",0,0,1022.8,"LIRF,16242099999,16239099999,AT416,16224099999,LIRA",17.8,9.4,78,5.5,1,21.3513,07-Oct-2023 03:30:00
0,"Clear",2023-10-07T04:00:00,15.4,17.8,85.56,"41.83019005524591, 12.46317478841414",0,0,1022.8,"LIRF,16242099999,16239099999,AT416,16224099999,LIRA",17.8,9.4,94,4.1,1,5.3787,07-Oct-2023 04:00:00
0,"Clear",2023-10-07T04:30:00,15.4,17.8,85.56,"41.83019005524591, 12.46317478841414",0,0,1022.8,"LIRF,16242099999,16239099999,AT416,16224099999,LIRA",17.8,9.4,94,4.1,1,0,07-Oct-2023 04:30:00
0,"Clear",2023-10-07T05:00:00,15.2,16.9,89.87,"41.83019005524591, 12.46317478841414",0,0,1022.8,"LIRF,16242099999,16239099999,AT416,16224099999,LIRA",16.9,9.4,61,2.4,1,78.2613,07-Oct-2023 05:00:00
0,"Clear",2023-10-07T05:30:00,15.2,16.9,89.87,"41.83019005524591, 12.46317478841414",0,0,1022.8,"LIRF,16242099999,16239099999,AT416,16224099999,LIRA",16.9,9.4,61,2.4,1,45.2613,07-Oct-2023 05:30:00
0,"Clear",2023-10-07T06:00:00,14.6,17,85.48,"41.83019005524591, 12.46317478841414",0,0,1022.8,"LIRF,16242099999,16239099999,AT416,16224099999,LIRA",17,10,62,2.4,1,23.7837,07-Oct-2023 06:00:00
0,"Clear",2023-10-07T06:30:00,14.6,17,85.48,"41.83019005524591, 12.46317478841414",0,0,1022.8,"LIRF,16242099999,16239099999,AT416,16224099999,LIRA",17,10,62,2.4,1,58.3757,07-Oct-2023 06:30:00
0,"Clear",2023-10-07T07:00:00,15.2,17.6,85.54,"41.83019005524591, 12.46317478841414",0,0,1022.8,"LIRF,16242099999,16239099999,AT416,16224099999,LIRA",17.6,9.8,46,5.6,1,101.8062,07-Oct-2023 07:00:00
0,"Clear",2023-10-07T07:30:00,15.2,17.6,85.54,"41.83019005524591, 12.46317478841414",0,0,1022.8,"LIRF,16242099999,16239099999,AT416,16224099999,LIRA",17.6,9.8,46,5.6,1,43.4305,07-Oct-2023 07:30:00
NaN,"Clear",2023-10-07T08:00:00,15.2,17,88.79,"41.83019005524591, 12.46317478841414",0,0,1022.8,"LIRF,16242099999,16239099999,AT416,16224099999,LIRA",17,10,60,4.1,1,85.9899,07-Oct-2023 08:00:00
NaN,"Clear",2023-10-07T08:30:00,15.2,17,88.79,"41.83019005524591, 12.46317478841414",0,0,1022.8,"LIRF,16242099999,16239099999,AT416,16224099999,LIRA",17,10,60,4.1,1,421.4917,07-Oct-2023 08:30:00
NaN,"Clear",2023-10-07T09:00:00,15.9,18.2,86.59,"41.83019005524591, 12.46317478841414",0,0,1023.1,"LIRF,16242099999,16239099999,AT416,16224099999,LIRA",18.2,10,29,5.5,1,505.5394,07-Oct-2023 09:00:00
NaN,"Clear",2023-10-07T09:30:00,15.9,18.2,86.59,"41.83019005524591, 12.46317478841414",0,0,1023.1,"LIRF,16242099999,16239099999,AT416,16224099999,LIRA",18.2,10,29,5.5,1,355.8692,07-Oct-2023 09:30:00
NaN,"Clear",2023-10-07T10:00:00,15,20.4,70.99,"41.83019005524591, 12.46317478841414",0,0,1023.8,"LIRF,16242099999,16239099999,AT416,16224099999,LIRA",20.4,10,30,6.6,1,437.7859,07-Oct-2023 10:00:00
NaN,"Clear",2023-10-07T10:30:00,15,20.4,70.99,"41.83019005524591, 12.46317478841414",0,0,1023.8,"LIRF,16242099999,16239099999,AT416,16224099999,LIRA",20.4,10,30,6.6,1,549.5119,07-Oct-2023 10:30:00
NaN,"Clear",2023-10-07T11:00:00,16.2,23.2,64.75,"41.83019005524591, 12.46317478841414",0,0,1023.8,"LIRF,16242099999,16239099999,AT416,16224099999,LIRA",23.2,10,60,4.1,1,515.4764,07-Oct-2023 11:00:00
NaN,"Clear",2023-10-07T11:30:00,16.2,23.2,64.75,"41.83019005524591, 12.46317478841414",0,0,1023.8,"LIRF,16242099999,16239099999,AT416,16224099999,LIRA",23.2,10,60,4.1,1,418.824,07-Oct-2023 11:30:00
28,"Partially cloudy",2023-10-07T12:00:00,17.1,25,61.57,"41.83019005524591, 12.46317478841414",0,0,1023.8,"LIRF,16242099999,16239099999,AT416,16224099999,LIRA",25,10,NaN,5.8,1,407.2548,07-Oct-2023 12:00:00
28,"Partially cloudy",2023-10-07T12:30:00,17.1,25,61.57,"41.83019005524591, 12.46317478841414",0,0,1023.8,"LIRF,16242099999,16239099999,AT416,16224099999,LIRA",25,10,NaN,5.8,1,537.1167,07-Oct-2023 12:30:00
26.9,"Partially cloudy",2023-10-07T13:00:00,16.5,27.4,53.28,"41.83019005524591, 12.46317478841414",0,0,1023.8,"LIRF,16242099999,16239099999,AT416,16224099999,LIRA",26.8,10,200,8.5,1,399.2349,07-Oct-2023 13:00:00
26.9,"Partially cloudy",2023-10-07T13:30:00,16.5,27.4,53.28,"41.83019005524591, 12.46317478841414",0,0,1023.8,"LIRF,16242099999,16239099999,AT416,16224099999,LIRA",26.8,10,200,8.5,1,313.902,07-Oct-2023 13:30:00
45.7,"Partially cloudy",2023-10-07T14:00:00,17.3,26,58.94,"41.83019005524591, 12.46317478841414",0,0,1023,"LIRF,16242099999,16239099999,AT416,16224099999,LIRA",26,10,276,10.3,1,316.3688,07-Oct-2023 14:00:00
45.7,"Partially cloudy",2023-10-07T14:30:00,17.3,26,58.94,"41.83019005524591, 12.46317478841414",0,0,1023,"LIRF,16242099999,16239099999,AT416,16224099999,LIRA",26,10,276,10.3,1,435.3172,07-Oct-2023 14:30:00
50,"Partially cloudy",2023-10-07T15:00:00,17.3,27.6,56.28,"41.83019005524591, 12.46317478841414",0,0,1022.8,"LIRF,16242099999,16239099999,AT416,16224099999,LIRA",26.8,10,236,11.2,1,341.0242,07-Oct-2023 15:00:00
50,"Partially cloudy",2023-10-07T15:30:00,17.3,27.6,56.28,"41.83019005524591, 12.46317478841414",0,0,1022.8,"LIRF,16242099999,16239099999,AT416,16224099999,LIRA",26.8,10,236,11.2,1,235.1534,07-Oct-2023 15:30:00
50,"Partially cloudy",2023-10-07T16:00:00,18.2,26.6,59.89,"41.83019005524591, 12.46317478841414",0,0,1022.1,"LIRF,16242099999,16239099999,AT416,16224099999,LIRA",26.6,10,261,16.8,1,218.8339,07-Oct-2023 16:00:00
50,"Partially cloudy",2023-10-07T16:30:00,18.2,26.6,59.89,"41.83019005524591, 12.46317478841414",0,0,1022.1,"LIRF,16242099999,16239099999,AT416,16224099999,LIRA",26.6,10,261,16.8,1,294.5745,07-Oct-2023 16:30:00
26.7,"Partially cloudy",2023-10-07T17:00:00,17.2,25.8,59.09,"41.83019005524591, 12.46317478841414",0,0,1022.1,"LIRF,16242099999,16239099999,AT416,16224099999,LIRA",25.8,10,261,14.7,1,191.689,07-Oct-2023 17:00:00
26.7,"Partially cloudy",2023-10-07T17:30:00,17.2,25.8,59.09,"41.83019005524591, 12.46317478841414",0,0,1022.1,"LIRF,16242099999,16239099999,AT416,16224099999,LIRA",25.8,10,261,14.7,1,224.7283,07-Oct-2023 17:30:00
26.7,"Partially cloudy",2023-10-07T18:00:00,15.8,24.8,57.28,"41.83019005524591, 12.46317478841414",0,0,1022.1,"LIRF,16242099999,16239099999,AT416,16224099999,LIRA",24.8,10,263,13.2,1,232.4666,07-Oct-2023 18:00:00
26.7,"Partially cloudy",2023-10-07T18:30:00,15.8,24.8,57.28,"41.83019005524591, 12.46317478841414",0,0,1022.1,"LIRF,16242099999,16239099999,AT416,16224099999,LIRA",24.8,10,263,13.2,1,207.6198,07-Oct-2023 18:30:00
NaN,"Clear",2023-10-07T19:00:00,15.7,23,63.64,"41.83019005524591, 12.46317478841414",0,0,1022.8,"LIRF,16242099999,16239099999,AT416,16224099999,LIRA",23,10,248,8.2,1,302.872,07-Oct-2023 19:00:00
NaN,"Clear",2023-10-07T19:30:00,15.7,23,63.64,"41.83019005524591, 12.46317478841414",0,0,1022.8,"LIRF,16242099999,16239099999,AT416,16224099999,LIRA",23,10,248,8.2,1,231.759,07-Oct-2023 19:30:00
NaN,"Clear",2023-10-07T20:00:00,16.5,22,71.2,"41.83019005524591, 12.46317478841414",0,0,1022.8,"LIRF,16242099999,16239099999,AT416,16224099999,LIRA",22,10,214,7.8,1,240.3464,07-Oct-2023 20:00:00
NaN,"Clear",2023-10-07T20:30:00,16.5,22,71.2,"41.83019005524591, 12.46317478841414",0,0,1022.8,"LIRF,16242099999,16239099999,AT416,16224099999,LIRA",22,10,214,7.8,1,236.5566,07-Oct-2023 20:30:00
NaN,"Clear",2023-10-07T21:00:00,17.3,22,74.56,"41.83019005524591, 12.46317478841414",0,0,1022.9,"LIRF,16242099999,16239099999,AT416,16224099999,LIRA",22,10,280,4.4,1,205.6462,07-Oct-2023 21:00:00
NaN,"Clear",2023-10-07T21:30:00,17.3,22,74.56,"41.83019005524591, 12.46317478841414",0,0,1022.9,"LIRF,16242099999,16239099999,AT416,16224099999,LIRA",22,10,280,4.4,1,102.6982,07-Oct-2023 21:30:00
NaN,"Clear",2023-10-07T22:00:00,16.3,21,74.52,"41.83019005524591, 12.46317478841414",0,0,1023.1,"LIRF,16242099999,16239099999,AT416,16224099999,LIRA",21,10,98,5.9,1,56.7878,07-Oct-2023 22:00:00
NaN,"Clear",2023-10-07T22:30:00,16.3,21,74.52,"41.83019005524591, 12.46317478841414",0,0,1023.1,"LIRF,16242099999,16239099999,AT416,16224099999,LIRA",21,10,98,5.9,1,10.0147,07-Oct-2023 22:30:00
NaN,"Clear",2023-10-07T23:00:00,15.3,20.6,71.82,"41.83019005524591, 12.46317478841414",0,0,1023.1,"LIRF,16242099999,16239099999,AT416,16224099999,LIRA",20.6,10,160,6.7,1,0,07-Oct-2023 23:00:00
NaN,"Clear",2023-10-07T23:30:00,15.3,20.6,71.82,"41.83019005524591, 12.46317478841414",0,0,1023.1,"LIRF,16242099999,16239099999,AT416,16224099999,LIRA",20.6,10,160,6.7,1,0,07-Oct-2023 23:30:00
NaN,"Clear",2023-10-08T00:00:00,16.1,19.6,80.19,"41.83019005524591, 12.46317478841414",0,0,1023.1,"LIRF,16242099999,16239099999,AT416,16224099999,LIRA",19.6,10,136,5.1,1,40.3984,08-Oct-2023 00:00:00
NaN,"Clear",2023-10-08T00:30:00,16.1,19.6,80.19,"41.83019005524591, 12.46317478841414",0,0,1023.1,"LIRF,16242099999,16239099999,AT416,16224099999,LIRA",19.6,10,136,5.1,1,18.3984,08-Oct-2023 00:30:00
NaN,"Clear",2023-10-08T01:00:00,14.2,19.2,72.59,"41.83019005524591, 12.46317478841414",0,0,1023.1,"LIRF,16242099999,16239099999,AT416,16224099999,LIRA",19.2,10,115,4.5,1,17.4107,08-Oct-2023 01:00:00
NaN,"Clear",2023-10-08T01:30:00,14.2,19.2,72.59,"41.83019005524591, 12.46317478841414",0,0,1023.1,"LIRF,16242099999,16239099999,AT416,16224099999,LIRA",19.2,10,115,4.5,1,98.3631,08-Oct-2023 01:30:00
NaN,"Clear",2023-10-08T02:00:00,14.2,18.4,76.49,"41.83019005524591, 12.46317478841414",0,0,1022.8,"LIRF,16242099999,16239099999,AT416,16224099999,LIRA",18.4,10,34,2.4,1,110.3685,08-Oct-2023 02:00:00
NaN,"Clear",2023-10-08T02:30:00,14.2,18.4,76.49,"41.83019005524591, 12.46317478841414",0,0,1022.8,"LIRF,16242099999,16239099999,AT416,16224099999,LIRA",18.4,10,34,2.4,1,77.3685,08-Oct-2023 02:30:00
NaN,"Clear",2023-10-08T03:00:00,14,16.6,84.69,"41.83019005524591, 12.46317478841414",0,0,1022.8,"LIRF,16242099999,16239099999,AT416,16224099999,LIRA",16.6,10,50,3.6,1,61.7949,08-Oct-2023 03:00:00
NaN,"Clear",2023-10-08T03:30:00,14,16.6,84.69,"41.83019005524591, 12.46317478841414",0,0,1022.8,"LIRF,16242099999,16239099999,AT416,16224099999,LIRA",16.6,10,50,3.6,1,20.2499,08-Oct-2023 03:30:00
NaN,"Clear",2023-10-08T04:00:00,14.4,16.2,89.04,"41.83019005524591, 12.46317478841414",0,0,1022.8,"LIRF,16242099999,16239099999,AT416,16224099999,LIRA",16.2,10,6,6.7,1,50.1365,08-Oct-2023 04:00:00
NaN,"Clear",2023-10-08T04:30:00,14.4,16.2,89.04,"41.83019005524591, 12.46317478841414",0,0,1022.8,"LIRF,16242099999,16239099999,AT416,16224099999,LIRA",16.2,10,6,6.7,1,28.1365,08-Oct-2023 04:30:00
0,"Clear",2023-10-08T05:00:00,14.2,15.9,90.12,"41.83019005524591, 12.46317478841414",0,0,1022.1,"LIRF,16242099999,16239099999,AT416,16224099999,LIRA",15.9,9.6,27,7.1,1,14.6673,08-Oct-2023 05:00:00
0,"Clear",2023-10-08T05:30:00,14.2,15.9,90.12,"41.83019005524591, 12.46317478841414",0,0,1022.1,"LIRF,16242099999,16239099999,AT416,16224099999,LIRA",15.9,9.6,27,7.1,1,3.6673,08-Oct-2023 05:30:00
NaN,"Clear",2023-10-08T06:00:00,13.4,15.3,88.8,"41.83019005524591, 12.46317478841414",0,0,1022.1,"LIRF,16242099999,16239099999,AT416,16224099999,LIRA",15.3,10,28,7.6,1,65.8268,08-Oct-2023 06:00:00
NaN,"Clear",2023-10-08T06:30:00,13.4,15.3,88.8,"41.83019005524591, 12.46317478841414",0,0,1022.1,"LIRF,16242099999,16239099999,AT416,16224099999,LIRA",15.3,10,28,7.6,1,151.6624,08-Oct-2023 06:30:00
NaN,"Clear",2023-10-08T07:00:00,13.2,15.1,88.79,"41.83019005524591, 12.46317478841414",0,0,1022.1,"LIRF,16242099999,16239099999,AT416,16224099999,LIRA",15.1,10,38,8,1,88.1496,08-Oct-2023 07:00:00
NaN,"Clear",2023-10-08T07:30:00,13.2,15.1,88.79,"41.83019005524591, 12.46317478841414",0,0,1022.1,"LIRF,16242099999,16239099999,AT416,16224099999,LIRA",15.1,10,38,8,1,61.5669,08-Oct-2023 07:30:00
NaN,"Clear",2023-10-08T08:00:00,13.2,15.1,88.79,"41.83019005524591, 12.46317478841414",0,0,1022.8,"LIRF,16242099999,16239099999,AT416,16224099999,LIRA",15.1,10,78,6.5,1,28.5669,08-Oct-2023 08:00:00
NaN,"Clear",2023-10-08T08:30:00,13.2,15.1,88.79,"41.83019005524591, 12.46317478841414",0,0,1022.8,"LIRF,16242099999,16239099999,AT416,16224099999,LIRA",15.1,10,78,6.5,1,0,08-Oct-2023 08:30:00
NaN,"Clear",2023-10-08T09:00:00,13.4,17.2,78.32,"41.83019005524591, 12.46317478841414",0,0,1023.1,"LIRF,16242099999,16239099999,AT416,16224099999,LIRA",17.2,10,60,10.8,1,48.2332,08-Oct-2023 09:00:00
NaN,"Clear",2023-10-08T09:30:00,13.4,17.2,78.32,"41.83019005524591, 12.46317478841414",0,0,1023.1,"LIRF,16242099999,16239099999,AT416,16224099999,LIRA",17.2,10,60,10.8,1,93.8478,08-Oct-2023 09:30:00
NaN,"Clear",2023-10-08T10:00:00,13.2,19.6,66.62,"41.83019005524591, 12.46317478841414",0,0,1023.8,"LIRF,16242099999,16239099999,AT416,16224099999,LIRA",19.6,10,25,11.4,1,196.6163,08-Oct-2023 10:00:00
NaN,"Clear",2023-10-08T10:30:00,13.2,19.6,66.62,"41.83019005524591, 12.46317478841414",0,0,1023.8,"LIRF,16242099999,16239099999,AT416,16224099999,LIRA",19.6,10,25,11.4,1,265.1913,08-Oct-2023 10:30:00
NaN,"Clear",2023-10-08T11:00:00,13.2,22.4,56.16,"41.83019005524591, 12.46317478841414",0,0,1023.8,"LIRF,16242099999,16239099999,AT416,16224099999,LIRA",22.4,10,50,3.3,1,296.2379,08-Oct-2023 11:00:00
NaN,"Clear",2023-10-08T11:30:00,13.2,22.4,56.16,"41.83019005524591, 12.46317478841414",0,0,1023.8,"LIRF,16242099999,16239099999,AT416,16224099999,LIRA",22.4,10,50,3.3,1,223.4855,08-Oct-2023 11:30:00
NaN,"Clear",2023-10-08T12:00:00,12.4,24.4,47.28,"41.83019005524591, 12.46317478841414",0,0,1023.1,"LIRF,16242099999,16239099999,AT416,16224099999,LIRA",24.4,10,303,5.1,1,292.5869,08-Oct-2023 12:00:00
NaN,"Clear",2023-10-08T12:30:00,12.4,24.4,47.28,"41.83019005524591, 12.46317478841414",0,0,1023.1,"LIRF,16242099999,16239099999,AT416,16224099999,LIRA",24.4,10,303,5.1,1,565.0873,08-Oct-2023 12:30:00
NaN,"Clear",2023-10-08T13:00:00,12.8,26,43.96,"41.83019005524591, 12.46317478841414",0,0,1023.1,"LIRF,16242099999,16239099999,AT416,16224099999,LIRA",26,10,334,9.9,1,547.7153,08-Oct-2023 13:00:00
NaN,"Clear",2023-10-08T13:30:00,12.8,26,43.96,"41.83019005524591, 12.46317478841414",0,0,1023.1,"LIRF,16242099999,16239099999,AT416,16224099999,LIRA",26,10,334,9.9,1,413.1827,08-Oct-2023 13:30:00
NaN,"Clear",2023-10-08T14:00:00,12.2,27.1,38.87,"41.83019005524591, 12.46317478841414",0,0,1022.8,"LIRF,16242099999,16239099999,AT416,16224099999,LIRA",27.4,10,328,10.7,1,212.8575,08-Oct-2023 14:00:00
NaN,"Clear",2023-10-08T14:30:00,12.2,27.1,38.87,"41.83019005524591, 12.46317478841414",0,0,1022.8,"LIRF,16242099999,16239099999,AT416,16224099999,LIRA",27.4,10,328,10.7,1,146.9992,08-Oct-2023 14:30:00
NaN,"Clear",2023-10-08T15:00:00,10.8,27.4,33.92,"41.83019005524591, 12.46317478841414",0,0,1022.1,"LIRF,16242099999,16239099999,AT416,16224099999,LIRA",28.2,10,310,11,1,45.2666,08-Oct-2023 15:00:00
NaN,"Clear",2023-10-08T15:30:00,10.8,27.4,33.92,"41.83019005524591, 12.46317478841414",0,0,1022.1,"LIRF,16242099999,16239099999,AT416,16224099999,LIRA",28.2,10,310,11,1,37.8351,08-Oct-2023 15:30:00
NaN,"Clear",2023-10-08T16:00:00,16.3,28.5,48.42,"41.83019005524591, 12.46317478841414",0,0,1021.8,"LIRF,16242099999,16239099999,AT416,16224099999,LIRA",28.2,10,280,10.6,1,59.0448,08-Oct-2023 16:00:00
NaN,"Clear",2023-10-08T16:30:00,16.3,28.5,48.42,"41.83019005524591, 12.46317478841414",0,0,1021.8,"LIRF,16242099999,16239099999,AT416,16224099999,LIRA",28.2,10,280,10.6,1,256.5938,08-Oct-2023 16:30:00
NaN,"Clear",2023-10-08T17:00:00,16.3,27.9,50.78,"41.83019005524591, 12.46317478841414",0,0,1021.8,"LIRF,16242099999,16239099999,AT416,16224099999,LIRA",27.4,10,272,14.8,1,199.4521,08-Oct-2023 17:00:00
NaN,"Clear",2023-10-08T17:30:00,16.3,27.9,50.78,"41.83019005524591, 12.46317478841414",0,0,1021.8,"LIRF,16242099999,16239099999,AT416,16224099999,LIRA",27.4,10,272,14.8,1,148.5921,08-Oct-2023 17:30:00
NaN,"Clear",2023-10-08T18:00:00,15.8,25.6,54.49,"41.83019005524591, 12.46317478841414",0,0,1021.8,"LIRF,16242099999,16239099999,AT416,16224099999,LIRA",25.6,10,271,13.2,1,116.4684,08-Oct-2023 18:00:00
NaN,"Clear",2023-10-08T18:30:00,15.8,25.6,54.49,"41.83019005524591, 12.46317478841414",0,0,1021.8,"LIRF,16242099999,16239099999,AT416,16224099999,LIRA",25.6,10,271,13.2,1,94.9549,08-Oct-2023 18:30:00
NaN,"Clear",2023-10-08T19:00:00,16.7,23.8,64.59,"41.83019005524591, 12.46317478841414",0,0,1022.1,"LIRF,16242099999,16239099999,AT416,16224099999,LIRA",23.8,10,233,6.2,1,82.1541,08-Oct-2023 19:00:00
NaN,"Clear",2023-10-08T19:30:00,16.7,23.8,64.59,"41.83019005524591, 12.46317478841414",0,0,1022.1,"LIRF,16242099999,16239099999,AT416,16224099999,LIRA",23.8,10,233,6.2,1,102.7555,08-Oct-2023 19:30:00
NaN,"Clear",2023-10-08T20:00:00,16.7,22.8,68.49,"41.83019005524591, 12.46317478841414",0,0,1022.8,"LIRF,16242099999,16239099999,AT416,16224099999,LIRA",22.8,10,208,7.5,1,196.2007,08-Oct-2023 20:00:00
NaN,"Clear",2023-10-08T20:30:00,16.7,22.8,68.49,"41.83019005524591, 12.46317478841414",0,0,1022.8,"LIRF,16242099999,16239099999,AT416,16224099999,LIRA",22.8,10,208,7.5,1,109.8254,08-Oct-2023 20:30:00
NaN,"Clear",2023-10-08T21:00:00,16.6,22.8,68.25,"41.83019005524591, 12.46317478841414",0,0,1023.1,"LIRF,16242099999,16239099999,AT416,16224099999,LIRA",22.8,10,186,8.2,1,92.4135,08-Oct-2023 21:00:00
NaN,"Clear",2023-10-08T21:30:00,16.6,22.8,68.25,"41.83019005524591, 12.46317478841414",0,0,1023.1,"LIRF,16242099999,16239099999,AT416,16224099999,LIRA",22.8,10,186,8.2,1,78.606,08-Oct-2023 21:30:00
NaN,"Clear",2023-10-08T22:00:00,16.6,22,71.57,"41.83019005524591, 12.46317478841414",0,0,1023.1,"LIRF,16242099999,16239099999,AT416,16224099999,LIRA",22,10,202,7.5,1,145.3011,08-Oct-2023 22:00:00
NaN,"Clear",2023-10-08T22:30:00,16.6,22,71.57,"41.83019005524591, 12.46317478841414",0,0,1023.1,"LIRF,16242099999,16239099999,AT416,16224099999,LIRA",22,10,202,7.5,1,113.4039,08-Oct-2023 22:30:00
NaN,"Clear",2023-10-08T23:00:00,14.5,20.8,67.15,"41.83019005524591, 12.46317478841414",0,0,1023.8,"LIRF,16242099999,16239099999,AT416,16224099999,LIRA",20.8,10,133,5.8,1,50.091,08-Oct-2023 23:00:00
NaN,"Clear",2023-10-08T23:30:00,14.5,20.8,67.15,"41.83019005524591, 12.46317478841414",0,0,1023.8,"LIRF,16242099999,16239099999,AT416,16224099999,LIRA",20.8,10,133,5.8,1,0,08-Oct-2023 23:30:00
NaN,"Clear",2023-10-09T00:00:00,15.3,19.8,75.51,"41.83019005524591, 12.46317478841414",0,0,1023.8,"LIRF,16242099999,16239099999,AT416,16224099999,LIRA",19.8,10,60,2.1,2.84699174221051e-13,0,09-Oct-2023 00:00:00
NaN,"Clear",2023-10-09T00:30:00,15.3,19.8,75.51,"41.83019005524591, 12.46317478841414",0,0,1023.8,"LIRF,16242099999,16239099999,AT416,16224099999,LIRA",19.8,10,60,2.1,2.83419988813755e-13,16.8115,09-Oct-2023 00:30:00
NaN,"Clear",2023-10-09T01:00:00,13.6,19.6,68.22,"41.83019005524591, 12.46317478841414",0,0,1023.8,"LIRF,16242099999,16239099999,AT416,16224099999,LIRA",19.6,10,38,2.6,2.82147265747247e-13,5.8115,09-Oct-2023 01:00:00
NaN,"Clear",2023-10-09T01:30:00,13.6,19.6,68.22,"41.83019005524591, 12.46317478841414",0,0,1023.8,"LIRF,16242099999,16239099999,AT416,16224099999,LIRA",19.6,10,38,2.6,2.80880968753048e-13,0,09-Oct-2023 01:30:00
NaN,"Clear",2023-10-09T02:00:00,13.2,17.4,76.33,"41.83019005524591, 12.46317478841414",0,0,1023.8,"LIRF,16242099999,16239099999,AT416,16224099999,LIRA",17.4,10,5,5.4,2.79621061807638e-13,0,09-Oct-2023 02:00:00
NaN,"Clear",2023-10-09T02:30:00,13.2,17.4,76.33,"41.83019005524591, 12.46317478841414",0,0,1023.8,"LIRF,16242099999,16239099999,AT416,16224099999,LIRA",17.4,10,5,5.4,2.78367509109454e-13,0,09-Oct-2023 02:30:00
NaN,"Clear",2023-10-09T03:00:00,13.4,17.8,75.32,"41.83019005524591, 12.46317478841414",0,0,1023.1,"LIRF,16242099999,16239099999,AT416,16224099999,LIRA",17.8,10,36,7.1,2.77120275056543e-13,0,09-Oct-2023 03:00:00
NaN,"Clear",2023-10-09T03:30:00,13.4,17.8,75.32,"41.83019005524591, 12.46317478841414",0,0,1023.1,"LIRF,16242099999,16239099999,AT416,16224099999,LIRA",17.8,10,36,7.1,2.75879324287106e-13,0,09-Oct-2023 03:30:00
NaN,"Clear",2023-10-09T04:00:00,13.5,17,79.41,"41.83019005524591, 12.46317478841414",0,0,1022.8,"LIRF,16242099999,16239099999,AT416,16224099999,LIRA",17,10,42,9.3,2.74644621656862e-13,18.426,09-Oct-2023 04:00:00
NaN,"Clear",2023-10-09T04:30:00,13.5,17,79.41,"41.83019005524591, 12.46317478841414",0,0,1022.8,"LIRF,16242099999,16239099999,AT416,16224099999,LIRA",17,10,42,9.3,2.73416132217039e-13,7.426,09-Oct-2023 04:30:00
NaN,"Clear",2023-10-09T05:00:00,12.5,16.8,75.42,"41.83019005524591, 12.46317478841414",0,0,1022.9,"LIRF,16242099999,16239099999,AT416,16224099999,LIRA",16.8,10,40,7.9,2.72193821254326e-13,0,09-Oct-2023 05:00:00
NaN,"Clear",2023-10-09T05:30:00,12.5,16.8,75.42,"41.83019005524591, 12.46317478841414",0,0,1022.9,"LIRF,16242099999,16239099999,AT416,16224099999,LIRA",16.8,10,40,7.9,2.70977654268577e-13,0,09-Oct-2023 05:30:00
NaN,"Clear",2023-10-09T06:00:00,11.6,15.9,76.08,"41.83019005524591, 12.46317478841414",0,0,1023.1,"LIRF,16242099999,16239099999,AT416,16224099999,LIRA",15.9,10,23,5.4,2.69767596951154e-13,0,09-Oct-2023 06:00:00
NaN,"Clear",2023-10-09T06:30:00,11.6,15.9,76.08,"41.83019005524591, 12.46317478841414",0,0,1023.1,"LIRF,16242099999,16239099999,AT416,16224099999,LIRA",15.9,10,23,5.4,2.68563615224277e-13,99.3288,09-Oct-2023 06:30:00
NaN,"Clear",2023-10-09T07:00:00,11.6,16.5,72.52,"41.83019005524591, 12.46317478841414",0,0,1023.1,"LIRF,16242099999,16239099999,AT416,16224099999,16234099999,LIRA",16.5,10,62,5.4,2.67365675219083e-13,69.7378,09-Oct-2023 07:00:00
NaN,"Clear",2023-10-09T07:30:00,11.6,16.5,72.52,"41.83019005524591, 12.46317478841414",0,0,1023.1,"LIRF,16242099999,16239099999,AT416,16224099999,16234099999,LIRA",16.5,10,62,5.4,2.66173743254293e-13,73.7848,09-Oct-2023 07:30:00
NaN,"Clear",2023-10-09T08:00:00,11.8,17.7,68.38,"41.83019005524591, 12.46317478841414",0,0,1023.8,"LIRF,16242099999,16239099999,AT416,16224099999,16234099999,LIRA",17.7,10,46,5.8,2.64987785874991e-13,100.1032,09-Oct-2023 08:00:00
NaN,"Clear",2023-10-09T08:30:00,11.8,17.7,68.38,"41.83019005524591, 12.46317478841414",0,0,1023.8,"LIRF,16242099999,16239099999,AT416,16224099999,16234099999,LIRA",17.7,10,46,5.8,2.63807769831012e-13,153.7935,09-Oct-2023 08:30:00
NaN,"Clear",2023-10-09T09:00:00,13.4,18.2,74.03,"41.83019005524591, 12.46317478841414",0,0,1024.1,"LIRF,16242099999,16239099999,AT416,16224099999,16234099999,LIRA",18.2,10,33,8.3,2.62633662055947e-13,727.2646,09-Oct-2023 09:00:00
NaN,"Clear",2023-10-09T09:30:00,13.4,18.2,74.03,"41.83019005524591, 12.46317478841414",0,0,1024.1,"LIRF,16242099999,16239099999,AT416,16224099999,16234099999,LIRA",18.2,10,33,8.3,2.61465429705341e-13,753.0206,09-Oct-2023 09:30:00
NaN,"Clear",2023-10-09T10:00:00,12.3,20.4,59.43,"41.83019005524591, 12.46317478841414",0,0,1024.1,"LIRF,16242099999,16239099999,AT416,16224099999,16234099999,LIRA",20.4,10,28,9.9,2.60303040135423e-13,623.94,09-Oct-2023 10:00:00
NaN,"Clear",2023-10-09T10:30:00,12.3,20.4,59.43,"41.83019005524591, 12.46317478841414",0,0,1024.1,"LIRF,16242099999,16239099999,AT416,16224099999,16234099999,LIRA",20.4,10,28,9.9,2.59146460882423e-13,798.8644,09-Oct-2023 10:30:00
NaN,"Clear",2023-10-09T11:00:00,11.6,24.3,44.8,"41.83019005524591, 12.46317478841414",0,0,1024.1,"LIRF,16242099999,16239099999,AT416,16224099999,16234099999,LIRA",24.3,10,22,8,2.57995659700219e-13,791.4889,09-Oct-2023 11:00:00
NaN,"Clear",2023-10-09T11:30:00,11.6,24.3,44.8,"41.83019005524591, 12.46317478841414",0,0,1024.1,"LIRF,16242099999,16239099999,AT416,16224099999,16234099999,LIRA",24.3,10,22,8,2.56850604539386e-13,696.0312,09-Oct-2023 11:30:00
NaN,"Clear",2023-10-09T12:00:00,11.8,26.9,38.54,"41.83019005524591, 12.46317478841414",0,0,1024.1,"LIRF,16242099999,16239099999,AT416,16224099999,16234099999,LIRA",27.2,10,360,9.4,2.55711263526836e-13,789.5645,09-Oct-2023 12:00:00
NaN,"Clear",2023-10-09T12:30:00,11.8,26.9,38.54,"41.83019005524591, 12.46317478841414",0,0,1024.1,"LIRF,16242099999,16239099999,AT416,16224099999,16234099999,LIRA",27.2,10,360,9.4,2.54577605002907e-13,666.8274,09-Oct-2023 12:30:00
NaN,"Clear",2023-10-09T13:00:00,13,28.1,38.06,"41.83019005524591, 12.46317478841414",0,0,1023.8,"LIRF,16242099999,16239099999,AT416,16224099999,16234099999,LIRA",28.7,10,335,8.3,2.53449597500735e-13,435.6271,09-Oct-2023 13:00:00
NaN,"Clear",2023-10-09T13:30:00,13,28.1,38.06,"41.83019005524591, 12.46317478841414",0,0,1023.8,"LIRF,16242099999,16239099999,AT416,16224099999,16234099999,LIRA",28.7,10,335,8.3,2.52327209726207e-13,409.3367,09-Oct-2023 13:30:00
NaN,"Clear",2023-10-09T14:00:00,13.2,29.3,35.69,"41.83019005524591, 12.46317478841414",0,0,1022.8,"LIRF,16242099999,16239099999,AT416,16224099999,16234099999,LIRA",30,10,294,10.6,2.51210410594505e-13,374.2856,09-Oct-2023 14:00:00
NaN,"Clear",2023-10-09T14:30:00,13.2,29.3,35.69,"41.83019005524591, 12.46317478841414",0,0,1022.8,"LIRF,16242099999,16239099999,AT416,16224099999,16234099999,LIRA",30,10,294,10.6,2.50099169209795e-13,448.1293,09-Oct-2023 14:30:00
NaN,"Clear",2023-10-09T15:00:00,12.9,29.3,34.9,"41.83019005524591, 12.46317478841414",0,0,1022.1,"LIRF,16242099999,16239099999,AT416,16224099999,16234099999,LIRA",30.1,10,296,9,2.48993454845483e-13,486.9134,09-Oct-2023 15:00:00
NaN,"Clear",2023-10-09T15:30:00,12.9,29.3,34.9,"41.83019005524591, 12.46317478841414",0,0,1022.1,"LIRF,16242099999,16239099999,AT416,16224099999,16234099999,LIRA",30.1,10,296,9,2.47893236980229e-13,425.0634,09-Oct-2023 15:30:00
NaN,"Clear",2023-10-09T16:00:00,14.8,29.1,41.21,"41.83019005524591, 12.46317478841414",0,0,1022,"LIRF,16242099999,16239099999,AT416,16224099999,16234099999,LIRA",29.4,10,279,16.1,2.46798485277941e-13,337.4814,09-Oct-2023 16:00:00
NaN,"Clear",2023-10-09T16:30:00,14.8,29.1,41.21,"41.83019005524591, 12.46317478841414",0,0,1022,"LIRF,16242099999,16239099999,AT416,16224099999,16234099999,LIRA",29.4,10,279,16.1,2.45709169568337e-13,315.3714,09-Oct-2023 16:30:00
NaN,"Clear",2023-10-09T17:00:00,15.2,27.8,46.83,"41.83019005524591, 12.46317478841414",0,0,1021.8,"LIRF,16242099999,16239099999,AT416,16224099999,16234099999,LIRA",27.6,10,279,16.4,2.4462525988243e-13,275.8109,09-Oct-2023 17:00:00
NaN,"Clear",2023-10-09T17:30:00,15.2,27.8,46.83,"41.83019005524591, 12.46317478841414",0,0,1021.8,"LIRF,16242099999,16239099999,AT416,16224099999,16234099999,LIRA",27.6,10,279,16.4,2.43546726432825e-13,299.7881,09-Oct-2023 17:30:00
NaN,"Clear",2023-10-09T18:00:00,13.1,26.5,43.56,"41.83019005524591, 12.46317478841414",0,0,1021.8,"LIRF,16242099999,16239099999,AT416,16224099999,16234099999,LIRA",26.5,10,262,13.7,2.42473539594584e-13,278.3214,09-Oct-2023 18:00:00
NaN,"Clear",2023-10-09T18:30:00,13.1,26.5,43.56,"41.83019005524591, 12.46317478841414",0,0,1021.8,"LIRF,16242099999,16239099999,AT416,16224099999,16234099999,LIRA",26.5,10,262,13.7,2.41405669940181e-13,284.8113,09-Oct-2023 18:30:00
NaN,"Clear",2023-10-09T19:00:00,14.7,23.9,56.41,"41.83019005524591, 12.46317478841414",0,0,1021.8,"LIRF,16242099999,16239099999,AT416,16224099999,16234099999,LIRA",23.9,10,236,8.6,2.40343088220117e-13,308.014,09-Oct-2023 19:00:00
NaN,"Clear",2023-10-09T19:30:00,14.7,23.9,56.41,"41.83019005524591, 12.46317478841414",0,0,1021.8,"LIRF,16242099999,16239099999,AT416,16224099999,16234099999,LIRA",23.9,10,236,8.6,2.39285765344053e-13,170.4183,09-Oct-2023 19:30:00
NaN,"Clear",2023-10-09T20:00:00,16.2,23,65.89,"41.83019005524591, 12.46317478841414",0,0,1022.1,"LIRF,16242099999,16239099999,AT416,16224099999,16234099999,LIRA",23,10,222,9.6,2.3823367241528e-13,170.4181,09-Oct-2023 20:00:00
NaN,"Clear",2023-10-09T20:30:00,16.2,23,65.89,"41.83019005524591, 12.46317478841414",0,0,1022.1,"LIRF,16242099999,16239099999,AT416,16224099999,16234099999,LIRA",23,10,222,9.6,2.37186780711605e-13,70.5558,09-Oct-2023 20:30:00
NaN,"Clear",2023-10-09T21:00:00,16.2,22,69.73,"41.83019005524591, 12.46317478841414",0,0,1022.1,"LIRF,16242099999,16239099999,AT416,16224099999,LIRA",22,10,211,8.2,2.36145061666791e-13,55.5937,09-Oct-2023 21:00:00
NaN,"Clear",2023-10-09T21:30:00,16.2,22,69.73,"41.83019005524591, 12.46317478841414",0,0,1022.1,"LIRF,16242099999,16239099999,AT416,16224099999,LIRA",22,10,211,8.2,2.35108486904509e-13,22.8669,09-Oct-2023 21:30:00
NaN,"Clear",2023-10-09T22:00:00,17.2,21.9,74.68,"41.83019005524591, 12.46317478841414",0,0,1022.8,"LIRF,16242099999,16239099999,AT416,16224099999,LIRA",21.9,10,201,6.2,2.34077028219526e-13,41.433,09-Oct-2023 22:00:00
NaN,"Clear",2023-10-09T22:30:00,17.2,21.9,74.68,"41.83019005524591, 12.46317478841414",0,0,1022.8,"LIRF,16242099999,16239099999,AT416,16224099999,LIRA",21.9,10,201,6.2,2.33050657559418e-13,27.2648,09-Oct-2023 22:30:00
NaN,"Clear",2023-10-09T23:00:00,16.4,20,79.95,"41.83019005524591, 12.46317478841414",0,0,1022.8,"LIRF,16242099999,16239099999,AT416,16224099999,LIRA",20,10,176,7.1,2.32029347058034e-13,16.2648,09-Oct-2023 23:00:00
NaN,"Clear",2023-10-09T23:30:00,16.4,20,79.95,"41.83019005524591, 12.46317478841414",0,0,1022.8,"LIRF,16242099999,16239099999,AT416,16224099999,LIRA",20,10,176,7.1,2.31013069016963e-13,0,09-Oct-2023 23:30:00
0,"Clear",2023-10-10T00:00:00,14.8,20.2,71.24,"41.83019005524591, 12.46317478841414",0,0,1022.1,"LIRF,16242099999,16239099999,AT416,16224099999,LIRA",20.2,10,192,7.1,2.30001795887531e-13,0,10-Oct-2023 00:00:00
0,"Clear",2023-10-10T00:30:00,14.8,20.2,71.24,"41.83019005524591, 12.46317478841414",0,0,1022.1,"LIRF,16242099999,16239099999,AT416,16224099999,LIRA",20.2,10,192,7.1,2.28995500303772e-13,0,10-Oct-2023 00:30:00
0,"Clear",2023-10-10T01:00:00,11.2,18.6,62.03,"41.83019005524591, 12.46317478841414",0,0,1022.1,"LIRF,16242099999,16239099999,AT416,16224099999,LIRA",18.6,10,50,4.4,2.27994155064183e-13,44.2673,10-Oct-2023 01:00:00
0,"Clear",2023-10-10T01:30:00,11.2,18.6,62.03,"41.83019005524591, 12.46317478841414",0,0,1022.1,"LIRF,16242099999,16239099999,AT416,16224099999,LIRA",18.6,10,50,4.4,2.26997733113984e-13,33.2673,10-Oct-2023 01:30:00
0,"Clear",2023-10-10T02:00:00,9.4,17.6,58.65,"41.83019005524591, 12.46317478841414",0,0,1022,"LIRF,16242099999,16239099999,AT416,16224099999,LIRA",17.6,10,37,3.6,2.26006207577618e-13,39.2933,10-Oct-2023 02:00:00
0,"Clear",2023-10-10T02:30:00,9.4,17.6,58.65,"41.83019005524591, 12.46317478841414",0,0,1022,"LIRF,16242099999,16239099999,AT416,16224099999,LIRA",17.6,10,37,3.6,2.25019551740779e-13,17.2933,10-Oct-2023 02:30:00
0,"Clear",2023-10-10T03:00:00,10.1,15.7,69.29,"41.83019005524591, 12.46317478841414",0,0,1021.8,"LIRF,16242099999,16239099999,AT416,16224099999,LIRA",15.7,10,30,5.1,2.24037739032937e-13,0.267299999999995,10-Oct-2023 03:00:00
0,"Clear",2023-10-10T03:30:00,10.1,15.7,69.29,"41.83019005524591, 12.46317478841414",0,0,1021.8,"LIRF,16242099999,16239099999,AT416,16224099999,LIRA",15.7,10,30,5.1,2.23060743059373e-13,0,10-Oct-2023 03:30:00
0,"Clear",2023-10-10T04:00:00,11.6,15.7,77.01,"41.83019005524591, 12.46317478841414",0,0,1021.8,"LIRF,16242099999,16239099999,AT416,16224099999,LIRA",15.7,10,20,5,2.22088537583474e-13,43.7815,10-Oct-2023 04:00:00
0,"Clear",2023-10-10T04:30:00,11.6,15.7,77.01,"41.83019005524591, 12.46317478841414",0,0,1021.8,"LIRF,16242099999,16239099999,AT416,16224099999,LIRA",15.7,10,20,5,2.21121096509523e-13,32.7815,10-Oct-2023 04:30:00
0,"Clear",2023-10-10T05:00:00,11.6,15.7,77.01,"41.83019005524591, 12.46317478841414",0,0,1021.1,"LIRF,16242099999,16239099999,AT416,16224099999,LIRA",15.7,10,59,4.7,2.20158393914266e-13,21.7815,10-Oct-2023 05:00:00
0,"Clear",2023-10-10T05:30:00,11.6,15.7,77.01,"41.83019005524591, 12.46317478841414",0,0,1021.1,"LIRF,16242099999,16239099999,AT416,16224099999,LIRA",15.7,10,59,4.7,2.19200404029481e-13,57.7793,10-Oct-2023 05:30:00
0,"Clear",2023-10-10T06:00:00,11.5,14.7,81.1,"41.83019005524591, 12.46317478841414",0,0,1021.1,"LIRF,16242099999,16239099999,AT416,16224099999,LIRA",14.7,10,28,7.1,2.1824710122502e-13,138.3607,10-Oct-2023 06:00:00
0,"Clear",2023-10-10T06:30:00,11.5,14.7,81.1,"41.83019005524591, 12.46317478841414",0,0,1021.1,"LIRF,16242099999,16239099999,AT416,16224099999,LIRA",14.7,10,28,7.1,2.17298460039926e-13,204.229,10-Oct-2023 06:30:00
0,"Clear",2023-10-10T07:00:00,11.4,15.3,77.54,"41.83019005524591, 12.46317478841414",0,0,1021.1,"LIRF,16242099999,16239099999,AT416,16224099999,16234099999,LIRA",15.3,10,51,7.8,2.16354455165258e-13,186.9308,10-Oct-2023 07:00:00
0,"Clear",2023-10-10T07:30:00,11.4,15.3,77.54,"41.83019005524591, 12.46317478841414",0,0,1021.1,"LIRF,16242099999,16239099999,AT416,16224099999,16234099999,LIRA",15.3,10,51,7.8,2.15415061427392e-13,148.9953,10-Oct-2023 07:30:00
NaN,"Clear",2023-10-10T08:00:00,10.7,16.3,69.37,"41.83019005524591, 12.46317478841414",0,0,1021.1,"LIRF,16242099999,16239099999,AT416,16224099999,16234099999,LIRA",16.3,10,55,7.2,2.14480253818687e-13,179.2407,10-Oct-2023 08:00:00
NaN,"Clear",2023-10-10T08:30:00,10.7,16.3,69.37,"41.83019005524591, 12.46317478841414",0,0,1021.1,"LIRF,16242099999,16239099999,AT416,16224099999,16234099999,LIRA",16.3,10,55,7.2,2.1355000748057e-13,240.2109,10-Oct-2023 08:30:00
NaN,"Clear",2023-10-10T09:00:00,11.7,17.8,67.47,"41.83019005524591, 12.46317478841414",0,0,1021.8,"LIRF,16242099999,16239099999,AT416,16224099999,16234099999,LIRA",17.8,10,41,6.6,2.12624297687083e-13,430.0717,10-Oct-2023 09:00:00
NaN,"Clear",2023-10-10T09:30:00,11.7,17.8,67.47,"41.83019005524591, 12.46317478841414",0,0,1021.8,"LIRF,16242099999,16239099999,AT416,16224099999,16234099999,LIRA",17.8,10,41,6.6,2.11703099875111e-13,441.3474,10-Oct-2023 09:30:00
NaN,"Clear",2023-10-10T10:00:00,12.3,20.1,60.95,"41.83019005524591, 12.46317478841414",0,0,1022.1,"LIRF,16242099999,16239099999,AT416,16224099999,16234099999,LIRA",20.1,10,20,7.9,2.10786389627718e-13,391.4932,10-Oct-2023 10:00:00
NaN,"Clear",2023-10-10T10:30:00,12.3,20.1,60.95,"41.83019005524591, 12.46317478841414",0,0,1022.1,"LIRF,16242099999,16239099999,AT416,16224099999,16234099999,LIRA",20.1,10,20,7.9,2.09874142657943e-13,479.2286,10-Oct-2023 10:30:00
NaN,"Clear",2023-10-10T11:00:00,11.3,23.2,47.08,"41.83019005524591, 12.46317478841414",0,0,1022.1,"LIRF,16242099999,16239099999,AT416,16224099999,16234099999,LIRA",23.2,10,22,5.3,2.08966334838592e-13,337.129,10-Oct-2023 11:00:00
NaN,"Clear",2023-10-10T11:30:00,11.3,23.2,47.08,"41.83019005524591, 12.46317478841414",0,0,1022.1,"LIRF,16242099999,16239099999,AT416,16224099999,16234099999,LIRA",23.2,10,22,5.3,2.0806294218582e-13,222.715,10-Oct-2023 11:30:00
NaN,"Clear",2023-10-10T12:00:00,10.1,25.8,37.32,"41.83019005524591, 12.46317478841414",0,0,1021.9,"LIRF,16242099999,16239099999,AT416,16224099999,16234099999,LIRA",25.8,10,336,8.1,2.07163940843174e-13,247.8934,10-Oct-2023 12:00:00
NaN,"Clear",2023-10-10T12:30:00,10.1,25.8,37.32,"41.83019005524591, 12.46317478841414",0,0,1021.9,"LIRF,16242099999,16239099999,AT416,16224099999,16234099999,LIRA",25.8,10,336,8.1,2.06269307110953e-13,436.9492,10-Oct-2023 12:30:00
NaN,"Clear",2023-10-10T13:00:00,10.3,26.9,34.33,"41.83019005524591, 12.46317478841414",0,0,1021.8,"LIRF,16242099999,16239099999,AT416,16224099999,16234099999,LIRA",27.4,10,318,9,2.05379017430039e-13,512.6879,10-Oct-2023 13:00:00
NaN,"Clear",2023-10-10T13:30:00,10.3,26.9,34.33,"41.83019005524591, 12.46317478841414",0,0,1021.8,"LIRF,16242099999,16239099999,AT416,16224099999,16234099999,LIRA",27.4,10,318,9,2.04493048366174e-13,449.2595,10-Oct-2023 13:30:00
NaN,"Clear",2023-10-10T14:00:00,6.4,27.3,24.5,"41.83019005524591, 12.46317478841414",0,0,1021.1,"LIRF,16242099999,16239099999,AT416,16224099999,16234099999,LIRA",28.6,10,334,11.8,2.03611376638901e-13,412.7691,10-Oct-2023 14:00:00
NaN,"Clear",2023-10-10T14:30:00,6.4,27.3,24.5,"41.83019005524591, 12.46317478841414",0,0,1021.1,"LIRF,16242099999,16239099999,AT416,16224099999,16234099999,LIRA",28.6,10,334,11.8,2.02733979105637e-13,330.4356,10-Oct-2023 14:30:00
NaN,"Clear",2023-10-10T15:00:00,8.2,28.6,25.35,"41.83019005524591, 12.46317478841414",0,0,1020.1,"LIRF,16242099999,16239099999,AT416,16224099999,16234099999,LIRA",30.2,10,294,10.4,2.0186083274618e-13,251.8477,10-Oct-2023 15:00:00
NaN,"Clear",2023-10-10T15:30:00,8.2,28.6,25.35,"41.83019005524591, 12.46317478841414",0,0,1020.1,"LIRF,16242099999,16239099999,AT416,16224099999,16234099999,LIRA",30.2,10,294,10.4,2.0099191469124e-13,237.3066,10-Oct-2023 15:30:00
NaN,"Clear",2023-10-10T16:00:00,10.6,28.3,31.17,"41.83019005524591, 12.46317478841414",0,0,1020.1,"LIRF,16242099999,16239099999,AT416,16224099999,16234099999,LIRA",29.5,10,286,13.5,2.00127202206748e-13,302.2351,10-Oct-2023 16:00:00
NaN,"Clear",2023-10-10T16:30:00,10.6,28.3,31.17,"41.83019005524591, 12.46317478841414",0,0,1020.1,"LIRF,16242099999,16239099999,AT416,16224099999,16234099999,LIRA",29.5,10,286,13.5,1.9926667267859e-13,396.3355,10-Oct-2023 16:30:00
NaN,"Clear",2023-10-10T17:00:00,10.5,27.6,32.66,"41.83019005524591, 12.46317478841414",0,0,1019.8,"LIRF,16242099999,16239099999,AT416,16224099999,16234099999,LIRA",28.5,10,283,14.5,1.98410303640735e-13,291.6004,10-Oct-2023 17:00:00
NaN,"Clear",2023-10-10T17:30:00,10.5,27.6,32.66,"41.83019005524591, 12.46317478841414",0,0,1019.8,"LIRF,16242099999,16239099999,AT416,16224099999,16234099999,LIRA",28.5,10,283,14.5,1.97558072759771e-13,281.9057,10-Oct-2023 17:30:00
NaN,"Clear",2023-10-10T18:00:00,10.9,26.5,37.2,"41.83019005524591, 12.46317478841414",0,0,1020.1,"LIRF,16242099999,16239099999,AT416,16224099999,16234099999,LIRA",26.7,10,275,14.1,1.96709957819873e-13,265.046,10-Oct-2023 18:00:00
NaN,"Clear",2023-10-10T18:30:00,10.9,26.5,37.2,"41.83019005524591, 12.46317478841414",0,0,1020.1,"LIRF,16242099999,16239099999,AT416,16224099999,16234099999,LIRA",26.7,10,275,14.1,1.95865936750522e-13,261.1269,10-Oct-2023 18:30:00
NaN,"Clear",2023-10-10T19:00:00,12.5,23.8,49.02,"41.83019005524591, 12.46317478841414",0,0,1020,"LIRF,16242099999,16239099999,AT416,16234099999,LIRA",23.8,10,257,8.8,1.95025987611274e-13,178.5127,10-Oct-2023 19:00:00
NaN,"Clear",2023-10-10T19:30:00,12.5,23.8,49.02,"41.83019005524591, 12.46317478841414",0,0,1020,"LIRF,16242099999,16239099999,AT416,16234099999,LIRA",23.8,10,257,8.8,1.9419008857695e-13,106.5326,10-Oct-2023 19:30:00
NaN,"Clear",2023-10-10T20:00:00,13.3,23.7,52.19,"41.83019005524591, 12.46317478841414",0,0,1020.8,"LIRF,16242099999,16239099999,AT416,16224099999,16234099999,LIRA",23.7,10,116,8.3,1.9335821796496e-13,152.6143,10-Oct-2023 20:00:00
NaN,"Clear",2023-10-10T20:30:00,13.3,23.7,52.19,"41.83019005524591, 12.46317478841414",0,0,1020.8,"LIRF,16242099999,16239099999,AT416,16224099999,16234099999,LIRA",23.7,10,116,8.3,1.925303542203e-13,117.2513,10-Oct-2023 20:30:00
NaN,"Clear",2023-10-10T21:00:00,15.5,22,66.8,"41.83019005524591, 12.46317478841414",0,0,1020.9,"LIRF,16242099999,16239099999,AT416,16224099999,LIRA",22,10,202,6.8,1.91706475900953e-13,69.1615,10-Oct-2023 21:00:00
NaN,"Clear",2023-10-10T21:30:00,15.5,22,66.8,"41.83019005524591, 12.46317478841414",0,0,1020.9,"LIRF,16242099999,16239099999,AT416,16224099999,LIRA",22,10,202,6.8,1.90886561704833e-13,36.1615,10-Oct-2023 21:30:00
NaN,"Clear",2023-10-10T22:00:00,16.5,21,75.31,"41.83019005524591, 12.46317478841414",0,0,1021.1,"LIRF,16242099999,16239099999,AT416,16224099999,LIRA",21,10,178,7.8,1.90070590454997e-13,18.559,10-Oct-2023 22:00:00
NaN,"Clear",2023-10-10T22:30:00,16.5,21,75.31,"41.83019005524591, 12.46317478841414",0,0,1021.1,"LIRF,16242099999,16239099999,AT416,16224099999,LIRA",21,10,178,7.8,1.89258541085267e-13,5.7114,10-Oct-2023 22:30:00
NaN,"Clear",2023-10-10T23:00:00,15.5,20.8,71.73,"41.83019005524591, 12.46317478841414",0,0,1021.1,"LIRF,16242099999,16239099999,AT416,16224099999,LIRA",20.8,10,126,4.1,1.88450392666787e-13,0,10-Oct-2023 23:00:00
NaN,"Clear",2023-10-10T23:30:00,15.5,20.8,71.73,"41.83019005524591, 12.46317478841414",0,0,1021.1,"LIRF,16242099999,16239099999,AT416,16224099999,LIRA",20.8,10,126,4.1,1.87646124393454e-13,0,10-Oct-2023 23:30:00
