cloudcover,conditions,datetime,dew,feelslike,humidity,name,precip,precipprob,sealevelpressure,stations,temp,visibility,winddir,windspeed,holiday_indicator,AAC_energy,time_vector
NaN,"Clear",2023-02-15T00:00:00,2.2,5.8,72.92,"41.829742371733346, 12.468582121891949",0,0,1030,"16242099999,16239099999,16224099999,LIRA",6.7,10,169,5.6,0,95.9836,15-Feb-2023 00:00:00
NaN,"Clear",2023-02-15T00:30:00,2.2,5.8,72.92,"41.829742371733346, 12.468582121891949",0,0,1030,"16242099999,16239099999,16224099999,LIRA",6.7,10,169,5.6,0,91.5387,15-Feb-2023 00:30:00
0,"Clear",2023-02-15T01:00:00,2.2,5.8,77.69,"41.829742371733346, 12.468582121891949",0,0,1030,"16242099999,16239099999,16224099999,LIRA",5.8,9.8,64,2.3,0,58.5387,15-Feb-2023 01:00:00
0,"Clear",2023-02-15T01:30:00,2.2,5.8,77.69,"41.829742371733346, 12.468582121891949",0,0,1030,"16242099999,16239099999,16224099999,LIRA",5.8,9.8,64,2.3,0,29.9836,15-Feb-2023 01:30:00
0,"Clear",2023-02-15T02:00:00,0.3,3.9,77.53,"41.829742371733346, 12.468582121891949",0,0,1029,"16242099999,16239099999,16224099999,LIRA",3.9,9.8,85,3.7,0,7.98359999999999,15-Feb-2023 02:00:00
0,"Clear",2023-02-15T02:30:00,0.3,3.9,77.53,"41.829742371733346, 12.468582121891949",0,0,1029,"16242099999,16239099999,16224099999,LIRA",3.9,9.8,85,3.7,0,0,15-Feb-2023 02:30:00
0,"Clear",2023-02-15T03:00:00,2.2,4.1,87.96,"41.829742371733346, 12.468582121891949",0,0,1029.1,"16245099999,16242099999,16239099999,16224099999,LIRA",4.1,9.9,40,4,0,0,15-Feb-2023 03:00:00
0,"Clear",2023-02-15T03:30:00,2.2,4.1,87.96,"41.829742371733346, 12.468582121891949",0,0,1029.1,"16245099999,16242099999,16239099999,16224099999,LIRA",4.1,9.9,40,4,0,1.65940000000001,15-Feb-2023 03:30:00
NaN,"Clear",2023-02-15T04:00:00,1.6,1.1,92.62,"41.829742371733346, 12.468582121891949",0,0,1029.1,"16245099999,16242099999,16239099999,16224099999",2.6,10,44,5.9,0,0,15-Feb-2023 04:00:00
NaN,"Clear",2023-02-15T04:30:00,1.6,1.1,92.62,"41.829742371733346, 12.468582121891949",0,0,1029.1,"16245099999,16242099999,16239099999,16224099999",2.6,10,44,5.9,0,0,15-Feb-2023 04:30:00
NaN,"Clear",2023-02-15T05:00:00,0.2,0.3,88.04,"41.829742371733346, 12.468582121891949",0,0,1029,"16242099999,16239099999,16224099999,LIRA",2,10,43,6,0,0,15-Feb-2023 05:00:00
NaN,"Clear",2023-02-15T05:30:00,0.2,0.3,88.04,"41.829742371733346, 12.468582121891949",0,0,1029,"16242099999,16239099999,16224099999,LIRA",2,10,43,6,0,0,15-Feb-2023 05:30:00
NaN,"Clear",2023-02-15T06:00:00,0.1,0.5,87.7,"41.829742371733346, 12.468582121891949",0,0,1028.1,"16242099999,16239099999,16224099999,LIRA",2,10,52,5.4,0,16.0107,15-Feb-2023 06:00:00
NaN,"Clear",2023-02-15T06:30:00,0.1,0.5,87.7,"41.829742371733346, 12.468582121891949",0,0,1028.1,"16242099999,16239099999,16224099999,LIRA",2,10,52,5.4,0,50.5388,15-Feb-2023 06:30:00
NaN,"Clear",2023-02-15T07:00:00,0.8,2.4,88.84,"41.829742371733346, 12.468582121891949",0,0,1029,"16242099999,16239099999,AT416,16224099999,16234099999",2.4,10,74,4.5,0,216.4701,15-Feb-2023 07:00:00
NaN,"Clear",2023-02-15T07:30:00,0.8,2.4,88.84,"41.829742371733346, 12.468582121891949",0,0,1029,"16242099999,16239099999,AT416,16224099999,16234099999",2.4,10,74,4.5,0,334.4713,15-Feb-2023 07:30:00
NaN,"Clear",2023-02-15T08:00:00,0.4,0.3,86.33,"41.829742371733346, 12.468582121891949",0,0,1029.1,"16242099999,16239099999,AT416,16224099999,16234099999",2.4,10,62,7.5,0,550.369,15-Feb-2023 08:00:00
NaN,"Clear",2023-02-15T08:30:00,0.4,0.3,86.33,"41.829742371733346, 12.468582121891949",0,0,1029.1,"16242099999,16239099999,AT416,16224099999,16234099999",2.4,10,62,7.5,0,493.2225,15-Feb-2023 08:30:00
NaN,"Clear",2023-02-15T09:00:00,1,2.3,79.09,"41.829742371733346, 12.468582121891949",0,0,1029.1,"16242099999,16239099999,AT416,16224099999,16234099999",4.3,10,52,8.1,0,505.6671,15-Feb-2023 09:00:00
NaN,"Clear",2023-02-15T09:30:00,1,2.3,79.09,"41.829742371733346, 12.468582121891949",0,0,1029.1,"16242099999,16239099999,AT416,16224099999,16234099999",4.3,10,52,8.1,0,605.1406,15-Feb-2023 09:30:00
NaN,"Clear",2023-02-15T10:00:00,2.6,6.4,70.47,"41.829742371733346, 12.468582121891949",0,0,1029.3,"16242099999,16239099999,AT416,16224099999,16234099999",7.6,10,39,7.2,0,484.0792,15-Feb-2023 10:00:00
NaN,"Clear",2023-02-15T10:30:00,2.6,6.4,70.47,"41.829742371733346, 12.468582121891949",0,0,1029.3,"16242099999,16239099999,AT416,16224099999,16234099999",7.6,10,39,7.2,0,399.1254,15-Feb-2023 10:30:00
NaN,"Clear",2023-02-15T11:00:00,2.6,10.7,57.46,"41.829742371733346, 12.468582121891949",0,0,1029.9,"16242099999,16239099999,AT416,16224099999,16234099999",10.7,10,116,4.7,0,370.2414,15-Feb-2023 11:00:00
NaN,"Clear",2023-02-15T11:30:00,2.6,10.7,57.46,"41.829742371733346, 12.468582121891949",0,0,1029.9,"16242099999,16239099999,AT416,16224099999,16234099999",10.7,10,116,4.7,0,320.9753,15-Feb-2023 11:30:00
NaN,"Clear",2023-02-15T12:00:00,3.1,14,47.71,"41.829742371733346, 12.468582121891949",0,0,1029.3,"16242099999,16239099999,AT416,16224099999,16234099999",14,10,170,2.4,0,339.2708,15-Feb-2023 12:00:00
NaN,"Clear",2023-02-15T12:30:00,3.1,14,47.71,"41.829742371733346, 12.468582121891949",0,0,1029.3,"16242099999,16239099999,AT416,16224099999,16234099999",14,10,170,2.4,0,373.281,15-Feb-2023 12:30:00
NaN,"Clear",2023-02-15T13:00:00,4.2,15.2,47.55,"41.829742371733346, 12.468582121891949",0,0,1029,"16242099999,16239099999,AT416,16224099999,16234099999",15.2,10,264,6.5,0,418.6503,15-Feb-2023 13:00:00
NaN,"Clear",2023-02-15T13:30:00,4.2,15.2,47.55,"41.829742371733346, 12.468582121891949",0,0,1029,"16242099999,16239099999,AT416,16224099999,16234099999",15.2,10,264,6.5,0,445.8511,15-Feb-2023 13:30:00
NaN,"Clear",2023-02-15T14:00:00,6.5,15.9,53.62,"41.829742371733346, 12.468582121891949",0,0,1028.9,"16242099999,16239099999,AT416,16224099999,16234099999",15.9,10,253,8.5,0,372.1415,15-Feb-2023 14:00:00
NaN,"Clear",2023-02-15T14:30:00,6.5,15.9,53.62,"41.829742371733346, 12.468582121891949",0,0,1028.9,"16242099999,16239099999,AT416,16224099999,16234099999",15.9,10,253,8.5,0,414.067,15-Feb-2023 14:30:00
NaN,"Clear",2023-02-15T15:00:00,6.4,16.3,51.82,"41.829742371733346, 12.468582121891949",0,0,1028,"16242099999,16239099999,AT416,16224099999,16234099999",16.3,10,257,10,0,284.6708,15-Feb-2023 15:00:00
NaN,"Clear",2023-02-15T15:30:00,6.4,16.3,51.82,"41.829742371733346, 12.468582121891949",0,0,1028,"16242099999,16239099999,AT416,16224099999,16234099999",16.3,10,257,10,0,174.0577,15-Feb-2023 15:30:00
NaN,"Clear",2023-02-15T16:00:00,7.4,16.3,55.48,"41.829742371733346, 12.468582121891949",0,0,1028,"16242099999,16239099999,AT416,16224099999,16234099999",16.3,10,244,8.7,0,91.5773,15-Feb-2023 16:00:00
NaN,"Clear",2023-02-15T16:30:00,7.4,16.3,55.48,"41.829742371733346, 12.468582121891949",0,0,1028,"16242099999,16239099999,AT416,16224099999,16234099999",16.3,10,244,8.7,0,236.8541,15-Feb-2023 16:30:00
NaN,"Clear",2023-02-15T17:00:00,7.4,14.7,61.95,"41.829742371733346, 12.468582121891949",0,0,1028.2,"16242099999,16239099999,AT416,16224099999,16234099999",14.7,10,234,10.3,0,197.4018,15-Feb-2023 17:00:00
NaN,"Clear",2023-02-15T17:30:00,7.4,14.7,61.95,"41.829742371733346, 12.468582121891949",0,0,1028.2,"16242099999,16239099999,AT416,16224099999,16234099999",14.7,10,234,10.3,0,298.832,15-Feb-2023 17:30:00
NaN,"Clear",2023-02-15T18:00:00,6.1,12.1,66.67,"41.829742371733346, 12.468582121891949",0,0,1028.9,"E2310,16242099999,16239099999,16224099999,16234099999",12.1,10,242,8.3,0,211.4029,15-Feb-2023 18:00:00
NaN,"Clear",2023-02-15T18:30:00,6.1,12.1,66.67,"41.829742371733346, 12.468582121891949",0,0,1028.9,"E2310,16242099999,16239099999,16224099999,16234099999",12.1,10,242,8.3,0,216.2235,15-Feb-2023 18:30:00
NaN,"Clear",2023-02-15T19:00:00,6.3,10.1,77.63,"41.829742371733346, 12.468582121891949",0,0,1029.1,"16242099999,16239099999,16224099999,16234099999",10.1,10,223,5.4,0,171.5034,15-Feb-2023 19:00:00
NaN,"Clear",2023-02-15T19:30:00,6.3,10.1,77.63,"41.829742371733346, 12.468582121891949",0,0,1029.1,"16242099999,16239099999,16224099999,16234099999",10.1,10,223,5.4,0,153.1698,15-Feb-2023 19:30:00
NaN,"Clear",2023-02-15T20:00:00,6.9,8.4,87.23,"41.829742371733346, 12.468582121891949",0,0,1030,"16242099999,16239099999,16224099999,LIRA",8.9,10,152,5.4,0,112.595,15-Feb-2023 20:00:00
NaN,"Clear",2023-02-15T20:30:00,6.9,8.4,87.23,"41.829742371733346, 12.468582121891949",0,0,1030,"16242099999,16239099999,16224099999,LIRA",8.9,10,152,5.4,0,112.1223,15-Feb-2023 20:30:00
0,"Clear",2023-02-15T21:00:00,5.9,7.3,82.69,"41.829742371733346, 12.468582121891949",0,0,1030,"16242099999,16239099999,16224099999,LIRA",8.7,7.3,119,8.6,0,106.8373,15-Feb-2023 21:00:00
0,"Clear",2023-02-15T21:30:00,5.9,7.3,82.69,"41.829742371733346, 12.468582121891949",0,0,1030,"16242099999,16239099999,16224099999,LIRA",8.7,7.3,119,8.6,0,39.2122,15-Feb-2023 21:30:00
0,"Clear",2023-02-15T22:00:00,5.8,7.7,87.89,"41.829742371733346, 12.468582121891949",0,0,1030,"16242099999,16239099999,16224099999,LIRA",7.7,6.2,117,3.7,0,24.8274,15-Feb-2023 22:00:00
0,"Clear",2023-02-15T22:30:00,5.8,7.7,87.89,"41.829742371733346, 12.468582121891949",0,0,1030,"16242099999,16239099999,16224099999,LIRA",7.7,6.2,117,3.7,0,13.8274,15-Feb-2023 22:30:00
0,"Clear",2023-02-15T23:00:00,5.8,5.8,88.21,"41.829742371733346, 12.468582121891949",0,0,1030,"16242099999,16239099999,16224099999,LIRA",7.6,5.9,109,10.3,0,2.8274,15-Feb-2023 23:00:00
0,"Clear",2023-02-15T23:30:00,5.8,5.8,88.21,"41.829742371733346, 12.468582121891949",0,0,1030,"16242099999,16239099999,16224099999,LIRA",7.6,5.9,109,10.3,0,0,15-Feb-2023 23:30:00
0,"Clear",2023-02-16T00:00:00,4.8,6.6,88.12,"41.829742371733346, 12.468582121891949",0,0,1030,"16242099999,16239099999,16224099999,LIRA",6.6,9.5,268,3.4,1.38308834432504e-14,0,16-Feb-2023 00:00:00
0,"Clear",2023-02-16T00:30:00,4.8,6.6,88.12,"41.829742371733346, 12.468582121891949",0,0,1030,"16242099999,16239099999,16224099999,LIRA",6.6,9.5,268,3.4,1.38736455615587e-14,0,16-Feb-2023 00:30:00
0,"Clear",2023-02-16T01:00:00,4.8,5.7,93.76,"41.829742371733346, 12.468582121891949",0,0,1030,"16242099999,16239099999,16224099999,LIRA",5.7,5.7,139,4.7,1.39165564748058e-14,0,16-Feb-2023 01:00:00
0,"Clear",2023-02-16T01:30:00,4.8,5.7,93.76,"41.829742371733346, 12.468582121891949",0,0,1030,"16242099999,16239099999,16224099999,LIRA",5.7,5.7,139,4.7,1.39596167589693e-14,18.0413,16-Feb-2023 01:30:00
0,"Clear",2023-02-16T02:00:00,3.9,4.8,93.72,"41.829742371733346, 12.468582121891949",0,0,1030,"16242099999,16239099999,16224099999,LIRA",4.8,9.3,87,2.2,1.40028269917575e-14,7.0413,16-Feb-2023 02:00:00
0,"Clear",2023-02-16T02:30:00,3.9,4.8,93.72,"41.829742371733346, 12.468582121891949",0,0,1030,"16242099999,16239099999,16224099999,LIRA",4.8,9.3,87,2.2,1.40461877533359e-14,0,16-Feb-2023 02:30:00
0,"Clear",2023-02-16T03:00:00,2.9,3.5,88.29,"41.829742371733346, 12.468582121891949",0,0,1030,"16242099999,16239099999,16224099999,LIRA",4.7,9.3,81,5.7,1.40896996270696e-14,0,16-Feb-2023 03:00:00
0,"Clear",2023-02-16T03:30:00,2.9,3.5,88.29,"41.829742371733346, 12.468582121891949",0,0,1030,"16242099999,16239099999,16224099999,LIRA",4.7,9.3,81,5.7,1.41333631980808e-14,0,16-Feb-2023 03:30:00
0,"Clear",2023-02-16T04:00:00,3,4.8,88.28,"41.829742371733346, 12.468582121891949",0,0,1030.2,"16245099999,16242099999,16239099999,16224099999,LIRA",4.8,9.3,85,2.3,1.41771790539839e-14,0,16-Feb-2023 04:00:00
0,"Clear",2023-02-16T04:30:00,3,4.8,88.28,"41.829742371733346, 12.468582121891949",0,0,1030.2,"16245099999,16242099999,16239099999,16224099999,LIRA",4.8,9.3,85,2.3,1.42211477856348e-14,0,16-Feb-2023 04:30:00
0,"Clear",2023-02-16T05:00:00,3.7,4.6,94.07,"41.829742371733346, 12.468582121891949",0,0,1030,"16242099999,16239099999,16224099999,LIRA",4.6,9.3,64,2.6,1.42652699856738e-14,28.978,16-Feb-2023 05:00:00
0,"Clear",2023-02-16T05:30:00,3.7,4.6,94.07,"41.829742371733346, 12.468582121891949",0,0,1030,"16242099999,16239099999,16224099999,LIRA",4.6,9.3,64,2.6,1.43095462492684e-14,17.978,16-Feb-2023 05:30:00
29,"Partially cloudy",2023-02-16T06:00:00,3.8,4.4,88.54,"41.829742371733346, 12.468582121891949",0,0,1030,"16242099999,16239099999,16224099999,LIRA",5.6,5.8,247,5.9,1.43539771748703e-14,20.7855,16-Feb-2023 06:00:00
29,"Partially cloudy",2023-02-16T06:30:00,3.8,4.4,88.54,"41.829742371733346, 12.468582121891949",0,0,1030,"16242099999,16239099999,16224099999,LIRA",5.6,5.8,247,5.9,1.43985633627437e-14,27.6824,16-Feb-2023 06:30:00
53.9,"Partially cloudy",2023-02-16T07:00:00,4,3.7,91.68,"41.829742371733346, 12.468582121891949",0,0,1030.1,"E7225,16242099999,16239099999,16224099999,16234099999",5.3,7,48,7.1,1.44433054157149e-14,75.8213,16-Feb-2023 07:00:00
53.9,"Partially cloudy",2023-02-16T07:30:00,4,3.7,91.68,"41.829742371733346, 12.468582121891949",0,0,1030.1,"E7225,16242099999,16239099999,16224099999,16234099999",5.3,7,48,7.1,1.44882039399385e-14,94.4334,16-Feb-2023 07:30:00
65.1,"Partially cloudy",2023-02-16T08:00:00,4.7,5.5,87.88,"41.829742371733346, 12.468582121891949",0,0,1031.1,"E2310,16242099999,16239099999,16224099999,16234099999",6.6,6.4,130,6.2,1.45332595434092e-14,94.4144,16-Feb-2023 08:00:00
65.1,"Partially cloudy",2023-02-16T08:30:00,4.7,5.5,87.88,"41.829742371733346, 12.468582121891949",0,0,1031.1,"E2310,16242099999,16239099999,16224099999,16234099999",6.6,6.4,130,6.2,1.457847283672e-14,155.2862,16-Feb-2023 08:30:00
61.5,"Partially cloudy",2023-02-16T09:00:00,5.2,6.7,86.47,"41.829742371733346, 12.468582121891949",0,0,1031.1,"16242099999,16239099999,AT416,16224099999,16234099999",7.4,6.6,92,5.3,1.46238444338366e-14,195.5518,16-Feb-2023 09:00:00
61.5,"Partially cloudy",2023-02-16T09:30:00,5.2,6.7,86.47,"41.829742371733346, 12.468582121891949",0,0,1031.1,"16242099999,16239099999,AT416,16224099999,16234099999",7.4,6.6,92,5.3,1.46693749505931e-14,348.2018,16-Feb-2023 09:30:00
61.5,"Partially cloudy",2023-02-16T10:00:00,6,7.9,82.4,"41.829742371733346, 12.468582121891949",0,0,1031.1,"16242099999,16239099999,AT416,16224099999,16234099999",8.8,6.8,36,6.8,1.47150650054585e-14,328.9525,16-Feb-2023 10:00:00
61.5,"Partially cloudy",2023-02-16T10:30:00,6,7.9,82.4,"41.829742371733346, 12.468582121891949",0,0,1031.1,"16242099999,16239099999,AT416,16224099999,16234099999",8.8,6.8,36,6.8,1.47609152203193e-14,427.9536,16-Feb-2023 10:30:00
62.1,"Partially cloudy",2023-02-16T11:00:00,6.4,10.2,77.11,"41.829742371733346, 12.468582121891949",0,0,1032,"16242099999,16239099999,AT416,16224099999,16234099999",10.2,7.3,36,8.9,1.48069262189594e-14,313.369,16-Feb-2023 11:00:00
62.1,"Partially cloudy",2023-02-16T11:30:00,6.4,10.2,77.11,"41.829742371733346, 12.468582121891949",0,0,1032,"16242099999,16239099999,AT416,16224099999,16234099999",10.2,7.3,36,8.9,1.4853098627835e-14,386.4919,16-Feb-2023 11:30:00
64.3,"Partially cloudy",2023-02-16T12:00:00,6.2,11.2,71.04,"41.829742371733346, 12.468582121891949",0,0,1032,"16242099999,16239099999,AT416,16224099999,16234099999",11.2,7.5,19,7.3,1.48994330768648e-14,377.6607,16-Feb-2023 12:00:00
64.3,"Partially cloudy",2023-02-16T12:30:00,6.2,11.2,71.04,"41.829742371733346, 12.468582121891949",0,0,1032,"16242099999,16239099999,AT416,16224099999,16234099999",11.2,7.5,19,7.3,1.49459301978948e-14,468.7505,16-Feb-2023 12:30:00
62.1,"Partially cloudy",2023-02-16T13:00:00,6.3,12.2,66.92,"41.829742371733346, 12.468582121891949",0,0,1031.9,"16242099999,16239099999,AT416,16224099999,16234099999",12.2,8.1,45,6.7,1.49925906254808e-14,441.1203,16-Feb-2023 13:00:00
62.1,"Partially cloudy",2023-02-16T13:30:00,6.3,12.2,66.92,"41.829742371733346, 12.468582121891949",0,0,1031.9,"16242099999,16239099999,AT416,16224099999,16234099999",12.2,8.1,45,6.7,1.50394149976872e-14,411.4149,16-Feb-2023 13:30:00
63.7,"Partially cloudy",2023-02-16T14:00:00,6.2,12.9,63.85,"41.829742371733346, 12.468582121891949",0,0,1031.1,"16242099999,16239099999,AT416,16224099999,16234099999",12.9,8.1,263,5.1,1.50864039545359e-14,314.6583,16-Feb-2023 14:00:00
63.7,"Partially cloudy",2023-02-16T14:30:00,6.2,12.9,63.85,"41.829742371733346, 12.468582121891949",0,0,1031.1,"16242099999,16239099999,AT416,16224099999,16234099999",12.9,8.1,263,5.1,1.51335581387966e-14,285.6772,16-Feb-2023 14:30:00
61.5,"Partially cloudy",2023-02-16T15:00:00,6.2,12.3,66.23,"41.829742371733346, 12.468582121891949",0,0,1031,"16242099999,16239099999,AT416,16224099999,16234099999",12.3,8.1,292,5.7,1.51808781967945e-14,314.8066,16-Feb-2023 15:00:00
61.5,"Partially cloudy",2023-02-16T15:30:00,6.2,12.3,66.23,"41.829742371733346, 12.468582121891949",0,0,1031,"16242099999,16239099999,AT416,16224099999,16234099999",12.3,8.1,292,5.7,1.52283647768428e-14,244.0427,16-Feb-2023 15:30:00
84.5,"Partially cloudy",2023-02-16T16:00:00,5.3,12.9,59.71,"41.829742371733346, 12.468582121891949",0,0,1031,"16242099999,16239099999,AT416,16224099999,16234099999",12.9,10,265,4.9,1.52760185300412e-14,202.7206,16-Feb-2023 16:00:00
84.5,"Partially cloudy",2023-02-16T16:30:00,5.3,12.9,59.71,"41.829742371733346, 12.468582121891949",0,0,1031,"16242099999,16239099999,AT416,16224099999,16234099999",12.9,10,265,4.9,1.53238401110929e-14,351.0569,16-Feb-2023 16:30:00
83.9,"Partially cloudy",2023-02-16T17:00:00,5.3,12.3,62.19,"41.829742371733346, 12.468582121891949",0,0,1030.9,"16242099999,16239099999,AT416,16224099999,16234099999",12.3,10,286,9,1.53718301767193e-14,281.7019,16-Feb-2023 17:00:00
83.9,"Partially cloudy",2023-02-16T17:30:00,5.3,12.3,62.19,"41.829742371733346, 12.468582121891949",0,0,1030.9,"16242099999,16239099999,AT416,16224099999,16234099999",12.3,10,286,9,1.54199893864684e-14,404.6125,16-Feb-2023 17:30:00
57.2,"Partially cloudy",2023-02-16T18:00:00,5.1,11.2,66.06,"41.829742371733346, 12.468582121891949",0,0,1030.9,"16242099999,16239099999,AT416,16224099999,16234099999",11.2,10,343,5.9,1.54683184035395e-14,302.3946,16-Feb-2023 18:00:00
57.2,"Partially cloudy",2023-02-16T18:30:00,5.1,11.2,66.06,"41.829742371733346, 12.468582121891949",0,0,1030.9,"16242099999,16239099999,AT416,16224099999,16234099999",11.2,10,343,5.9,1.55168178931818e-14,129.1494,16-Feb-2023 18:30:00
50,"Partially cloudy",2023-02-16T19:00:00,5.1,9.6,73.22,"41.829742371733346, 12.468582121891949",0,0,1030.9,"16242099999,16239099999,16224099999,16234099999",9.6,10,326,3.8,1.5565488523511e-14,154.7507,16-Feb-2023 19:00:00
50,"Partially cloudy",2023-02-16T19:30:00,5.1,9.6,73.22,"41.829742371733346, 12.468582121891949",0,0,1030.9,"16242099999,16239099999,16224099999,16234099999",9.6,10,326,3.8,1.5614330966343e-14,125.9245,16-Feb-2023 19:30:00
50,"Partially cloudy",2023-02-16T20:00:00,5,8.9,76.68,"41.829742371733346, 12.468582121891949",0,0,1031,"16242099999,16239099999,16224099999,LIRA",8.9,8.2,34,3.4,1.56633458955757e-14,55.2454,16-Feb-2023 20:00:00
50,"Partially cloudy",2023-02-16T20:30:00,5,8.9,76.68,"41.829742371733346, 12.468582121891949",0,0,1031,"16242099999,16239099999,16224099999,LIRA",8.9,8.2,34,3.4,1.57125339880142e-14,59.4047,16-Feb-2023 20:30:00
0,"Clear",2023-02-16T21:00:00,4,6.5,77.58,"41.829742371733346, 12.468582121891949",0,0,1031,"16242099999,16239099999,16224099999,LIRA",7.7,6.4,143,7.1,1.57618959242133e-14,21.1087,16-Feb-2023 21:00:00
0,"Clear",2023-02-16T21:30:00,4,6.5,77.58,"41.829742371733346, 12.468582121891949",0,0,1031,"16242099999,16239099999,16224099999,LIRA",7.7,6.4,143,7.1,1.58114323868423e-14,0,16-Feb-2023 21:30:00
13.3,"Clear",2023-02-16T22:00:00,3.9,5.9,82.33,"41.829742371733346, 12.468582121891949",0,0,1031,"16242099999,16239099999,16224099999,LIRA",6.7,6.4,143,5.4,1.5861144061519e-14,0,16-Feb-2023 22:00:00
13.3,"Clear",2023-02-16T22:30:00,3.9,5.9,82.33,"41.829742371733346, 12.468582121891949",0,0,1031,"16242099999,16239099999,16224099999,LIRA",6.7,6.4,143,5.4,1.59110316376615e-14,0,16-Feb-2023 22:30:00
50,"Partially cloudy",2023-02-16T23:00:00,3.9,5.4,82.18,"41.829742371733346, 12.468582121891949",0,0,1031,"16242099999,16239099999,16224099999,LIRA",6.7,6.4,141,7.1,1.59610958068351e-14,0,16-Feb-2023 23:00:00
50,"Partially cloudy",2023-02-16T23:30:00,3.9,5.4,82.18,"41.829742371733346, 12.468582121891949",0,0,1031,"16242099999,16239099999,16224099999,LIRA",6.7,6.4,141,7.1,1.60113372635957e-14,0,16-Feb-2023 23:30:00
50,"Partially cloudy",2023-02-17T00:00:00,4.1,7.9,76.92,"41.829742371733346, 12.468582121891949",0,0,1031.1,"16242099999,16239099999,16224099999,LIRA",7.9,7.3,161,3.8,1.60617567063505e-14,18.5561,17-Feb-2023 00:00:00
50,"Partially cloudy",2023-02-17T00:30:00,4.1,7.9,76.92,"41.829742371733346, 12.468582121891949",0,0,1031.1,"16242099999,16239099999,16224099999,LIRA",7.9,7.3,161,3.8,1.61123548356877e-14,7.5561,17-Feb-2023 00:30:00
33.2,"Partially cloudy",2023-02-17T01:00:00,4.1,7,81.64,"41.829742371733346, 12.468582121891949",0,0,1031,"16242099999,16239099999,16224099999,LIRA",7,7.3,57,4.2,1.61631323552285e-14,65.4923,17-Feb-2023 01:00:00
33.2,"Partially cloudy",2023-02-17T01:30:00,4.1,7,81.64,"41.829742371733346, 12.468582121891949",0,0,1031,"16242099999,16239099999,16224099999,LIRA",7,7.3,57,4.2,1.62140899724972e-14,43.4923,17-Feb-2023 01:30:00
54.1,"Partially cloudy",2023-02-17T02:00:00,4.2,7,82.37,"41.829742371733346, 12.468582121891949",0,0,1031,"16242099999,16239099999,16224099999,LIRA",7,6.4,68,4,1.62652283972334e-14,25.4238,17-Feb-2023 02:00:00
54.1,"Partially cloudy",2023-02-17T02:30:00,4.2,7,82.37,"41.829742371733346, 12.468582121891949",0,0,1031,"16242099999,16239099999,16224099999,LIRA",7,6.4,68,4,1.63165483422528e-14,14.4238,17-Feb-2023 02:30:00
54.1,"Partially cloudy",2023-02-17T03:00:00,4.1,6,87.45,"41.829742371733346, 12.468582121891949",0,0,1031,"16242099999,16239099999,16224099999,LIRA",6,6.2,84,4.2,1.63680505243271e-14,3.4238,17-Feb-2023 03:00:00
54.1,"Partially cloudy",2023-02-17T03:30:00,4.1,6,87.45,"41.829742371733346, 12.468582121891949",0,0,1031,"16242099999,16239099999,16224099999,LIRA",6,6.2,84,4.2,1.64197356624775e-14,0,17-Feb-2023 03:30:00
54.1,"Partially cloudy",2023-02-17T04:00:00,4.1,6,87.62,"41.829742371733346, 12.468582121891949",0,0,1030,"16242099999,16239099999,16224099999,LIRA",6,6.2,90,4,1.64716044788458e-14,0,17-Feb-2023 04:00:00
54.1,"Partially cloudy",2023-02-17T04:30:00,4.1,6,87.62,"41.829742371733346, 12.468582121891949",0,0,1030,"16242099999,16239099999,16224099999,LIRA",6,6.2,90,4,1.65236576995826e-14,0,17-Feb-2023 04:30:00
54.1,"Partially cloudy",2023-02-17T05:00:00,4.1,5.2,87.45,"41.829742371733346, 12.468582121891949",0,0,1030.9,"16242099999,16239099999,16224099999,LIRA",6,6.2,56,5.2,1.65758960531239e-14,0,17-Feb-2023 05:00:00
54.1,"Partially cloudy",2023-02-17T05:30:00,4.1,5.2,87.45,"41.829742371733346, 12.468582121891949",0,0,1030.9,"16242099999,16239099999,16224099999,LIRA",6,6.2,56,5.2,1.66283202710701e-14,0,17-Feb-2023 05:30:00
54.1,"Partially cloudy",2023-02-17T06:00:00,4.1,6.4,76.92,"41.829742371733346, 12.468582121891949",0,0,1031,"16242099999,16239099999,16224099999,LIRA",7.9,6.2,91,8.9,1.66809310890855e-14,0,17-Feb-2023 06:00:00
54.1,"Partially cloudy",2023-02-17T06:30:00,4.1,6.4,76.92,"41.829742371733346, 12.468582121891949",0,0,1031,"16242099999,16239099999,16224099999,LIRA",7.9,6.2,91,8.9,1.67337292451548e-14,66.8488,17-Feb-2023 06:30:00
60.3,"Partially cloudy",2023-02-17T07:00:00,4.3,6.6,78.04,"41.829742371733346, 12.468582121891949",0,0,1030.9,"E7216,16242099999,16239099999,16224099999,16234099999",7.9,6.8,62,7.7,1.67867154804732e-14,7.1257,17-Feb-2023 07:00:00
60.3,"Partially cloudy",2023-02-17T07:30:00,4.3,6.6,78.04,"41.829742371733346, 12.468582121891949",0,0,1030.9,"E7216,16242099999,16239099999,16224099999,16234099999",7.9,6.8,62,7.7,1.6839890540354e-14,41.0125,17-Feb-2023 07:30:00
63.3,"Partially cloudy",2023-02-17T08:00:00,3.9,7.3,74.34,"41.829742371733346, 12.468582121891949",0,0,1031,"16242099999,16239099999,AT416,16224099999,16234099999",8.2,6.7,70,6.3,1.68932551724679e-14,266.1362,17-Feb-2023 08:00:00
63.3,"Partially cloudy",2023-02-17T08:30:00,3.9,7.3,74.34,"41.829742371733346, 12.468582121891949",0,0,1031,"16242099999,16239099999,AT416,16224099999,16234099999",8.2,6.7,70,6.3,1.69468101277418e-14,353.093,17-Feb-2023 08:30:00
59.8,"Partially cloudy",2023-02-17T09:00:00,4.7,8.5,72.56,"41.829742371733346, 12.468582121891949",0,0,1031.3,"16242099999,16239099999,AT416,16224099999,16234099999",9.4,9,28,7.3,1.70005561612768e-14,330.4944,17-Feb-2023 09:00:00
59.8,"Partially cloudy",2023-02-17T09:30:00,4.7,8.5,72.56,"41.829742371733346, 12.468582121891949",0,0,1031.3,"16242099999,16239099999,AT416,16224099999,16234099999",9.4,9,28,7.3,1.70544940305682e-14,301.6221,17-Feb-2023 09:30:00
59.8,"Partially cloudy",2023-02-17T10:00:00,4,10.7,63.12,"41.829742371733346, 12.468582121891949",0,0,1032,"16242099999,16239099999,AT416,16224099999,16234099999",10.7,9.1,71,8.4,1.71086244964141e-14,259.6916,17-Feb-2023 10:00:00
59.8,"Partially cloudy",2023-02-17T10:30:00,4,10.7,63.12,"41.829742371733346, 12.468582121891949",0,0,1032,"16242099999,16239099999,AT416,16224099999,16234099999",10.7,9.1,71,8.4,1.71629483238437e-14,269.1272,17-Feb-2023 10:30:00
56.9,"Partially cloudy",2023-02-17T11:00:00,4.3,12.2,58.54,"41.829742371733346, 12.468582121891949",0,0,1032,"16242099999,16239099999,AT416,16224099999,16234099999",12.2,9.8,38,11.2,1.7217466280318e-14,259.5153,17-Feb-2023 11:00:00
56.9,"Partially cloudy",2023-02-17T11:30:00,4.3,12.2,58.54,"41.829742371733346, 12.468582121891949",0,0,1032,"16242099999,16239099999,AT416,16224099999,16234099999",12.2,9.8,38,11.2,1.72721791366482e-14,278.4264,17-Feb-2023 11:30:00
61.5,"Partially cloudy",2023-02-17T12:00:00,4.8,13,57.45,"41.829742371733346, 12.468582121891949",0,0,1031.9,"16242099999,16239099999,AT416,16224099999,16234099999",13,10,19,10.3,1.73270876679341e-14,449.5592,17-Feb-2023 12:00:00
61.5,"Partially cloudy",2023-02-17T12:30:00,4.8,13,57.45,"41.829742371733346, 12.468582121891949",0,0,1031.9,"16242099999,16239099999,AT416,16224099999,16234099999",13,10,19,10.3,0.0416666666666661,471.6192,17-Feb-2023 12:30:00
50.6,"Partially cloudy",2023-02-17T13:00:00,4.9,13.3,56.91,"41.829742371733346, 12.468582121891949",0,0,1031.1,"16242099999,16239099999,AT416,16224099999,16234099999",13.3,10,346,11.3,0.0833333333333339,576.1175,17-Feb-2023 13:00:00
50.6,"Partially cloudy",2023-02-17T13:30:00,4.9,13.3,56.91,"41.829742371733346, 12.468582121891949",0,0,1031.1,"16242099999,16239099999,AT416,16224099999,16234099999",13.3,10,346,11.3,0.125,527.8055,17-Feb-2023 13:30:00
59.7,"Partially cloudy",2023-02-17T14:00:00,4.8,13.2,56.53,"41.829742371733346, 12.468582121891949",0,0,1030.3,"16242099999,16239099999,AT416,16224099999,16234099999",13.2,10,335,14.2,0.166666666666666,601.6892,17-Feb-2023 14:00:00
59.7,"Partially cloudy",2023-02-17T14:30:00,4.8,13.2,56.53,"41.829742371733346, 12.468582121891949",0,0,1030.3,"16242099999,16239099999,AT416,16224099999,16234099999",13.2,10,335,14.2,0.208333333333334,415.3903,17-Feb-2023 14:30:00
57.2,"Partially cloudy",2023-02-17T15:00:00,4.8,14,53.93,"41.829742371733346, 12.468582121891949",0,0,1030,"16242099999,16239099999,AT416,16224099999,16234099999",14,10,308,11.8,0.25,501.1996,17-Feb-2023 15:00:00
57.2,"Partially cloudy",2023-02-17T15:30:00,4.8,14,53.93,"41.829742371733346, 12.468582121891949",0,0,1030,"16242099999,16239099999,AT416,16224099999,16234099999",14,10,308,11.8,0.291666666666666,351.4854,17-Feb-2023 15:30:00
56,"Partially cloudy",2023-02-17T16:00:00,5.7,13.1,60.7,"41.829742371733346, 12.468582121891949",0,0,1030,"16242099999,16239099999,AT416,16224099999,16234099999",13.1,10,286,12.2,0.333333333333334,209.3211,17-Feb-2023 16:00:00
56,"Partially cloudy",2023-02-17T16:30:00,5.7,13.1,60.7,"41.829742371733346, 12.468582121891949",0,0,1030,"16242099999,16239099999,AT416,16224099999,16234099999",13.1,10,286,12.2,0.375,223.7965,17-Feb-2023 16:30:00
48.7,"Partially cloudy",2023-02-17T17:00:00,5.3,12.5,61.51,"41.829742371733346, 12.468582121891949",0,0,1030,"16242099999,16239099999,AT416,16224099999,16234099999",12.5,10,300,14.1,0.416666666666666,92.8873,17-Feb-2023 17:00:00
48.7,"Partially cloudy",2023-02-17T17:30:00,5.3,12.5,61.51,"41.829742371733346, 12.468582121891949",0,0,1030,"16242099999,16239099999,AT416,16224099999,16234099999",12.5,10,300,14.1,0.458333333333334,126.0489,17-Feb-2023 17:30:00
30,"Partially cloudy",2023-02-17T18:00:00,6.3,11.3,71.27,"41.829742371733346, 12.468582121891949",0,0,1030,"16242099999,16239099999,AT416,16224099999,16234099999",11.3,10,297,8.7,0.5,193.9505,17-Feb-2023 18:00:00
30,"Partially cloudy",2023-02-17T18:30:00,6.3,11.3,71.27,"41.829742371733346, 12.468582121891949",0,0,1030,"16242099999,16239099999,AT416,16224099999,16234099999",11.3,10,297,8.7,0.541666666666666,156.5975,17-Feb-2023 18:30:00
NaN,"Clear",2023-02-17T19:00:00,6.2,10.1,76.92,"41.829742371733346, 12.468582121891949",0,0,1030.9,"16242099999,16239099999,16224099999,16234099999",10.1,10,314,4,0.583333333333334,151.2689,17-Feb-2023 19:00:00
NaN,"Clear",2023-02-17T19:30:00,6.2,10.1,76.92,"41.829742371733346, 12.468582121891949",0,0,1030.9,"16242099999,16239099999,16224099999,16234099999",10.1,10,314,4,0.625,172.0072,17-Feb-2023 19:30:00
26.6,"Partially cloudy",2023-02-17T20:00:00,6,9.5,77.23,"41.829742371733346, 12.468582121891949",0,0,1031,"16242099999,16239099999,16224099999,LIRA",9.8,10,180,5.1,0.666666666666666,116.3079,17-Feb-2023 20:00:00
26.6,"Partially cloudy",2023-02-17T20:30:00,6,9.5,77.23,"41.829742371733346, 12.468582121891949",0,0,1031,"16242099999,16239099999,16224099999,LIRA",9.8,10,180,5.1,0.708333333333334,96.6714,17-Feb-2023 20:30:00
NaN,"Clear",2023-02-17T21:00:00,5.2,8.9,77.62,"41.829742371733346, 12.468582121891949",0,0,1031,"16242099999,16239099999,16224099999,LIRA",8.9,10,330,3.5,0.75,57.7828,17-Feb-2023 21:00:00
NaN,"Clear",2023-02-17T21:30:00,5.2,8.9,77.62,"41.829742371733346, 12.468582121891949",0,0,1031,"16242099999,16239099999,16224099999,LIRA",8.9,10,330,3.5,0.791666666666666,7.9551,17-Feb-2023 21:30:00
NaN,"Clear",2023-02-17T22:00:00,6,8.8,82.44,"41.829742371733346, 12.468582121891949",0,0,1032,"16242099999,16239099999,16224099999,LIRA",8.8,10,332,4.3,0.833333333333334,0,17-Feb-2023 22:00:00
NaN,"Clear",2023-02-17T22:30:00,6,8.8,82.44,"41.829742371733346, 12.468582121891949",0,0,1032,"16242099999,16239099999,16224099999,LIRA",8.8,10,332,4.3,0.875,0,17-Feb-2023 22:30:00
0,"Clear",2023-02-17T23:00:00,5.9,7.7,88.06,"41.829742371733346, 12.468582121891949",0,0,1031.1,"16242099999,16239099999,16224099999,LIRA",7.7,9.7,NaN,3.6,0.916666666666666,0,17-Feb-2023 23:00:00
0,"Clear",2023-02-17T23:30:00,5.9,7.7,88.06,"41.829742371733346, 12.468582121891949",0,0,1031.1,"16242099999,16239099999,16224099999,LIRA",7.7,9.7,NaN,3.6,0.958333333333334,0,17-Feb-2023 23:30:00
0,"Clear",2023-02-18T00:00:00,5,6.8,87.97,"41.829742371733346, 12.468582121891949",0,0,1032,"16242099999,16239099999,16224099999,LIRA",6.8,9.7,209,2.3,1,115.6124,18-Feb-2023 00:00:00
0,"Clear",2023-02-18T00:30:00,5,6.8,87.97,"41.829742371733346, 12.468582121891949",0,0,1032,"16242099999,16239099999,16224099999,LIRA",6.8,9.7,209,2.3,1,101.2243,18-Feb-2023 00:30:00
79.5,"Partially cloudy",2023-02-18T01:00:00,4,5.8,87.89,"41.829742371733346, 12.468582121891949",0,0,1032,"16242099999,16239099999,16224099999,LIRA",5.8,9.7,61,2.5,1,59.4112,18-Feb-2023 01:00:00
79.5,"Partially cloudy",2023-02-18T01:30:00,4,5.8,87.89,"41.829742371733346, 12.468582121891949",0,0,1032,"16242099999,16239099999,16224099999,LIRA",5.8,9.7,61,2.5,1,221.1294,18-Feb-2023 01:30:00
44.8,"Partially cloudy",2023-02-18T02:00:00,4,5.8,88.05,"41.829742371733346, 12.468582121891949",0,0,1031,"16242099999,16239099999,16224099999,LIRA",5.8,9.8,67,3.8,1,115.0046,18-Feb-2023 02:00:00
44.8,"Partially cloudy",2023-02-18T02:30:00,4,5.8,88.05,"41.829742371733346, 12.468582121891949",0,0,1031,"16242099999,16239099999,16224099999,LIRA",5.8,9.8,67,3.8,1,90.9024,18-Feb-2023 02:30:00
8,"Clear",2023-02-18T03:00:00,2.9,3.9,93.49,"41.829742371733346, 12.468582121891949",0,0,1030.1,"16242099999,16239099999,16224099999,LIRA",3.9,9.6,NaN,3.4,1,46.9024,18-Feb-2023 03:00:00
8,"Clear",2023-02-18T03:30:00,2.9,3.9,93.49,"41.829742371733346, 12.468582121891949",0,0,1030.1,"16242099999,16239099999,16224099999,LIRA",3.9,9.6,NaN,3.4,1,72.0835,18-Feb-2023 03:30:00
13.3,"Clear",2023-02-18T04:00:00,2.9,2.7,93.85,"41.829742371733346, 12.468582121891949",0,0,1031,"16242099999,16239099999,16224099999,LIRA",3.8,9.6,30,5.1,1,41.8782,18-Feb-2023 04:00:00
13.3,"Clear",2023-02-18T04:30:00,2.9,2.7,93.85,"41.829742371733346, 12.468582121891949",0,0,1031,"16242099999,16239099999,16224099999,LIRA",3.8,9.6,30,5.1,1,23.7654,18-Feb-2023 04:30:00
0,"Clear",2023-02-18T05:00:00,3,2.7,93.86,"41.829742371733346, 12.468582121891949",0,0,1030,"16242099999,16239099999,16224099999,LIRA",3.9,6,72,5.6,1,12.7654,18-Feb-2023 05:00:00
0,"Clear",2023-02-18T05:30:00,3,2.7,93.86,"41.829742371733346, 12.468582121891949",0,0,1030,"16242099999,16239099999,16224099999,LIRA",3.9,6,72,5.6,1,18.6952,18-Feb-2023 05:30:00
0,"Clear",2023-02-18T06:00:00,2.9,3.8,93.85,"41.829742371733346, 12.468582121891949",0,0,1030.1,"16242099999,16239099999,16224099999,LIRA",3.8,9.6,51,2,1,5.9298,18-Feb-2023 06:00:00
0,"Clear",2023-02-18T06:30:00,2.9,3.8,93.85,"41.829742371733346, 12.468582121891949",0,0,1030.1,"16242099999,16239099999,16224099999,LIRA",3.8,9.6,51,2,1,48.7231,18-Feb-2023 06:30:00
2,"Clear",2023-02-18T07:00:00,2,1.5,93.81,"41.829742371733346, 12.468582121891949",0,0,1031,"16242099999,16239099999,AT416,16224099999,LIRA",2.9,9.6,67,5.6,1,55.793,18-Feb-2023 07:00:00
2,"Clear",2023-02-18T07:30:00,2,1.5,93.81,"41.829742371733346, 12.468582121891949",0,0,1031,"16242099999,16239099999,AT416,16224099999,LIRA",2.9,9.6,67,5.6,1,27.2834,18-Feb-2023 07:30:00
6.4,"Clear",2023-02-18T08:00:00,2.9,2.5,93.67,"41.829742371733346, 12.468582121891949",0,0,1031,"16242099999,16239099999,AT416,16224099999,LIRA",3.9,9.6,51,5.9,1,194.4462,18-Feb-2023 08:00:00
6.4,"Clear",2023-02-18T08:30:00,2.9,2.5,93.67,"41.829742371733346, 12.468582121891949",0,0,1031,"16242099999,16239099999,AT416,16224099999,LIRA",3.9,9.6,51,5.9,1,176.3637,18-Feb-2023 08:30:00
29,"Partially cloudy",2023-02-18T09:00:00,4.1,5.2,86.96,"41.829742371733346, 12.468582121891949",0,0,1031,"16242099999,16239099999,AT416,16224099999,LIRA",6.1,9.8,61,5.4,1,208.5775,18-Feb-2023 09:00:00
29,"Partially cloudy",2023-02-18T09:30:00,4.1,5.2,86.96,"41.829742371733346, 12.468582121891949",0,0,1031,"16242099999,16239099999,AT416,16224099999,LIRA",6.1,9.8,61,5.4,1,204.8705,18-Feb-2023 09:30:00
33.1,"Partially cloudy",2023-02-18T10:00:00,5.1,6.7,80.76,"41.829742371733346, 12.468582121891949",0,0,1031.1,"16242099999,16239099999,AT416,16224099999,LIRA",8.2,10,26,8.9,1,103.3002,18-Feb-2023 10:00:00
33.1,"Partially cloudy",2023-02-18T10:30:00,5.1,6.7,80.76,"41.829742371733346, 12.468582121891949",0,0,1031.1,"16242099999,16239099999,AT416,16224099999,LIRA",8.2,10,26,8.9,1,214.5967,18-Feb-2023 10:30:00
33.1,"Partially cloudy",2023-02-18T11:00:00,5.1,10.1,70.84,"41.829742371733346, 12.468582121891949",0,0,1032,"16242099999,16239099999,AT416,16224099999,LIRA",10.1,10,43,6,1,184.3241,18-Feb-2023 11:00:00
33.1,"Partially cloudy",2023-02-18T11:30:00,5.1,10.1,70.84,"41.829742371733346, 12.468582121891949",0,0,1032,"16242099999,16239099999,AT416,16224099999,LIRA",10.1,10,43,6,1,225.3334,18-Feb-2023 11:30:00
33.6,"Partially cloudy",2023-02-18T12:00:00,4.1,12.1,58.07,"41.829742371733346, 12.468582121891949",0,0,1031,"16242099999,16239099999,AT416,16224099999,LIRA",12.1,10,14,5.8,1,334.1748,18-Feb-2023 12:00:00
33.6,"Partially cloudy",2023-02-18T12:30:00,4.1,12.1,58.07,"41.829742371733346, 12.468582121891949",0,0,1031,"16242099999,16239099999,AT416,16224099999,LIRA",12.1,10,14,5.8,1,443.9789,18-Feb-2023 12:30:00
30.7,"Partially cloudy",2023-02-18T13:00:00,4.1,13.9,51.48,"41.829742371733346, 12.468582121891949",0,0,1031,"16242099999,16239099999,AT416,16224099999,LIRA",13.9,10,311,5.1,1,519.5843,18-Feb-2023 13:00:00
30.7,"Partially cloudy",2023-02-18T13:30:00,4.1,13.9,51.48,"41.829742371733346, 12.468582121891949",0,0,1031,"16242099999,16239099999,AT416,16224099999,LIRA",13.9,10,311,5.1,1,564.3429,18-Feb-2023 13:30:00
55.1,"Partially cloudy",2023-02-18T14:00:00,4.1,13.1,54.49,"41.829742371733346, 12.468582121891949",0,0,1030,"16242099999,16239099999,AT416,16224099999,LIRA",13.1,10,337,7.9,1,314.0831,18-Feb-2023 14:00:00
55.1,"Partially cloudy",2023-02-18T14:30:00,4.1,13.1,54.49,"41.829742371733346, 12.468582121891949",0,0,1030,"16242099999,16239099999,AT416,16224099999,LIRA",13.1,10,337,7.9,1,269.9194,18-Feb-2023 14:30:00
90,"Partially cloudy",2023-02-18T15:00:00,4.2,13.9,51.94,"41.829742371733346, 12.468582121891949",0,0,1029,"16242099999,16239099999,AT416,16224099999,LIRA",13.9,10,321,8,1,253.7491,18-Feb-2023 15:00:00
90,"Partially cloudy",2023-02-18T15:30:00,4.2,13.9,51.94,"41.829742371733346, 12.468582121891949",0,0,1029,"16242099999,16239099999,AT416,16224099999,LIRA",13.9,10,321,8,1,245.2045,18-Feb-2023 15:30:00
34.7,"Partially cloudy",2023-02-18T16:00:00,4.3,13.9,52.66,"41.829742371733346, 12.468582121891949",0,0,1029,"16242099999,16239099999,AT416,16224099999,LIRA",13.9,10,303,6.1,1,143.2603,18-Feb-2023 16:00:00
34.7,"Partially cloudy",2023-02-18T16:30:00,4.3,13.9,52.66,"41.829742371733346, 12.468582121891949",0,0,1029,"16242099999,16239099999,AT416,16224099999,LIRA",13.9,10,303,6.1,1,52.8612,18-Feb-2023 16:30:00
81.5,"Partially cloudy",2023-02-18T17:00:00,5.2,13.8,56.17,"41.829742371733346, 12.468582121891949",0,0,1029,"16242099999,16239099999,AT416,16224099999,LIRA",13.8,10,285,7.8,1,145.0636,18-Feb-2023 17:00:00
81.5,"Partially cloudy",2023-02-18T17:30:00,5.2,13.8,56.17,"41.829742371733346, 12.468582121891949",0,0,1029,"16242099999,16239099999,AT416,16224099999,LIRA",13.8,10,285,7.8,1,199.0108,18-Feb-2023 17:30:00
81.5,"Partially cloudy",2023-02-18T18:00:00,6.1,11.2,70.95,"41.829742371733346, 12.468582121891949",0,0,1029,"16242099999,16239099999,AT416,16224099999,LIRA",11.2,10,249,8,1,172.437,18-Feb-2023 18:00:00
81.5,"Partially cloudy",2023-02-18T18:30:00,6.1,11.2,70.95,"41.829742371733346, 12.468582121891949",0,0,1029,"16242099999,16239099999,AT416,16224099999,LIRA",11.2,10,249,8,1,157.561,18-Feb-2023 18:30:00
90,"Partially cloudy",2023-02-18T19:00:00,5.3,11,67.84,"41.829742371733346, 12.468582121891949",0,0,1029,"16242099999,16239099999,16224099999,LIRA",11,10,188,7.9,1,171.3572,18-Feb-2023 19:00:00
90,"Partially cloudy",2023-02-18T19:30:00,5.3,11,67.84,"41.829742371733346, 12.468582121891949",0,0,1029,"16242099999,16239099999,16224099999,LIRA",11,10,188,7.9,1,191.6581,18-Feb-2023 19:30:00
90,"Partially cloudy",2023-02-18T20:00:00,5.4,10.2,72.26,"41.829742371733346, 12.468582121891949",0,0,1029,"16242099999,16239099999,16224099999,LIRA",10.2,10,179,7.7,1,229.744,18-Feb-2023 20:00:00
90,"Partially cloudy",2023-02-18T20:30:00,5.4,10.2,72.26,"41.829742371733346, 12.468582121891949",0,0,1029,"16242099999,16239099999,16224099999,LIRA",10.2,10,179,7.7,1,193.8228,18-Feb-2023 20:30:00
90,"Partially cloudy",2023-02-18T21:00:00,6.3,10.2,76.9,"41.829742371733346, 12.468582121891949",0,0,1029,"16242099999,16239099999,16224099999,LIRA",10.2,10,162,9.3,1,117.0862,18-Feb-2023 21:00:00
90,"Partially cloudy",2023-02-18T21:30:00,6.3,10.2,76.9,"41.829742371733346, 12.468582121891949",0,0,1029,"16242099999,16239099999,16224099999,LIRA",10.2,10,162,9.3,1,82.3318,18-Feb-2023 21:30:00
54.1,"Partially cloudy",2023-02-18T22:00:00,6.1,9.5,77,"41.829742371733346, 12.468582121891949",0,0,1029,"16242099999,16239099999,16224099999,LIRA",9.9,10,138,5.7,1,17.2788,18-Feb-2023 22:00:00
54.1,"Partially cloudy",2023-02-18T22:30:00,6.1,9.5,77,"41.829742371733346, 12.468582121891949",0,0,1029,"16242099999,16239099999,16224099999,LIRA",9.9,10,138,5.7,1,40.7356,18-Feb-2023 22:30:00
50,"Partially cloudy",2023-02-18T23:00:00,7,9.4,82.32,"41.829742371733346, 12.468582121891949",0,0,1029,"16242099999,16239099999,16224099999,LIRA",9.9,10,124,5.6,1,29.7356,18-Feb-2023 23:00:00
50,"Partially cloudy",2023-02-18T23:30:00,7,9.4,82.32,"41.829742371733346, 12.468582121891949",0,0,1029,"16242099999,16239099999,16224099999,LIRA",9.9,10,124,5.6,1,18.7356,18-Feb-2023 23:30:00
94.8,"Overcast",2023-02-19T00:00:00,7,10.7,77.52,"41.829742371733346, 12.468582121891949",0,0,1029,"16242099999,16239099999,16224099999,LIRA",10.7,10,121,5.6,1,0,19-Feb-2023 00:00:00
94.8,"Overcast",2023-02-19T00:30:00,7,10.7,77.52,"41.829742371733346, 12.468582121891949",0,0,1029,"16242099999,16239099999,16224099999,LIRA",10.7,10,121,5.6,1,174.9953,19-Feb-2023 00:30:00
94.8,"Overcast",2023-02-19T01:00:00,7,10.7,77.81,"41.829742371733346, 12.468582121891949",0,0,1029,"16242099999,16239099999,16224099999,LIRA",10.7,10,115,5.3,1,169.3092,19-Feb-2023 01:00:00
94.8,"Overcast",2023-02-19T01:30:00,7,10.7,77.81,"41.829742371733346, 12.468582121891949",0,0,1029,"16242099999,16239099999,16224099999,LIRA",10.7,10,115,5.3,1,264.0741,19-Feb-2023 01:30:00
94.8,"Overcast",2023-02-19T02:00:00,7.1,9.5,82.89,"41.829742371733346, 12.468582121891949",0,0,1028,"16242099999,16239099999,16224099999,LIRA",9.8,9.9,86,5.1,1,204.3146,19-Feb-2023 02:00:00
94.8,"Overcast",2023-02-19T02:30:00,7.1,9.5,82.89,"41.829742371733346, 12.468582121891949",0,0,1028,"16242099999,16239099999,16224099999,LIRA",9.8,9.9,86,5.1,1,100.4331,19-Feb-2023 02:30:00
94.8,"Overcast",2023-02-19T03:00:00,8.1,9.8,88.74,"41.829742371733346, 12.468582121891949",0,0,1028,"16242099999,16239099999,16224099999,LIRA",9.8,9.9,342,2.2,1,37.4923,19-Feb-2023 03:00:00
94.8,"Overcast",2023-02-19T03:30:00,8.1,9.8,88.74,"41.829742371733346, 12.468582121891949",0,0,1028,"16242099999,16239099999,16224099999,LIRA",9.8,9.9,342,2.2,1,92.0542,19-Feb-2023 03:30:00
99,"Overcast",2023-02-19T04:00:00,8.1,9,94.09,"41.829742371733346, 12.468582121891949",0,0,1027,"16242099999,16239099999,16224099999,LIRA",9,4.2,40,2.2,1,64.7962,19-Feb-2023 04:00:00
99,"Overcast",2023-02-19T04:30:00,8.1,9,94.09,"41.829742371733346, 12.468582121891949",0,0,1027,"16242099999,16239099999,16224099999,LIRA",9,4.2,40,2.2,1,42.7962,19-Feb-2023 04:30:00
99,"Overcast",2023-02-19T05:00:00,8.1,8,94.09,"41.829742371733346, 12.468582121891949",0,0,1027,"16242099999,16239099999,16224099999,LIRA",9,4.2,195,7,1,20.7962,19-Feb-2023 05:00:00
99,"Overcast",2023-02-19T05:30:00,8.1,8,94.09,"41.829742371733346, 12.468582121891949",0,0,1027,"16242099999,16239099999,16224099999,LIRA",9,4.2,195,7,1,3.4025,19-Feb-2023 05:30:00
84.6,"Partially cloudy",2023-02-19T06:00:00,8.9,9.8,94.13,"41.829742371733346, 12.468582121891949",0,0,1027,"16242099999,16239099999,16224099999,LIRA",9.8,5.1,74,3.8,1,0,19-Feb-2023 06:00:00
84.6,"Partially cloudy",2023-02-19T06:30:00,8.9,9.8,94.13,"41.829742371733346, 12.468582121891949",0,0,1027,"16242099999,16239099999,16224099999,LIRA",9.8,5.1,74,3.8,1,47.7007,19-Feb-2023 06:30:00
88.8,"Partially cloudy",2023-02-19T07:00:00,8.9,9.8,94.13,"41.829742371733346, 12.468582121891949",0,0,1027,"E7225,16242099999,16239099999,16224099999,LIRA",9.8,5.9,146,3.9,1,36.7007,19-Feb-2023 07:00:00
88.8,"Partially cloudy",2023-02-19T07:30:00,8.9,9.8,94.13,"41.829742371733346, 12.468582121891949",0,0,1027,"E7225,16242099999,16239099999,16224099999,LIRA",9.8,5.9,146,3.9,1,25.7007,19-Feb-2023 07:30:00
88.8,"Partially cloudy",2023-02-19T08:00:00,9,9.6,94.14,"41.829742371733346, 12.468582121891949",0,0,1027,"16242099999,16239099999,AT416,16224099999,LIRA",9.9,5,88,5.4,1,14.7007,19-Feb-2023 08:00:00
88.8,"Partially cloudy",2023-02-19T08:30:00,9,9.6,94.14,"41.829742371733346, 12.468582121891949",0,0,1027,"16242099999,16239099999,AT416,16224099999,LIRA",9.9,5,88,5.4,1,3.7007,19-Feb-2023 08:30:00
88.8,"Partially cloudy",2023-02-19T09:00:00,9,10.8,88.66,"41.829742371733346, 12.468582121891949",0,0,1027,"16242099999,16239099999,AT416,16224099999,LIRA",10.8,6.9,126,5.6,1,69.0637,19-Feb-2023 09:00:00
88.8,"Partially cloudy",2023-02-19T09:30:00,9,10.8,88.66,"41.829742371733346, 12.468582121891949",0,0,1027,"16242099999,16239099999,AT416,16224099999,LIRA",10.8,6.9,126,5.6,1,41.6064,19-Feb-2023 09:30:00
82.6,"Partially cloudy",2023-02-19T10:00:00,8.2,11.9,77.85,"41.829742371733346, 12.468582121891949",0,0,1026.9,"16242099999,16239099999,AT416,16224099999,LIRA",11.9,7.2,100,3.8,1,80.9443,19-Feb-2023 10:00:00
82.6,"Partially cloudy",2023-02-19T10:30:00,8.2,11.9,77.85,"41.829742371733346, 12.468582121891949",0,0,1026.9,"16242099999,16239099999,AT416,16224099999,LIRA",11.9,7.2,100,3.8,1,250.7414,19-Feb-2023 10:30:00
33.2,"Partially cloudy",2023-02-19T11:00:00,9.2,13.9,73.08,"41.829742371733346, 12.468582121891949",0,0,1026,"16242099999,16239099999,AT416,16224099999,LIRA",13.9,10,80,4,1,198.8323,19-Feb-2023 11:00:00
33.2,"Partially cloudy",2023-02-19T11:30:00,9.2,13.9,73.08,"41.829742371733346, 12.468582121891949",0,0,1026,"16242099999,16239099999,AT416,16224099999,LIRA",13.9,10,80,4,1,261.2391,19-Feb-2023 11:30:00
54.1,"Partially cloudy",2023-02-19T12:00:00,9.1,14.9,68.05,"41.829742371733346, 12.468582121891949",0,0,1026,"16242099999,16239099999,AT416,16224099999,LIRA",14.9,10,255,9.3,1,270.6075,19-Feb-2023 12:00:00
54.1,"Partially cloudy",2023-02-19T12:30:00,9.1,14.9,68.05,"41.829742371733346, 12.468582121891949",0,0,1026,"16242099999,16239099999,AT416,16224099999,LIRA",14.9,10,255,9.3,1,283.325,19-Feb-2023 12:30:00
88.8,"Partially cloudy",2023-02-19T13:00:00,9.2,14.9,68.51,"41.829742371733346, 12.468582121891949",0,0,1026,"16242099999,16239099999,AT416,16224099999,LIRA",14.9,10,241,11.4,1,357.3,19-Feb-2023 13:00:00
88.8,"Partially cloudy",2023-02-19T13:30:00,9.2,14.9,68.51,"41.829742371733346, 12.468582121891949",0,0,1026,"16242099999,16239099999,AT416,16224099999,LIRA",14.9,10,241,11.4,1,264.9523,19-Feb-2023 13:30:00
54.1,"Partially cloudy",2023-02-19T14:00:00,9.3,14.1,72.98,"41.829742371733346, 12.468582121891949",0,0,1025,"16242099999,16239099999,AT416,16224099999,LIRA",14.1,10,248,11.6,1,131.2373,19-Feb-2023 14:00:00
54.1,"Partially cloudy",2023-02-19T14:30:00,9.3,14.1,72.98,"41.829742371733346, 12.468582121891949",0,0,1025,"16242099999,16239099999,AT416,16224099999,LIRA",14.1,10,248,11.6,1,43.9579,19-Feb-2023 14:30:00
47.9,"Partially cloudy",2023-02-19T15:00:00,10,14.9,72.51,"41.829742371733346, 12.468582121891949",0,0,1024,"16242099999,16239099999,AT416,16224099999,LIRA",14.9,10,268,11.5,1,84.7064,19-Feb-2023 15:00:00
47.9,"Partially cloudy",2023-02-19T15:30:00,10,14.9,72.51,"41.829742371733346, 12.468582121891949",0,0,1024,"16242099999,16239099999,AT416,16224099999,LIRA",14.9,10,268,11.5,1,82.2424,19-Feb-2023 15:30:00
50,"Partially cloudy",2023-02-19T16:00:00,10.1,14,77.35,"41.829742371733346, 12.468582121891949",0,0,1024,"16242099999,16239099999,AT416,16224099999,LIRA",14,10,287,11.7,1,142.0658,19-Feb-2023 16:00:00
50,"Partially cloudy",2023-02-19T16:30:00,10.1,14,77.35,"41.829742371733346, 12.468582121891949",0,0,1024,"16242099999,16239099999,AT416,16224099999,LIRA",14,10,287,11.7,1,135.7037,19-Feb-2023 16:30:00
47.9,"Partially cloudy",2023-02-19T17:00:00,10.1,14,77.35,"41.829742371733346, 12.468582121891949",0,0,1024,"16242099999,16239099999,AT416,16224099999,LIRA",14,10,288,11.3,1,171.3207,19-Feb-2023 17:00:00
47.9,"Partially cloudy",2023-02-19T17:30:00,10.1,14,77.35,"41.829742371733346, 12.468582121891949",0,0,1024,"16242099999,16239099999,AT416,16224099999,LIRA",14,10,288,11.3,1,197.1643,19-Feb-2023 17:30:00
50,"Partially cloudy",2023-02-19T18:00:00,9.2,13,77.72,"41.829742371733346, 12.468582121891949",0,0,1024,"16242099999,16239099999,AT416,16224099999,LIRA",13,10,288,11,1,134.8594,19-Feb-2023 18:00:00
50,"Partially cloudy",2023-02-19T18:30:00,9.2,13,77.72,"41.829742371733346, 12.468582121891949",0,0,1024,"16242099999,16239099999,AT416,16224099999,LIRA",13,10,288,11,1,155.9703,19-Feb-2023 18:30:00
50,"Partially cloudy",2023-02-19T19:00:00,10,12,87.56,"41.829742371733346, 12.468582121891949",0,0,1024.9,"16242099999,16239099999,16224099999,LIRA",12,10,280,5.7,1,55.7485,19-Feb-2023 19:00:00
50,"Partially cloudy",2023-02-19T19:30:00,10,12,87.56,"41.829742371733346, 12.468582121891949",0,0,1024.9,"16242099999,16239099999,16224099999,LIRA",12,10,280,5.7,1,39.4643,19-Feb-2023 19:30:00
50,"Partially cloudy",2023-02-19T20:00:00,10,11.8,88.9,"41.829742371733346, 12.468582121891949",0,0,1025,"16242099999,16239099999,16224099999,LIRA",11.8,10,201,3.7,1,56.9274,19-Feb-2023 20:00:00
50,"Partially cloudy",2023-02-19T20:30:00,10,11.8,88.9,"41.829742371733346, 12.468582121891949",0,0,1025,"16242099999,16239099999,16224099999,LIRA",11.8,10,201,3.7,1,32.5898,19-Feb-2023 20:30:00
82.6,"Partially cloudy",2023-02-19T21:00:00,9.8,11.6,88.88,"41.829742371733346, 12.468582121891949",0,0,1025,"16242099999,16239099999,16224099999,LIRA",11.6,9.8,70,3.8,1,0,19-Feb-2023 21:00:00
82.6,"Partially cloudy",2023-02-19T21:30:00,9.8,11.6,88.88,"41.829742371733346, 12.468582121891949",0,0,1025,"16242099999,16239099999,16224099999,LIRA",11.6,9.8,70,3.8,1,0,19-Feb-2023 21:30:00
26.9,"Partially cloudy",2023-02-19T22:00:00,9,9.9,94.13,"41.829742371733346, 12.468582121891949",0,0,1025,"16242099999,16239099999,16224099999,LIRA",9.9,9.7,NaN,3.5,1,0,19-Feb-2023 22:00:00
26.9,"Partially cloudy",2023-02-19T22:30:00,9,9.9,94.13,"41.829742371733346, 12.468582121891949",0,0,1025,"16242099999,16239099999,16224099999,LIRA",9.9,9.7,NaN,3.5,1,0,19-Feb-2023 22:30:00
50,"Partially cloudy",2023-02-19T23:00:00,9.6,11.4,88.86,"41.829742371733346, 12.468582121891949",0,0,1025,"16242099999,16239099999,16224099999,LIRA",11.4,7,110,3.9,1,0,19-Feb-2023 23:00:00
50,"Partially cloudy",2023-02-19T23:30:00,9.6,11.4,88.86,"41.829742371733346, 12.468582121891949",0,0,1025,"16242099999,16239099999,16224099999,LIRA",11.4,7,110,3.9,1,0,19-Feb-2023 23:30:00
50,"Partially cloudy",2023-02-20T00:00:00,8.7,10.5,88.79,"41.829742371733346, 12.468582121891949",0,0,1025,"16242099999,16239099999,16224099999,LIRA",10.5,9.6,285,4.3,2.55999999999993e-14,0,20-Feb-2023 00:00:00
50,"Partially cloudy",2023-02-20T00:30:00,8.7,10.5,88.79,"41.829742371733346, 12.468582121891949",0,0,1025,"16242099999,16239099999,16224099999,LIRA",10.5,9.6,285,4.3,2.56854935559693e-14,83.3126,20-Feb-2023 00:30:00
84.6,"Partially cloudy",2023-02-20T01:00:00,8.7,9.6,94.3,"41.829742371733346, 12.468582121891949",0,0,1025.9,"16242099999,16239099999,16224099999,LIRA",9.6,9.5,18,2.8,2.57713084483659e-14,50.3126,20-Feb-2023 01:00:00
84.6,"Partially cloudy",2023-02-20T01:30:00,8.7,9.6,94.3,"41.829742371733346, 12.468582121891949",0,0,1025.9,"16242099999,16239099999,16224099999,LIRA",9.6,9.5,18,2.8,2.58574460206864e-14,25.5303,20-Feb-2023 01:30:00
0,"Clear",2023-02-20T02:00:00,8.6,10.4,88.95,"41.829742371733346, 12.468582121891949",0,0,1026,"16242099999,16239099999,16224099999,LIRA",10.4,9.3,83,3.6,2.59439076211631e-14,14.5303,20-Feb-2023 02:00:00
0,"Clear",2023-02-20T02:30:00,8.6,10.4,88.95,"41.829742371733346, 12.468582121891949",0,0,1026,"16242099999,16239099999,16224099999,LIRA",10.4,9.3,83,3.6,2.60306946042247e-14,3.5303,20-Feb-2023 02:30:00
0,"Clear",2023-02-20T03:00:00,8.7,10.4,88.95,"41.829742371733346, 12.468582121891949",0,0,1025,"16242099999,16239099999,16224099999,LIRA",10.4,9.2,279,3.8,2.61178083319901e-14,0,20-Feb-2023 03:00:00
0,"Clear",2023-02-20T03:30:00,8.7,10.4,88.95,"41.829742371733346, 12.468582121891949",0,0,1025,"16242099999,16239099999,16224099999,LIRA",10.4,9.2,279,3.8,2.62052501713906e-14,0,20-Feb-2023 03:30:00
0,"Clear",2023-02-20T04:00:00,7.6,9,88.7,"41.829742371733346, 12.468582121891949",0,0,1025,"16242099999,16239099999,16224099999,LIRA",9.4,9.2,117,5.3,2.62930214956473e-14,0,20-Feb-2023 04:00:00
0,"Clear",2023-02-20T04:30:00,7.6,9,88.7,"41.829742371733346, 12.468582121891949",0,0,1025,"16242099999,16239099999,16224099999,LIRA",9.4,9.2,117,5.3,2.6381123685783e-14,0,20-Feb-2023 04:30:00
66,"Partially cloudy",2023-02-20T05:00:00,7.4,8.3,93.99,"41.829742371733346, 12.468582121891949",0,0,1025.3,"16245099999,16242099999,16239099999,16224099999",8.3,7.5,35,3.9,2.6469558127711e-14,0,20-Feb-2023 05:00:00
66,"Partially cloudy",2023-02-20T05:30:00,7.4,8.3,93.99,"41.829742371733346, 12.468582121891949",0,0,1025.3,"16245099999,16242099999,16239099999,16224099999",8.3,7.5,35,3.9,2.65583262137299e-14,0,20-Feb-2023 05:30:00
79.5,"Partially cloudy",2023-02-20T06:00:00,7.7,8.5,94.25,"41.829742371733346, 12.468582121891949",0,0,1026,"16242099999,16239099999,16224099999,LIRA",8.5,6.7,59,2.2,2.66474293440526e-14,0,20-Feb-2023 06:00:00
79.5,"Partially cloudy",2023-02-20T06:30:00,7.7,8.5,94.25,"41.829742371733346, 12.468582121891949",0,0,1026,"16242099999,16239099999,16224099999,LIRA",8.5,6.7,59,2.2,2.67368689238625e-14,122.631,20-Feb-2023 06:30:00
34.2,"Partially cloudy",2023-02-20T07:00:00,6.7,5.8,100,"41.829742371733346, 12.468582121891949",0,0,1026.1,"16242099999,16239099999,AT416,16224099999,16234099999",6.7,7.8,52,5.8,2.68266463648252e-14,109.8731,20-Feb-2023 07:00:00
34.2,"Partially cloudy",2023-02-20T07:30:00,6.7,5.8,100,"41.829742371733346, 12.468582121891949",0,0,1026.1,"16242099999,16239099999,AT416,16224099999,16234099999",6.7,7.8,52,5.8,2.69167630866352e-14,365.474,20-Feb-2023 07:30:00
33.8,"Partially cloudy",2023-02-20T08:00:00,5.6,5.4,95.39,"41.829742371733346, 12.468582121891949",0,0,1027.1,"16242099999,16239099999,AT416,16224099999,16234099999",6.3,8,43,5.5,2.70072205140383e-14,321.7365,20-Feb-2023 08:00:00
33.8,"Partially cloudy",2023-02-20T08:30:00,5.6,5.4,95.39,"41.829742371733346, 12.468582121891949",0,0,1027.1,"16242099999,16239099999,AT416,16224099999,16234099999",6.3,8,43,5.5,2.70980200783615e-14,447.2836,20-Feb-2023 08:30:00
34.5,"Partially cloudy",2023-02-20T09:00:00,6.6,6.7,94.83,"41.829742371733346, 12.468582121891949",0,0,1027.1,"16242099999,16239099999,AT416,16224099999,16234099999",7.4,6.2,36,5.5,2.71891632190767e-14,364.6012,20-Feb-2023 09:00:00
34.5,"Partially cloudy",2023-02-20T09:30:00,6.6,6.7,94.83,"41.829742371733346, 12.468582121891949",0,0,1027.1,"16242099999,16239099999,AT416,16224099999,16234099999",7.4,6.2,36,5.5,2.72806513807901e-14,339.9513,20-Feb-2023 09:30:00
20.5,"Partially cloudy",2023-02-20T10:00:00,9.6,10.5,94.18,"41.829742371733346, 12.468582121891949",0,0,1027.1,"16242099999,16239099999,AT416,16224099999,16234099999",10.5,8.3,25,5.6,2.73724860147889e-14,275.8732,20-Feb-2023 10:00:00
20.5,"Partially cloudy",2023-02-20T10:30:00,9.6,10.5,94.18,"41.829742371733346, 12.468582121891949",0,0,1027.1,"16242099999,16239099999,AT416,16224099999,16234099999",10.5,8.3,25,5.6,2.74646685806235e-14,315.0832,20-Feb-2023 10:30:00
31.6,"Partially cloudy",2023-02-20T11:00:00,9.1,13.9,72.64,"41.829742371733346, 12.468582121891949",0,0,1027,"16242099999,16239099999,AT416,16224099999,16234099999",13.9,9.5,18,3.8,2.75572005430627e-14,376.9185,20-Feb-2023 11:00:00
31.6,"Partially cloudy",2023-02-20T11:30:00,9.1,13.9,72.64,"41.829742371733346, 12.468582121891949",0,0,1027,"16242099999,16239099999,AT416,16224099999,16234099999",13.9,9.5,18,3.8,2.76500833736579e-14,277.8546,20-Feb-2023 11:30:00
35.7,"Partially cloudy",2023-02-20T12:00:00,9.1,15,67.84,"41.829742371733346, 12.468582121891949",0,0,1027,"16242099999,16239099999,AT416,16224099999,16234099999",15,10,NaN,3.7,2.77433185523442e-14,261.3651,20-Feb-2023 12:00:00
35.7,"Partially cloudy",2023-02-20T12:30:00,9.1,15,67.84,"41.829742371733346, 12.468582121891949",0,0,1027,"16242099999,16239099999,AT416,16224099999,16234099999",15,10,NaN,3.7,2.783690756436e-14,347.4027,20-Feb-2023 12:30:00
48.2,"Rain, Partially cloudy",2023-02-20T13:00:00,9,15.7,64.53,"41.829742371733346, 12.468582121891949",0.012,100,1027,"16242099999,16239099999,AT416,16224099999,16234099999",15.7,10,346,5.9,2.79308519018305e-14,449.8704,20-Feb-2023 13:00:00
48.2,"Rain, Partially cloudy",2023-02-20T13:30:00,9,15.7,64.53,"41.829742371733346, 12.468582121891949",0.012,100,1027,"16242099999,16239099999,AT416,16224099999,16234099999",15.7,10,346,5.9,2.80251530653859e-14,441.7616,20-Feb-2023 13:30:00
48.2,"Partially cloudy",2023-02-20T14:00:00,9.1,15.7,64.67,"41.829742371733346, 12.468582121891949",0,0,1026.1,"16242099999,16239099999,AT416,16224099999,16234099999",15.7,10,253,9.9,2.81198125610472e-14,245.2404,20-Feb-2023 14:00:00
48.2,"Partially cloudy",2023-02-20T14:30:00,9.1,15.7,64.67,"41.829742371733346, 12.468582121891949",0,0,1026.1,"16242099999,16239099999,AT416,16224099999,16234099999",15.7,10,253,9.9,2.8214831901827e-14,183.6423,20-Feb-2023 14:30:00
47,"Partially cloudy",2023-02-20T15:00:00,9.2,15.8,64.74,"41.829742371733346, 12.468582121891949",0,0,1026,"16242099999,16239099999,AT416,16224099999,16234099999",15.8,10,257,13,2.83102126093672e-14,130.2493,20-Feb-2023 15:00:00
47,"Partially cloudy",2023-02-20T15:30:00,9.2,15.8,64.74,"41.829742371733346, 12.468582121891949",0,0,1026,"16242099999,16239099999,AT416,16224099999,16234099999",15.8,10,257,13,2.84059562107887e-14,160.3447,20-Feb-2023 15:30:00
48.2,"Partially cloudy",2023-02-20T16:00:00,9.8,15.2,70.25,"41.829742371733346, 12.468582121891949",0,0,1025.9,"16242099999,16239099999,AT416,16224099999,16234099999",15.2,10,244,12.2,2.85020642403112e-14,224.0129,20-Feb-2023 16:00:00
48.2,"Partially cloudy",2023-02-20T16:30:00,9.8,15.2,70.25,"41.829742371733346, 12.468582121891949",0,0,1025.9,"16242099999,16239099999,AT416,16224099999,16234099999",15.2,10,244,12.2,2.85985382409095e-14,225.7278,20-Feb-2023 16:30:00
50,"Partially cloudy",2023-02-20T17:00:00,9,14.2,71.21,"41.829742371733346, 12.468582121891949",0,0,1025.1,"16242099999,16239099999,AT416,16224099999,16234099999",14.2,10,248,10.7,2.86953797611273e-14,138.3581,20-Feb-2023 17:00:00
50,"Partially cloudy",2023-02-20T17:30:00,9,14.2,71.21,"41.829742371733346, 12.468582121891949",0,0,1025.1,"16242099999,16239099999,AT416,16224099999,16234099999",14.2,10,248,10.7,2.87925903567161e-14,143.6577,20-Feb-2023 17:30:00
27.6,"Partially cloudy",2023-02-20T18:00:00,9.3,13,78.02,"41.829742371733346, 12.468582121891949",0,0,1025,"16242099999,16239099999,AT416,16224099999,16234099999",13,9.9,253,6.7,2.88901715923101e-14,72.4649,20-Feb-2023 18:00:00
27.6,"Partially cloudy",2023-02-20T18:30:00,9.3,13,78.02,"41.829742371733346, 12.468582121891949",0,0,1025,"16242099999,16239099999,AT416,16224099999,16234099999",13,9.9,253,6.7,2.89881250382044e-14,105.342,20-Feb-2023 18:30:00
29.9,"Partially cloudy",2023-02-20T19:00:00,9.3,11.8,84.56,"41.829742371733346, 12.468582121891949",0,0,1025.6,"16242099999,16239099999,16224099999,16234099999",11.8,9.9,231,7,2.9086452272012e-14,140.8376,20-Feb-2023 19:00:00
29.9,"Partially cloudy",2023-02-20T19:30:00,9.3,11.8,84.56,"41.829742371733346, 12.468582121891949",0,0,1025.6,"16242099999,16239099999,16224099999,16234099999",11.8,9.9,231,7,2.91851548803591e-14,19.5624,20-Feb-2023 19:30:00
NaN,"Clear",2023-02-20T20:00:00,8.2,10.8,83.73,"41.829742371733346, 12.468582121891949",0,0,1025.9,"16242099999,16239099999,16224099999,LIRA",10.8,10,172,5.1,2.92842344556255e-14,0,20-Feb-2023 20:00:00
NaN,"Clear",2023-02-20T20:30:00,8.2,10.8,83.73,"41.829742371733346, 12.468582121891949",0,0,1025.9,"16242099999,16239099999,16224099999,LIRA",10.8,10,172,5.1,2.93836925976215e-14,0,20-Feb-2023 20:30:00
NaN,"Clear",2023-02-20T21:00:00,8.9,10.7,88.21,"41.829742371733346, 12.468582121891949",0,0,1026,"16242099999,16239099999,16224099999,LIRA",10.7,10,201,5.3,2.94835309153027e-14,0,20-Feb-2023 21:00:00
NaN,"Clear",2023-02-20T21:30:00,8.9,10.7,88.21,"41.829742371733346, 12.468582121891949",0,0,1026,"16242099999,16239099999,16224099999,LIRA",10.7,10,201,5.3,2.95837510234731e-14,0,20-Feb-2023 21:30:00
0,"Clear",2023-02-20T22:00:00,8.9,11.5,83.81,"41.829742371733346, 12.468582121891949",0,0,1026,"16242099999,16239099999,16224099999,LIRA",11.5,9.8,159,5.8,2.96843545444814e-14,0,20-Feb-2023 22:00:00
0,"Clear",2023-02-20T22:30:00,8.9,11.5,83.81,"41.829742371733346, 12.468582121891949",0,0,1026,"16242099999,16239099999,16224099999,LIRA",11.5,9.8,159,5.8,2.97853431099557e-14,0,20-Feb-2023 22:30:00
0,"Clear",2023-02-20T23:00:00,8.8,11.4,83.8,"41.829742371733346, 12.468582121891949",0,0,1026,"16242099999,16239099999,16224099999,LIRA",11.4,9.8,138,5.5,2.98867183574693e-14,43.4407,20-Feb-2023 23:00:00
0,"Clear",2023-02-20T23:30:00,8.8,11.4,83.8,"41.829742371733346, 12.468582121891949",0,0,1026,"16242099999,16239099999,16224099999,LIRA",11.4,9.8,138,5.5,2.9988481932256e-14,0,20-Feb-2023 23:30:00
0,"Clear",2023-02-21T00:00:00,7.9,10.5,83.69,"41.829742371733346, 12.468582121891949",0,0,1025,"16242099999,16239099999,16224099999,LIRA",10.5,9.8,147,4,3.00906354889657e-14,0,21-Feb-2023 00:00:00
0,"Clear",2023-02-21T00:30:00,7.9,10.5,83.69,"41.829742371733346, 12.468582121891949",0,0,1025,"16242099999,16239099999,16224099999,LIRA",10.5,9.8,147,4,3.01931806882913e-14,15.0565,21-Feb-2023 00:30:00
13.3,"Clear",2023-02-21T01:00:00,7.9,9.6,88.88,"41.829742371733346, 12.468582121891949",0,0,1025,"16242099999,16239099999,16224099999,LIRA",9.6,8.9,212,3.7,3.02961191987047e-14,4.0565,21-Feb-2023 01:00:00
13.3,"Clear",2023-02-21T01:30:00,7.9,9.6,88.88,"41.829742371733346, 12.468582121891949",0,0,1025,"16242099999,16239099999,16224099999,LIRA",9.6,8.9,212,3.7,3.03994526982319e-14,0,21-Feb-2023 01:30:00
84.6,"Partially cloudy",2023-02-21T02:00:00,6.9,7.7,88.8,"41.829742371733346, 12.468582121891949",0,0,1025,"16242099999,16239099999,16224099999,LIRA",8.7,7.1,189,7.1,3.05031828710424e-14,0,21-Feb-2023 02:00:00
84.6,"Partially cloudy",2023-02-21T02:30:00,6.9,7.7,88.8,"41.829742371733346, 12.468582121891949",0,0,1025,"16242099999,16239099999,16224099999,LIRA",8.7,7.1,189,7.1,3.06073114092043e-14,41.7793,21-Feb-2023 02:30:00
84.6,"Partially cloudy",2023-02-21T03:00:00,7.8,8.4,88.71,"41.829742371733346, 12.468582121891949",0,0,1024,"16242099999,16239099999,16224099999,LIRA",9.6,9.8,147,8.6,3.0711840014481e-14,49.364,21-Feb-2023 03:00:00
84.6,"Partially cloudy",2023-02-21T03:30:00,7.8,8.4,88.71,"41.829742371733346, 12.468582121891949",0,0,1024,"16242099999,16239099999,16224099999,LIRA",9.6,9.8,147,8.6,3.08167703948807e-14,27.364,21-Feb-2023 03:30:00
84.6,"Partially cloudy",2023-02-21T04:00:00,8,9.4,88.73,"41.829742371733346, 12.468582121891949",0,0,1024,"16242099999,16239099999,16224099999,LIRA",9.8,9.8,169,5.4,3.09221042664324e-14,8.7793,21-Feb-2023 04:00:00
84.6,"Partially cloudy",2023-02-21T04:30:00,8,9.4,88.73,"41.829742371733346, 12.468582121891949",0,0,1024,"16242099999,16239099999,16224099999,LIRA",9.8,9.8,169,5.4,3.10278433550035e-14,0,21-Feb-2023 04:30:00
84.6,"Partially cloudy",2023-02-21T05:00:00,8.1,9.4,88.74,"41.829742371733346, 12.468582121891949",0,0,1024,"16242099999,16239099999,16224099999,LIRA",9.9,9.8,91,5.7,3.11339893928095e-14,46.87,21-Feb-2023 05:00:00
84.6,"Partially cloudy",2023-02-21T05:30:00,8.1,9.4,88.74,"41.829742371733346, 12.468582121891949",0,0,1024,"16242099999,16239099999,16224099999,LIRA",9.9,9.8,91,5.7,3.1240544120211e-14,51.8807,21-Feb-2023 05:30:00
84.6,"Partially cloudy",2023-02-21T06:00:00,8,9.9,88.13,"41.829742371733346, 12.468582121891949",0,0,1024,"16242099999,16239099999,16224099999,LIRA",9.9,9.8,151,2.6,3.13475092875524e-14,46.0187,21-Feb-2023 06:00:00
84.6,"Partially cloudy",2023-02-21T06:30:00,8,9.9,88.13,"41.829742371733346, 12.468582121891949",0,0,1024,"16242099999,16239099999,16224099999,LIRA",9.9,9.8,151,2.6,3.14548866516313e-14,106.8692,21-Feb-2023 06:30:00
96.8,"Overcast",2023-02-21T07:00:00,8.3,8.8,91.57,"41.829742371733346, 12.468582121891949",0,0,1023.2,"16242099999,16239099999,F1107,16224099999,16234099999",9.6,9.1,98,7,3.15626779775167e-14,260.7642,21-Feb-2023 07:00:00
96.8,"Overcast",2023-02-21T07:30:00,8.3,8.8,91.57,"41.829742371733346, 12.468582121891949",0,0,1023.2,"16242099999,16239099999,F1107,16224099999,16234099999",9.6,9.1,98,7,3.1670885040409e-14,261.139,21-Feb-2023 07:30:00
90.6,"Overcast",2023-02-21T08:00:00,8.6,10.5,87.68,"41.829742371733346, 12.468582121891949",0,0,1024,"16242099999,16239099999,AT416,16224099999,16234099999",10.5,9.3,80,3.8,3.17795096220691e-14,408.2989,21-Feb-2023 08:00:00
90.6,"Overcast",2023-02-21T08:30:00,8.6,10.5,87.68,"41.829742371733346, 12.468582121891949",0,0,1024,"16242099999,16239099999,AT416,16224099999,16234099999",10.5,9.3,80,3.8,3.18885535126574e-14,450.4003,21-Feb-2023 08:30:00
90.6,"Overcast",2023-02-21T09:00:00,8.7,11.5,82.56,"41.829742371733346, 12.468582121891949",0,0,1024,"16242099999,16239099999,AT416,16224099999,16234099999",11.5,9.3,98,5.4,3.19980185126162e-14,439.9068,21-Feb-2023 09:00:00
90.6,"Overcast",2023-02-21T09:30:00,8.7,11.5,82.56,"41.829742371733346, 12.468582121891949",0,0,1024,"16242099999,16239099999,AT416,16224099999,16234099999",11.5,9.3,98,5.4,3.21079064290569e-14,519.4984,21-Feb-2023 09:30:00
90.6,"Overcast",2023-02-21T10:00:00,9.2,12.8,78.48,"41.829742371733346, 12.468582121891949",0,0,1024,"16242099999,16239099999,AT416,16224099999,16234099999",12.8,9.3,171,7.6,3.22182190776212e-14,322.6716,21-Feb-2023 10:00:00
90.6,"Overcast",2023-02-21T10:30:00,9.2,12.8,78.48,"41.829742371733346, 12.468582121891949",0,0,1024,"16242099999,16239099999,AT416,16224099999,16234099999",12.8,9.3,171,7.6,3.23289582843849e-14,370.9167,21-Feb-2023 10:30:00
90,"Partially cloudy",2023-02-21T11:00:00,8.6,13.5,71.91,"41.829742371733346, 12.468582121891949",0,0,1023.8,"16242099999,16239099999,AT416,16224099999,16234099999",13.5,9.5,177,11.9,3.24401258822042e-14,353.9218,21-Feb-2023 11:00:00
90,"Partially cloudy",2023-02-21T11:30:00,8.6,13.5,71.91,"41.829742371733346, 12.468582121891949",0,0,1023.8,"16242099999,16239099999,AT416,16224099999,16234099999",13.5,9.5,177,11.9,3.25517237125981e-14,461.576,21-Feb-2023 11:30:00
90,"Partially cloudy",2023-02-21T12:00:00,7.5,14.8,61.86,"41.829742371733346, 12.468582121891949",0,0,1023.1,"16242099999,16239099999,AT416,16224099999,16234099999",14.8,9.6,162,8.6,3.26637536276749e-14,560.4154,21-Feb-2023 12:00:00
90,"Partially cloudy",2023-02-21T12:30:00,7.5,14.8,61.86,"41.829742371733346, 12.468582121891949",0,0,1023.1,"16242099999,16239099999,AT416,16224099999,16234099999",14.8,9.6,162,8.6,3.27762174864359e-14,513.1237,21-Feb-2023 12:30:00
90,"Partially cloudy",2023-02-21T13:00:00,8.2,14.9,64.56,"41.829742371733346, 12.468582121891949",0,0,1022.7,"16242099999,16239099999,AT416,16224099999,16234099999",14.9,9.6,187,10.9,3.28891171566804e-14,463.0399,21-Feb-2023 13:00:00
90,"Partially cloudy",2023-02-21T13:30:00,8.2,14.9,64.56,"41.829742371733346, 12.468582121891949",0,0,1022.7,"16242099999,16239099999,AT416,16224099999,16234099999",14.9,9.6,187,10.9,3.30024545169544e-14,335.2871,21-Feb-2023 13:30:00
90,"Partially cloudy",2023-02-21T14:00:00,8.2,14.9,64.29,"41.829742371733346, 12.468582121891949",0,0,1022,"16242099999,16239099999,AT416,16224099999,16234099999",14.9,9.6,196,11,3.3116231452812e-14,232.1902,21-Feb-2023 14:00:00
90,"Partially cloudy",2023-02-21T14:30:00,8.2,14.9,64.29,"41.829742371733346, 12.468582121891949",0,0,1022,"16242099999,16239099999,AT416,16224099999,16234099999",14.9,9.6,196,11,3.32304498587421e-14,230.2319,21-Feb-2023 14:30:00
90,"Partially cloudy",2023-02-21T15:00:00,8.3,14.2,67.54,"41.829742371733346, 12.468582121891949",0,0,1021.1,"16242099999,16239099999,AT416,16224099999,16234099999",14.2,9.8,217,7.6,3.3345111640141e-14,376.3429,21-Feb-2023 15:00:00
90,"Partially cloudy",2023-02-21T15:30:00,8.3,14.2,67.54,"41.829742371733346, 12.468582121891949",0,0,1021.1,"16242099999,16239099999,AT416,16224099999,16234099999",14.2,9.8,217,7.6,3.34602187095296e-14,381.5885,21-Feb-2023 15:30:00
90,"Partially cloudy",2023-02-21T16:00:00,8.3,14,68.53,"41.829742371733346, 12.468582121891949",0,0,1021,"16242099999,16239099999,AT416,16224099999,16234099999",14,9.8,221,9.5,3.35757729885032e-14,276.718,21-Feb-2023 16:00:00
90,"Partially cloudy",2023-02-21T16:30:00,8.3,14,68.53,"41.829742371733346, 12.468582121891949",0,0,1021,"16242099999,16239099999,AT416,16224099999,16234099999",14,9.8,221,9.5,3.36917764097275e-14,149.0366,21-Feb-2023 16:30:00
90,"Partially cloudy",2023-02-21T17:00:00,9.3,13.9,73.45,"41.829742371733346, 12.468582121891949",0,0,1020.1,"16242099999,16239099999,AT416,16224099999,16234099999",13.9,10,218,9.8,3.38082309131113e-14,197.6444,21-Feb-2023 17:00:00
90,"Partially cloudy",2023-02-21T17:30:00,9.3,13.9,73.45,"41.829742371733346, 12.468582121891949",0,0,1020.1,"16242099999,16239099999,AT416,16224099999,16234099999",13.9,10,218,9.8,3.39251384477802e-14,283.2002,21-Feb-2023 17:30:00
90,"Partially cloudy",2023-02-21T18:00:00,8.9,13.2,74.8,"41.829742371733346, 12.468582121891949",0,0,1020.1,"16242099999,16239099999,AT416,16224099999,16234099999",13.2,10,217,8.5,3.40425009740955e-14,337.4623,21-Feb-2023 18:00:00
90,"Partially cloudy",2023-02-21T18:30:00,8.9,13.2,74.8,"41.829742371733346, 12.468582121891949",0,0,1020.1,"16242099999,16239099999,AT416,16224099999,16234099999",13.2,10,217,8.5,3.41603204597825e-14,288.6671,21-Feb-2023 18:30:00
90,"Partially cloudy",2023-02-21T19:00:00,9.2,12.3,81.26,"41.829742371733346, 12.468582121891949",0,0,1020.1,"16242099999,16239099999,16224099999,16234099999",12.3,10,204,5.4,3.42785988819277e-14,213.8326,21-Feb-2023 19:00:00
90,"Partially cloudy",2023-02-21T19:30:00,9.2,12.3,81.26,"41.829742371733346, 12.468582121891949",0,0,1020.1,"16242099999,16239099999,16224099999,16234099999",12.3,10,204,5.4,3.43973382290215e-14,100.8112,21-Feb-2023 19:30:00
88.8,"Partially cloudy",2023-02-21T20:00:00,9,12,82.03,"41.829742371733346, 12.468582121891949",0,0,1020,"16242099999,16239099999,16224099999,LIRA",12,10,209,5.2,3.45165404970416e-14,85.0219,21-Feb-2023 20:00:00
88.8,"Partially cloudy",2023-02-21T20:30:00,9,12,82.03,"41.829742371733346, 12.468582121891949",0,0,1020,"16242099999,16239099999,16224099999,LIRA",12,10,209,5.2,3.46362076914735e-14,91.799,21-Feb-2023 20:30:00
88.8,"Partially cloudy",2023-02-21T21:00:00,9,11.8,83.12,"41.829742371733346, 12.468582121891949",0,0,1020,"16242099999,16239099999,16224099999,LIRA",11.8,10,220,7,3.47563418293775e-14,52.9174,21-Feb-2023 21:00:00
88.8,"Partially cloudy",2023-02-21T21:30:00,9,11.8,83.12,"41.829742371733346, 12.468582121891949",0,0,1020,"16242099999,16239099999,16224099999,LIRA",11.8,10,220,7,3.48769449354268e-14,27.8983,21-Feb-2023 21:30:00
88.8,"Partially cloudy",2023-02-21T22:00:00,9.1,11.8,83.13,"41.829742371733346, 12.468582121891949",0,0,1020,"16242099999,16239099999,16224099999,LIRA",11.8,10,245,4,3.49980190439515e-14,6.7771,21-Feb-2023 22:00:00
88.8,"Partially cloudy",2023-02-21T22:30:00,9.1,11.8,83.13,"41.829742371733346, 12.468582121891949",0,0,1020,"16242099999,16239099999,16224099999,LIRA",11.8,10,245,4,3.51195662010303e-14,0,21-Feb-2023 22:30:00
88.9,"Partially cloudy",2023-02-21T23:00:00,9.4,12.1,83.47,"41.829742371733346, 12.468582121891949",0,0,1020.1,"16245099999,16242099999,16239099999,LIRA",12.1,10,70,3.8,3.52415884604824e-14,0,21-Feb-2023 23:00:00
88.9,"Partially cloudy",2023-02-21T23:30:00,9.4,12.1,83.47,"41.829742371733346, 12.468582121891949",0,0,1020.1,"16245099999,16242099999,16239099999,LIRA",12.1,10,70,3.8,3.53640878859356e-14,0,21-Feb-2023 23:30:00
88,"Partially cloudy",2023-02-22T00:00:00,9.3,11.8,84.21,"41.829742371733346, 12.468582121891949",0,0,1020.1,"16245099999,16242099999,16239099999,16224099999,LIRA",11.8,10,347,2.5,3.54870665529434e-14,19.9704,22-Feb-2023 00:00:00
88,"Partially cloudy",2023-02-22T00:30:00,9.3,11.8,84.21,"41.829742371733346, 12.468582121891949",0,0,1020.1,"16245099999,16242099999,16239099999,16224099999,LIRA",11.8,10,347,2.5,3.56105265449289e-14,29.5271,22-Feb-2023 00:30:00
84.2,"Partially cloudy",2023-02-22T01:00:00,9.1,11.8,83.4,"41.829742371733346, 12.468582121891949",0,0,1020.1,"16245099999,16242099999,16239099999,16224099999,LIRA",11.8,10,82,5.6,3.57344699552788e-14,9.5567,22-Feb-2023 01:00:00
84.2,"Partially cloudy",2023-02-22T01:30:00,9.1,11.8,83.4,"41.829742371733346, 12.468582121891949",0,0,1020.1,"16245099999,16242099999,16239099999,16224099999,LIRA",11.8,10,82,5.6,3.58588988894847e-14,0,22-Feb-2023 01:30:00
79.5,"Partially cloudy",2023-02-22T02:00:00,9,11.6,83.82,"41.829742371733346, 12.468582121891949",0,0,1019,"16242099999,16239099999,16224099999,LIRA",11.6,9.7,83,5.5,3.59838154610404e-14,18.6705,22-Feb-2023 02:00:00
79.5,"Partially cloudy",2023-02-22T02:30:00,9,11.6,83.82,"41.829742371733346, 12.468582121891949",0,0,1019,"16242099999,16239099999,16224099999,LIRA",11.6,9.7,83,5.5,3.61092217935598e-14,7.6705,22-Feb-2023 02:30:00
79.5,"Partially cloudy",2023-02-22T03:00:00,8,10.6,83.71,"41.829742371733346, 12.468582121891949",0,0,1019,"16242099999,16239099999,16224099999,LIRA",10.6,9.7,100,5.4,3.62351200229446e-14,0,22-Feb-2023 03:00:00
79.5,"Partially cloudy",2023-02-22T03:30:00,8,10.6,83.71,"41.829742371733346, 12.468582121891949",0,0,1019,"16242099999,16239099999,16224099999,LIRA",10.6,9.7,100,5.4,3.63615122932331e-14,0,22-Feb-2023 03:30:00
79.5,"Partially cloudy",2023-02-22T04:00:00,6.9,8.7,83.58,"41.829742371733346, 12.468582121891949",0,0,1019,"16242099999,16239099999,16224099999,LIRA",9.6,9.5,124,7.2,3.64884007587433e-14,0,22-Feb-2023 04:00:00
79.5,"Partially cloudy",2023-02-22T04:30:00,6.9,8.7,83.58,"41.829742371733346, 12.468582121891949",0,0,1019,"16242099999,16239099999,16224099999,LIRA",9.6,9.5,124,7.2,3.66157875862669e-14,0,22-Feb-2023 04:30:00
79.5,"Partially cloudy",2023-02-22T05:00:00,6.8,9.4,83.72,"41.829742371733346, 12.468582121891949",0,0,1018,"16242099999,16239099999,16224099999,LIRA",9.4,9.4,152,2,3.67436749508686e-14,0,22-Feb-2023 05:00:00
79.5,"Partially cloudy",2023-02-22T05:30:00,6.8,9.4,83.72,"41.829742371733346, 12.468582121891949",0,0,1018,"16242099999,16239099999,16224099999,LIRA",9.4,9.4,152,2,3.68720650380559e-14,0,22-Feb-2023 05:30:00
50,"Partially cloudy",2023-02-22T06:00:00,6.8,9.4,83.72,"41.829742371733346, 12.468582121891949",0,0,1018.1,"16242099999,16239099999,16224099999,LIRA",9.4,9.2,171,2,3.70009600459979e-14,0,22-Feb-2023 06:00:00
50,"Partially cloudy",2023-02-22T06:30:00,6.8,9.4,83.72,"41.829742371733346, 12.468582121891949",0,0,1018.1,"16242099999,16239099999,16224099999,LIRA",9.4,9.2,171,2,3.71303621812768e-14,20.7855,22-Feb-2023 06:30:00
90,"Partially cloudy",2023-02-22T07:00:00,7.1,8.9,88.09,"41.829742371733346, 12.468582121891949",0,0,1018.3,"E2310,16242099999,16239099999,16224099999,16234099999",8.9,8.1,40,3.2,3.7260273661082e-14,58.0187,22-Feb-2023 07:00:00
90,"Partially cloudy",2023-02-22T07:30:00,7.1,8.9,88.09,"41.829742371733346, 12.468582121891949",0,0,1018.3,"E2310,16242099999,16239099999,16224099999,16234099999",8.9,8.1,40,3.2,3.73906967154573e-14,243.9331,22-Feb-2023 07:30:00
90,"Partially cloudy",2023-02-22T08:00:00,8.1,10.1,87.11,"41.829742371733346, 12.468582121891949",0,0,1019.1,"16242099999,16239099999,AT416,16224099999,16234099999",10.1,8,83,4.2,3.75216335830005e-14,404.8727,22-Feb-2023 08:00:00
90,"Partially cloudy",2023-02-22T08:30:00,8.1,10.1,87.11,"41.829742371733346, 12.468582121891949",0,0,1019.1,"16242099999,16239099999,AT416,16224099999,16234099999",10.1,8,83,4.2,3.76530865130853e-14,420.1481,22-Feb-2023 08:30:00
83.9,"Partially cloudy",2023-02-22T09:00:00,8.3,11.2,82.76,"41.829742371733346, 12.468582121891949",0,0,1019.1,"16242099999,16239099999,AT416,16224099999,16234099999",11.2,8.6,64,3.5,3.77850577681343e-14,342.665,22-Feb-2023 09:00:00
83.9,"Partially cloudy",2023-02-22T09:30:00,8.3,11.2,82.76,"41.829742371733346, 12.468582121891949",0,0,1019.1,"16242099999,16239099999,AT416,16224099999,16234099999",11.2,8.6,64,3.5,3.79175496192689e-14,319.2242,22-Feb-2023 09:30:00
47,"Partially cloudy",2023-02-22T10:00:00,9.3,12.9,78.72,"41.829742371733346, 12.468582121891949",0,0,1019.1,"16242099999,16239099999,AT416,16224099999,16234099999",12.9,8.6,28,5,3.8050564348557e-14,422.9785,22-Feb-2023 10:00:00
47,"Partially cloudy",2023-02-22T10:30:00,9.3,12.9,78.72,"41.829742371733346, 12.468582121891949",0,0,1019.1,"16242099999,16239099999,AT416,16224099999,16234099999",12.9,8.6,28,5,3.81841042513139e-14,481.7363,22-Feb-2023 10:30:00
31.2,"Partially cloudy",2023-02-22T11:00:00,9.1,14.2,71.45,"41.829742371733346, 12.468582121891949",0,0,1019,"16242099999,16239099999,AT416,16224099999,16234099999",14.2,9.7,133,4.3,3.83181716317006e-14,394.7582,22-Feb-2023 11:00:00
31.2,"Partially cloudy",2023-02-22T11:30:00,9.1,14.2,71.45,"41.829742371733346, 12.468582121891949",0,0,1019,"16242099999,16239099999,AT416,16224099999,16234099999",14.2,9.7,133,4.3,3.84527688049984e-14,436.5769,22-Feb-2023 11:30:00
33,"Partially cloudy",2023-02-22T12:00:00,7.1,15.1,58.65,"41.829742371733346, 12.468582121891949",0,0,1018.1,"16242099999,16239099999,AT416,16224099999,16234099999",15.1,9.9,133,4.5,3.85878980999376e-14,397.6683,22-Feb-2023 12:00:00
33,"Partially cloudy",2023-02-22T12:30:00,7.1,15.1,58.65,"41.829742371733346, 12.468582121891949",0,0,1018.1,"16242099999,16239099999,AT416,16224099999,16234099999",15.1,9.9,133,4.5,3.87235618542437e-14,380.5855,22-Feb-2023 12:30:00
33,"Partially cloudy",2023-02-22T13:00:00,6.2,15.2,55.11,"41.829742371733346, 12.468582121891949",0,0,1017.9,"16242099999,16239099999,AT416,16224099999,16234099999",15.2,10,150,4,3.88597624169396e-14,366.1546,22-Feb-2023 13:00:00
33,"Partially cloudy",2023-02-22T13:30:00,6.2,15.2,55.11,"41.829742371733346, 12.468582121891949",0,0,1017.9,"16242099999,16239099999,AT416,16224099999,16234099999",15.2,10,150,4,3.89965021507019e-14,365.0487,22-Feb-2023 13:30:00
33.9,"Partially cloudy",2023-02-22T14:00:00,6.9,15.4,56.68,"41.829742371733346, 12.468582121891949",0,0,1017.1,"16242099999,16239099999,AT416,16224099999,16234099999",15.4,10,280,7.3,3.91337834273548e-14,396.6519,22-Feb-2023 14:00:00
33.9,"Partially cloudy",2023-02-22T14:30:00,6.9,15.4,56.68,"41.829742371733346, 12.468582121891949",0,0,1017.1,"16242099999,16239099999,AT416,16224099999,16234099999",15.4,10,280,7.3,3.92716086301998e-14,321.5381,22-Feb-2023 14:30:00
35.7,"Partially cloudy",2023-02-22T15:00:00,8.3,15.1,63.73,"41.829742371733346, 12.468582121891949",0,0,1017.1,"16242099999,16239099999,AT416,16224099999,16234099999",15.1,10,259,7,3.94099801564004e-14,258.6008,22-Feb-2023 15:00:00
35.7,"Partially cloudy",2023-02-22T15:30:00,8.3,15.1,63.73,"41.829742371733346, 12.468582121891949",0,0,1017.1,"16242099999,16239099999,AT416,16224099999,16234099999",15.1,10,259,7,3.95489004124229e-14,283.0803,22-Feb-2023 15:30:00
50.8,"Partially cloudy",2023-02-22T16:00:00,9.1,15,67.75,"41.829742371733346, 12.468582121891949",0,0,1017,"16242099999,16239099999,AT416,16224099999,16234099999",15,10,244,10.1,3.96883718163936e-14,218.9264,22-Feb-2023 16:00:00
50.8,"Partially cloudy",2023-02-22T16:30:00,9.1,15,67.75,"41.829742371733346, 12.468582121891949",0,0,1017,"16242099999,16239099999,AT416,16224099999,16234099999",15,10,244,10.1,3.98283968005131e-14,260.0754,22-Feb-2023 16:30:00
33.7,"Partially cloudy",2023-02-22T17:00:00,9.1,14.2,71.56,"41.829742371733346, 12.468582121891949",0,0,1017,"16242099999,16239099999,AT416,16224099999,16234099999",14.2,10,257,12.2,3.99689778064422e-14,262.0297,22-Feb-2023 17:00:00
33.7,"Partially cloudy",2023-02-22T17:30:00,9.1,14.2,71.56,"41.829742371733346, 12.468582121891949",0,0,1017,"16242099999,16239099999,AT416,16224099999,16234099999",14.2,10,257,12.2,4.0110117287688e-14,340.5803,22-Feb-2023 17:30:00
53.6,"Partially cloudy",2023-02-22T18:00:00,8.7,13.1,74.98,"41.829742371733346, 12.468582121891949",0,0,1016.9,"16242099999,16239099999,AT416,16224099999,16234099999",13.1,10,245,8.2,4.02518177120476e-14,231.0222,22-Feb-2023 18:00:00
53.6,"Partially cloudy",2023-02-22T18:30:00,8.7,13.1,74.98,"41.829742371733346, 12.468582121891949",0,0,1016.9,"16242099999,16239099999,AT416,16224099999,16234099999",13.1,10,245,8.2,4.03940815569384e-14,148.6836,22-Feb-2023 18:30:00
31.8,"Partially cloudy",2023-02-22T19:00:00,8.2,12.1,76.91,"41.829742371733346, 12.468582121891949",0,0,1016.9,"16242099999,AU378,16239099999,16224099999,16234099999",12.1,10,240,5.7,4.05369113118141e-14,221.908,22-Feb-2023 19:00:00
31.8,"Partially cloudy",2023-02-22T19:30:00,8.2,12.1,76.91,"41.829742371733346, 12.468582121891949",0,0,1016.9,"16242099999,AU378,16239099999,16224099999,16234099999",12.1,10,240,5.7,4.0680309480637e-14,124.6258,22-Feb-2023 19:30:00
26.6,"Partially cloudy",2023-02-22T20:00:00,8,10.9,82.7,"41.829742371733346, 12.468582121891949",0,0,1017,"16242099999,AU378,16239099999,16224099999,LIRA",10.9,10,173,6.9,4.08242785771536e-14,151.0571,22-Feb-2023 20:00:00
26.6,"Partially cloudy",2023-02-22T20:30:00,8,10.9,82.7,"41.829742371733346, 12.468582121891949",0,0,1017,"16242099999,AU378,16239099999,16224099999,LIRA",10.9,10,173,6.9,4.0968821127339e-14,93.3327,22-Feb-2023 20:30:00
NaN,"Clear",2023-02-22T21:00:00,7.2,10.8,78.07,"41.829742371733346, 12.468582121891949",0,0,1017,"16242099999,AU378,16239099999,16224099999,LIRA",10.8,10,240,3.6,4.11139396719e-14,36.2065,22-Feb-2023 21:00:00
NaN,"Clear",2023-02-22T21:30:00,7.2,10.8,78.07,"41.829742371733346, 12.468582121891949",0,0,1017,"16242099999,AU378,16239099999,16224099999,LIRA",10.8,10,240,3.6,4.12596367614938e-14,0,22-Feb-2023 21:30:00
NaN,"Clear",2023-02-22T22:00:00,7.1,8.9,83.29,"41.829742371733346, 12.468582121891949",0,0,1017,"16242099999,AU378,16239099999,16224099999,LIRA",9.8,10,159,7.4,4.14059149592026e-14,0,22-Feb-2023 22:00:00
NaN,"Clear",2023-02-22T22:30:00,7.1,8.9,83.29,"41.829742371733346, 12.468582121891949",0,0,1017,"16242099999,AU378,16239099999,16224099999,LIRA",9.8,10,159,7.4,4.15527768430663e-14,0,22-Feb-2023 22:30:00
0,"Clear",2023-02-22T23:00:00,7.1,9.4,83.45,"41.829742371733346, 12.468582121891949",0,0,1017,"16242099999,AU378,16239099999,16224099999,LIRA",9.7,9.8,170,5.1,4.17002250012452e-14,0,22-Feb-2023 23:00:00
0,"Clear",2023-02-22T23:30:00,7.1,9.4,83.45,"41.829742371733346, 12.468582121891949",0,0,1017,"16242099999,AU378,16239099999,16224099999,LIRA",9.7,9.8,170,5.1,4.18482620345236e-14,0,22-Feb-2023 23:30:00
23.8,"Partially cloudy",2023-02-23T00:00:00,7,8.8,88.48,"41.829742371733346, 12.468582121891949",0,0,1017,"16242099999,AU378,16239099999,16224099999,LIRA",8.8,9.7,128,4.2,4.19968905588742e-14,20.9857,23-Feb-2023 00:00:00
23.8,"Partially cloudy",2023-02-23T00:30:00,7,8.8,88.48,"41.829742371733346, 12.468582121891949",0,0,1017,"16242099999,AU378,16239099999,16224099999,LIRA",8.8,9.7,128,4.2,4.21461132005624e-14,29.6987,23-Feb-2023 00:30:00
79.5,"Partially cloudy",2023-02-23T01:00:00,7,9.3,83.28,"41.829742371733346, 12.468582121891949",0,0,1016.9,"16242099999,16239099999,16224099999,LIRA",9.7,9.7,142,5.4,4.22959325986808e-14,19.1882,23-Feb-2023 01:00:00
79.5,"Partially cloudy",2023-02-23T01:30:00,7,9.3,83.28,"41.829742371733346, 12.468582121891949",0,0,1016.9,"16242099999,16239099999,16224099999,LIRA",9.7,9.7,142,5.4,4.24463514077444e-14,0,23-Feb-2023 01:30:00
79.5,"Partially cloudy",2023-02-23T02:00:00,7,9.2,83.59,"41.829742371733346, 12.468582121891949",0,0,1016.9,"16242099999,16239099999,16224099999,LIRA",9.6,9.7,153,5.4,4.25973722927366e-14,0,23-Feb-2023 02:00:00
79.5,"Partially cloudy",2023-02-23T02:30:00,7,9.2,83.59,"41.829742371733346, 12.468582121891949",0,0,1016.9,"16242099999,16239099999,16224099999,LIRA",9.6,9.7,153,5.4,4.27489979316744e-14,13.5511,23-Feb-2023 02:30:00
79.5,"Partially cloudy",2023-02-23T03:00:00,6,9.6,78.18,"41.829742371733346, 12.468582121891949",0,0,1016,"16242099999,AU378,16239099999,16224099999,LIRA",9.6,9.6,139,4.2,4.29012310182356e-14,2.5511,23-Feb-2023 03:00:00
79.5,"Partially cloudy",2023-02-23T03:30:00,6,9.6,78.18,"41.829742371733346, 12.468582121891949",0,0,1016,"16242099999,AU378,16239099999,16224099999,LIRA",9.6,9.6,139,4.2,4.30540742567451e-14,0,23-Feb-2023 03:30:00
84.6,"Partially cloudy",2023-02-23T04:00:00,5.1,8.6,78.57,"41.829742371733346, 12.468582121891949",0,0,1016,"16242099999,AU378,16239099999,16224099999,LIRA",8.6,9.6,30,3.9,4.32075303647716e-14,0,23-Feb-2023 04:00:00
84.6,"Partially cloudy",2023-02-23T04:30:00,5.1,8.6,78.57,"41.829742371733346, 12.468582121891949",0,0,1016,"16242099999,AU378,16239099999,16224099999,LIRA",8.6,9.6,30,3.9,4.33616020757868e-14,0,23-Feb-2023 04:30:00
24,"Partially cloudy",2023-02-23T05:00:00,5.2,7.1,83.54,"41.829742371733346, 12.468582121891949",0,0,1016,"16242099999,16239099999,16224099999,LIRA",7.9,9.6,78,5.6,4.35162921340913e-14,0,23-Feb-2023 05:00:00
24,"Partially cloudy",2023-02-23T05:30:00,5.2,7.1,83.54,"41.829742371733346, 12.468582121891949",0,0,1016,"16242099999,16239099999,16224099999,LIRA",7.9,9.6,78,5.6,4.36716032974438e-14,0,23-Feb-2023 05:30:00
29,"Partially cloudy",2023-02-23T06:00:00,5.2,7,88.49,"41.829742371733346, 12.468582121891949",0,0,1015,"16242099999,AU378,16239099999,16224099999,LIRA",7,9.6,NaN,2.1,4.3827538339752e-14,0,23-Feb-2023 06:00:00
29,"Partially cloudy",2023-02-23T06:30:00,5.2,7,88.49,"41.829742371733346, 12.468582121891949",0,0,1015,"16242099999,AU378,16239099999,16224099999,LIRA",7,9.6,NaN,2.1,4.39841000459379e-14,40.8847,23-Feb-2023 06:30:00
15.3,"Clear",2023-02-23T07:00:00,5.3,4.4,94.78,"41.829742371733346, 12.468582121891949",0,0,1015.2,"16242099999,16239099999,AT416,16224099999,16234099999",6.1,8.1,39,8.2,4.41412912145992e-14,29.8847,23-Feb-2023 07:00:00
15.3,"Clear",2023-02-23T07:30:00,5.3,4.4,94.78,"41.829742371733346, 12.468582121891949",0,0,1015.2,"16242099999,16239099999,AT416,16224099999,16234099999",6.1,8.1,39,8.2,4.4299114660733e-14,18.8847,23-Feb-2023 07:30:00
12.1,"Clear",2023-02-23T08:00:00,5.3,6.6,91.19,"41.829742371733346, 12.468582121891949",0,0,1016.1,"16242099999,16239099999,AT416,16224099999,16234099999",6.6,8,30,3.9,4.44575732105399e-14,65.8096,23-Feb-2023 08:00:00
12.1,"Clear",2023-02-23T08:30:00,5.3,6.6,91.19,"41.829742371733346, 12.468582121891949",0,0,1016.1,"16242099999,16239099999,AT416,16224099999,16234099999",6.6,8,30,3.9,4.46166697041169e-14,24.9249,23-Feb-2023 08:30:00
4.9,"Clear",2023-02-23T09:00:00,7.2,9,88.64,"41.829742371733346, 12.468582121891949",0,0,1016.1,"16242099999,16239099999,AT416,16224099999,16234099999",9,8.5,41,3,4.47764069982157e-14,67.7833,23-Feb-2023 09:00:00
4.9,"Clear",2023-02-23T09:30:00,7.2,9,88.64,"41.829742371733346, 12.468582121891949",0,0,1016.1,"16242099999,16239099999,AT416,16224099999,16234099999",9,8.5,41,3,4.49367879609833e-14,134.9488,23-Feb-2023 09:30:00
37.9,"Partially cloudy",2023-02-23T10:00:00,8.2,11.9,78.01,"41.829742371733346, 12.468582121891949",0,0,1016.2,"16242099999,16239099999,AT416,16224099999,16234099999",11.9,9.2,102,3.4,4.50978154746888e-14,287.1505,23-Feb-2023 10:00:00
37.9,"Partially cloudy",2023-02-23T10:30:00,8.2,11.9,78.01,"41.829742371733346, 12.468582121891949",0,0,1016.2,"16242099999,16239099999,AT416,16224099999,16234099999",11.9,9.2,102,3.4,4.52594924385146e-14,366.7002,23-Feb-2023 10:30:00
54.5,"Partially cloudy",2023-02-23T11:00:00,9.1,13.3,75.48,"41.829742371733346, 12.468582121891949",0,0,1017,"16242099999,16239099999,AT416,16224099999,16234099999",13.3,9.5,245,7.3,4.54218217632347e-14,368.4946,23-Feb-2023 11:00:00
54.5,"Partially cloudy",2023-02-23T11:30:00,9.1,13.3,75.48,"41.829742371733346, 12.468582121891949",0,0,1017,"16242099999,16239099999,AT416,16224099999,16234099999",13.3,9.5,245,7.3,4.55848063739739e-14,405.8378,23-Feb-2023 11:30:00
48.2,"Partially cloudy",2023-02-23T12:00:00,8.4,14.9,64.92,"41.829742371733346, 12.468582121891949",0,0,1016.2,"16242099999,16239099999,AT416,16224099999,16234099999",14.9,9.8,221,10.1,4.57484492130341e-14,350.7194,23-Feb-2023 12:00:00
48.2,"Partially cloudy",2023-02-23T12:30:00,8.4,14.9,64.92,"41.829742371733346, 12.468582121891949",0,0,1016.2,"16242099999,16239099999,AT416,16224099999,16234099999",14.9,9.8,221,10.1,4.5912753234508e-14,360.0709,23-Feb-2023 12:30:00
61.5,"Partially cloudy",2023-02-23T13:00:00,9.2,15,68.12,"41.829742371733346, 12.468582121891949",0,0,1016.2,"16242099999,16239099999,AT416,16224099999,16234099999",15,9.5,232,13.6,4.60777214070723e-14,266.6516,23-Feb-2023 13:00:00
61.5,"Partially cloudy",2023-02-23T13:30:00,9.2,15,68.12,"41.829742371733346, 12.468582121891949",0,0,1016.2,"16242099999,16239099999,AT416,16224099999,16234099999",15,9.5,232,13.6,4.62433567168491e-14,276.0756,23-Feb-2023 13:30:00
61.5,"Partially cloudy",2023-02-23T14:00:00,8,14.9,63.06,"41.829742371733346, 12.468582121891949",0,0,1016.1,"16242099999,16239099999,AT416,16224099999,16234099999",14.9,10,228,9.6,4.64096621619539e-14,256.5953,23-Feb-2023 14:00:00
61.5,"Partially cloudy",2023-02-23T14:30:00,8,14.9,63.06,"41.829742371733346, 12.468582121891949",0,0,1016.1,"16242099999,16239099999,AT416,16224099999,16234099999",14.9,10,228,9.6,4.65766407553237e-14,292.2817,23-Feb-2023 14:30:00
61.5,"Partially cloudy",2023-02-23T15:00:00,8.5,14.6,66.73,"41.829742371733346, 12.468582121891949",0,0,1015.2,"16242099999,16239099999,AT416,16224099999,16234099999",14.6,10,237,9.9,4.67442955276137e-14,303.1432,23-Feb-2023 15:00:00
61.5,"Partially cloudy",2023-02-23T15:30:00,8.5,14.6,66.73,"41.829742371733346, 12.468582121891949",0,0,1015.2,"16242099999,16239099999,AT416,16224099999,16234099999",14.6,10,237,9.9,4.69126295216788e-14,204.9391,23-Feb-2023 15:30:00
77.3,"Partially cloudy",2023-02-23T16:00:00,8.2,14.4,66.27,"41.829742371733346, 12.468582121891949",0,0,1015.2,"16242099999,16239099999,AT416,16224099999,16234099999",14.4,10,243,7.8,4.70816457954373e-14,173.6908,23-Feb-2023 16:00:00
77.3,"Partially cloudy",2023-02-23T16:30:00,8.2,14.4,66.27,"41.829742371733346, 12.468582121891949",0,0,1015.2,"16242099999,16239099999,AT416,16224099999,16234099999",14.4,10,243,7.8,4.72513474248027e-14,278.814,23-Feb-2023 16:30:00
73.1,"Partially cloudy",2023-02-23T17:00:00,8.2,14,67.91,"41.829742371733346, 12.468582121891949",0,0,1015.2,"16242099999,16239099999,AT416,16224099999,16234099999",14,10,252,8.5,4.7421737498099e-14,357.9811,23-Feb-2023 17:00:00
73.1,"Partially cloudy",2023-02-23T17:30:00,8.2,14,67.91,"41.829742371733346, 12.468582121891949",0,0,1015.2,"16242099999,16239099999,AT416,16224099999,16234099999",14,10,252,8.5,4.75928191189591e-14,325.2241,23-Feb-2023 17:30:00
46.1,"Partially cloudy",2023-02-23T18:00:00,8.8,12.8,76.72,"41.829742371733346, 12.468582121891949",0,0,1015.2,"16242099999,16239099999,AT416,16224099999,16234099999",12.8,9.9,229,8.2,4.77645954092933e-14,366.9685,23-Feb-2023 18:00:00
46.1,"Partially cloudy",2023-02-23T18:30:00,8.8,12.8,76.72,"41.829742371733346, 12.468582121891949",0,0,1015.2,"16242099999,16239099999,AT416,16224099999,16234099999",12.8,9.9,229,8.2,4.79370695036367e-14,262.2793,23-Feb-2023 18:30:00
30,"Partially cloudy",2023-02-23T19:00:00,8.2,11.7,79.02,"41.829742371733346, 12.468582121891949",0,0,1016.1,"16242099999,AU378,16239099999,16224099999,16234099999",11.7,9.9,246,5.5,4.81102445520835e-14,107.792,23-Feb-2023 19:00:00
30,"Partially cloudy",2023-02-23T19:30:00,8.2,11.7,79.02,"41.829742371733346, 12.468582121891949",0,0,1016.1,"16242099999,AU378,16239099999,16224099999,16234099999",11.7,9.9,246,5.5,4.82841237232922e-14,158.5965,23-Feb-2023 19:30:00
NaN,"Clear",2023-02-23T20:00:00,7.1,10.8,77.83,"41.829742371733346, 12.468582121891949",0,0,1016,"16242099999,AU378,16239099999,16224099999,LIRA",10.8,10,211,5.1,4.84587101987643e-14,143.1448,23-Feb-2023 20:00:00
NaN,"Clear",2023-02-23T20:30:00,7.1,10.8,77.83,"41.829742371733346, 12.468582121891949",0,0,1016,"16242099999,AU378,16239099999,16224099999,LIRA",10.8,10,211,5.1,4.8634007175815e-14,112.1776,23-Feb-2023 20:30:00
NaN,"Clear",2023-02-23T21:00:00,7,8.9,83.03,"41.829742371733346, 12.468582121891949",0,0,1016,"16242099999,AU378,16239099999,16224099999,LIRA",9.8,10,153,7.2,4.88100178706158e-14,74.4253,23-Feb-2023 21:00:00
NaN,"Clear",2023-02-23T21:30:00,7,8.9,83.03,"41.829742371733346, 12.468582121891949",0,0,1016,"16242099999,AU378,16239099999,16224099999,LIRA",9.8,10,153,7.2,4.89867455124033e-14,31.6226,23-Feb-2023 21:30:00
30,"Partially cloudy",2023-02-23T22:00:00,7.1,9.9,83.04,"41.829742371733346, 12.468582121891949",0,0,1016,"16242099999,AU378,16239099999,16224099999,LIRA",9.9,10,153,3.6,4.91641933464871e-14,29.8611,23-Feb-2023 22:00:00
30,"Partially cloudy",2023-02-23T22:30:00,7.1,9.9,83.04,"41.829742371733346, 12.468582121891949",0,0,1016,"16242099999,AU378,16239099999,16224099999,LIRA",9.9,10,153,3.6,4.93423646373298e-14,7.8611,23-Feb-2023 22:30:00
NaN,"Clear",2023-02-23T23:00:00,6.1,8.9,82.92,"41.829742371733346, 12.468582121891949",0,0,1016.9,"16242099999,16239099999,16224099999,LIRA",8.9,10,158,4.2,4.95212626626856e-14,0,23-Feb-2023 23:00:00
NaN,"Clear",2023-02-23T23:30:00,6.1,8.9,82.92,"41.829742371733346, 12.468582121891949",0,0,1016.9,"16242099999,16239099999,16224099999,LIRA",8.9,10,158,4.2,4.97008907166454e-14,0,23-Feb-2023 23:30:00
47.9,"Partially cloudy",2023-02-24T00:00:00,6.9,8.1,88.2,"41.829742371733346, 12.468582121891949",0,0,1016,"16242099999,16239099999,16224099999,LIRA",8.8,9.9,114,5.7,4.9881252112755e-14,0,24-Feb-2023 00:00:00
47.9,"Partially cloudy",2023-02-24T00:30:00,6.9,8.1,88.2,"41.829742371733346, 12.468582121891949",0,0,1016,"16242099999,16239099999,16224099999,LIRA",8.8,9.9,114,5.7,5.00623501780826e-14,54.7548,24-Feb-2023 00:30:00
13.3,"Clear",2023-02-24T01:00:00,6.1,8.3,83.49,"41.829742371733346, 12.468582121891949",0,0,1016,"16242099999,AU378,16239099999,16224099999,LIRA",8.8,9.9,143,5.2,5.02441882563012e-14,32.7548,24-Feb-2023 01:00:00
13.3,"Clear",2023-02-24T01:30:00,6.1,8.3,83.49,"41.829742371733346, 12.468582121891949",0,0,1016,"16242099999,AU378,16239099999,16224099999,LIRA",8.8,9.9,143,5.2,5.04267697108464e-14,82.593,24-Feb-2023 01:30:00
13.3,"Clear",2023-02-24T02:00:00,6.1,8.2,83.49,"41.829742371733346, 12.468582121891949",0,0,1016,"16242099999,AU378,16239099999,16224099999,LIRA",8.8,9.9,160,5.5,5.06100979189105e-14,49.593,24-Feb-2023 02:00:00
13.3,"Clear",2023-02-24T02:30:00,6.1,8.2,83.49,"41.829742371733346, 12.468582121891949",0,0,1016,"16242099999,AU378,16239099999,16224099999,LIRA",8.8,9.9,160,5.5,5.07941762745641e-14,25.5516,24-Feb-2023 02:30:00
50,"Partially cloudy",2023-02-24T03:00:00,6.1,7.1,93.53,"41.829742371733346, 12.468582121891949",0,0,1015,"16242099999,AU378,16239099999,16224099999,LIRA",7.1,8.1,90,2.6,5.09790081919529e-14,61.1873,24-Feb-2023 03:00:00
50,"Partially cloudy",2023-02-24T03:30:00,6.1,7.1,93.53,"41.829742371733346, 12.468582121891949",0,0,1015,"16242099999,AU378,16239099999,16224099999,LIRA",7.1,8.1,90,2.6,5.11645970992184e-14,39.1873,24-Feb-2023 03:30:00
84.6,"Partially cloudy",2023-02-24T04:00:00,6.1,7,94.18,"41.829742371733346, 12.468582121891949",0,0,1015,"16242099999,AU378,16239099999,16224099999,LIRA",7,9.9,162,3.9,5.13509464416587e-14,24.6357,24-Feb-2023 04:00:00
84.6,"Partially cloudy",2023-02-24T04:30:00,6.1,7,94.18,"41.829742371733346, 12.468582121891949",0,0,1015,"16242099999,AU378,16239099999,16224099999,LIRA",7,9.9,162,3.9,5.15380596849645e-14,13.6357,24-Feb-2023 04:30:00
29,"Partially cloudy",2023-02-24T05:00:00,6.9,8.1,88.2,"41.829742371733346, 12.468582121891949",0,0,1015,"16242099999,AU378,16239099999,16224099999,LIRA",8.8,9.9,153,5.9,5.17259403090666e-14,2.6357,24-Feb-2023 05:00:00
29,"Partially cloudy",2023-02-24T05:30:00,6.9,8.1,88.2,"41.829742371733346, 12.468582121891949",0,0,1015,"16242099999,AU378,16239099999,16224099999,LIRA",8.8,9.9,153,5.9,5.19145918113346e-14,0,24-Feb-2023 05:30:00
84.6,"Partially cloudy",2023-02-24T06:00:00,5.3,6.1,94.14,"41.829742371733346, 12.468582121891949",0,0,1015,"16242099999,AU378,16239099999,16224099999,LIRA",6.1,7.2,63,4,5.21040177098551e-14,0,24-Feb-2023 06:00:00
84.6,"Partially cloudy",2023-02-24T06:30:00,5.3,6.1,94.14,"41.829742371733346, 12.468582121891949",0,0,1015,"16242099999,AU378,16239099999,16224099999,LIRA",6.1,7.2,63,4,5.22942215372022e-14,96.4451,24-Feb-2023 06:30:00
12,"Clear",2023-02-24T07:00:00,5.7,5.8,94.32,"41.829742371733346, 12.468582121891949",0,0,1014.2,"E2310,16242099999,16239099999,16224099999,16234099999",6.5,9.2,75,5.1,5.24852068436773e-14,95.202,24-Feb-2023 07:00:00
12,"Clear",2023-02-24T07:30:00,5.7,5.8,94.32,"41.829742371733346, 12.468582121891949",0,0,1014.2,"E2310,16242099999,16239099999,16224099999,16234099999",6.5,9.2,75,5.1,5.26769772006277e-14,73.8572,24-Feb-2023 07:30:00
12,"Clear",2023-02-24T08:00:00,5.2,5.2,93.57,"41.829742371733346, 12.468582121891949",0,0,1015,"16242099999,16239099999,AT416,16234099999,LIRA",6.2,7,16,5.7,5.28695361941411e-14,59.7594,24-Feb-2023 08:00:00
12,"Clear",2023-02-24T08:30:00,5.2,5.2,93.57,"41.829742371733346, 12.468582121891949",0,0,1015,"16242099999,16239099999,AT416,16234099999,LIRA",6.2,7,16,5.7,5.30628874283256e-14,177.1084,24-Feb-2023 08:30:00
75.5,"Partially cloudy",2023-02-24T09:00:00,6.8,7.9,90.08,"41.829742371733346, 12.468582121891949",0,0,1015.1,"16242099999,16239099999,AT416,16224099999,16234099999",8.3,7.8,107,4.9,5.32570345286703e-14,236.0662,24-Feb-2023 09:00:00
75.5,"Partially cloudy",2023-02-24T09:30:00,6.8,7.9,90.08,"41.829742371733346, 12.468582121891949",0,0,1015.1,"16242099999,16239099999,AT416,16224099999,16234099999",8.3,7.8,107,4.9,5.3451981135662e-14,178.8895,24-Feb-2023 09:30:00
75.5,"Partially cloudy",2023-02-24T10:00:00,8.3,10.3,87.77,"41.829742371733346, 12.468582121891949",0,0,1015.1,"16242099999,16239099999,AT416,16224099999,16234099999",10.3,7.3,59,3.4,5.36477309081063e-14,319.7141,24-Feb-2023 10:00:00
75.5,"Partially cloudy",2023-02-24T10:30:00,8.3,10.3,87.77,"41.829742371733346, 12.468582121891949",0,0,1015.1,"16242099999,16239099999,AT416,16224099999,16234099999",10.3,7.3,59,3.4,5.38442875265307e-14,341.4023,24-Feb-2023 10:30:00
50.6,"Partially cloudy",2023-02-24T11:00:00,9.2,13.6,74.7,"41.829742371733346, 12.468582121891949",0,0,1015.2,"16242099999,16239099999,AT416,16224099999,16234099999",13.6,9.5,143,11.8,5.40416546867225e-14,414.5234,24-Feb-2023 11:00:00
50.6,"Partially cloudy",2023-02-24T11:30:00,9.2,13.6,74.7,"41.829742371733346, 12.468582121891949",0,0,1015.2,"16242099999,16239099999,AT416,16224099999,16234099999",13.6,9.5,143,11.8,5.42398361030918e-14,436.4952,24-Feb-2023 11:30:00
35.7,"Partially cloudy",2023-02-24T12:00:00,9.3,14.2,72.05,"41.829742371733346, 12.468582121891949",0,0,1015,"16242099999,16239099999,AT416,16224099999,16234099999",14.2,9.8,185,15.8,5.44388355121172e-14,360.7981,24-Feb-2023 12:00:00
35.7,"Partially cloudy",2023-02-24T12:30:00,9.3,14.2,72.05,"41.829742371733346, 12.468582121891949",0,0,1015,"16242099999,16239099999,AT416,16224099999,16234099999",14.2,9.8,185,15.8,0.0416666666666661,350.9048,24-Feb-2023 12:30:00
48.2,"Partially cloudy",2023-02-24T13:00:00,8.3,15.2,63.14,"41.829742371733346, 12.468582121891949",0,0,1014,"16242099999,16239099999,AT416,16224099999,16234099999",15.2,10,177,19.6,0.0833333333333339,490.6354,24-Feb-2023 13:00:00
48.2,"Partially cloudy",2023-02-24T13:30:00,8.3,15.2,63.14,"41.829742371733346, 12.468582121891949",0,0,1014,"16242099999,16239099999,AT416,16224099999,16234099999",15.2,10,177,19.6,0.125,430.0205,24-Feb-2023 13:30:00
48.2,"Partially cloudy",2023-02-24T14:00:00,9.3,16,64.53,"41.829742371733346, 12.468582121891949",0,0,1013,"16242099999,16239099999,AT416,16224099999,16234099999",16,10,191,16.8,0.166666666666666,482.8399,24-Feb-2023 14:00:00
48.2,"Partially cloudy",2023-02-24T14:30:00,9.3,16,64.53,"41.829742371733346, 12.468582121891949",0,0,1013,"16242099999,16239099999,AT416,16224099999,16234099999",16,10,191,16.8,0.208333333333334,395.8322,24-Feb-2023 14:30:00
31.2,"Partially cloudy",2023-02-24T15:00:00,8.6,16,61.26,"41.829742371733346, 12.468582121891949",0,0,1012.1,"16242099999,16239099999,AT416,16224099999,16234099999",16,10,171,17.3,0.25,293.316,24-Feb-2023 15:00:00
31.2,"Partially cloudy",2023-02-24T15:30:00,8.6,16,61.26,"41.829742371733346, 12.468582121891949",0,0,1012.1,"16242099999,16239099999,AT416,16224099999,16234099999",16,10,171,17.3,0.291666666666666,162.6371,24-Feb-2023 15:30:00
31.8,"Partially cloudy",2023-02-24T16:00:00,8.4,15.7,61.75,"41.829742371733346, 12.468582121891949",0,0,1011.1,"16242099999,16239099999,AT416,16224099999,16234099999",15.7,10,178,15.3,0.333333333333334,131.0116,24-Feb-2023 16:00:00
31.8,"Partially cloudy",2023-02-24T16:30:00,8.4,15.7,61.75,"41.829742371733346, 12.468582121891949",0,0,1011.1,"16242099999,16239099999,AT416,16224099999,16234099999",15.7,10,178,15.3,0.375,123.799,24-Feb-2023 16:30:00
38,"Partially cloudy",2023-02-24T17:00:00,8,15.4,61.59,"41.829742371733346, 12.468582121891949",0,0,1011,"16242099999,16239099999,AT416,16224099999,16234099999",15.4,10,172,13.5,0.416666666666666,145.8161,24-Feb-2023 17:00:00
38,"Partially cloudy",2023-02-24T17:30:00,8,15.4,61.59,"41.829742371733346, 12.468582121891949",0,0,1011,"16242099999,16239099999,AT416,16224099999,16234099999",15.4,10,172,13.5,0.458333333333334,266.9722,24-Feb-2023 17:30:00
50,"Partially cloudy",2023-02-24T18:00:00,9.3,14,73.32,"41.829742371733346, 12.468582121891949",0,0,1011.1,"16242099999,16239099999,AT416,16224099999,16234099999",14,10,213,13.8,0.5,315.4587,24-Feb-2023 18:00:00
50,"Partially cloudy",2023-02-24T18:30:00,9.3,14,73.32,"41.829742371733346, 12.468582121891949",0,0,1011.1,"16242099999,16239099999,AT416,16224099999,16234099999",14,10,213,13.8,0.541666666666666,239.7235,24-Feb-2023 18:30:00
30,"Partially cloudy",2023-02-24T19:00:00,9.4,12.9,79.04,"41.829742371733346, 12.468582121891949",0,0,1011.1,"16242099999,AU378,16239099999,16224099999,16234099999",12.9,10,134,11.4,0.583333333333334,198.5923,24-Feb-2023 19:00:00
30,"Partially cloudy",2023-02-24T19:30:00,9.4,12.9,79.04,"41.829742371733346, 12.468582121891949",0,0,1011.1,"16242099999,AU378,16239099999,16224099999,16234099999",12.9,10,134,11.4,0.625,184.1795,24-Feb-2023 19:30:00
NaN,"Clear",2023-02-24T20:00:00,8.3,12.1,78.02,"41.829742371733346, 12.468582121891949",0,0,1010.9,"16242099999,16239099999,16224099999,LIRA",12.1,10,149,4.7,0.666666666666666,137.0652,24-Feb-2023 20:00:00
NaN,"Clear",2023-02-24T20:30:00,8.3,12.1,78.02,"41.829742371733346, 12.468582121891949",0,0,1010.9,"16242099999,16239099999,16224099999,LIRA",12.1,10,149,4.7,0.708333333333334,86.1591,24-Feb-2023 20:30:00
NaN,"Clear",2023-02-24T21:00:00,6.5,12.9,64.95,"41.829742371733346, 12.468582121891949",0,0,1010,"16242099999,AU378,16239099999,16224099999,LIRA",12.9,10,76,7.9,0.75,99.5809,24-Feb-2023 21:00:00
NaN,"Clear",2023-02-24T21:30:00,6.5,12.9,64.95,"41.829742371733346, 12.468582121891949",0,0,1010,"16242099999,AU378,16239099999,16224099999,LIRA",12.9,10,76,7.9,0.791666666666666,56.1615,24-Feb-2023 21:30:00
NaN,"Clear",2023-02-24T22:00:00,7.1,12.1,71.89,"41.829742371733346, 12.468582121891949",0,0,1009,"16242099999,16239099999,16224099999,LIRA",12.1,10,84,6.3,0.833333333333334,29.0078,24-Feb-2023 22:00:00
NaN,"Clear",2023-02-24T22:30:00,7.1,12.1,71.89,"41.829742371733346, 12.468582121891949",0,0,1009,"16242099999,16239099999,16224099999,LIRA",12.1,10,84,6.3,0.875,14.158,24-Feb-2023 22:30:00
26.9,"Partially cloudy",2023-02-24T23:00:00,7.1,11.9,72.49,"41.829742371733346, 12.468582121891949",0,0,1009.9,"16242099999,16239099999,16224099999,LIRA",11.9,10,289,9.6,0.916666666666666,3.158,24-Feb-2023 23:00:00
26.9,"Partially cloudy",2023-02-24T23:30:00,7.1,11.9,72.49,"41.829742371733346, 12.468582121891949",0,0,1009.9,"16242099999,16239099999,16224099999,LIRA",11.9,10,289,9.6,0.958333333333334,0,24-Feb-2023 23:30:00
NaN,"Clear",2023-02-25T00:00:00,3.5,12.8,53.16,"41.829742371733346, 12.468582121891949",0,0,1008,"16242099999,AU378,16239099999,16224099999,LIRA",12.8,10,110,4.2,1,87.0336,25-Feb-2023 00:00:00
NaN,"Clear",2023-02-25T00:30:00,3.5,12.8,53.16,"41.829742371733346, 12.468582121891949",0,0,1008,"16242099999,AU378,16239099999,16224099999,LIRA",12.8,10,110,4.2,1,83.4358,25-Feb-2023 00:30:00
NaN,"Clear",2023-02-25T01:00:00,1.5,14.6,41.25,"41.829742371733346, 12.468582121891949",0,0,1008,"16242099999,AU378,16239099999,16224099999,LIRA",14.6,10,166,14.3,1,58.8667,25-Feb-2023 01:00:00
NaN,"Clear",2023-02-25T01:30:00,1.5,14.6,41.25,"41.829742371733346, 12.468582121891949",0,0,1008,"16242099999,AU378,16239099999,16224099999,LIRA",14.6,10,166,14.3,1,25.8667,25-Feb-2023 01:30:00
50,"Partially cloudy",2023-02-25T02:00:00,1.5,14.6,41.1,"41.829742371733346, 12.468582121891949",0,0,1007,"16242099999,AU378,16239099999,16224099999,LIRA",14.6,10,157,17.4,1,4.9361,25-Feb-2023 02:00:00
50,"Partially cloudy",2023-02-25T02:30:00,1.5,14.6,41.1,"41.829742371733346, 12.468582121891949",0,0,1007,"16242099999,AU378,16239099999,16224099999,LIRA",14.6,10,157,17.4,1,47.3599,25-Feb-2023 02:30:00
90,"Partially cloudy",2023-02-25T03:00:00,4.5,12.8,57.23,"41.829742371733346, 12.468582121891949",0,0,1006.7,"16245099999,16242099999,AU378,16224099999",12.8,10,127,15.7,1,103.4676,25-Feb-2023 03:00:00
90,"Partially cloudy",2023-02-25T03:30:00,4.5,12.8,57.23,"41.829742371733346, 12.468582121891949",0,0,1006.7,"16245099999,16242099999,AU378,16224099999",12.8,10,127,15.7,1,70.4676,25-Feb-2023 03:30:00
90,"Partially cloudy",2023-02-25T04:00:00,3.5,14.5,47.46,"41.829742371733346, 12.468582121891949",0,0,1006.1,"16245099999,16242099999,16239099999,16224099999,LIRA",14.5,10,163,19.5,1,41.7123,25-Feb-2023 04:00:00
90,"Partially cloudy",2023-02-25T04:30:00,3.5,14.5,47.46,"41.829742371733346, 12.468582121891949",0,0,1006.1,"16245099999,16242099999,16239099999,16224099999,LIRA",14.5,10,163,19.5,1,19.7123,25-Feb-2023 04:30:00
90,"Partially cloudy",2023-02-25T05:00:00,4.3,14.8,49.53,"41.829742371733346, 12.468582121891949",0,0,1005.1,"16242099999,AU378,16239099999,16224099999,LIRA",14.8,10,178,19.5,1,5.35240000000001,25-Feb-2023 05:00:00
90,"Partially cloudy",2023-02-25T05:30:00,4.3,14.8,49.53,"41.829742371733346, 12.468582121891949",0,0,1005.1,"16242099999,AU378,16239099999,16224099999,LIRA",14.8,10,178,19.5,1,0,25-Feb-2023 05:30:00
30,"Partially cloudy",2023-02-25T06:00:00,6.2,14.8,56.4,"41.829742371733346, 12.468582121891949",0,0,1005.9,"16242099999,AU378,16239099999,16224099999,LIRA",14.8,10,165,18.3,1,0,25-Feb-2023 06:00:00
30,"Partially cloudy",2023-02-25T06:30:00,6.2,14.8,56.4,"41.829742371733346, 12.468582121891949",0,0,1005.9,"16242099999,AU378,16239099999,16224099999,LIRA",14.8,10,165,18.3,1,47.6794,25-Feb-2023 06:30:00
88.7,"Partially cloudy",2023-02-25T07:00:00,7.1,14.8,59.89,"41.829742371733346, 12.468582121891949",0,0,1004.9,"16242099999,16239099999,AT416,16224099999,LIRA",14.8,9.9,144,19.1,1,36.6794,25-Feb-2023 07:00:00
88.7,"Partially cloudy",2023-02-25T07:30:00,7.1,14.8,59.89,"41.829742371733346, 12.468582121891949",0,0,1004.9,"16242099999,16239099999,AT416,16224099999,LIRA",14.8,9.9,144,19.1,1,64.2202,25-Feb-2023 07:30:00
42.8,"Partially cloudy",2023-02-25T08:00:00,8.1,14.8,64.01,"41.829742371733346, 12.468582121891949",0,0,1004.1,"16242099999,16239099999,AT416,16224099999,LIRA",14.8,9.9,157,14.5,1,78.1967,25-Feb-2023 08:00:00
42.8,"Partially cloudy",2023-02-25T08:30:00,8.1,14.8,64.01,"41.829742371733346, 12.468582121891949",0,0,1004.1,"16242099999,16239099999,AT416,16224099999,LIRA",14.8,9.9,157,14.5,1,69.1201,25-Feb-2023 08:30:00
8.1,"Clear",2023-02-25T09:00:00,8.1,14.9,63.59,"41.829742371733346, 12.468582121891949",0,0,1004.1,"16242099999,16239099999,AT416,16224099999,LIRA",14.9,9.9,167,18.1,1,116.0965,25-Feb-2023 09:00:00
8.1,"Clear",2023-02-25T09:30:00,8.1,14.9,63.59,"41.829742371733346, 12.468582121891949",0,0,1004.1,"16242099999,16239099999,AT416,16224099999,LIRA",14.9,9.9,167,18.1,1,72.0965,25-Feb-2023 09:30:00
50,"Partially cloudy",2023-02-25T10:00:00,8.2,14.9,64.15,"41.829742371733346, 12.468582121891949",0,0,1004,"16242099999,16239099999,AT416,16224099999,LIRA",14.9,9.9,175,16.7,1,89.0673,25-Feb-2023 10:00:00
50,"Partially cloudy",2023-02-25T10:30:00,8.2,14.9,64.15,"41.829742371733346, 12.468582121891949",0,0,1004,"16242099999,16239099999,AT416,16224099999,LIRA",14.9,9.9,175,16.7,1,239.7893,25-Feb-2023 10:30:00
58.5,"Partially cloudy",2023-02-25T11:00:00,8.2,15.9,60.28,"41.829742371733346, 12.468582121891949",0,0,1004,"16242099999,16239099999,AT416,16224099999,LIRA",15.9,9.9,167,18.2,1,247.8803,25-Feb-2023 11:00:00
58.5,"Partially cloudy",2023-02-25T11:30:00,8.2,15.9,60.28,"41.829742371733346, 12.468582121891949",0,0,1004,"16242099999,16239099999,AT416,16224099999,LIRA",15.9,9.9,167,18.2,1,168.1004,25-Feb-2023 11:30:00
84.8,"Partially cloudy",2023-02-25T12:00:00,9.2,16,63.85,"41.829742371733346, 12.468582121891949",0,0,1004,"16242099999,16239099999,AT416,16224099999,LIRA",16,9.9,177,20.9,1,316.6544,25-Feb-2023 12:00:00
84.8,"Partially cloudy",2023-02-25T12:30:00,9.2,16,63.85,"41.829742371733346, 12.468582121891949",0,0,1004,"16242099999,16239099999,AT416,16224099999,LIRA",16,9.9,177,20.9,1,476.5739,25-Feb-2023 12:30:00
84.8,"Partially cloudy",2023-02-25T13:00:00,9.3,15.9,64.81,"41.829742371733346, 12.468582121891949",0,0,1003,"16242099999,16239099999,AT416,16224099999,LIRA",15.9,9.9,177,20.3,1,490.3422,25-Feb-2023 13:00:00
84.8,"Partially cloudy",2023-02-25T13:30:00,9.3,15.9,64.81,"41.829742371733346, 12.468582121891949",0,0,1003,"16242099999,16239099999,AT416,16224099999,LIRA",15.9,9.9,177,20.3,1,399.6866,25-Feb-2023 13:30:00
28.7,"Partially cloudy",2023-02-25T14:00:00,9.2,16,64.08,"41.829742371733346, 12.468582121891949",0,0,1001.9,"16242099999,16239099999,AT416,16224099999,LIRA",16,9.9,165,16.6,1,292.3967,25-Feb-2023 14:00:00
28.7,"Partially cloudy",2023-02-25T14:30:00,9.2,16,64.08,"41.829742371733346, 12.468582121891949",0,0,1001.9,"16242099999,16239099999,AT416,16224099999,LIRA",16,9.9,165,16.6,1,280.3004,25-Feb-2023 14:30:00
34.7,"Partially cloudy",2023-02-25T15:00:00,9.2,16.9,60.51,"41.829742371733346, 12.468582121891949",0,0,1001.1,"16242099999,16239099999,AT416,16224099999,LIRA",16.9,9.9,148,8.6,1,236.7654,25-Feb-2023 15:00:00
34.7,"Partially cloudy",2023-02-25T15:30:00,9.2,16.9,60.51,"41.829742371733346, 12.468582121891949",0,0,1001.1,"16242099999,16239099999,AT416,16224099999,LIRA",16.9,9.9,148,8.6,1,364.1596,25-Feb-2023 15:30:00
55.1,"Partially cloudy",2023-02-25T16:00:00,9.3,15.8,65.23,"41.829742371733346, 12.468582121891949",0,0,1001,"16242099999,16239099999,AT416,16224099999,LIRA",15.8,9.9,187,19.7,1,318.3498,25-Feb-2023 16:00:00
55.1,"Partially cloudy",2023-02-25T16:30:00,9.3,15.8,65.23,"41.829742371733346, 12.468582121891949",0,0,1001,"16242099999,16239099999,AT416,16224099999,LIRA",15.8,9.9,187,19.7,1,286.3602,25-Feb-2023 16:30:00
51.1,"Partially cloudy",2023-02-25T17:00:00,10.2,14.9,73.27,"41.829742371733346, 12.468582121891949",0,0,1001,"16242099999,16239099999,AT416,16224099999,LIRA",14.9,9.9,203,6.1,1,343.7591,25-Feb-2023 17:00:00
51.1,"Partially cloudy",2023-02-25T17:30:00,10.2,14.9,73.27,"41.829742371733346, 12.468582121891949",0,0,1001,"16242099999,16239099999,AT416,16224099999,LIRA",14.9,9.9,203,6.1,1,338.7536,25-Feb-2023 17:30:00
50,"Partially cloudy",2023-02-25T18:00:00,8.4,14.9,65.27,"41.829742371733346, 12.468582121891949",0,0,1001,"16242099999,16239099999,AT416,16224099999,LIRA",14.9,9.9,200,5.3,1,198.3953,25-Feb-2023 18:00:00
50,"Partially cloudy",2023-02-25T18:30:00,8.4,14.9,65.27,"41.829742371733346, 12.468582121891949",0,0,1001,"16242099999,16239099999,AT416,16224099999,LIRA",14.9,9.9,200,5.3,1,146.1423,25-Feb-2023 18:30:00
45,"Partially cloudy",2023-02-25T19:00:00,8.4,14.8,65.7,"41.829742371733346, 12.468582121891949",0,0,1001,"16242099999,AU378,16239099999,16224099999,LIRA",14.8,9.9,151,4.3,1,25.7389,25-Feb-2023 19:00:00
45,"Partially cloudy",2023-02-25T19:30:00,8.4,14.8,65.7,"41.829742371733346, 12.468582121891949",0,0,1001,"16242099999,AU378,16239099999,16224099999,LIRA",14.8,9.9,151,4.3,1,87.719,25-Feb-2023 19:30:00
50,"Partially cloudy",2023-02-25T20:00:00,8.4,15.7,62.12,"41.829742371733346, 12.468582121891949",0,0,1000,"16242099999,AU378,16239099999,16224099999,LIRA",15.7,10,185,18.9,1,108.7035,25-Feb-2023 20:00:00
50,"Partially cloudy",2023-02-25T20:30:00,8.4,15.7,62.12,"41.829742371733346, 12.468582121891949",0,0,1000,"16242099999,AU378,16239099999,16224099999,LIRA",15.7,10,185,18.9,1,185.5553,25-Feb-2023 20:30:00
50,"Partially cloudy",2023-02-25T21:00:00,10.2,14.8,73.87,"41.829742371733346, 12.468582121891949",0,0,1000,"16242099999,AU378,16239099999,16224099999,LIRA",14.8,10,168,20.7,1,133.4656,25-Feb-2023 21:00:00
50,"Partially cloudy",2023-02-25T21:30:00,10.2,14.8,73.87,"41.829742371733346, 12.468582121891949",0,0,1000,"16242099999,AU378,16239099999,16224099999,LIRA",14.8,10,168,20.7,1,87.9162,25-Feb-2023 21:30:00
54.1,"Partially cloudy",2023-02-25T22:00:00,10.3,13.9,78.68,"41.829742371733346, 12.468582121891949",0,0,1000,"16242099999,AU378,16239099999,16224099999,LIRA",13.9,10,176,21.7,1,53.5234,25-Feb-2023 22:00:00
54.1,"Partially cloudy",2023-02-25T22:30:00,10.3,13.9,78.68,"41.829742371733346, 12.468582121891949",0,0,1000,"16242099999,AU378,16239099999,16224099999,LIRA",13.9,10,176,21.7,1,23.4896,25-Feb-2023 22:30:00
47.9,"Partially cloudy",2023-02-25T23:00:00,11,13,87.82,"41.829742371733346, 12.468582121891949",0,0,999,"16242099999,AU378,16239099999,16224099999,LIRA",13,10,176,16.6,1,3.433,25-Feb-2023 23:00:00
47.9,"Partially cloudy",2023-02-25T23:30:00,11,13,87.82,"41.829742371733346, 12.468582121891949",0,0,999,"16242099999,AU378,16239099999,16224099999,LIRA",13,10,176,16.6,1,0,25-Feb-2023 23:30:00
29,"Partially cloudy",2023-02-26T00:00:00,9.3,12.9,78.68,"41.829742371733346, 12.468582121891949",0,0,999,"16242099999,AU378,16239099999,16224099999,LIRA",12.9,10,150,11.3,1,0,26-Feb-2023 00:00:00
29,"Partially cloudy",2023-02-26T00:30:00,9.3,12.9,78.68,"41.829742371733346, 12.468582121891949",0,0,999,"16242099999,AU378,16239099999,16224099999,LIRA",12.9,10,150,11.3,1,33.909,26-Feb-2023 00:30:00
29,"Partially cloudy",2023-02-26T01:00:00,9.3,12.8,79.2,"41.829742371733346, 12.468582121891949",0,0,998,"16242099999,AU378,16239099999,16224099999,LIRA",12.8,10,200,7.3,1,78.8426,26-Feb-2023 01:00:00
29,"Partially cloudy",2023-02-26T01:30:00,9.3,12.8,79.2,"41.829742371733346, 12.468582121891949",0,0,998,"16242099999,AU378,16239099999,16224099999,LIRA",12.8,10,200,7.3,1,79.2273,26-Feb-2023 01:30:00
50,"Partially cloudy",2023-02-26T02:00:00,9.3,12.8,79.2,"41.829742371733346, 12.468582121891949",0,0,998,"16242099999,16239099999,16224099999,LIRA",12.8,10,189,8.8,1,172.0099,26-Feb-2023 02:00:00
50,"Partially cloudy",2023-02-26T02:30:00,9.3,12.8,79.2,"41.829742371733346, 12.468582121891949",0,0,998,"16242099999,16239099999,16224099999,LIRA",12.8,10,189,8.8,1,184.2087,26-Feb-2023 02:30:00
84.6,"Partially cloudy",2023-02-26T03:00:00,9.3,12.8,79.2,"41.829742371733346, 12.468582121891949",0,0,997.9,"16242099999,AU378,16239099999,16224099999,LIRA",12.8,10,115,3.9,1,153.1076,26-Feb-2023 03:00:00
84.6,"Partially cloudy",2023-02-26T03:30:00,9.3,12.8,79.2,"41.829742371733346, 12.468582121891949",0,0,997.9,"16242099999,AU378,16239099999,16224099999,LIRA",12.8,10,115,3.9,1,102.0389,26-Feb-2023 03:30:00
74,"Partially cloudy",2023-02-26T04:00:00,11.4,12.5,93.33,"41.829742371733346, 12.468582121891949",0,0,997.3,"16245099999,16242099999,16224099999",12.5,10,135,6.9,1,41.0499,26-Feb-2023 04:00:00
74,"Partially cloudy",2023-02-26T04:30:00,11.4,12.5,93.33,"41.829742371733346, 12.468582121891949",0,0,997.3,"16245099999,16242099999,16224099999",12.5,10,135,6.9,1,7.82100000000001,26-Feb-2023 04:30:00
59.8,"Partially cloudy",2023-02-26T05:00:00,10.5,12.8,85.91,"41.829742371733346, 12.468582121891949",0,0,996.3,"16245099999,16242099999,16239099999,16224099999",12.8,10,163,7.1,1,19.1553,26-Feb-2023 05:00:00
59.8,"Partially cloudy",2023-02-26T05:30:00,10.5,12.8,85.91,"41.829742371733346, 12.468582121891949",0,0,996.3,"16245099999,16242099999,16239099999,16224099999",12.8,10,163,7.1,1,8.1553,26-Feb-2023 05:30:00
29,"Partially cloudy",2023-02-26T06:00:00,11.2,12.9,89.15,"41.829742371733346, 12.468582121891949",0,0,996,"16242099999,16239099999,16224099999,LIRA",12.9,10,134,9.6,1,0,26-Feb-2023 06:00:00
29,"Partially cloudy",2023-02-26T06:30:00,11.2,12.9,89.15,"41.829742371733346, 12.468582121891949",0,0,996,"16242099999,16239099999,16224099999,LIRA",12.9,10,134,9.6,1,0,26-Feb-2023 06:30:00
84.6,"Rain, Partially cloudy",2023-02-26T07:00:00,11.2,12.2,93.78,"41.829742371733346, 12.468582121891949",2.429,100,995.9,"16242099999,16239099999,AT416,16224099999,LIRA",12.2,10,184,10.3,1,0,26-Feb-2023 07:00:00
84.6,"Rain, Partially cloudy",2023-02-26T07:30:00,11.2,12.2,93.78,"41.829742371733346, 12.468582121891949",2.429,100,995.9,"16242099999,16239099999,AT416,16224099999,LIRA",12.2,10,184,10.3,1,69.9001,26-Feb-2023 07:30:00
88.8,"Partially cloudy",2023-02-26T08:00:00,11.2,12.2,93.78,"41.829742371733346, 12.468582121891949",0,0,995.9,"16242099999,16239099999,AT416,16224099999,LIRA",12.2,9.6,194,9,1,65.6969,26-Feb-2023 08:00:00
88.8,"Partially cloudy",2023-02-26T08:30:00,11.2,12.2,93.78,"41.829742371733346, 12.468582121891949",0,0,995.9,"16242099999,16239099999,AT416,16224099999,LIRA",12.2,9.6,194,9,1,55.941,26-Feb-2023 08:30:00
88.8,"Partially cloudy",2023-02-26T09:00:00,11,12.1,92.98,"41.829742371733346, 12.468582121891949",0,0,996,"16242099999,16239099999,AT416,16224099999,LIRA",12.1,5.5,225,22.4,1,133.5487,26-Feb-2023 09:00:00
88.8,"Partially cloudy",2023-02-26T09:30:00,11,12.1,92.98,"41.829742371733346, 12.468582121891949",0,0,996,"16242099999,16239099999,AT416,16224099999,LIRA",12.1,5.5,225,22.4,1,149.9336,26-Feb-2023 09:30:00
88.8,"Partially cloudy",2023-02-26T10:00:00,11,12.1,92.98,"41.829742371733346, 12.468582121891949",0,0,996,"16242099999,16239099999,AT416,16224099999,LIRA",12.1,7.3,241,12.7,1,100.5529,26-Feb-2023 10:00:00
88.8,"Partially cloudy",2023-02-26T10:30:00,11,12.1,92.98,"41.829742371733346, 12.468582121891949",0,0,996,"16242099999,16239099999,AT416,16224099999,LIRA",12.1,7.3,241,12.7,1,91.266,26-Feb-2023 10:30:00
88.8,"Partially cloudy",2023-02-26T11:00:00,10.9,12.2,91.75,"41.829742371733346, 12.468582121891949",0,0,996.9,"16242099999,16239099999,AT416,16224099999,LIRA",12.2,10,223,9.7,1,103.8308,26-Feb-2023 11:00:00
88.8,"Partially cloudy",2023-02-26T11:30:00,10.9,12.2,91.75,"41.829742371733346, 12.468582121891949",0,0,996.9,"16242099999,16239099999,AT416,16224099999,LIRA",12.2,10,223,9.7,1,264.0212,26-Feb-2023 11:30:00
88.8,"Partially cloudy",2023-02-26T12:00:00,9.9,13,81.06,"41.829742371733346, 12.468582121891949",0,0,996.9,"16242099999,16239099999,AT416,16224099999,LIRA",13,10,257,15.1,1,183.3673,26-Feb-2023 12:00:00
88.8,"Partially cloudy",2023-02-26T12:30:00,9.9,13,81.06,"41.829742371733346, 12.468582121891949",0,0,996.9,"16242099999,16239099999,AT416,16224099999,LIRA",13,10,257,15.1,1,134.5919,26-Feb-2023 12:30:00
88.8,"Rain, Partially cloudy",2023-02-26T13:00:00,9.9,12.2,85.83,"41.829742371733346, 12.468582121891949",5.557,100,997,"16242099999,16239099999,AT416,16224099999,LIRA",12.2,10,241,12.8,1,445.0393,26-Feb-2023 13:00:00
88.8,"Rain, Partially cloudy",2023-02-26T13:30:00,9.9,12.2,85.83,"41.829742371733346, 12.468582121891949",5.557,100,997,"16242099999,16239099999,AT416,16224099999,LIRA",12.2,10,241,12.8,1,417.6485,26-Feb-2023 13:30:00
88.8,"Partially cloudy",2023-02-26T14:00:00,9.1,13.1,76.83,"41.829742371733346, 12.468582121891949",0,0,997,"16242099999,16239099999,AT416,16224099999,LIRA",13.1,10,240,19.3,1,272.6004,26-Feb-2023 14:00:00
88.8,"Partially cloudy",2023-02-26T14:30:00,9.1,13.1,76.83,"41.829742371733346, 12.468582121891949",0,0,997,"16242099999,16239099999,AT416,16224099999,LIRA",13.1,10,240,19.3,1,222.3213,26-Feb-2023 14:30:00
50,"Partially cloudy",2023-02-26T15:00:00,8.2,13.1,72.3,"41.829742371733346, 12.468582121891949",0,0,997.9,"16242099999,16239099999,AT416,16224099999,LIRA",13.1,10,258,17.1,1,104.7375,26-Feb-2023 15:00:00
50,"Partially cloudy",2023-02-26T15:30:00,8.2,13.1,72.3,"41.829742371733346, 12.468582121891949",0,0,997.9,"16242099999,16239099999,AT416,16224099999,LIRA",13.1,10,258,17.1,1,64.9629,26-Feb-2023 15:30:00
47.9,"Partially cloudy",2023-02-26T16:00:00,8.1,13,71.8,"41.829742371733346, 12.468582121891949",0,0,998,"16242099999,16239099999,AT416,16224099999,LIRA",13,10,231,14.2,1,47.6647,26-Feb-2023 16:00:00
47.9,"Partially cloudy",2023-02-26T16:30:00,8.1,13,71.8,"41.829742371733346, 12.468582121891949",0,0,998,"16242099999,16239099999,AT416,16224099999,LIRA",13,10,231,14.2,1,52.7708,26-Feb-2023 16:30:00
50,"Partially cloudy",2023-02-26T17:00:00,8,12.2,75.51,"41.829742371733346, 12.468582121891949",0,0,998.9,"16242099999,16239099999,AT416,16224099999,LIRA",12.2,10,228,13.6,1,33.0119,26-Feb-2023 17:00:00
50,"Partially cloudy",2023-02-26T17:30:00,8,12.2,75.51,"41.829742371733346, 12.468582121891949",0,0,998.9,"16242099999,16239099999,AT416,16224099999,LIRA",12.2,10,228,13.6,1,102.1806,26-Feb-2023 17:30:00
50,"Partially cloudy",2023-02-26T18:00:00,8,12,76.29,"41.829742371733346, 12.468582121891949",0,0,999,"16242099999,16239099999,AT416,16224099999,LIRA",12,10,229,10.7,1,37.8553,26-Feb-2023 18:00:00
50,"Partially cloudy",2023-02-26T18:30:00,8,12,76.29,"41.829742371733346, 12.468582121891949",0,0,999,"16242099999,16239099999,AT416,16224099999,LIRA",12,10,229,10.7,1,56.6951,26-Feb-2023 18:30:00
54.1,"Rain, Partially cloudy",2023-02-26T19:00:00,8.1,11.1,81.51,"41.829742371733346, 12.468582121891949",0.337,100,1000,"16242099999,AU378,16239099999,16224099999,LIRA",11.1,10,188,11.8,1,70.0627,26-Feb-2023 19:00:00
54.1,"Rain, Partially cloudy",2023-02-26T19:30:00,8.1,11.1,81.51,"41.829742371733346, 12.468582121891949",0.337,100,1000,"16242099999,AU378,16239099999,16224099999,LIRA",11.1,10,188,11.8,1,138.0493,26-Feb-2023 19:30:00
50,"Partially cloudy",2023-02-26T20:00:00,7.2,10.2,81.79,"41.829742371733346, 12.468582121891949",0,0,1001,"16242099999,AU378,16239099999,16224099999,LIRA",10.2,6.4,233,11.1,1,69.6817,26-Feb-2023 20:00:00
50,"Partially cloudy",2023-02-26T20:30:00,7.2,10.2,81.79,"41.829742371733346, 12.468582121891949",0,0,1001,"16242099999,AU378,16239099999,16224099999,LIRA",10.2,6.4,233,11.1,1,129.9958,26-Feb-2023 20:30:00
54.1,"Partially cloudy",2023-02-26T21:00:00,8.1,8.7,87.98,"41.829742371733346, 12.468582121891949",0,0,1002,"16242099999,AU378,16239099999,16224099999,LIRA",10,6.2,166,9.5,1,83.3657,26-Feb-2023 21:00:00
54.1,"Partially cloudy",2023-02-26T21:30:00,8.1,8.7,87.98,"41.829742371733346, 12.468582121891949",0,0,1002,"16242099999,AU378,16239099999,16224099999,LIRA",10,6.2,166,9.5,1,103.4219,26-Feb-2023 21:30:00
54.1,"Partially cloudy",2023-02-26T22:00:00,8.1,9.2,88.74,"41.829742371733346, 12.468582121891949",0,0,1002,"16242099999,16239099999,16224099999,LIRA",9.8,10,72,6.2,1,70.4219,26-Feb-2023 22:00:00
54.1,"Partially cloudy",2023-02-26T22:30:00,8.1,9.2,88.74,"41.829742371733346, 12.468582121891949",0,0,1002,"16242099999,16239099999,16224099999,LIRA",9.8,10,72,6.2,1,22.9049,26-Feb-2023 22:30:00
54.1,"Partially cloudy",2023-02-26T23:00:00,8.1,7,94.09,"41.829742371733346, 12.468582121891949",0,0,1003,"16242099999,AU378,16239099999,16224099999,LIRA",9,7,12,12.6,1,0,26-Feb-2023 23:00:00
54.1,"Partially cloudy",2023-02-26T23:30:00,8.1,7,94.09,"41.829742371733346, 12.468582121891949",0,0,1003,"16242099999,AU378,16239099999,16224099999,LIRA",9,7,12,12.6,1,0,26-Feb-2023 23:30:00
54.1,"Partially cloudy",2023-02-27T00:00:00,6.2,6.2,87.97,"41.829742371733346, 12.468582121891949",0,0,1004,"16242099999,AU378,16239099999,16224099999,LIRA",8.1,9.7,36,10.5,8.55563710622149e-14,0,27-Feb-2023 00:00:00
54.1,"Partially cloudy",2023-02-27T00:30:00,6.2,6.2,87.97,"41.829742371733346, 12.468582121891949",0,0,1004,"16242099999,AU378,16239099999,16224099999,LIRA",8.1,9.7,36,10.5,8.58887090686408e-14,41.3377,27-Feb-2023 00:30:00
50,"Rain, Partially cloudy",2023-02-27T01:00:00,6.2,6.1,88.58,"41.829742371733346, 12.468582121891949",6.929,100,1004,"16242099999,16239099999,16224099999,LIRA",8,10,66,10.7,8.62225000913927e-14,19.3377,27-Feb-2023 01:00:00
50,"Rain, Partially cloudy",2023-02-27T01:30:00,6.2,6.1,88.58,"41.829742371733346, 12.468582121891949",6.929,100,1004,"16242099999,16239099999,16224099999,LIRA",8,10,66,10.7,8.65577511962471e-14,0.368299999999998,27-Feb-2023 01:30:00
58.1,"Partially cloudy",2023-02-27T02:00:00,6.2,5.4,87.96,"41.829742371733346, 12.468582121891949",0,0,1004.4,"16245099999,16242099999,AU378,16239099999,16224099999,LIRA",8.1,9.6,72,16.6,8.68944694811631e-14,0,27-Feb-2023 02:00:00
58.1,"Partially cloudy",2023-02-27T02:30:00,6.2,5.4,87.96,"41.829742371733346, 12.468582121891949",0,0,1004.4,"16245099999,16242099999,AU378,16239099999,16224099999,LIRA",8.1,9.6,72,16.6,8.72326620820616e-14,0,27-Feb-2023 02:30:00
55.9,"Partially cloudy",2023-02-27T03:00:00,6.2,5.3,88.51,"41.829742371733346, 12.468582121891949",0,0,1005.2,"16245099999,16242099999,16239099999,16224099999,LIRA",7.9,10,334,15.4,8.75723361787536e-14,0,27-Feb-2023 03:00:00
55.9,"Partially cloudy",2023-02-27T03:30:00,6.2,5.3,88.51,"41.829742371733346, 12.468582121891949",0,0,1005.2,"16245099999,16242099999,16239099999,16224099999,LIRA",7.9,10,334,15.4,8.79134989838245e-14,0,27-Feb-2023 03:30:00
50,"Partially cloudy",2023-02-27T04:00:00,6.9,6.5,94.04,"41.829742371733346, 12.468582121891949",0,0,1006,"16242099999,16239099999,16224099999,LIRA",7.8,10,43,7.8,8.82561577484912e-14,0,27-Feb-2023 04:00:00
50,"Partially cloudy",2023-02-27T04:30:00,6.9,6.5,94.04,"41.829742371733346, 12.468582121891949",0,0,1006,"16242099999,16239099999,16224099999,LIRA",7.8,10,43,7.8,8.86003197686098e-14,0,27-Feb-2023 04:30:00
84.6,"Partially cloudy",2023-02-27T05:00:00,6.9,6.6,93.87,"41.829742371733346, 12.468582121891949",0,0,1007,"16242099999,16239099999,16224099999,LIRA",7.8,7.3,65,7.6,8.89459923734145e-14,0,27-Feb-2023 05:00:00
84.6,"Partially cloudy",2023-02-27T05:30:00,6.9,6.6,93.87,"41.829742371733346, 12.468582121891949",0,0,1007,"16242099999,16239099999,16224099999,LIRA",7.8,7.3,65,7.6,8.92931829314533e-14,15.6019,27-Feb-2023 05:30:00
50,"Partially cloudy",2023-02-27T06:00:00,6.9,5.5,99.63,"41.829742371733346, 12.468582121891949",0,0,1007,"16242099999,16239099999,16224099999,LIRA",7,10,68,7.8,8.96418988566763e-14,22.443,27-Feb-2023 06:00:00
50,"Partially cloudy",2023-02-27T06:30:00,6.9,5.5,99.63,"41.829742371733346, 12.468582121891949",0,0,1007,"16242099999,16239099999,16224099999,LIRA",7,10,68,7.8,8.99921475970278e-14,48.7908,27-Feb-2023 06:30:00
50,"Rain, Partially cloudy",2023-02-27T07:00:00,5.9,5.6,92.65,"41.829742371733346, 12.468582121891949",5.249,100,1008.2,"16242099999,16239099999,AT416,16224099999,16234099999",7,10,27,7.7,9.03439366404608e-14,215.6815,27-Feb-2023 07:00:00
50,"Rain, Partially cloudy",2023-02-27T07:30:00,5.9,5.6,92.65,"41.829742371733346, 12.468582121891949",5.249,100,1008.2,"16242099999,16239099999,AT416,16224099999,16234099999",7,10,27,7.7,9.06972735211083e-14,337.0937,27-Feb-2023 07:30:00
50,"Partially cloudy",2023-02-27T08:00:00,6.2,5.4,98.54,"41.829742371733346, 12.468582121891949",0,0,1009,"16242099999,16239099999,AT416,16224099999,16234099999",6.4,10,353,5.6,9.10521658077248e-14,392.3494,27-Feb-2023 08:00:00
50,"Partially cloudy",2023-02-27T08:30:00,6.2,5.4,98.54,"41.829742371733346, 12.468582121891949",0,0,1009,"16242099999,16239099999,AT416,16224099999,16234099999",6.4,10,353,5.6,9.14086211097827e-14,433.3822,27-Feb-2023 08:30:00
33.9,"Partially cloudy",2023-02-27T09:00:00,6.4,7.6,88.58,"41.829742371733346, 12.468582121891949",0,0,1009.1,"16242099999,16239099999,AT416,16224099999,16234099999",8.2,10,39,5.3,9.17666470837258e-14,383.4118,27-Feb-2023 09:00:00
33.9,"Partially cloudy",2023-02-27T09:30:00,6.4,7.6,88.58,"41.829742371733346, 12.468582121891949",0,0,1009.1,"16242099999,16239099999,AT416,16224099999,16234099999",8.2,10,39,5.3,9.21262514212602e-14,412.3088,27-Feb-2023 09:30:00
33.9,"Partially cloudy",2023-02-27T10:00:00,7.1,10.2,81.47,"41.829742371733346, 12.468582121891949",0,0,1010.1,"16242099999,16239099999,AT416,16224099999,16234099999",10.2,10,100,6.6,9.24874418555317e-14,385.6556,27-Feb-2023 10:00:00
33.9,"Partially cloudy",2023-02-27T10:30:00,7.1,10.2,81.47,"41.829742371733346, 12.468582121891949",0,0,1010.1,"16242099999,16239099999,AT416,16224099999,16234099999",10.2,10,100,6.6,9.2850226167465e-14,256.9577,27-Feb-2023 10:30:00
50,"Partially cloudy",2023-02-27T11:00:00,7.3,12.5,70.45,"41.829742371733346, 12.468582121891949",0,0,1010.1,"16242099999,16239099999,AT416,16224099999,16234099999",12.5,10,149,11.2,9.32146121738992e-14,370.1578,27-Feb-2023 11:00:00
50,"Partially cloudy",2023-02-27T11:30:00,7.3,12.5,70.45,"41.829742371733346, 12.468582121891949",0,0,1010.1,"16242099999,16239099999,AT416,16224099999,16234099999",12.5,10,149,11.2,9.358060773385e-14,434.9329,27-Feb-2023 11:30:00
74.9,"Partially cloudy",2023-02-27T12:00:00,6.9,12.9,66.91,"41.829742371733346, 12.468582121891949",0,0,1010.1,"16242099999,16239099999,AT416,16224099999,16234099999",12.9,10,167,12.1,9.39482207549336e-14,434.596,27-Feb-2023 12:00:00
74.9,"Partially cloudy",2023-02-27T12:30:00,6.9,12.9,66.91,"41.829742371733346, 12.468582121891949",0,0,1010.1,"16242099999,16239099999,AT416,16224099999,16234099999",12.9,10,167,12.1,9.43174591813466e-14,452.568,27-Feb-2023 12:30:00
74.9,"Partially cloudy",2023-02-27T13:00:00,6.2,14,59.46,"41.829742371733346, 12.468582121891949",0,0,1010.1,"16242099999,16239099999,AT416,16224099999,16234099999",14,10,209,13.1,9.46883310002125e-14,430.3669,27-Feb-2023 13:00:00
74.9,"Partially cloudy",2023-02-27T13:30:00,6.2,14,59.46,"41.829742371733346, 12.468582121891949",0,0,1010.1,"16242099999,16239099999,AT416,16224099999,16234099999",14,10,209,13.1,9.50608442480931e-14,378.7323,27-Feb-2023 13:30:00
78.5,"Partially cloudy",2023-02-27T14:00:00,6.3,13.4,62.19,"41.829742371733346, 12.468582121891949",0,0,1010.1,"16242099999,16239099999,AT416,16224099999,16234099999",13.4,10,195,14,9.54350069988093e-14,297.3636,27-Feb-2023 14:00:00
78.5,"Partially cloudy",2023-02-27T14:30:00,6.3,13.4,62.19,"41.829742371733346, 12.468582121891949",0,0,1010.1,"16242099999,16239099999,AT416,16224099999,16234099999",13.4,10,195,14,9.5810827369874e-14,270.5033,27-Feb-2023 14:30:00
74.9,"Partially cloudy",2023-02-27T15:00:00,6.9,12.5,68.54,"41.829742371733346, 12.468582121891949",0,0,1010.2,"16242099999,16239099999,AT416,16224099999,16234099999",12.5,10,290,8,9.61883135290916e-14,189.4203,27-Feb-2023 15:00:00
74.9,"Partially cloudy",2023-02-27T15:30:00,6.9,12.5,68.54,"41.829742371733346, 12.468582121891949",0,0,1010.2,"16242099999,16239099999,AT416,16224099999,16234099999",12.5,10,290,8,9.65674736822183e-14,229.2276,27-Feb-2023 15:30:00
59,"Partially cloudy",2023-02-27T16:00:00,7.2,13.5,65.69,"41.829742371733346, 12.468582121891949",0,0,1010.4,"16242099999,16239099999,AT416,16224099999,16234099999",13.5,10,237,13.6,9.69483160794815e-14,300.2851,27-Feb-2023 16:00:00
59,"Partially cloudy",2023-02-27T16:30:00,7.2,13.5,65.69,"41.829742371733346, 12.468582121891949",0,0,1010.4,"16242099999,16239099999,AT416,16224099999,16234099999",13.5,10,237,13.6,9.73308490222703e-14,204.7924,27-Feb-2023 16:30:00
61.5,"Partially cloudy",2023-02-27T17:00:00,6.5,12.5,66.78,"41.829742371733346, 12.468582121891949",0,0,1011.2,"16242099999,16239099999,AT416,16224099999,16234099999",12.5,10,230,11,9.77150808506313e-14,124.8939,27-Feb-2023 17:00:00
61.5,"Partially cloudy",2023-02-27T17:30:00,6.5,12.5,66.78,"41.829742371733346, 12.468582121891949",0,0,1011.2,"16242099999,16239099999,AT416,16224099999,16234099999",12.5,10,230,11,9.81010199498775e-14,132.4253,27-Feb-2023 17:30:00
50,"Partially cloudy",2023-02-27T18:00:00,7.5,11.3,77.55,"41.829742371733346, 12.468582121891949",0,0,1012.1,"16242099999,16239099999,AT416,16224099999,16234099999",11.3,10,55,10.4,9.84886747573691e-14,168.549,27-Feb-2023 18:00:00
50,"Partially cloudy",2023-02-27T18:30:00,7.5,11.3,77.55,"41.829742371733346, 12.468582121891949",0,0,1012.1,"16242099999,16239099999,AT416,16224099999,16234099999",11.3,10,55,10.4,9.88780537498443e-14,112.7584,27-Feb-2023 18:30:00
59,"Rain, Partially cloudy",2023-02-27T19:00:00,7.3,10.1,83,"41.829742371733346, 12.468582121891949",0.75,100,1012.8,"16242099999,16239099999,16224099999,16234099999",10.1,10,62,12,9.9269165450118e-14,58.9848,27-Feb-2023 19:00:00
59,"Rain, Partially cloudy",2023-02-27T19:30:00,7.3,10.1,83,"41.829742371733346, 12.468582121891949",0.75,100,1012.8,"16242099999,16239099999,16224099999,16234099999",10.1,10,62,12,9.9662018433955e-14,96.5038,27-Feb-2023 19:30:00
50,"Partially cloudy",2023-02-27T20:00:00,7.1,7.3,87.3,"41.829742371733346, 12.468582121891949",0,0,1013,"16242099999,AU378,16239099999,16224099999,LIRA",9.1,10,39,11.2,1.00056621317233e-13,179.0447,27-Feb-2023 20:00:00
50,"Partially cloudy",2023-02-27T20:30:00,7.1,7.3,87.3,"41.829742371733346, 12.468582121891949",0,0,1013,"16242099999,AU378,16239099999,16224099999,LIRA",9.1,10,39,11.2,1.00452982762732e-13,91.9263,27-Feb-2023 20:30:00
50,"Partially cloudy",2023-02-27T21:00:00,7,7.7,87.89,"41.829742371733346, 12.468582121891949",0,0,1014,"16242099999,16239099999,16224099999,LIRA",8.9,10,60,8.4,1.00851111487101e-13,49.2209,27-Feb-2023 21:00:00
50,"Partially cloudy",2023-02-27T21:30:00,7,7.7,87.89,"41.829742371733346, 12.468582121891949",0,0,1014,"16242099999,16239099999,16224099999,LIRA",8.9,10,60,8.4,1.01251016247854e-13,9.9508,27-Feb-2023 21:30:00
26.6,"Partially cloudy",2023-02-27T22:00:00,6.9,6.8,92.59,"41.829742371733346, 12.468582121891949",0,0,1014,"16242099999,AU378,16239099999,16224099999,LIRA",8.1,10,62,7.7,1.01652705850245e-13,0,27-Feb-2023 22:00:00
26.6,"Partially cloudy",2023-02-27T22:30:00,6.9,6.8,92.59,"41.829742371733346, 12.468582121891949",0,0,1014,"16242099999,AU378,16239099999,16224099999,LIRA",8.1,10,62,7.7,1.0205618915434e-13,0,27-Feb-2023 22:30:00
26.9,"Partially cloudy",2023-02-27T23:00:00,6.9,6.2,93.23,"41.829742371733346, 12.468582121891949",0,0,1014,"16242099999,16239099999,16224099999,LIRA",7.9,10,58,9.9,1.02461475061828e-13,0,27-Feb-2023 23:00:00
26.9,"Partially cloudy",2023-02-27T23:30:00,6.9,6.2,93.23,"41.829742371733346, 12.468582121891949",0,0,1014,"16242099999,16239099999,16224099999,LIRA",7.9,10,58,9.9,1.02868572523002e-13,0,27-Feb-2023 23:30:00
84.6,"Partially cloudy",2023-02-28T00:00:00,6,5.3,92.54,"41.829742371733346, 12.468582121891949",0,0,1014,"16242099999,AU378,16239099999,16224099999,LIRA",7.2,10,44,9.6,1.03277490543917e-13,0,28-Feb-2023 00:00:00
84.6,"Partially cloudy",2023-02-28T00:30:00,6,5.3,92.54,"41.829742371733346, 12.468582121891949",0,0,1014,"16242099999,AU378,16239099999,16224099999,LIRA",7.2,10,44,9.6,1.03688238173037e-13,17.3731,28-Feb-2023 00:30:00
84.6,"Rain, Partially cloudy",2023-02-28T01:00:00,5.9,6,92.53,"41.829742371733346, 12.468582121891949",0.14,100,1014,"16242099999,AU378,16239099999,16224099999,LIRA",7.1,10,42,6.5,1.04100824508299e-13,6.3731,28-Feb-2023 01:00:00
84.6,"Rain, Partially cloudy",2023-02-28T01:30:00,5.9,6,92.53,"41.829742371733346, 12.468582121891949",0.14,100,1014,"16242099999,AU378,16239099999,16224099999,LIRA",7.1,10,42,6.5,1.0451525870438e-13,0,28-Feb-2023 01:30:00
82.6,"Partially cloudy",2023-02-28T02:00:00,5.9,4.8,92.53,"41.829742371733346, 12.468582121891949",0,0,1014,"16242099999,AU378,16239099999,16224099999,LIRA",7.1,10,42,11.7,1.04931549959156e-13,0,28-Feb-2023 02:00:00
82.6,"Partially cloudy",2023-02-28T02:30:00,5.9,4.8,92.53,"41.829742371733346, 12.468582121891949",0,0,1014,"16242099999,AU378,16239099999,16224099999,LIRA",7.1,10,42,11.7,1.05349707520876e-13,0,28-Feb-2023 02:30:00
84.6,"Partially cloudy",2023-02-28T03:00:00,5.9,5.5,92.36,"41.829742371733346, 12.468582121891949",0,0,1014,"16242099999,16239099999,16224099999,LIRA",7.1,10,25,8.3,1.05769740695514e-13,0,28-Feb-2023 03:00:00
84.6,"Partially cloudy",2023-02-28T03:30:00,5.9,5.5,92.36,"41.829742371733346, 12.468582121891949",0,0,1014,"16242099999,16239099999,16224099999,LIRA",7.1,10,25,8.3,1.06191658833058e-13,0,28-Feb-2023 03:30:00
84.6,"Partially cloudy",2023-02-28T04:00:00,5.9,5.9,87.02,"41.829742371733346, 12.468582121891949",0,0,1013.1,"16242099999,AU378,16239099999,16224099999,LIRA",7.9,10,48,11.5,1.06615471334776e-13,0,28-Feb-2023 04:00:00
84.6,"Partially cloudy",2023-02-28T04:30:00,5.9,5.9,87.02,"41.829742371733346, 12.468582121891949",0,0,1013.1,"16242099999,AU378,16239099999,16224099999,LIRA",7.9,10,48,11.5,1.07041187660676e-13,0,28-Feb-2023 04:30:00
47.9,"Partially cloudy",2023-02-28T05:00:00,4.9,5.6,81.9,"41.829742371733346, 12.468582121891949",0,0,1013.2,"16242099999,AU378,16239099999,16224099999,LIRA",7.8,10,59,12.9,1.07468817315603e-13,0,28-Feb-2023 05:00:00
47.9,"Partially cloudy",2023-02-28T05:30:00,4.9,5.6,81.9,"41.829742371733346, 12.468582121891949",0,0,1013.2,"16242099999,AU378,16239099999,16224099999,LIRA",7.8,10,59,12.9,1.07898369856614e-13,19.3698,28-Feb-2023 05:30:00
26.6,"Partially cloudy",2023-02-28T06:00:00,4.9,5.5,81.9,"41.829742371733346, 12.468582121891949",0,0,1013.1,"16242099999,16239099999,16224099999,LIRA",7.8,10,68,13.1,1.08329854900532e-13,22.6847,28-Feb-2023 06:00:00
26.6,"Partially cloudy",2023-02-28T06:30:00,4.9,5.5,81.9,"41.829742371733346, 12.468582121891949",0,0,1013.1,"16242099999,16239099999,16224099999,LIRA",7.8,10,68,13.1,1.08763282109866e-13,51.7398,28-Feb-2023 06:30:00
86.8,"Partially cloudy",2023-02-28T07:00:00,4.6,4.5,89.65,"41.829742371733346, 12.468582121891949",0,0,1014.2,"16242099999,16239099999,AT416,16224099999,16234099999",6.2,10,25,8,1.09198661200278e-13,193.9007,28-Feb-2023 07:00:00
86.8,"Partially cloudy",2023-02-28T07:30:00,4.6,4.5,89.65,"41.829742371733346, 12.468582121891949",0,0,1014.2,"16242099999,16239099999,AT416,16224099999,16234099999",6.2,10,25,8,1.09636001948249e-13,363.4807,28-Feb-2023 07:30:00
33,"Partially cloudy",2023-02-28T08:00:00,5,4.5,86.48,"41.829742371733346, 12.468582121891949",0,0,1014.2,"16242099999,16239099999,AT416,16224099999,16234099999",7.1,10,37,14,1.10075314176808e-13,396.8323,28-Feb-2023 08:00:00
33,"Partially cloudy",2023-02-28T08:30:00,5,4.5,86.48,"41.829742371733346, 12.468582121891949",0,0,1014.2,"16242099999,16239099999,AT416,16224099999,16234099999",7.1,10,37,14,1.10516607763098e-13,224.7628,28-Feb-2023 08:30:00
38.1,"Partially cloudy",2023-02-28T09:00:00,4.6,7.5,70.52,"41.829742371733346, 12.468582121891949",0,0,1014.2,"16242099999,16239099999,AT416,16224099999,16234099999",9.7,10,51,16.1,1.10959892646156e-13,313.053,28-Feb-2023 09:00:00
38.1,"Partially cloudy",2023-02-28T09:30:00,4.6,7.5,70.52,"41.829742371733346, 12.468582121891949",0,0,1014.2,"16242099999,16239099999,AT416,16224099999,16234099999",9.7,10,51,16.1,1.1140517881244e-13,580.6193,28-Feb-2023 09:30:00
42,"Partially cloudy",2023-02-28T10:00:00,4.7,11.5,63.11,"41.829742371733346, 12.468582121891949",0,0,1014.2,"16242099999,16239099999,AT416,16224099999,16234099999",11.5,10,45,13.6,1.11852476303511e-13,573.0948,28-Feb-2023 10:00:00
42,"Partially cloudy",2023-02-28T10:30:00,4.7,11.5,63.11,"41.829742371733346, 12.468582121891949",0,0,1014.2,"16242099999,16239099999,AT416,16224099999,16234099999",11.5,10,45,13.6,1.12301795223911e-13,448.1616,28-Feb-2023 10:30:00
30,"Partially cloudy",2023-02-28T11:00:00,5.5,12.8,60.83,"41.829742371733346, 12.468582121891949",0,0,1013.9,"16242099999,16239099999,AT416,16224099999,16234099999",12.8,10,48,14.9,1.12753145726501e-13,336.4477,28-Feb-2023 11:00:00
30,"Partially cloudy",2023-02-28T11:30:00,5.5,12.8,60.83,"41.829742371733346, 12.468582121891949",0,0,1013.9,"16242099999,16239099999,AT416,16224099999,16234099999",12.8,10,48,14.9,1.13206538020248e-13,264.6624,28-Feb-2023 11:30:00
40,"Partially cloudy",2023-02-28T12:00:00,4.9,14.2,53.63,"41.829742371733346, 12.468582121891949",0,0,1013.2,"16242099999,16239099999,AT416,16224099999,16234099999",14.2,10,49,16.1,1.13661982378212e-13,252.3728,28-Feb-2023 12:00:00
40,"Partially cloudy",2023-02-28T12:30:00,4.9,14.2,53.63,"41.829742371733346, 12.468582121891949",0,0,1013.2,"16242099999,16239099999,AT416,16224099999,16234099999",14.2,10,49,16.1,1.14119489122686e-13,350.7034,28-Feb-2023 12:30:00
35.5,"Partially cloudy",2023-02-28T13:00:00,5,14.8,51.81,"41.829742371733346, 12.468582121891949",0,0,1013.2,"16242099999,16239099999,AT416,16224099999,16234099999",14.8,10,66,13.7,1.14579068633091e-13,513.8779,28-Feb-2023 13:00:00
35.5,"Partially cloudy",2023-02-28T13:30:00,5,14.8,51.81,"41.829742371733346, 12.468582121891949",0,0,1013.2,"16242099999,16239099999,AT416,16224099999,16234099999",14.8,10,66,13.7,1.15040731354076e-13,482.5985,28-Feb-2023 13:30:00
57.8,"Partially cloudy",2023-02-28T14:00:00,4.2,14.2,51.06,"41.829742371733346, 12.468582121891949",0,0,1012.8,"16242099999,16239099999,AT416,16224099999,16234099999",14.2,10,143,21.1,1.15504487780455e-13,299.9881,28-Feb-2023 14:00:00
57.8,"Partially cloudy",2023-02-28T14:30:00,4.2,14.2,51.06,"41.829742371733346, 12.468582121891949",0,0,1012.8,"16242099999,16239099999,AT416,16224099999,16234099999",14.2,10,143,21.1,1.15970348465214e-13,306.4339,28-Feb-2023 14:30:00
45.4,"Partially cloudy",2023-02-28T15:00:00,5.3,13.4,58,"41.829742371733346, 12.468582121891949",0,0,1012.2,"16242099999,16239099999,AT416,16224099999,16234099999",13.4,10,87,17.2,1.1643832402772e-13,379.4295,28-Feb-2023 15:00:00
45.4,"Partially cloudy",2023-02-28T15:30:00,5.3,13.4,58,"41.829742371733346, 12.468582121891949",0,0,1012.2,"16242099999,16239099999,AT416,16224099999,16234099999",13.4,10,87,17.2,1.16908425138461e-13,533.8029,28-Feb-2023 15:30:00
48.4,"Partially cloudy",2023-02-28T16:00:00,5.5,14.1,56.11,"41.829742371733346, 12.468582121891949",0,0,1011.8,"16242099999,16239099999,AT416,16224099999,16234099999",14.1,10,94,20.8,1.17380662527157e-13,484.4425,28-Feb-2023 16:00:00
48.4,"Partially cloudy",2023-02-28T16:30:00,5.5,14.1,56.11,"41.829742371733346, 12.468582121891949",0,0,1011.8,"16242099999,16239099999,AT416,16224099999,16234099999",14.1,10,94,20.8,1.17855046991088e-13,171.476,28-Feb-2023 16:30:00
59,"Partially cloudy",2023-02-28T17:00:00,6,13,62.55,"41.829742371733346, 12.468582121891949",0,0,1011.2,"16242099999,16239099999,AT416,16224099999,16234099999",13,10,124,27.3,1.18331589379626e-13,184.9126,28-Feb-2023 17:00:00
59,"Partially cloudy",2023-02-28T17:30:00,6,13,62.55,"41.829742371733346, 12.468582121891949",0,0,1011.2,"16242099999,16239099999,AT416,16224099999,16234099999",13,10,124,27.3,1.1881030060246e-13,191.1377,28-Feb-2023 17:30:00
59,"Partially cloudy",2023-02-28T18:00:00,6.5,10.5,75.97,"41.829742371733346, 12.468582121891949",0,0,1011.9,"16242099999,16239099999,AT416,16224099999,16234099999",10.5,7.9,115,28.4,1.19291191638041e-13,290.8025,28-Feb-2023 18:00:00
59,"Partially cloudy",2023-02-28T18:30:00,6.5,10.5,75.97,"41.829742371733346, 12.468582121891949",0,0,1011.9,"16242099999,16239099999,AT416,16224099999,16234099999",10.5,7.9,115,28.4,1.19774273517901e-13,227.4254,28-Feb-2023 18:30:00
59,"Rain, Partially cloudy",2023-02-28T19:00:00,6.2,10.2,75.92,"41.829742371733346, 12.468582121891949",0.398,100,1012.2,"16242099999,AU378,16239099999,16224099999,16234099999",10.2,8.1,105,27.1,1.20259557334996e-13,205.1586,28-Feb-2023 19:00:00
59,"Rain, Partially cloudy",2023-02-28T19:30:00,6.2,10.2,75.92,"41.829742371733346, 12.468582121891949",0.398,100,1012.2,"16242099999,AU378,16239099999,16224099999,16234099999",10.2,8.1,105,27.1,1.20747054252268e-13,105.8247,28-Feb-2023 19:30:00
54.1,"Partially cloudy",2023-02-28T20:00:00,6.1,10,76.49,"41.829742371733346, 12.468582121891949",0,0,1012,"16242099999,AU378,16239099999,16224099999,LIRA",10,10,88,20.6,1.21236775486752e-13,69.8497,28-Feb-2023 20:00:00
54.1,"Partially cloudy",2023-02-28T20:30:00,6.1,10,76.49,"41.829742371733346, 12.468582121891949",0,0,1012,"16242099999,AU378,16239099999,16224099999,LIRA",10,10,88,20.6,1.21728732318033e-13,32.7282,28-Feb-2023 20:30:00
50,"Partially cloudy",2023-02-28T21:00:00,6.2,8.3,77.54,"41.829742371733346, 12.468582121891949",0,0,1012,"16242099999,16239099999,16224099999,LIRA",9.9,10,135,11.7,1.22222936096933e-13,7.2558,28-Feb-2023 21:00:00
50,"Partially cloudy",2023-02-28T21:30:00,6.2,8.3,77.54,"41.829742371733346, 12.468582121891949",0,0,1012,"16242099999,16239099999,16224099999,LIRA",9.9,10,135,11.7,1.22719398229398e-13,44.1223,28-Feb-2023 21:30:00
50,"Partially cloudy",2023-02-28T22:00:00,7.2,7.4,88.66,"41.829742371733346, 12.468582121891949",0,0,1012,"16242099999,16239099999,16224099999,LIRA",8.9,7.1,78,9.9,1.23218130185073e-13,33.1223,28-Feb-2023 22:00:00
50,"Partially cloudy",2023-02-28T22:30:00,7.2,7.4,88.66,"41.829742371733346, 12.468582121891949",0,0,1012,"16242099999,16239099999,16224099999,LIRA",8.9,7.1,78,9.9,1.23719143506114e-13,22.1223,28-Feb-2023 22:30:00
50,"Partially cloudy",2023-02-28T23:00:00,7.2,7.5,88.66,"41.829742371733346, 12.468582121891949",0,0,1012,"16242099999,AU378,16239099999,16224099999,LIRA",8.9,7.1,15,9.5,1.24222449790853e-13,0,28-Feb-2023 23:00:00
50,"Partially cloudy",2023-02-28T23:30:00,7.2,7.5,88.66,"41.829742371733346, 12.468582121891949",0,0,1012,"16242099999,AU378,16239099999,16224099999,LIRA",8.9,7.1,15,9.5,1.24728060702496e-13,0,28-Feb-2023 23:30:00
NaN,"Clear",2023-05-31T00:00:00,12.2,18.7,65.74,"41.829742371733346, 12.468582121891949",0,0,1013.9,"16242099999,16239099999,16224099999,LIRA",18.7,10,143,5.5,1.25235987978056e-13,16.6295,31-May-2023 00:00:00
NaN,"Clear",2023-05-31T00:30:00,12.2,18.7,65.74,"41.829742371733346, 12.468582121891949",0,0,1013.9,"16242099999,16239099999,16224099999,LIRA",18.7,10,143,5.5,1.25746243411797e-13,24.7862,31-May-2023 00:30:00
NaN,"Clear",2023-05-31T01:00:00,13.1,16.9,78.31,"41.829742371733346, 12.468582121891949",0,0,1014.1,"16242099999,16239099999,16224099999,LIRA",16.9,10,51,5.3,1.26258838864054e-13,95.0337,31-May-2023 01:00:00
NaN,"Clear",2023-05-31T01:30:00,13.1,16.9,78.31,"41.829742371733346, 12.468582121891949",0,0,1014.1,"16242099999,16239099999,16224099999,LIRA",16.9,10,51,5.3,1.26773786270291e-13,101.5403,31-May-2023 01:30:00
NaN,"Clear",2023-05-31T02:00:00,13.1,16.9,78.45,"41.829742371733346, 12.468582121891949",0,0,1014,"16242099999,16239099999,16224099999,LIRA",16.9,10,108,5.5,1.2729109762432e-13,97.732,31-May-2023 02:00:00
NaN,"Clear",2023-05-31T02:30:00,13.1,16.9,78.45,"41.829742371733346, 12.468582121891949",0,0,1014,"16242099999,16239099999,16224099999,LIRA",16.9,10,108,5.5,1.27810784987247e-13,64.732,31-May-2023 02:30:00
NaN,"Clear",2023-05-31T03:00:00,13.1,16,82.93,"41.829742371733346, 12.468582121891949",0,0,1014,"16242099999,16239099999,16224099999,LIRA",16,10,44,7.3,1.28332860496652e-13,31.732,31-May-2023 03:00:00
NaN,"Clear",2023-05-31T03:30:00,13.1,16,82.93,"41.829742371733346, 12.468582121891949",0,0,1014,"16242099999,16239099999,16224099999,LIRA",16,10,44,7.3,1.28857336349586e-13,5.09410000000001,31-May-2023 03:30:00
NaN,"Clear",2023-05-31T04:00:00,13.1,15.1,87.69,"41.829742371733346, 12.468582121891949",0,0,1014,"16242099999,16239099999,16224099999,LIRA",15.1,10,31,7.2,1.29384224811636e-13,0,31-May-2023 04:00:00
NaN,"Clear",2023-05-31T04:30:00,13.1,15.1,87.69,"41.829742371733346, 12.468582121891949",0,0,1014,"16242099999,16239099999,16224099999,LIRA",15.1,10,31,7.2,1.29913538226241e-13,0,31-May-2023 04:30:00
NaN,"Clear",2023-05-31T05:00:00,13.1,16,82.93,"41.829742371733346, 12.468582121891949",0,0,1014,"16242099999,16239099999,16224099999,LIRA",16,10,41,5.7,1.30445288997449e-13,0,31-May-2023 05:00:00
NaN,"Clear",2023-05-31T05:30:00,13.1,16,82.93,"41.829742371733346, 12.468582121891949",0,0,1014,"16242099999,16239099999,16224099999,LIRA",16,10,41,5.7,1.30979489599119e-13,16.0107,31-May-2023 05:30:00
NaN,"Clear",2023-05-31T06:00:00,13.1,15.1,87.69,"41.829742371733346, 12.468582121891949",0,0,1013.9,"16242099999,16239099999,AT416,16224099999,LIRA",15.1,10,39,7.7,1.31516152584362e-13,74.5402,31-May-2023 06:00:00
NaN,"Clear",2023-05-31T06:30:00,13.1,15.1,87.69,"41.829742371733346, 12.468582121891949",0,0,1013.9,"16242099999,16239099999,AT416,16224099999,LIRA",15.1,10,39,7.7,1.32055290568065e-13,177.4256,31-May-2023 06:30:00
NaN,"Clear",2023-05-31T07:00:00,13.3,16.2,83.39,"41.829742371733346, 12.468582121891949",0,0,1013.8,"16242099999,16239099999,AT416,16224099999,16234099999",16.2,10,50,6.7,1.3259691623622e-13,259.3809,31-May-2023 07:00:00
NaN,"Clear",2023-05-31T07:30:00,13.3,16.2,83.39,"41.829742371733346, 12.468582121891949",0,0,1013.8,"16242099999,16239099999,AT416,16224099999,16234099999",16.2,10,50,6.7,1.33141042355501e-13,365.5405,31-May-2023 07:30:00
30,"Partially cloudy",2023-05-31T08:00:00,14,17.2,81.02,"41.829742371733346, 12.468582121891949",0,0,1014.1,"16242099999,16239099999,AT416,16224099999,16234099999",17.2,10,57,10.5,1.33687681755551e-13,359.199,31-May-2023 08:00:00
30,"Partially cloudy",2023-05-31T08:30:00,14,17.2,81.02,"41.829742371733346, 12.468582121891949",0,0,1014.1,"16242099999,16239099999,AT416,16224099999,16234099999",17.2,10,57,10.5,1.34236847338434e-13,339.0359,31-May-2023 08:30:00
30,"Partially cloudy",2023-05-31T09:00:00,14.1,19.9,68.85,"41.829742371733346, 12.468582121891949",0,0,1014.2,"16242099999,16239099999,AT416,16224099999,16234099999",19.9,10,38,11.3,1.34788552088361e-13,507.265,31-May-2023 09:00:00
30,"Partially cloudy",2023-05-31T09:30:00,14.1,19.9,68.85,"41.829742371733346, 12.468582121891949",0,0,1014.2,"16242099999,16239099999,AT416,16224099999,16234099999",19.9,10,38,11.3,1.35342809053721e-13,507.6795,31-May-2023 09:30:00
30,"Partially cloudy",2023-05-31T10:00:00,13.4,22,58.25,"41.829742371733346, 12.468582121891949",0,0,1014.2,"16242099999,16239099999,AT416,16224099999,16234099999",22,10,31,11.7,1.35899631356677e-13,454.5203,31-May-2023 10:00:00
30,"Partially cloudy",2023-05-31T10:30:00,13.4,22,58.25,"41.829742371733346, 12.468582121891949",0,0,1014.2,"16242099999,16239099999,AT416,16224099999,16234099999",22,10,31,11.7,1.36459032203021e-13,518.3025,31-May-2023 10:30:00
30,"Partially cloudy",2023-05-31T11:00:00,14,23.1,56.56,"41.829742371733346, 12.468582121891949",0,0,1013.9,"16242099999,16239099999,AT416,16224099999,16234099999",23.1,10,6,10.8,1.37021024863965e-13,568.7947,31-May-2023 11:00:00
30,"Partially cloudy",2023-05-31T11:30:00,14,23.1,56.56,"41.829742371733346, 12.468582121891949",0,0,1013.9,"16242099999,16239099999,AT416,16224099999,16234099999",23.1,10,6,10.8,1.37585622685873e-13,402.2723,31-May-2023 11:30:00
30,"Partially cloudy",2023-05-31T12:00:00,13.6,25.1,49.12,"41.829742371733346, 12.468582121891949",0,0,1014.1,"16242099999,16239099999,AT416,16224099999,16234099999",25.1,10,58,6.7,1.38152839100251e-13,335.4098,31-May-2023 12:00:00
30,"Partially cloudy",2023-05-31T12:30:00,13.6,25.1,49.12,"41.829742371733346, 12.468582121891949",0,0,1014.1,"16242099999,16239099999,AT416,16224099999,16234099999",25.1,10,58,6.7,1.38722687605292e-13,307.2183,31-May-2023 12:30:00
31.2,"Partially cloudy",2023-05-31T13:00:00,12.9,25.8,44.78,"41.829742371733346, 12.468582121891949",0,0,1013.8,"16242099999,16239099999,AT416,16224099999,16234099999",25.8,10,255,9.9,1.39295181775742e-13,309.8487,31-May-2023 13:00:00
31.2,"Partially cloudy",2023-05-31T13:30:00,12.9,25.8,44.78,"41.829742371733346, 12.468582121891949",0,0,1013.8,"16242099999,16239099999,AT416,16224099999,16234099999",25.8,10,255,9.9,1.39870335273041e-13,341.6291,31-May-2023 13:30:00
45.5,"Partially cloudy",2023-05-31T14:00:00,12.9,24.7,47.77,"41.829742371733346, 12.468582121891949",0,0,1013.7,"16242099999,16239099999,AT416,16224099999,16234099999",24.7,10,233,17,1.40448161826602e-13,451.3282,31-May-2023 14:00:00
45.5,"Partially cloudy",2023-05-31T14:30:00,12.9,24.7,47.77,"41.829742371733346, 12.468582121891949",0,0,1013.7,"16242099999,16239099999,AT416,16224099999,16234099999",24.7,10,233,17,1.41028675243826e-13,399.1282,31-May-2023 14:30:00
70.4,"Partially cloudy",2023-05-31T15:00:00,12.9,24.6,48.28,"41.829742371733346, 12.468582121891949",0,0,1013.8,"16242099999,16239099999,AT416,16224099999,16234099999",24.6,10,231,19.4,1.41611889420382e-13,280.2515,31-May-2023 15:00:00
70.4,"Partially cloudy",2023-05-31T15:30:00,12.9,24.6,48.28,"41.829742371733346, 12.468582121891949",0,0,1013.8,"16242099999,16239099999,AT416,16224099999,16234099999",24.6,10,231,19.4,1.42197818321236e-13,207.6849,31-May-2023 15:30:00
45.5,"Partially cloudy",2023-05-31T16:00:00,15,23.6,58.42,"41.829742371733346, 12.468582121891949",0,0,1013.9,"16242099999,16239099999,AT416,16224099999,16234099999",23.6,9.7,251,14,1.42786475990797e-13,264.9904,31-May-2023 16:00:00
45.5,"Partially cloudy",2023-05-31T16:30:00,15,23.6,58.42,"41.829742371733346, 12.468582121891949",0,0,1013.9,"16242099999,16239099999,AT416,16224099999,16234099999",23.6,9.7,251,14,1.43377876563356e-13,415.0151,31-May-2023 16:30:00
45.5,"Partially cloudy",2023-05-31T17:00:00,13.7,23.3,55.1,"41.829742371733346, 12.468582121891949",0,0,1014.1,"16242099999,16239099999,AT416,16224099999,16234099999",23.3,10,298,12.4,1.43972034243841e-13,508.8028,31-May-2023 17:00:00
45.5,"Partially cloudy",2023-05-31T17:30:00,13.7,23.3,55.1,"41.829742371733346, 12.468582121891949",0,0,1014.1,"16242099999,16239099999,AT416,16224099999,16234099999",23.3,10,298,12.4,1.44568963318119e-13,560.2191,31-May-2023 17:30:00
45.5,"Partially cloudy",2023-05-31T18:00:00,15.6,21.4,69.5,"41.829742371733346, 12.468582121891949",0,0,1014.2,"16242099999,16239099999,AT416,16224099999,16234099999",21.4,10,30,12.7,1.45168678163577e-13,314.8944,31-May-2023 18:00:00
45.5,"Partially cloudy",2023-05-31T18:30:00,15.6,21.4,69.5,"41.829742371733346, 12.468582121891949",0,0,1014.2,"16242099999,16239099999,AT416,16224099999,16234099999",21.4,10,30,12.7,1.45771193229613e-13,200.265,31-May-2023 18:30:00
44.3,"Partially cloudy",2023-05-31T19:00:00,15,21.9,64.81,"41.829742371733346, 12.468582121891949",0,0,1013.8,"16242099999,16239099999,AT416,16224099999,16234099999",21.9,10,18,13.4,1.46376523048086e-13,111.5507,31-May-2023 19:00:00
44.3,"Partially cloudy",2023-05-31T19:30:00,15,21.9,64.81,"41.829742371733346, 12.468582121891949",0,0,1013.8,"16242099999,16239099999,AT416,16224099999,16234099999",21.9,10,18,13.4,1.46984682244046e-13,126.3117,31-May-2023 19:30:00
32.4,"Rain, Partially cloudy",2023-05-31T20:00:00,14.8,21.1,67.11,"41.829742371733346, 12.468582121891949",0.613,100,1014.1,"16242099999,16239099999,AT416,16224099999,16234099999",21.1,10,39,10.5,1.47595685515961e-13,87.1598,31-May-2023 20:00:00
32.4,"Rain, Partially cloudy",2023-05-31T20:30:00,14.8,21.1,67.11,"41.829742371733346, 12.468582121891949",0.613,100,1014.1,"16242099999,16239099999,AT416,16224099999,16234099999",21.1,10,39,10.5,1.48209547646308e-13,18.5578,31-May-2023 20:30:00
NaN,"Clear",2023-05-31T21:00:00,15.8,20,76.91,"41.829742371733346, 12.468582121891949",0,0,1014.9,"16242099999,16239099999,AT416,16224099999,LIRA",20,10,48,9.5,1.48826283512464e-13,1.303,31-May-2023 21:00:00
NaN,"Clear",2023-05-31T21:30:00,15.8,20,76.91,"41.829742371733346, 12.468582121891949",0,0,1014.9,"16242099999,16239099999,AT416,16224099999,LIRA",20,10,48,9.5,1.49445908066655e-13,48.3823,31-May-2023 21:30:00
NaN,"Clear",2023-05-31T22:00:00,15.8,18.9,82.07,"41.829742371733346, 12.468582121891949",0,0,1014.9,"16242099999,16239099999,16224099999,LIRA",18.9,10,21,9.4,1.50068436346699e-13,37.3823,31-May-2023 22:00:00
NaN,"Clear",2023-05-31T22:30:00,15.8,18.9,82.07,"41.829742371733346, 12.468582121891949",0,0,1014.9,"16242099999,16239099999,16224099999,LIRA",18.9,10,21,9.4,1.50693883487058e-13,26.3823,31-May-2023 22:30:00
NaN,"Clear",2023-05-31T23:00:00,14,18.8,73.34,"41.829742371733346, 12.468582121891949",0,0,1014.9,"16242099999,16239099999,16224099999,LIRA",18.8,10,29,3.9,1.513222646985e-13,15.3823,31-May-2023 23:00:00
NaN,"Clear",2023-05-31T23:30:00,14,18.8,73.34,"41.829742371733346, 12.468582121891949",0,0,1014.9,"16242099999,16239099999,16224099999,LIRA",18.8,10,29,3.9,1.51953595279007e-13,0,31-May-2023 23:30:00
NaN,"Clear",2023-06-01T00:00:00,14,18,77.46,"41.829742371733346, 12.468582121891949",0,0,1015.1,"16242099999,16239099999,16224099999,LIRA",18,10,48,6.1,0.00389105058365759,133.7207,01-Jun-2023 00:00:00
NaN,"Clear",2023-06-01T00:30:00,14,18,77.46,"41.829742371733346, 12.468582121891949",0,0,1015.1,"16242099999,16239099999,16224099999,LIRA",18,10,48,6.1,0.0042296094241275,172.0219,01-Jun-2023 00:30:00
NaN,"Clear",2023-06-01T01:00:00,13.1,17,77.95,"41.829742371733346, 12.468582121891949",0,0,1015.1,"16242099999,16239099999,16224099999,LIRA",17,10,42,5.9,0.00460154878594947,149.5244,01-Jun-2023 01:00:00
NaN,"Clear",2023-06-01T01:30:00,13.1,17,77.95,"41.829742371733346, 12.468582121891949",0,0,1015.1,"16242099999,16239099999,16224099999,LIRA",17,10,42,5.9,0.00501054295364723,134.6011,01-Jun-2023 01:30:00
40,"Partially cloudy",2023-06-01T02:00:00,14.1,16.3,87.28,"41.829742371733346, 12.468582121891949",0,0,1015.1,"16245099999,16242099999,16239099999,16224099999,LIRA",16.3,15.2,58,4.9,0.00546071140064688,100.1864,01-Jun-2023 02:00:00
40,"Partially cloudy",2023-06-01T02:30:00,14.1,16.3,87.28,"41.829742371733346, 12.468582121891949",0,0,1015.1,"16245099999,16242099999,16239099999,16224099999,LIRA",16.3,15.2,58,4.9,0.00595667729561991,47.5922,01-Jun-2023 02:30:00
NaN,"Clear",2023-06-01T03:00:00,14,16.1,87.21,"41.829742371733346, 12.468582121891949",0,0,1015,"16242099999,16239099999,16224099999,LIRA",16.1,10,60,5.3,0.00650363420179567,15.5225,01-Jun-2023 03:00:00
NaN,"Clear",2023-06-01T03:30:00,14,16.1,87.21,"41.829742371733346, 12.468582121891949",0,0,1015,"16242099999,16239099999,16224099999,LIRA",16.1,10,60,5.3,0.00710742212950925,2.5672,01-Jun-2023 03:30:00
NaN,"Clear",2023-06-01T04:00:00,13.1,15.1,87.69,"41.829742371733346, 12.468582121891949",0,0,1014.9,"16242099999,16239099999,16224099999,LIRA",15.1,10,15,5.7,0.0077746143536529,0,01-Jun-2023 04:00:00
NaN,"Clear",2023-06-01T04:30:00,13.1,15.1,87.69,"41.829742371733346, 12.468582121891949",0,0,1014.9,"16242099999,16239099999,16224099999,LIRA",15.1,10,15,5.7,0.00851261653466809,0,01-Jun-2023 04:30:00
NaN,"Clear",2023-06-01T05:00:00,13.1,15.1,87.85,"41.829742371733346, 12.468582121891949",0,0,1014.9,"16242099999,16239099999,16224099999,LIRA",15.1,10,41,5.3,0.00932977987661294,0,01-Jun-2023 05:00:00
NaN,"Clear",2023-06-01T05:30:00,13.1,15.1,87.85,"41.829742371733346, 12.468582121891949",0,0,1014.9,"16242099999,16239099999,16224099999,LIRA",15.1,10,41,5.3,0.0102355304055182,25.5909,01-Jun-2023 05:30:00
NaN,"Clear",2023-06-01T06:00:00,12.1,15,82.96,"41.829742371733346, 12.468582121891949",0,0,1014.9,"16242099999,16239099999,AT416,16224099999,LIRA",15,10,38,8.9,0.0112405166287986,65.8386,01-Jun-2023 06:00:00
NaN,"Clear",2023-06-01T06:30:00,12.1,15,82.96,"41.829742371733346, 12.468582121891949",0,0,1014.9,"16242099999,16239099999,AT416,16224099999,LIRA",15,10,38,8.9,0.0123567780955611,144.2045,01-Jun-2023 06:30:00
NaN,"Clear",2023-06-01T07:00:00,12.8,16.2,80.78,"41.829742371733346, 12.468582121891949",0,0,1015.1,"16242099999,16239099999,AT416,16224099999,16234099999",16.2,10,33,7.5,0.0135979378342866,274.4358,01-Jun-2023 07:00:00
NaN,"Clear",2023-06-01T07:30:00,12.8,16.2,80.78,"41.829742371733346, 12.468582121891949",0,0,1015.1,"16242099999,16239099999,AT416,16224099999,16234099999",16.2,10,33,7.5,0.0149794218471834,262.6292,01-Jun-2023 07:30:00
50,"Partially cloudy",2023-06-01T08:00:00,13.6,16.3,84.14,"41.829742371733346, 12.468582121891949",0,0,1015.1,"16242099999,16239099999,AT416,16224099999,16234099999",16.3,10,50,8.3,0.0165187091216757,235.6687,01-Jun-2023 08:00:00
50,"Partially cloudy",2023-06-01T08:30:00,13.6,16.3,84.14,"41.829742371733346, 12.468582121891949",0,0,1015.1,"16242099999,16239099999,AT416,16224099999,16234099999",16.3,10,50,8.3,0.0182356161288459,271.8816,01-Jun-2023 08:30:00
50,"Partially cloudy",2023-06-01T09:00:00,13.5,18.2,74.28,"41.829742371733346, 12.468582121891949",0,0,1015.1,"16242099999,16239099999,AT416,16224099999,16234099999",18.2,10,51,9.7,0.0201526198782655,318.6617,01-Jun-2023 09:00:00
50,"Partially cloudy",2023-06-01T09:30:00,13.5,18.2,74.28,"41.829742371733346, 12.468582121891949",0,0,1015.1,"16242099999,16239099999,AT416,16224099999,16234099999",18.2,10,51,9.7,0.0222952237152328,418.8199,01-Jun-2023 09:30:00
50,"Partially cloudy",2023-06-01T10:00:00,13.4,20.3,64.64,"41.829742371733346, 12.468582121891949",0,0,1015.8,"16242099999,16239099999,AT416,16224099999,16234099999",20.3,10,43,7.1,0.0246923703595029,416.7167,01-Jun-2023 10:00:00
50,"Partially cloudy",2023-06-01T10:30:00,13.4,20.3,64.64,"41.829742371733346, 12.468582121891949",0,0,1015.8,"16242099999,16239099999,AT416,16224099999,16234099999",20.3,10,43,7.1,0.0273769062657105,373.1371,01-Jun-2023 10:30:00
38,"Partially cloudy",2023-06-01T11:00:00,12.8,23.1,52.15,"41.829742371733346, 12.468582121891949",0,0,1015.1,"16242099999,16239099999,AT416,16224099999,16234099999",23.1,10,43,5.7,0.0303861007615122,264.0198,01-Jun-2023 11:00:00
38,"Partially cloudy",2023-06-01T11:30:00,12.8,23.1,52.15,"41.829742371733346, 12.468582121891949",0,0,1015.1,"16242099999,16239099999,AT416,16224099999,16234099999",23.1,10,43,5.7,0.0337622227730089,243.0904,01-Jun-2023 11:30:00
31.6,"Partially cloudy",2023-06-01T12:00:00,11.8,25.1,43.65,"41.829742371733346, 12.468582121891949",0,0,1015.1,"16242099999,16239099999,AT416,16224099999,16234099999",25.1,10,280,7.4,0.0375531758838199,229.074,01-Jun-2023 12:00:00
31.6,"Partially cloudy",2023-06-01T12:30:00,11.8,25.1,43.65,"41.829742371733346, 12.468582121891949",0,0,1015.1,"16242099999,16239099999,AT416,16224099999,16234099999",25.1,10,280,7.4,0.0418131896037135,249.5562,01-Jun-2023 12:30:00
27.6,"Partially cloudy",2023-06-01T13:00:00,12.5,25.7,44.01,"41.829742371733346, 12.468582121891949",0,0,1015.2,"16245099999,AT416,16224099999,16234099999,LIRA",25.7,10,274,10.1,0.0466035611708221,292.6373,01-Jun-2023 13:00:00
27.6,"Partially cloudy",2023-06-01T13:30:00,12.5,25.7,44.01,"41.829742371733346, 12.468582121891949",0,0,1015.2,"16245099999,AT416,16224099999,16234099999,LIRA",25.7,10,274,10.1,0.0519934358483005,541.5237,01-Jun-2023 13:30:00
50,"Partially cloudy",2023-06-01T14:00:00,12,26,41.71,"41.829742371733346, 12.468582121891949",NaN,0,1015,"AT416,LIRA",26,10,320,11.2,0.0580606051785582,377.9543,01-Jun-2023 14:00:00
50,"Partially cloudy",2023-06-01T14:30:00,12,26,41.71,"41.829742371733346, 12.468582121891949",NaN,0,1015,"AT416,LIRA",26,10,320,11.2,0.0648922920586668,212.1909,01-Jun-2023 14:30:00
50,"Partially cloudy",2023-06-01T15:00:00,13.2,25.9,45.44,"41.829742371733346, 12.468582121891949",0,0,1014,"16242099999,16239099999,AT416,LIRA",25.9,10,259,17,0.0725858756713366,396.9489,01-Jun-2023 15:00:00
50,"Partially cloudy",2023-06-01T15:30:00,13.2,25.9,45.44,"41.829742371733346, 12.468582121891949",0,0,1014,"16242099999,16239099999,AT416,LIRA",25.9,10,259,17,0.081249489230315,354.6452,01-Jun-2023 15:30:00
50,"Partially cloudy",2023-06-01T16:00:00,14.1,25.8,48.46,"41.829742371733346, 12.468582121891949",0,0,1013.9,"16242099999,16239099999,AT416,LIRA",25.8,10,253,17,0.0910023995257974,273.6728,01-Jun-2023 16:00:00
50,"Partially cloudy",2023-06-01T16:30:00,14.1,25.8,48.46,"41.829742371733346, 12.468582121891949",0,0,1013.9,"16242099999,16239099999,AT416,LIRA",25.8,10,253,17,0.101975045649374,272.3974,01-Jun-2023 16:30:00
33.9,"Partially cloudy",2023-06-01T17:00:00,14.2,24.8,51.71,"41.829742371733346, 12.468582121891949",0,0,1013.2,"16242099999,16239099999,AT416,16224099999,16234099999",24.8,10,294,17.5,0.114308577879793,232.7755,01-Jun-2023 17:00:00
33.9,"Partially cloudy",2023-06-01T17:30:00,14.2,24.8,51.71,"41.829742371733346, 12.468582121891949",0,0,1013.2,"16242099999,16239099999,AT416,16224099999,16234099999",24.8,10,294,17.5,0.128153699522816,283.8491,01-Jun-2023 17:30:00
33.9,"Partially cloudy",2023-06-01T18:00:00,14.5,24.1,54.88,"41.829742371733346, 12.468582121891949",0,0,1013.2,"16242099999,16239099999,AT416,16224099999,16234099999",24.1,10,284,13.4,0.143668573157284,115.7259,01-Jun-2023 18:00:00
33.9,"Partially cloudy",2023-06-01T18:30:00,14.5,24.1,54.88,"41.829742371733346, 12.468582121891949",0,0,1013.2,"16242099999,16239099999,AT416,16224099999,16234099999",24.1,10,284,13.4,0.16101551817627,99.8002,01-Jun-2023 18:30:00
33.9,"Partially cloudy",2023-06-01T19:00:00,14.6,23.3,57.93,"41.829742371733346, 12.468582121891949",0,0,1013.8,"16242099999,16239099999,AT416,16224099999,16234099999",23.3,10,294,14.7,0.180356210926949,23.363,01-Jun-2023 19:00:00
33.9,"Partially cloudy",2023-06-01T19:30:00,14.6,23.3,57.93,"41.829742371733346, 12.468582121891949",0,0,1013.8,"16242099999,16239099999,AT416,16224099999,16234099999",23.3,10,294,14.7,0.201845109976027,52.1398,01-Jun-2023 19:30:00
33.9,"Rain, Partially cloudy",2023-06-01T20:00:00,15,21.5,66.25,"41.829742371733346, 12.468582121891949",0.055,100,1014.1,"16242099999,16239099999,AT416,16224099999,16234099999",21.5,10,19,13.3,0.225620891514553,174.1222,01-Jun-2023 20:00:00
33.9,"Rain, Partially cloudy",2023-06-01T20:30:00,15,21.5,66.25,"41.829742371733346, 12.468582121891949",0.055,100,1014.1,"16242099999,16239099999,AT416,16224099999,16234099999",21.5,10,19,13.3,0.25179581863913,138.4442,01-Jun-2023 20:30:00
26.9,"Partially cloudy",2023-06-01T21:00:00,14.1,20.9,65.15,"41.829742371733346, 12.468582121891949",0,0,1013.9,"16242099999,16239099999,AT416,16224099999,LIRA",20.9,10,70,8.6,0.280443194502562,85.5202,01-Jun-2023 21:00:00
26.9,"Partially cloudy",2023-06-01T21:30:00,14.1,20.9,65.15,"41.829742371733346, 12.468582121891949",0,0,1013.9,"16242099999,16239099999,AT416,16224099999,LIRA",20.9,10,70,8.6,0.311583382392017,18.0502,01-Jun-2023 21:30:00
NaN,"Clear",2023-06-01T22:00:00,13.1,19.8,65.46,"41.829742371733346, 12.468582121891949",0,0,1014,"16242099999,16239099999,16224099999,LIRA",19.8,10,1,5.4,0.345169310389329,2.5505,01-Jun-2023 22:00:00
NaN,"Clear",2023-06-01T22:30:00,13.1,19.8,65.46,"41.829742371733346, 12.468582121891949",0,0,1014,"16242099999,16239099999,16224099999,LIRA",19.8,10,1,5.4,0.38107285877547,0,01-Jun-2023 22:30:00
NaN,"Clear",2023-06-01T23:00:00,14,18.8,73.6,"41.829742371733346, 12.468582121891949",0,0,1014,"16242099999,16239099999,16224099999,LIRA",18.8,10,27,5.4,0.419073978323127,0,01-Jun-2023 23:00:00
NaN,"Clear",2023-06-01T23:30:00,14,18.8,73.6,"41.829742371733346, 12.468582121891949",0,0,1014,"16242099999,16239099999,16224099999,LIRA",18.8,10,27,5.4,0.458854679976184,0,01-Jun-2023 23:30:00
NaN,"Clear",2023-06-02T00:00:00,13.9,18.8,73.12,"41.829742371733346, 12.468582121891949",0,0,1013.9,"16242099999,16239099999,16224099999,LIRA",18.8,10,40,3.9,0.5,14.4559,02-Jun-2023 00:00:00
NaN,"Clear",2023-06-02T00:30:00,13.9,18.8,73.12,"41.829742371733346, 12.468582121891949",0,0,1013.9,"16242099999,16239099999,16224099999,LIRA",18.8,10,40,3.9,0.542007560408492,22.3109,02-Jun-2023 00:30:00
NaN,"Clear",2023-06-02T01:00:00,14,17.7,78.86,"41.829742371733346, 12.468582121891949",0,0,1013.9,"16242099999,16239099999,16224099999,LIRA",17.7,10,99,5.7,0.58430636664373,57.7138,02-Jun-2023 01:00:00
NaN,"Clear",2023-06-02T01:30:00,14,17.7,78.86,"41.829742371733346, 12.468582121891949",0,0,1013.9,"16242099999,16239099999,16224099999,LIRA",17.7,10,99,5.7,0.626284088337268,38.8588,02-Jun-2023 01:30:00
NaN,"Rain",2023-06-02T02:00:00,13.1,17.6,74.98,"41.829742371733346, 12.468582121891949",0.067,100,1013.1,"16242099999,16239099999,16224099999,LIRA",17.6,10,38,5.4,0.667320531093053,41.6303,02-Jun-2023 02:00:00
NaN,"Rain",2023-06-02T02:30:00,13.1,17.6,74.98,"41.829742371733346, 12.468582121891949",0.067,100,1013.1,"16242099999,16239099999,16224099999,LIRA",17.6,10,38,5.4,0.706823705102784,37.0124,02-Jun-2023 02:30:00
NaN,"Clear",2023-06-02T03:00:00,14,16.9,83.33,"41.829742371733346, 12.468582121891949",0,0,1013.9,"16242099999,16239099999,16224099999,LIRA",16.9,10,40,4,0.744264188958779,12.2409,02-Jun-2023 03:00:00
NaN,"Clear",2023-06-02T03:30:00,14,16.9,83.33,"41.829742371733346, 12.468582121891949",0,0,1013.9,"16242099999,16239099999,16224099999,LIRA",16.9,10,40,4,0.779203632942115,0,02-Jun-2023 03:30:00
NaN,"Clear",2023-06-02T04:00:00,14,16.9,83.18,"41.829742371733346, 12.468582121891949",0,0,1013.1,"16242099999,16239099999,16224099999,LIRA",16.9,10,59,5.5,0.811314238236968,6.6195,02-Jun-2023 04:00:00
NaN,"Clear",2023-06-02T04:30:00,14,16.9,83.18,"41.829742371733346, 12.468582121891949",0,0,1013.1,"16242099999,16239099999,16224099999,LIRA",16.9,10,59,5.5,0.840387610794731,0,02-Jun-2023 04:30:00
NaN,"Clear",2023-06-02T05:00:00,13.1,15.9,83.76,"41.829742371733346, 12.468582121891949",0,0,1013.1,"16242099999,16239099999,16224099999,LIRA",15.9,10,39,5.4,0.866333125183968,0,02-Jun-2023 05:00:00
NaN,"Clear",2023-06-02T05:30:00,13.1,15.9,83.76,"41.829742371733346, 12.468582121891949",0,0,1013.1,"16242099999,16239099999,16224099999,LIRA",15.9,10,39,5.4,0.889167421810945,48.7583,02-Jun-2023 05:30:00
NaN,"Clear",2023-06-02T06:00:00,13.1,15,88.57,"41.829742371733346, 12.468582121891949",0,0,1013.1,"16242099999,16239099999,AT416,16224099999,LIRA",15,10,30,7.5,0.908997600454943,124.661,02-Jun-2023 06:00:00
NaN,"Clear",2023-06-02T06:30:00,13.1,15,88.57,"41.829742371733346, 12.468582121891949",0,0,1013.1,"16242099999,16239099999,AT416,16224099999,LIRA",15,10,30,7.5,0.926000990462517,112.1033,02-Jun-2023 06:30:00
NaN,"Clear",2023-06-02T07:00:00,13.2,16,83.63,"41.829742371733346, 12.468582121891949",0,0,1013.9,"16242099999,16239099999,AT416,16224099999,LIRA",16,10,48,5.4,0.940404155660358,68.1033,02-Jun-2023 07:00:00
NaN,"Clear",2023-06-02T07:30:00,13.2,16,83.63,"41.829742371733346, 12.468582121891949",0,0,1013.9,"16242099999,16239099999,AT416,16224099999,LIRA",16,10,48,5.4,0.9524632123324,67.9728,02-Jun-2023 07:30:00
NaN,"Clear",2023-06-02T08:00:00,14.1,18.1,77.48,"41.829742371733346, 12.468582121891949",0,0,1013.9,"16242099999,16239099999,AT416,16224099999,LIRA",18.1,10,50,7.5,0.962446824133011,113.4778,02-Jun-2023 08:00:00
NaN,"Clear",2023-06-02T08:30:00,14.1,18.1,77.48,"41.829742371733346, 12.468582121891949",0,0,1013.9,"16242099999,16239099999,AT416,16224099999,LIRA",18.1,10,50,7.5,0.970622554402341,66.3735,02-Jun-2023 08:30:00
NaN,"Clear",2023-06-02T09:00:00,15,19.2,76.65,"41.829742371733346, 12.468582121891949",0,0,1013.9,"16242099999,16239099999,AT416,16224099999,LIRA",19.2,10,32,7.6,0.977246702133367,92.1076,02-Jun-2023 09:00:00
NaN,"Clear",2023-06-02T09:30:00,15,19.2,76.65,"41.829742371733346, 12.468582121891949",0,0,1013.9,"16242099999,16239099999,AT416,16224099999,LIRA",19.2,10,32,7.6,0.982557368694955,122.1761,02-Jun-2023 09:30:00
26.6,"Partially cloudy",2023-06-02T10:00:00,14,22.2,59.94,"41.829742371733346, 12.468582121891949",0,0,1013.9,"16242099999,16239099999,AT416,16224099999,LIRA",22.2,10,29,7.3,0.986770287213514,144.6717,02-Jun-2023 10:00:00
26.6,"Partially cloudy",2023-06-02T10:30:00,14,22.2,59.94,"41.829742371733346, 12.468582121891949",0,0,1013.9,"16242099999,16239099999,AT416,16224099999,LIRA",22.2,10,29,7.3,0.990076859864605,124.5575,02-Jun-2023 10:30:00
NaN,"Clear",2023-06-02T11:00:00,14.1,24.1,53.88,"41.829742371733346, 12.468582121891949",0,0,1013.9,"16242099999,16239099999,AT416,16224099999,LIRA",24.1,10,NaN,7.2,0.992643853962296,214.6758,02-Jun-2023 11:00:00
NaN,"Clear",2023-06-02T11:30:00,14.1,24.1,53.88,"41.829742371733346, 12.468582121891949",0,0,1013.9,"16242099999,16239099999,AT416,16224099999,LIRA",24.1,10,NaN,7.2,0.994614266556877,273.4998,02-Jun-2023 11:30:00
26.6,"Partially cloudy",2023-06-02T12:00:00,14.1,24.9,51.14,"41.829742371733346, 12.468582121891949",0,0,1013.9,"16242099999,16239099999,AT416,16224099999,LIRA",24.9,10,1,11.4,0.996108949416342,162.6953,02-Jun-2023 12:00:00
26.6,"Partially cloudy",2023-06-02T12:30:00,14.1,24.9,51.14,"41.829742371733346, 12.468582121891949",0,0,1013.9,"16242099999,16239099999,AT416,16224099999,LIRA",24.9,10,1,11.4,0.997228674444253,267.4895,02-Jun-2023 12:30:00
26.6,"Partially cloudy",2023-06-02T13:00:00,13.3,25.7,46.24,"41.829742371733346, 12.468582121891949",0,0,1013.1,"16242099999,16239099999,AT416,16224099999,LIRA",25.7,10,340,8.6,0.998056401155219,405.8888,02-Jun-2023 13:00:00
26.6,"Partially cloudy",2023-06-02T13:30:00,13.3,25.7,46.24,"41.829742371733346, 12.468582121891949",0,0,1013.1,"16242099999,16239099999,AT416,16224099999,LIRA",25.7,10,340,8.6,0.998659576818556,397.4933,02-Jun-2023 13:30:00
50,"Partially cloudy",2023-06-02T14:00:00,12.6,25.8,43.9,"41.829742371733346, 12.468582121891949",0,0,1013,"16242099999,16239099999,AT416,16224099999,LIRA",25.8,10,254,7.1,0.999092355663576,440.3231,02-Jun-2023 14:00:00
50,"Partially cloudy",2023-06-02T14:30:00,12.6,25.8,43.9,"41.829742371733346, 12.468582121891949",0,0,1013,"16242099999,16239099999,AT416,16224099999,LIRA",25.8,10,254,7.1,0.999397666192263,335.6242,02-Jun-2023 14:30:00
47.9,"Partially cloudy",2023-06-02T15:00:00,15.2,26.6,49.72,"41.829742371733346, 12.468582121891949",0,0,1012.9,"16242099999,16239099999,AT416,16224099999,LIRA",26.6,10,287,17,0.99960908679852,161.4192,02-Jun-2023 15:00:00
47.9,"Partially cloudy",2023-06-02T15:30:00,15.2,26.6,49.72,"41.829742371733346, 12.468582121891949",0,0,1012.9,"16242099999,16239099999,AT416,16224099999,LIRA",26.6,10,287,17,0.999752512097076,140.5465,02-Jun-2023 15:30:00
47.9,"Partially cloudy",2023-06-02T16:00:00,14.3,24.9,52.04,"41.829742371733346, 12.468582121891949",0,0,1012,"16242099999,16239099999,AT416,16224099999,LIRA",24.9,10,270,17,0.999847607436615,198.0982,02-Jun-2023 16:00:00
47.9,"Partially cloudy",2023-06-02T16:30:00,14.3,24.9,52.04,"41.829742371733346, 12.468582121891949",0,0,1012,"16242099999,16239099999,AT416,16224099999,LIRA",24.9,10,270,17,0.999909058800877,257.094,02-Jun-2023 16:30:00
50,"Partially cloudy",2023-06-02T17:00:00,14.3,24.1,54.49,"41.829742371733346, 12.468582121891949",0,0,1012.9,"16242099999,16239099999,AT416,16224099999,LIRA",24.1,10,262,11.7,0.99994763131823,142.1056,02-Jun-2023 17:00:00
50,"Partially cloudy",2023-06-02T17:30:00,14.3,24.1,54.49,"41.829742371733346, 12.468582121891949",0,0,1012.9,"16242099999,16239099999,AT416,16224099999,LIRA",24.1,10,262,11.7,0.999971052947538,83.9932,02-Jun-2023 17:30:00
26.6,"Partially cloudy",2023-06-02T18:00:00,13.6,23.8,52.73,"41.829742371733346, 12.468582121891949",0,0,1012.1,"16242099999,16239099999,AT416,16224099999,LIRA",23.8,10,279,15,0.999984741443765,53.3623,02-Jun-2023 18:00:00
26.6,"Partially cloudy",2023-06-02T18:30:00,13.6,23.8,52.73,"41.829742371733346, 12.468582121891949",0,0,1012.1,"16242099999,16239099999,AT416,16224099999,LIRA",23.8,10,279,15,0.999992393089999,73.1396,02-Jun-2023 18:30:00
NaN,"Clear",2023-06-02T19:00:00,15.2,23,61.6,"41.829742371733346, 12.468582121891949",0,0,1012.9,"16242099999,16239099999,AT416,16224099999,LIRA",23,10,272,15,0.999996451305933,46.4615,02-Jun-2023 19:00:00
NaN,"Clear",2023-06-02T19:30:00,15.2,23,61.6,"41.829742371733346, 12.468582121891949",0,0,1012.9,"16242099999,16239099999,AT416,16224099999,LIRA",23,10,272,15,0.999998472400481,99.7522,02-Jun-2023 19:30:00
NaN,"Clear",2023-06-02T20:00:00,15.3,22,65.77,"41.829742371733346, 12.468582121891949",0,0,1013,"16242099999,16239099999,AT416,16224099999,LIRA",22,10,263,10,0.999999404626175,26.1632,02-Jun-2023 20:00:00
NaN,"Clear",2023-06-02T20:30:00,15.3,22,65.77,"41.829742371733346, 12.468582121891949",0,0,1013,"16242099999,16239099999,AT416,16224099999,LIRA",22,10,263,10,0.999999795424165,79.5406,02-Jun-2023 20:30:00
26.6,"Partially cloudy",2023-06-02T21:00:00,16.1,21,73.92,"41.829742371733346, 12.468582121891949",0,0,1013,"16242099999,16239099999,AT416,16224099999,LIRA",21,10,236,5.7,0.999999940395359,36.8028,02-Jun-2023 21:00:00
26.6,"Partially cloudy",2023-06-02T21:30:00,16.1,21,73.92,"41.829742371733346, 12.468582121891949",0,0,1013,"16242099999,16239099999,AT416,16224099999,LIRA",21,10,236,5.7,0.999999986137865,59.0665,02-Jun-2023 21:30:00
26.6,"Partially cloudy",2023-06-02T22:00:00,16.1,20.8,74.51,"41.829742371733346, 12.468582121891949",0,0,1013.9,"16242099999,16239099999,16224099999,LIRA",20.8,10,225,5.6,0.99999999767432,31.184,02-Jun-2023 22:00:00
26.6,"Partially cloudy",2023-06-02T22:30:00,16.1,20.8,74.51,"41.829742371733346, 12.468582121891949",0,0,1013.9,"16242099999,16239099999,16224099999,LIRA",20.8,10,225,5.6,0.999999999767169,20.184,02-Jun-2023 22:30:00
NaN,"Clear",2023-06-02T23:00:00,15.3,19.8,74.95,"41.829742371733346, 12.468582121891949",0,0,1013.9,"16242099999,16239099999,16224099999,LIRA",19.8,10,203,5.4,0.999999999990915,9.184,02-Jun-2023 23:00:00
NaN,"Clear",2023-06-02T23:30:00,15.3,19.8,74.95,"41.829742371733346, 12.468582121891949",0,0,1013.9,"16242099999,16239099999,16224099999,LIRA",19.8,10,203,5.4,0.999999999999964,0,02-Jun-2023 23:30:00
NaN,"Clear",2023-06-03T00:00:00,13.5,19.8,66.84,"41.829742371733346, 12.468582121891949",0,0,1013.9,"16242099999,16239099999,16224099999,LIRA",19.8,10,186,5,1,67.4558,03-Jun-2023 00:00:00
NaN,"Clear",2023-06-03T00:30:00,13.5,19.8,66.84,"41.829742371733346, 12.468582121891949",0,0,1013.9,"16242099999,16239099999,16224099999,LIRA",19.8,10,186,5,1,82.2677,03-Jun-2023 00:30:00
NaN,"Clear",2023-06-03T01:00:00,15.9,19.1,82.07,"41.829742371733346, 12.468582121891949",0,0,1014.1,"16245099999,16242099999,16239099999,16224099999",19.1,10,85,7.1,1,142.1558,03-Jun-2023 01:00:00
NaN,"Clear",2023-06-03T01:30:00,15.9,19.1,82.07,"41.829742371733346, 12.468582121891949",0,0,1014.1,"16245099999,16242099999,16239099999,16224099999",19.1,10,85,7.1,1,109.6253,03-Jun-2023 01:30:00
NaN,"Clear",2023-06-03T02:00:00,17,18.9,88.59,"41.829742371733346, 12.468582121891949",0,0,1014,"16242099999,16239099999,16224099999,LIRA",18.9,10,200,7.1,1,65.6253,03-Jun-2023 02:00:00
NaN,"Clear",2023-06-03T02:30:00,17,18.9,88.59,"41.829742371733346, 12.468582121891949",0,0,1014,"16242099999,16239099999,16224099999,LIRA",18.9,10,200,7.1,1,28.9115,03-Jun-2023 02:30:00
30,"Partially cloudy",2023-06-03T03:00:00,17.8,18.8,93.76,"41.829742371733346, 12.468582121891949",0,0,1014,"16242099999,16239099999,16224099999,LIRA",18.8,10,236,5.2,1,6.91149999999999,03-Jun-2023 03:00:00
30,"Partially cloudy",2023-06-03T03:30:00,17.8,18.8,93.76,"41.829742371733346, 12.468582121891949",0,0,1014,"16242099999,16239099999,16224099999,LIRA",18.8,10,236,5.2,1,41.6089,03-Jun-2023 03:30:00
15.6,"Clear",2023-06-03T04:00:00,16.8,18.7,88.81,"41.829742371733346, 12.468582121891949",0,0,1013.9,"16245099999,16242099999,16239099999,16224099999,LIRA",18.7,10,43,3.9,1,30.6089,03-Jun-2023 04:00:00
15.6,"Clear",2023-06-03T04:30:00,16.8,18.7,88.81,"41.829742371733346, 12.468582121891949",0,0,1013.9,"16245099999,16242099999,16239099999,16224099999,LIRA",18.7,10,43,3.9,1,19.6089,03-Jun-2023 04:30:00
47.9,"Partially cloudy",2023-06-03T05:00:00,16.8,18.6,89.44,"41.829742371733346, 12.468582121891949",0,0,1013.9,"16242099999,16239099999,16224099999,LIRA",18.6,9.9,67,3.6,1,8.6089,03-Jun-2023 05:00:00
47.9,"Partially cloudy",2023-06-03T05:30:00,16.8,18.6,89.44,"41.829742371733346, 12.468582121891949",0,0,1013.9,"16242099999,16239099999,16224099999,LIRA",18.6,9.9,67,3.6,1,0,03-Jun-2023 05:30:00
0,"Clear",2023-06-03T06:00:00,15.8,17.6,89.36,"41.829742371733346, 12.468582121891949",0,0,1013.9,"16242099999,16239099999,AT416,16224099999,LIRA",17.6,9.8,9,3.9,1,20.7998,03-Jun-2023 06:00:00
0,"Clear",2023-06-03T06:30:00,15.8,17.6,89.36,"41.829742371733346, 12.468582121891949",0,0,1013.9,"16242099999,16239099999,AT416,16224099999,LIRA",17.6,9.8,9,3.9,1,9.7998,03-Jun-2023 06:30:00
0,"Clear",2023-06-03T07:00:00,16.8,17.7,94.31,"41.829742371733346, 12.468582121891949",0,0,1014,"16242099999,16239099999,AT416,16224099999,LIRA",17.7,9.9,50,2.1,1,45.3577,03-Jun-2023 07:00:00
0,"Clear",2023-06-03T07:30:00,16.8,17.7,94.31,"41.829742371733346, 12.468582121891949",0,0,1014,"16242099999,16239099999,AT416,16224099999,LIRA",17.7,9.9,50,2.1,1,134.4451,03-Jun-2023 07:30:00
0,"Clear",2023-06-03T08:00:00,17,19.8,83.91,"41.829742371733346, 12.468582121891949",0,0,1014.1,"16242099999,16239099999,AT416,16224099999,LIRA",19.8,9.9,20,2.3,1,143.6535,03-Jun-2023 08:00:00
0,"Clear",2023-06-03T08:30:00,17,19.8,83.91,"41.829742371733346, 12.468582121891949",0,0,1014.1,"16242099999,16239099999,AT416,16224099999,LIRA",19.8,9.9,20,2.3,1,119.0452,03-Jun-2023 08:30:00
0,"Clear",2023-06-03T09:00:00,17,21,77.78,"41.829742371733346, 12.468582121891949",0,0,1014.9,"16242099999,16239099999,AT416,16224099999,LIRA",21,9.9,30,5.2,1,91.7971,03-Jun-2023 09:00:00
0,"Clear",2023-06-03T09:30:00,17,21,77.78,"41.829742371733346, 12.468582121891949",0,0,1014.9,"16242099999,16239099999,AT416,16224099999,LIRA",21,9.9,30,5.2,1,195.3735,03-Jun-2023 09:30:00
30,"Partially cloudy",2023-06-03T10:00:00,16,23.1,64.43,"41.829742371733346, 12.468582121891949",0,0,1014.9,"16242099999,16239099999,AT416,16224099999,LIRA",23.1,10,40,5.2,1,200.3154,03-Jun-2023 10:00:00
30,"Partially cloudy",2023-06-03T10:30:00,16,23.1,64.43,"41.829742371733346, 12.468582121891949",0,0,1014.9,"16242099999,16239099999,AT416,16224099999,LIRA",23.1,10,40,5.2,1,130.6959,03-Jun-2023 10:30:00
27,"Partially cloudy",2023-06-03T11:00:00,16.1,24.1,61.05,"41.829742371733346, 12.468582121891949",0,0,1014.9,"16242099999,16239099999,AT416,16224099999,LIRA",24.1,10,286,4.5,1,140.5625,03-Jun-2023 11:00:00
27,"Partially cloudy",2023-06-03T11:30:00,16.1,24.1,61.05,"41.829742371733346, 12.468582121891949",0,0,1014.9,"16242099999,16239099999,AT416,16224099999,LIRA",24.1,10,286,4.5,1,111.313,03-Jun-2023 11:30:00
27.6,"Partially cloudy",2023-06-03T12:00:00,15.3,24.9,55.15,"41.829742371733346, 12.468582121891949",0,0,1015,"16242099999,16239099999,AT416,16224099999,LIRA",24.9,10,198,8.9,1,219.5491,03-Jun-2023 12:00:00
27.6,"Partially cloudy",2023-06-03T12:30:00,15.3,24.9,55.15,"41.829742371733346, 12.468582121891949",0,0,1015,"16242099999,16239099999,AT416,16224099999,LIRA",24.9,10,198,8.9,1,235.1125,03-Jun-2023 12:30:00
86.9,"Partially cloudy",2023-06-03T13:00:00,16.2,24.9,58.68,"41.829742371733346, 12.468582121891949",0,0,1015,"16242099999,16239099999,AT416,16224099999,LIRA",24.9,10,258,17.4,1,240.7555,03-Jun-2023 13:00:00
86.9,"Partially cloudy",2023-06-03T13:30:00,16.2,24.9,58.68,"41.829742371733346, 12.468582121891949",0,0,1015,"16242099999,16239099999,AT416,16224099999,LIRA",24.9,10,258,17.4,1,180.7857,03-Jun-2023 13:30:00
81.1,"Partially cloudy",2023-06-03T14:00:00,16.2,25.7,55.71,"41.829742371733346, 12.468582121891949",0,0,1015,"16242099999,16239099999,AT416,16224099999,LIRA",25.7,10,261,18.6,1,133.2758,03-Jun-2023 14:00:00
81.1,"Partially cloudy",2023-06-03T14:30:00,16.2,25.7,55.71,"41.829742371733346, 12.468582121891949",0,0,1015,"16242099999,16239099999,AT416,16224099999,LIRA",25.7,10,261,18.6,1,99.7395,03-Jun-2023 14:30:00
81.7,"Partially cloudy",2023-06-03T15:00:00,16.2,25.6,56.14,"41.829742371733346, 12.468582121891949",0,0,1014.9,"16242099999,16239099999,AT416,16224099999,LIRA",25.6,10,255,15.4,1,185.9834,03-Jun-2023 15:00:00
81.7,"Partially cloudy",2023-06-03T15:30:00,16.2,25.6,56.14,"41.829742371733346, 12.468582121891949",0,0,1014.9,"16242099999,16239099999,AT416,16224099999,LIRA",25.6,10,255,15.4,1,258.4863,03-Jun-2023 15:30:00
46.8,"Partially cloudy",2023-06-03T16:00:00,16.6,24.8,60.37,"41.829742371733346, 12.468582121891949",0,0,1015.1,"16245099999,16242099999,16239099999,AT416,16224099999,LIRA",24.8,10.8,269,12.4,1,163.9219,03-Jun-2023 16:00:00
46.8,"Partially cloudy",2023-06-03T16:30:00,16.6,24.8,60.37,"41.829742371733346, 12.468582121891949",0,0,1015.1,"16245099999,16242099999,16239099999,AT416,16224099999,LIRA",24.8,10.8,269,12.4,1,399.5965,03-Jun-2023 16:30:00
50,"Partially cloudy",2023-06-03T17:00:00,16.2,24.8,58.93,"41.829742371733346, 12.468582121891949",0,0,1015,"16242099999,16239099999,AT416,16224099999,LIRA",24.8,10,277,13.5,1,354.4857,03-Jun-2023 17:00:00
50,"Partially cloudy",2023-06-03T17:30:00,16.2,24.8,58.93,"41.829742371733346, 12.468582121891949",0,0,1015,"16242099999,16239099999,AT416,16224099999,LIRA",24.8,10,277,13.5,1,196.0566,03-Jun-2023 17:30:00
47.4,"Partially cloudy",2023-06-03T18:00:00,16.1,23.9,61.88,"41.829742371733346, 12.468582121891949",0,0,1015.1,"16242099999,16239099999,AT416,16224099999,LIRA",23.9,10,270,14.9,1,127.1967,03-Jun-2023 18:00:00
47.4,"Partially cloudy",2023-06-03T18:30:00,16.1,23.9,61.88,"41.829742371733346, 12.468582121891949",0,0,1015.1,"16242099999,16239099999,AT416,16224099999,LIRA",23.9,10,270,14.9,1,119.947,03-Jun-2023 18:30:00
49.4,"Partially cloudy",2023-06-03T19:00:00,16,23.9,61.58,"41.829742371733346, 12.468582121891949",0,0,1015.1,"16242099999,16239099999,AT416,16224099999,LIRA",23.9,10,296,12.8,1,76.7459,03-Jun-2023 19:00:00
49.4,"Partially cloudy",2023-06-03T19:30:00,16,23.9,61.58,"41.829742371733346, 12.468582121891949",0,0,1015.1,"16242099999,16239099999,AT416,16224099999,LIRA",23.9,10,296,12.8,1,110.2362,03-Jun-2023 19:30:00
26.7,"Partially cloudy",2023-06-03T20:00:00,16.1,22.9,65.64,"41.829742371733346, 12.468582121891949",0,0,1015.9,"16242099999,16239099999,AT416,16224099999,LIRA",22.9,10,268,9.3,1,73.7462,03-Jun-2023 20:00:00
26.7,"Partially cloudy",2023-06-03T20:30:00,16.1,22.9,65.64,"41.829742371733346, 12.468582121891949",0,0,1015.9,"16242099999,16239099999,AT416,16224099999,LIRA",22.9,10,268,9.3,1,91.1515,03-Jun-2023 20:30:00
NaN,"Clear",2023-06-03T21:00:00,16.2,20.9,74.31,"41.829742371733346, 12.468582121891949",0,0,1016,"16242099999,16239099999,AT416,16224099999,LIRA",20.9,10,268,9.4,1,90.3727,03-Jun-2023 21:00:00
NaN,"Clear",2023-06-03T21:30:00,16.2,20.9,74.31,"41.829742371733346, 12.468582121891949",0,0,1016,"16242099999,16239099999,AT416,16224099999,LIRA",20.9,10,268,9.4,1,54.6047,03-Jun-2023 21:30:00
30,"Partially cloudy",2023-06-03T22:00:00,16.2,19.9,79.04,"41.829742371733346, 12.468582121891949",0,0,1016.9,"16242099999,16239099999,16224099999,LIRA",19.9,10,237,5.2,1,32.6047,03-Jun-2023 22:00:00
30,"Partially cloudy",2023-06-03T22:30:00,16.2,19.9,79.04,"41.829742371733346, 12.468582121891949",0,0,1016.9,"16242099999,16239099999,16224099999,LIRA",19.9,10,237,5.2,1,20.8981,03-Jun-2023 22:30:00
NaN,"Clear",2023-06-03T23:00:00,17.1,19.9,83.68,"41.829742371733346, 12.468582121891949",0,0,1016.9,"16242099999,16239099999,16224099999,LIRA",19.9,10,228,7.3,1,9.8981,03-Jun-2023 23:00:00
NaN,"Clear",2023-06-03T23:30:00,17.1,19.9,83.68,"41.829742371733346, 12.468582121891949",0,0,1016.9,"16242099999,16239099999,16224099999,LIRA",19.9,10,228,7.3,1,0,03-Jun-2023 23:30:00
NaN,"Clear",2023-06-04T00:00:00,17,19.7,84.05,"41.829742371733346, 12.468582121891949",0,0,1016.1,"16242099999,16239099999,16224099999,LIRA",19.7,10,353,2.3,1,0,04-Jun-2023 00:00:00
NaN,"Clear",2023-06-04T00:30:00,17,19.7,84.05,"41.829742371733346, 12.468582121891949",0,0,1016.1,"16242099999,16239099999,16224099999,LIRA",19.7,10,353,2.3,1,48.5527,04-Jun-2023 00:30:00
30,"Partially cloudy",2023-06-04T01:00:00,16.9,18.8,88.74,"41.829742371733346, 12.468582121891949",0,0,1016.9,"16242099999,16239099999,16224099999,LIRA",18.8,10,34,2.4,1,55.6798,04-Jun-2023 01:00:00
30,"Partially cloudy",2023-06-04T01:30:00,16.9,18.8,88.74,"41.829742371733346, 12.468582121891949",0,0,1016.9,"16242099999,16239099999,16224099999,LIRA",18.8,10,34,2.4,1,127.079,04-Jun-2023 01:30:00
30,"Partially cloudy",2023-06-04T02:00:00,16.8,18.7,88.88,"41.829742371733346, 12.468582121891949",0,0,1016,"16242099999,16239099999,16224099999,LIRA",18.7,10,347,2.2,1,86.9519,04-Jun-2023 02:00:00
30,"Partially cloudy",2023-06-04T02:30:00,16.8,18.7,88.88,"41.829742371733346, 12.468582121891949",0,0,1016,"16242099999,16239099999,16224099999,LIRA",18.7,10,347,2.2,1,53.9519,04-Jun-2023 02:30:00
NaN,"Clear",2023-06-04T03:00:00,15.9,17.9,88.41,"41.829742371733346, 12.468582121891949",0,0,1015.9,"16245099999,16242099999,16239099999,16224099999,LIRA",17.9,10,40,2.6,1,70.2009,04-Jun-2023 03:00:00
NaN,"Clear",2023-06-04T03:30:00,15.9,17.9,88.41,"41.829742371733346, 12.468582121891949",0,0,1015.9,"16245099999,16242099999,16239099999,16224099999,LIRA",17.9,10,40,2.6,1,37.2009,04-Jun-2023 03:30:00
0,"Clear",2023-06-04T04:00:00,16,17,93.84,"41.829742371733346, 12.468582121891949",0,0,1015.9,"16242099999,16239099999,16224099999,LIRA",17,9.8,6,3.8,1,82.2063,04-Jun-2023 04:00:00
0,"Clear",2023-06-04T04:30:00,16,17,93.84,"41.829742371733346, 12.468582121891949",0,0,1015.9,"16242099999,16239099999,16224099999,LIRA",17,9.8,6,3.8,1,49.2063,04-Jun-2023 04:30:00
0,"Clear",2023-06-04T05:00:00,16,16.9,94.44,"41.829742371733346, 12.468582121891949",0,0,1015.9,"16242099999,16239099999,16224099999,LIRA",16.9,9.7,60,1.8,1,20.2479,04-Jun-2023 05:00:00
0,"Clear",2023-06-04T05:30:00,16,16.9,94.44,"41.829742371733346, 12.468582121891949",0,0,1015.9,"16242099999,16239099999,16224099999,LIRA",16.9,9.7,60,1.8,1,9.2479,04-Jun-2023 05:30:00
0,"Clear",2023-06-04T06:00:00,14.9,15.9,93.79,"41.829742371733346, 12.468582121891949",0,0,1015.9,"16242099999,16239099999,AT416,16224099999,LIRA",15.9,9.5,47,5.7,1,0,04-Jun-2023 06:00:00
0,"Clear",2023-06-04T06:30:00,14.9,15.9,93.79,"41.829742371733346, 12.468582121891949",0,0,1015.9,"16242099999,16239099999,AT416,16224099999,LIRA",15.9,9.5,47,5.7,1,0,04-Jun-2023 06:30:00
0,"Clear",2023-06-04T07:00:00,15.1,16.9,89.31,"41.829742371733346, 12.468582121891949",0,0,1015.9,"16242099999,16239099999,AT416,16224099999,LIRA",16.9,9.8,350,5.3,1,42.2266,04-Jun-2023 07:00:00
0,"Clear",2023-06-04T07:30:00,15.1,16.9,89.31,"41.829742371733346, 12.468582121891949",0,0,1015.9,"16242099999,16239099999,AT416,16224099999,LIRA",16.9,9.8,350,5.3,1,82.4358,04-Jun-2023 07:30:00
NaN,"Clear",2023-06-04T08:00:00,16.1,19,83.43,"41.829742371733346, 12.468582121891949",0,0,1016.1,"16242099999,16239099999,AT416,16224099999,LIRA",19,10,60,3.8,1,60.4358,04-Jun-2023 08:00:00
NaN,"Clear",2023-06-04T08:30:00,16.1,19,83.43,"41.829742371733346, 12.468582121891949",0,0,1016.1,"16242099999,16239099999,AT416,16224099999,LIRA",19,10,60,3.8,1,38.4358,04-Jun-2023 08:30:00
50,"Partially cloudy",2023-06-04T09:00:00,17,20.1,82.5,"41.829742371733346, 12.468582121891949",0,0,1016.9,"16242099999,16239099999,AT416,16224099999,LIRA",20.1,10,289,5.9,1,18.2092,04-Jun-2023 09:00:00
50,"Partially cloudy",2023-06-04T09:30:00,17,20.1,82.5,"41.829742371733346, 12.468582121891949",0,0,1016.9,"16242099999,16239099999,AT416,16224099999,LIRA",20.1,10,289,5.9,1,122.5092,04-Jun-2023 09:30:00
82.6,"Partially cloudy",2023-06-04T10:00:00,16.9,22,72.62,"41.829742371733346, 12.468582121891949",0,0,1016.9,"16242099999,16239099999,AT416,16224099999,LIRA",22,10,185,10.3,1,210.4461,04-Jun-2023 10:00:00
82.6,"Partially cloudy",2023-06-04T10:30:00,16.9,22,72.62,"41.829742371733346, 12.468582121891949",0,0,1016.9,"16242099999,16239099999,AT416,16224099999,LIRA",22,10,185,10.3,1,166.6606,04-Jun-2023 10:30:00
82.6,"Partially cloudy",2023-06-04T11:00:00,16.9,23,68.34,"41.829742371733346, 12.468582121891949",0,0,1016.9,"16242099999,16239099999,AT416,16224099999,LIRA",23,10,219,12,1,70.3829,04-Jun-2023 11:00:00
82.6,"Partially cloudy",2023-06-04T11:30:00,16.9,23,68.34,"41.829742371733346, 12.468582121891949",0,0,1016.9,"16242099999,16239099999,AT416,16224099999,LIRA",23,10,219,12,1,134.3807,04-Jun-2023 11:30:00
47.9,"Partially cloudy",2023-06-04T12:00:00,16.9,24,64.45,"41.829742371733346, 12.468582121891949",0,0,1016.9,"16242099999,16239099999,AT416,16224099999,LIRA",24,10,221,12.5,1,227.361,04-Jun-2023 12:00:00
47.9,"Partially cloudy",2023-06-04T12:30:00,16.9,24,64.45,"41.829742371733346, 12.468582121891949",0,0,1016.9,"16242099999,16239099999,AT416,16224099999,LIRA",24,10,221,12.5,1,242.3508,04-Jun-2023 12:30:00
50,"Partially cloudy",2023-06-04T13:00:00,16.1,24.8,58.2,"41.829742371733346, 12.468582121891949",0,0,1017,"16242099999,16239099999,AT416,16224099999,LIRA",24.8,10,209,16.3,1,158.4668,04-Jun-2023 13:00:00
50,"Partially cloudy",2023-06-04T13:30:00,16.1,24.8,58.2,"41.829742371733346, 12.468582121891949",0,0,1017,"16242099999,16239099999,AT416,16224099999,LIRA",24.8,10,209,16.3,1,137.7266,04-Jun-2023 13:30:00
88.6,"Partially cloudy",2023-06-04T14:00:00,16.9,23.8,65.12,"41.829742371733346, 12.468582121891949",0,0,1016.9,"16242099999,16239099999,AT416,16224099999,LIRA",23.8,10,246,16.7,1,190.2858,04-Jun-2023 14:00:00
88.6,"Partially cloudy",2023-06-04T14:30:00,16.9,23.8,65.12,"41.829742371733346, 12.468582121891949",0,0,1016.9,"16242099999,16239099999,AT416,16224099999,LIRA",23.8,10,246,16.7,1,111.2697,04-Jun-2023 14:30:00
88.6,"Partially cloudy",2023-06-04T15:00:00,16,23,64.54,"41.829742371733346, 12.468582121891949",0,0,1016.9,"16242099999,16239099999,AT416,16224099999,LIRA",23,10,229,14.9,1,47.5264,04-Jun-2023 15:00:00
88.6,"Partially cloudy",2023-06-04T15:30:00,16,23,64.54,"41.829742371733346, 12.468582121891949",0,0,1016.9,"16242099999,16239099999,AT416,16224099999,LIRA",23,10,229,14.9,1,7.599,04-Jun-2023 15:30:00
92.8,"Overcast",2023-06-04T16:00:00,15.3,22.9,62.31,"41.829742371733346, 12.468582121891949",0,0,1017,"16242099999,16239099999,AT416,16224099999,LIRA",22.9,10,238,16.5,1,84.5091,04-Jun-2023 16:00:00
92.8,"Overcast",2023-06-04T16:30:00,15.3,22.9,62.31,"41.829742371733346, 12.468582121891949",0,0,1017,"16242099999,16239099999,AT416,16224099999,LIRA",22.9,10,238,16.5,1,98.9694,04-Jun-2023 16:30:00
47.9,"Partially cloudy",2023-06-04T17:00:00,16,21.9,69,"41.829742371733346, 12.468582121891949",0,0,1016.9,"16242099999,16239099999,AT416,16224099999,LIRA",21.9,10,241,7.8,1,80.6059,04-Jun-2023 17:00:00
47.9,"Partially cloudy",2023-06-04T17:30:00,16,21.9,69,"41.829742371733346, 12.468582121891949",0,0,1016.9,"16242099999,16239099999,AT416,16224099999,LIRA",21.9,10,241,7.8,1,120.2173,04-Jun-2023 17:30:00
50,"Partially cloudy",2023-06-04T18:00:00,15.2,21.9,65.68,"41.829742371733346, 12.468582121891949",0,0,1016.1,"16242099999,16239099999,AT416,16224099999,LIRA",21.9,10,250,9.6,1,73.7866,04-Jun-2023 18:00:00
50,"Partially cloudy",2023-06-04T18:30:00,15.2,21.9,65.68,"41.829742371733346, 12.468582121891949",0,0,1016.1,"16242099999,16239099999,AT416,16224099999,LIRA",21.9,10,250,9.6,1,26.804,04-Jun-2023 18:30:00
50,"Partially cloudy",2023-06-04T19:00:00,16.1,21,73.38,"41.829742371733346, 12.468582121891949",0,0,1016.1,"16242099999,16239099999,AT416,16224099999,LIRA",21,10,249,11.1,1,48.6265,04-Jun-2023 19:00:00
50,"Partially cloudy",2023-06-04T19:30:00,16.1,21,73.38,"41.829742371733346, 12.468582121891949",0,0,1016.1,"16242099999,16239099999,AT416,16224099999,LIRA",21,10,249,11.1,1,71.7966,04-Jun-2023 19:30:00
50,"Partially cloudy",2023-06-04T20:00:00,16.2,20.9,74.31,"41.829742371733346, 12.468582121891949",0,0,1016,"16242099999,16239099999,AT416,16224099999,LIRA",20.9,10,247,5.3,1,42.326,04-Jun-2023 20:00:00
50,"Partially cloudy",2023-06-04T20:30:00,16.2,20.9,74.31,"41.829742371733346, 12.468582121891949",0,0,1016,"16242099999,16239099999,AT416,16224099999,LIRA",20.9,10,247,5.3,1,43.2277,04-Jun-2023 20:30:00
29,"Partially cloudy",2023-06-04T21:00:00,16.2,20.8,74.89,"41.829742371733346, 12.468582121891949",0,0,1016,"16242099999,16239099999,AT416,16224099999,LIRA",20.8,10,314,4,1,78.8634,04-Jun-2023 21:00:00
29,"Partially cloudy",2023-06-04T21:30:00,16.2,20.8,74.89,"41.829742371733346, 12.468582121891949",0,0,1016,"16242099999,16239099999,AT416,16224099999,LIRA",20.8,10,314,4,1,56.8634,04-Jun-2023 21:30:00
89.7,"Partially cloudy",2023-06-04T22:00:00,17.1,19.9,83.54,"41.829742371733346, 12.468582121891949",0,0,1015.9,"16242099999,16239099999,16224099999,LIRA",19.9,10,75,13.2,1,34.8634,04-Jun-2023 22:00:00
89.7,"Partially cloudy",2023-06-04T22:30:00,17.1,19.9,83.54,"41.829742371733346, 12.468582121891949",0,0,1015.9,"16242099999,16239099999,16224099999,LIRA",19.9,10,75,13.2,1,0,04-Jun-2023 22:30:00
NaN,"Clear",2023-06-04T23:00:00,16.1,19.9,78.53,"41.829742371733346, 12.468582121891949",0,0,1016,"16242099999,16239099999,16224099999,LIRA",19.9,10,66,10.4,1,0,04-Jun-2023 23:00:00
NaN,"Clear",2023-06-04T23:30:00,16.1,19.9,78.53,"41.829742371733346, 12.468582121891949",0,0,1016,"16242099999,16239099999,16224099999,LIRA",19.9,10,66,10.4,1,0,04-Jun-2023 23:30:00
NaN,"Clear",2023-06-05T00:00:00,16.2,19.8,79.53,"41.829742371733346, 12.468582121891949",0,0,1016.1,"16242099999,16239099999,16224099999,LIRA",19.8,10,340,3.7,0.00389105058365759,0,05-Jun-2023 00:00:00
NaN,"Clear",2023-06-05T00:30:00,16.2,19.8,79.53,"41.829742371733346, 12.468582121891949",0,0,1016.1,"16242099999,16239099999,16224099999,LIRA",19.8,10,340,3.7,0.00358259183019321,0,05-Jun-2023 00:30:00
NaN,"Clear",2023-06-05T01:00:00,16.1,19,83.43,"41.829742371733346, 12.468582121891949",0,0,1016,"16242099999,16239099999,16224099999,LIRA",19,10,264,3.8,0.00330130146563178,0,05-Jun-2023 01:00:00
NaN,"Clear",2023-06-05T01:30:00,16.1,19,83.43,"41.829742371733346, 12.468582121891949",0,0,1016,"16242099999,16239099999,16224099999,LIRA",19,10,264,3.8,0.00304455687221145,0,05-Jun-2023 01:30:00
NaN,"Rain",2023-06-05T02:00:00,16.1,19,83.43,"41.829742371733346, 12.468582121891949",0.013,100,1016,"16242099999,16239099999,16224099999,LIRA",19,10,252,5,0.00281000963752845,0,05-Jun-2023 02:00:00
NaN,"Rain",2023-06-05T02:30:00,16.1,19,83.43,"41.829742371733346, 12.468582121891949",0.013,100,1016,"16242099999,16239099999,16224099999,LIRA",19,10,252,5,0.00259555483376453,0,05-Jun-2023 02:30:00
50,"Partially cloudy",2023-06-05T03:00:00,17,19,88.18,"41.829742371733346, 12.468582121891949",0,0,1015.9,"16242099999,16239099999,16224099999,LIRA",19,10,172,7.3,0.00239930394670334,0,05-Jun-2023 03:00:00
50,"Partially cloudy",2023-06-05T03:30:00,17,19,88.18,"41.829742371733346, 12.468582121891949",0,0,1015.9,"16242099999,16239099999,16224099999,LIRA",19,10,172,7.3,0.00221956100842731,0,05-Jun-2023 03:30:00
84.6,"Partially cloudy",2023-06-05T04:00:00,16.1,18.1,87.95,"41.829742371733346, 12.468582121891949",0,0,1015.9,"16242099999,16239099999,16224099999,LIRA",18.1,5.5,196,20.3,0.00205480151670771,0,05-Jun-2023 04:00:00
84.6,"Partially cloudy",2023-06-05T04:30:00,16.1,18.1,87.95,"41.829742371733346, 12.468582121891949",0,0,1015.9,"16242099999,16239099999,16224099999,LIRA",18.1,5.5,196,20.3,0.00190365380917321,0,05-Jun-2023 04:30:00
84.6,"Partially cloudy",2023-06-05T05:00:00,16.1,18,88.82,"41.829742371733346, 12.468582121891949",0,0,1015.1,"16242099999,16239099999,16224099999,LIRA",18,9.8,160,10.4,0.00176488259784313,0,05-Jun-2023 05:00:00
84.6,"Partially cloudy",2023-06-05T05:30:00,16.1,18,88.82,"41.829742371733346, 12.468582121891949",0,0,1015.1,"16242099999,16239099999,16224099999,LIRA",18,9.8,160,10.4,0.00163737438533897,0,05-Jun-2023 05:30:00
84.6,"Partially cloudy",2023-06-05T06:00:00,16.2,17.1,94.61,"41.829742371733346, 12.468582121891949",0,0,1015,"E2310,16242099999,16239099999,16224099999,LIRA",17.1,9.9,28,9.8,0.00152012454369995,0,05-Jun-2023 06:00:00
84.6,"Partially cloudy",2023-06-05T06:30:00,16.2,17.1,94.61,"41.829742371733346, 12.468582121891949",0,0,1015,"E2310,16242099999,16239099999,16224099999,LIRA",17.1,9.9,28,9.8,0.00141222586070277,18.14,05-Jun-2023 06:30:00
79.4,"Partially cloudy",2023-06-05T07:00:00,16.3,17.2,94.22,"41.829742371733346, 12.468582121891949",0,0,1015.8,"16242099999,16239099999,AT416,16224099999,16234099999",17.2,4.8,29,7.5,0.00131285836619029,7.14,05-Jun-2023 07:00:00
79.4,"Partially cloudy",2023-06-05T07:30:00,16.3,17.2,94.22,"41.829742371733346, 12.468582121891949",0,0,1015.8,"16242099999,16239099999,AT416,16224099999,16234099999",17.2,4.8,29,7.5,0.00122128029312546,44.6761,05-Jun-2023 07:30:00
80.1,"Rain, Partially cloudy",2023-06-05T08:00:00,16.3,17.3,93.85,"41.829742371733346, 12.468582121891949",9.5,100,1015.8,"16242099999,16239099999,AT416,16224099999,16234099999",17.3,7.8,159,9.2,0.00113682004336725,136.9279,05-Jun-2023 08:00:00
80.1,"Rain, Partially cloudy",2023-06-05T08:30:00,16.3,17.3,93.85,"41.829742371733346, 12.468582121891949",9.5,100,1015.8,"16242099999,16239099999,AT416,16224099999,16234099999",17.3,7.8,159,9.2,0.00105886903101134,101.0417,05-Jun-2023 08:30:00
77.4,"Partially cloudy",2023-06-05T09:00:00,15.7,17.9,86.73,"41.829742371733346, 12.468582121891949",0,0,1015.8,"16242099999,16239099999,AT416,16224099999,16234099999",17.9,9.1,166,12,0.000986875306398169,115.1766,05-Jun-2023 09:00:00
77.4,"Partially cloudy",2023-06-05T09:30:00,15.7,17.9,86.73,"41.829742371733346, 12.468582121891949",0,0,1015.8,"16242099999,16239099999,AT416,16224099999,16234099999",17.9,9.1,166,12,0.000920337873611382,177.1322,05-Jun-2023 09:30:00
78.5,"Partially cloudy",2023-06-05T10:00:00,16.6,19.9,81.11,"41.829742371733346, 12.468582121891949",0,0,1015.9,"16242099999,16239099999,AT416,16224099999,16234099999",19.9,9.8,146,11.6,0.000858801614463482,143.2394,05-Jun-2023 10:00:00
78.5,"Partially cloudy",2023-06-05T10:30:00,16.6,19.9,81.11,"41.829742371733346, 12.468582121891949",0,0,1015.9,"16242099999,16239099999,AT416,16224099999,16234099999",19.9,9.8,146,11.6,0.000801852753943089,101.5167,05-Jun-2023 10:30:00
49.1,"Partially cloudy",2023-06-05T11:00:00,15.7,21.7,68.59,"41.829742371733346, 12.468582121891949",0,0,1015.8,"16242099999,16239099999,AT416,16224099999,16234099999",21.7,9.9,174,13.6,0.000749114808270508,216.2989,05-Jun-2023 11:00:00
49.1,"Partially cloudy",2023-06-05T11:30:00,15.7,21.7,68.59,"41.829742371733346, 12.468582121891949",0,0,1015.8,"16242099999,16239099999,AT416,16224099999,16234099999",21.7,9.9,174,13.6,0.000700244955472268,141.3883,05-Jun-2023 11:30:00
52.4,"Partially cloudy",2023-06-05T12:00:00,15.6,22,67.01,"41.829742371733346, 12.468582121891949",0,0,1015.8,"16242099999,16239099999,AT416,16224099999,16234099999",22,9.9,171,16.3,0.00065493078456103,225.8357,05-Jun-2023 12:00:00
52.4,"Partially cloudy",2023-06-05T12:30:00,15.6,22,67.01,"41.829742371733346, 12.468582121891949",0,0,1015.8,"16242099999,16239099999,AT416,16224099999,16234099999",22,9.9,171,16.3,0.000612887383315568,243.5853,05-Jun-2023 12:30:00
49.1,"Partially cloudy",2023-06-05T13:00:00,16.3,22.1,69.47,"41.829742371733346, 12.468582121891949",0,0,1015.8,"16242099999,16239099999,AT416,16224099999,16234099999",22.1,10,181,17,0.000573854722756968,352.395,05-Jun-2023 13:00:00
49.1,"Partially cloudy",2023-06-05T13:30:00,16.3,22.1,69.47,"41.829742371733346, 12.468582121891949",0,0,1015.8,"16242099999,16239099999,AT416,16224099999,16234099999",22.1,10,181,17,0.000537595308479068,347.0401,05-Jun-2023 13:30:00
45.5,"Rain, Partially cloudy",2023-06-05T14:00:00,15.9,22.9,64.58,"41.829742371733346, 12.468582121891949",0.725,100,1015.2,"16242099999,16239099999,AT416,16224099999,16234099999",22.9,10,183,20,0.000503892071454203,220.9663,05-Jun-2023 14:00:00
45.5,"Rain, Partially cloudy",2023-06-05T14:30:00,15.9,22.9,64.58,"41.829742371733346, 12.468582121891949",0.725,100,1015.2,"16242099999,16239099999,AT416,16224099999,16234099999",22.9,10,183,20,0.000472546468804433,157.8788,05-Jun-2023 14:30:00
44.3,"Partially cloudy",2023-06-05T15:00:00,16,24,60.93,"41.829742371733346, 12.468582121891949",0,0,1015.1,"16242099999,16239099999,AT416,16224099999,16234099999",24,10,196,17,0.000443376774136295,125.0013,05-Jun-2023 15:00:00
44.3,"Partially cloudy",2023-06-05T15:30:00,16,24,60.93,"41.829742371733346, 12.468582121891949",0,0,1015.1,"16242099999,16239099999,AT416,16224099999,16234099999",24,10,196,17,0.000416216538577099,137.5777,05-Jun-2023 15:30:00
50,"Partially cloudy",2023-06-05T16:00:00,15.6,23.2,62.24,"41.829742371733346, 12.468582121891949",0,0,1015.1,"16242099999,16239099999,AT416,16224099999,16234099999",23.2,10,203,18.4,0.000390913201525706,332.7256,05-Jun-2023 16:00:00
50,"Partially cloudy",2023-06-05T16:30:00,15.6,23.2,62.24,"41.829742371733346, 12.468582121891949",0,0,1015.1,"16242099999,16239099999,AT416,16224099999,16234099999",23.2,10,203,18.4,0.000367326837090181,374.3918,05-Jun-2023 16:30:00
50,"Partially cloudy",2023-06-05T17:00:00,16.3,23.6,63.66,"41.829742371733346, 12.468582121891949",0,0,1014.8,"16242099999,16239099999,AT416,16224099999,16234099999",23.6,10,197,18.7,0.000345329023135367,341.2498,05-Jun-2023 17:00:00
50,"Partially cloudy",2023-06-05T17:30:00,16.3,23.6,63.66,"41.829742371733346, 12.468582121891949",0,0,1014.8,"16242099999,16239099999,AT416,16224099999,16234099999",23.6,10,197,18.7,0.000324801817867493,323.3177,05-Jun-2023 17:30:00
50,"Partially cloudy",2023-06-05T18:00:00,16.1,23,65.04,"41.829742371733346, 12.468582121891949",0,0,1014.8,"16242099999,16239099999,AT416,16224099999,16234099999",23,10,224,15.6,0.000305636834260345,320.5631,05-Jun-2023 18:00:00
50,"Partially cloudy",2023-06-05T18:30:00,16.1,23,65.04,"41.829742371733346, 12.468582121891949",0,0,1014.8,"16242099999,16239099999,AT416,16224099999,16234099999",23,10,224,15.6,0.000287734403202329,162.3622,05-Jun-2023 18:30:00
74.9,"Partially cloudy",2023-06-05T19:00:00,16.2,22.1,69.52,"41.829742371733346, 12.468582121891949",0,0,1014.8,"16242099999,16239099999,AT416,16224099999,16234099999",22.1,10,208,14.5,0.000271002814433429,171.4813,05-Jun-2023 19:00:00
74.9,"Partially cloudy",2023-06-05T19:30:00,16.2,22.1,69.52,"41.829742371733346, 12.468582121891949",0,0,1014.8,"16242099999,16239099999,AT416,16224099999,16234099999",22.1,10,208,14.5,0.000255357628539042,127.9513,05-Jun-2023 19:30:00
74.9,"Partially cloudy",2023-06-05T20:00:00,16.5,21.3,74.09,"41.829742371733346, 12.468582121891949",0,0,1014.8,"16242099999,16239099999,AT416,16224099999,16234099999",21.3,10,221,13.9,0.000240721053603911,121.2891,05-Jun-2023 20:00:00
74.9,"Partially cloudy",2023-06-05T20:30:00,16.5,21.3,74.09,"41.829742371733346, 12.468582121891949",0,0,1014.8,"16242099999,16239099999,AT416,16224099999,16234099999",21.3,10,221,13.9,0.000227021378522339,88.7887,05-Jun-2023 20:30:00
47.9,"Partially cloudy",2023-06-05T21:00:00,16.9,20,82.35,"41.829742371733346, 12.468582121891949",0,0,1014.9,"16242099999,16239099999,AT416,16224099999,LIRA",20,10,214,7.7,0.00021419245826973,79.8765,05-Jun-2023 21:00:00
47.9,"Partially cloudy",2023-06-05T21:30:00,16.9,20,82.35,"41.829742371733346, 12.468582121891949",0,0,1014.9,"16242099999,16239099999,AT416,16224099999,LIRA",20,10,214,7.7,0.000202173246625989,27.1824,05-Jun-2023 21:30:00
29,"Partially cloudy",2023-06-05T22:00:00,16.2,20,78.68,"41.829742371733346, 12.468582121891949",0,0,1015.9,"16242099999,16239099999,16224099999,LIRA",20,10,198,7.3,0.000190907370434703,12.2299,05-Jun-2023 22:00:00
29,"Partially cloudy",2023-06-05T22:30:00,16.2,20,78.68,"41.829742371733346, 12.468582121891949",0,0,1015.9,"16242099999,16239099999,16224099999,LIRA",20,10,198,7.3,0.000180342742112995,1.2299,05-Jun-2023 22:30:00
26.9,"Partially cloudy",2023-06-05T23:00:00,16.2,19.9,79.17,"41.829742371733346, 12.468582121891949",0,0,1015.9,"16242099999,16239099999,16224099999,LIRA",19.9,10,115,5.6,0.000170431207218417,0,05-Jun-2023 23:00:00
26.9,"Partially cloudy",2023-06-05T23:30:00,16.2,19.9,79.17,"41.829742371733346, 12.468582121891949",0,0,1015.9,"16242099999,16239099999,16224099999,LIRA",19.9,10,115,5.6,0.00016112822265916,0,05-Jun-2023 23:30:00
50,"Partially cloudy",2023-06-06T00:00:00,15.9,19.8,78.15,"41.829742371733346, 12.468582121891949",0,0,1016,"16242099999,16239099999,16224099999,LIRA",19.8,10,111,5.9,0.000152392563242914,0,06-Jun-2023 00:00:00
50,"Partially cloudy",2023-06-06T00:30:00,15.9,19.8,78.15,"41.829742371733346, 12.468582121891949",0,0,1016,"16242099999,16239099999,16224099999,LIRA",19.8,10,111,5.9,0.000144186054293395,0,06-Jun-2023 00:30:00
84.6,"Partially cloudy",2023-06-06T01:00:00,16,19.6,79.64,"41.829742371733346, 12.468582121891949",0,0,1016,"16242099999,16239099999,16224099999,LIRA",19.6,10,90,3.2,0.000136473327011624,0,06-Jun-2023 01:00:00
84.6,"Partially cloudy",2023-06-06T01:30:00,16,19.6,79.64,"41.829742371733346, 12.468582121891949",0,0,1016,"16242099999,16239099999,16224099999,LIRA",19.6,10,90,3.2,0.000129221594962314,0,06-Jun-2023 01:30:00
82.6,"Rain, Partially cloudy",2023-06-06T02:00:00,16,18.8,83.94,"41.829742371733346, 12.468582121891949",2.992,100,1015.9,"16242099999,16239099999,16224099999,LIRA",18.8,10,267,3.7,0.000122400450064888,46.4227,06-Jun-2023 02:00:00
82.6,"Rain, Partially cloudy",2023-06-06T02:30:00,16,18.8,83.94,"41.829742371733346, 12.468582121891949",2.992,100,1015.9,"16242099999,16239099999,16224099999,LIRA",18.8,10,267,3.7,0.000115981675565129,35.4227,06-Jun-2023 02:30:00
88.6,"Partially cloudy",2023-06-06T03:00:00,16.9,17.9,94.04,"41.829742371733346, 12.468582121891949",0,0,1015.1,"16242099999,16239099999,16224099999,LIRA",17.9,10,350,5.2,0.000109939074848486,24.4227,06-Jun-2023 03:00:00
88.6,"Partially cloudy",2023-06-06T03:30:00,16.9,17.9,94.04,"41.829742371733346, 12.468582121891949",0,0,1015.1,"16242099999,16239099999,16224099999,LIRA",17.9,10,350,5.2,0.000104248314935513,13.4227,06-Jun-2023 03:30:00
88.6,"Partially cloudy",2023-06-06T04:00:00,16,17,93.84,"41.829742371733346, 12.468582121891949",0,0,1015.9,"16242099999,16239099999,16224099999,LIRA",17,10,210,13.3,9.88867827256171e-05,2.42270000000001,06-Jun-2023 04:00:00
88.6,"Partially cloudy",2023-06-06T04:30:00,16,17,93.84,"41.829742371733346, 12.468582121891949",0,0,1015.9,"16242099999,16239099999,16224099999,LIRA",17,10,210,13.3,9.38334531886464e-05,0,06-Jun-2023 04:30:00
88.6,"Partially cloudy",2023-06-06T05:00:00,15.1,17,88.74,"41.829742371733346, 12.468582121891949",0,0,1015.1,"16242099999,16239099999,16224099999,LIRA",17,10,80,3.7,8.90687686729706e-05,0,06-Jun-2023 05:00:00
88.6,"Partially cloudy",2023-06-06T05:30:00,15.1,17,88.74,"41.829742371733346, 12.468582121891949",0,0,1015.1,"16242099999,16239099999,16224099999,LIRA",17,10,80,3.7,8.45745278358668e-05,0,06-Jun-2023 05:30:00
88.6,"Partially cloudy",2023-06-06T06:00:00,15,15.9,94.4,"41.829742371733346, 12.468582121891949",0,0,1015.9,"16242099999,16239099999,AT416,16224099999,LIRA",15.9,10,355,5.2,8.03337836349009e-05,0,06-Jun-2023 06:00:00
88.6,"Partially cloudy",2023-06-06T06:30:00,15,15.9,94.4,"41.829742371733346, 12.468582121891949",0,0,1015.9,"16242099999,16239099999,AT416,16224099999,LIRA",15.9,10,355,5.2,7.63307497835422e-05,18.0828,06-Jun-2023 06:30:00
30,"Partially cloudy",2023-06-06T07:00:00,15.7,16.7,93.83,"41.829742371733346, 12.468582121891949",0,0,1015.8,"16242099999,16239099999,AT416,16224099999,16234099999",16.7,10,30,2.4,7.25507145070673e-05,7.0828,06-Jun-2023 07:00:00
30,"Partially cloudy",2023-06-06T07:30:00,15.7,16.7,93.83,"41.829742371733346, 12.468582121891949",0,0,1015.8,"16242099999,16239099999,AT416,16224099999,16234099999",16.7,10,30,2.4,6.89799612067916e-05,128.8897,06-Jun-2023 07:30:00
50,"Rain, Partially cloudy",2023-06-06T08:00:00,15.6,18.8,81.77,"41.829742371733346, 12.468582121891949",1.7,100,1015.8,"16242099999,16239099999,AT416,16224099999,16234099999",18.8,10,104,4.7,6.56056956042014e-05,184.8822,06-Jun-2023 08:00:00
50,"Rain, Partially cloudy",2023-06-06T08:30:00,15.6,18.8,81.77,"41.829742371733346, 12.468582121891949",1.7,100,1015.8,"16242099999,16239099999,AT416,16224099999,16234099999",18.8,10,104,4.7,6.24159784511007e-05,205.0734,06-Jun-2023 08:30:00
38,"Partially cloudy",2023-06-06T09:00:00,15.3,20.8,70.58,"41.829742371733346, 12.468582121891949",0,0,1016.1,"16242099999,16239099999,AT416,16224099999,16234099999",20.8,10,NaN,2.6,5.93996635339277e-05,423.1516,06-Jun-2023 09:00:00
38,"Partially cloudy",2023-06-06T09:30:00,15.3,20.8,70.58,"41.829742371733346, 12.468582121891949",0,0,1016.1,"16242099999,16239099999,AT416,16224099999,16234099999",20.8,10,NaN,2.6,5.65463406649975e-05,264.3911,06-Jun-2023 09:30:00
38,"Partially cloudy",2023-06-06T10:00:00,15.6,21.4,69.6,"41.829742371733346, 12.468582121891949",0,0,1015.8,"16242099999,16239099999,AT416,16224099999,16234099999",21.4,10,20,5,5.3846282937622e-05,251.8072,06-Jun-2023 10:00:00
38,"Partially cloudy",2023-06-06T10:30:00,15.6,21.4,69.6,"41.829742371733346, 12.468582121891949",0,0,1015.8,"16242099999,16239099999,AT416,16224099999,16234099999",21.4,10,20,5,5.12903980585223e-05,253.121,06-Jun-2023 10:30:00
43.7,"Partially cloudy",2023-06-06T11:00:00,15.7,22.9,63.71,"41.829742371733346, 12.468582121891949",0,0,1016.1,"16242099999,16239099999,AT416,16224099999,16234099999",22.9,10,265,8.8,4.88701835377629e-05,236.1108,06-Jun-2023 11:00:00
43.7,"Partially cloudy",2023-06-06T11:30:00,15.7,22.9,63.71,"41.829742371733346, 12.468582121891949",0,0,1016.1,"16242099999,16239099999,AT416,16224099999,16234099999",22.9,10,265,8.8,4.6577685159917e-05,324.3871,06-Jun-2023 11:30:00
43.7,"Partially cloudy",2023-06-06T12:00:00,15.2,23.6,59.25,"41.829742371733346, 12.468582121891949",0,0,1016.1,"16242099999,16239099999,AT416,16224099999,16234099999",23.6,10,213,11.8,4.44054586103832e-05,290.8294,06-Jun-2023 12:00:00
43.7,"Partially cloudy",2023-06-06T12:30:00,15.2,23.6,59.25,"41.829742371733346, 12.468582121891949",0,0,1016.1,"16242099999,16239099999,AT416,16224099999,16234099999",23.6,10,213,11.8,4.23465341003456e-05,321.1106,06-Jun-2023 12:30:00
45.5,"Partially cloudy",2023-06-06T13:00:00,15.8,23.9,60.79,"41.829742371733346, 12.468582121891949",0,0,1016.1,"16242099999,16239099999,AT416,16224099999,16234099999",23.9,10,214,14.6,4.03943835277984e-05,229.7236,06-Jun-2023 13:00:00
45.5,"Partially cloudy",2023-06-06T13:30:00,15.8,23.9,60.79,"41.829742371733346, 12.468582121891949",0,0,1016.1,"16242099999,16239099999,AT416,16224099999,16234099999",23.9,10,214,14.6,3.85428900914212e-05,303.6351,06-Jun-2023 13:30:00
50,"Partially cloudy",2023-06-06T14:00:00,15.8,24.1,59.56,"41.829742371733346, 12.468582121891949",0,0,1016.1,"16242099999,16239099999,AT416,16224099999,16234099999",24.1,10,216,18.1,3.67863202466129e-05,293.4211,06-Jun-2023 14:00:00
50,"Partially cloudy",2023-06-06T14:30:00,15.8,24.1,59.56,"41.829742371733346, 12.468582121891949",0,0,1016.1,"16242099999,16239099999,AT416,16224099999,16234099999",24.1,10,216,18.1,3.51192976298536e-05,122.0044,06-Jun-2023 14:30:00
45.5,"Partially cloudy",2023-06-06T15:00:00,15.4,23.3,61.24,"41.829742371733346, 12.468582121891949",0,0,1015.8,"16242099999,16239099999,AT416,16224099999,16234099999",23.3,10,253,14.8,3.35367788984514e-05,68.049,06-Jun-2023 15:00:00
45.5,"Partially cloudy",2023-06-06T15:30:00,15.4,23.3,61.24,"41.829742371733346, 12.468582121891949",0,0,1015.8,"16242099999,16239099999,AT416,16224099999,16234099999",23.3,10,253,14.8,3.2034031408184e-05,105.2281,06-Jun-2023 15:30:00
70.4,"Partially cloudy",2023-06-06T16:00:00,16.3,24.2,61.26,"41.829742371733346, 12.468582121891949",0,0,1016.1,"16242099999,16239099999,AT416,16224099999,16234099999",24.2,10,265,13.6,3.06066124247558e-05,281.7893,06-Jun-2023 16:00:00
70.4,"Partially cloudy",2023-06-06T16:30:00,16.3,24.2,61.26,"41.829742371733346, 12.468582121891949",0,0,1016.1,"16242099999,16239099999,AT416,16224099999,16234099999",24.2,10,265,13.6,2.92503498373941e-05,325.3017,06-Jun-2023 16:30:00
74,"Partially cloudy",2023-06-06T17:00:00,16.4,24.5,60.58,"41.829742371733346, 12.468582121891949",0,0,1016.1,"16242099999,16239099999,AT416,16224099999,16234099999",24.5,10,222,12.5,2.79613243211453e-05,336.3388,06-Jun-2023 17:00:00
74,"Partially cloudy",2023-06-06T17:30:00,16.4,24.5,60.58,"41.829742371733346, 12.468582121891949",0,0,1016.1,"16242099999,16239099999,AT416,16224099999,16234099999",24.5,10,222,12.5,2.67358526989876e-05,278.8541,06-Jun-2023 17:30:00
50,"Partially cloudy",2023-06-06T18:00:00,16.5,23.7,63.82,"41.829742371733346, 12.468582121891949",0,0,1015.8,"16242099999,16239099999,AT416,16224099999,16234099999",23.7,10,218,13,2.55704724869073e-05,319.1894,06-Jun-2023 18:00:00
50,"Partially cloudy",2023-06-06T18:30:00,16.5,23.7,63.82,"41.829742371733346, 12.468582121891949",0,0,1015.8,"16242099999,16239099999,AT416,16224099999,16234099999",23.7,10,218,13,2.44619275858972e-05,194.4367,06-Jun-2023 18:30:00
33.9,"Partially cloudy",2023-06-06T19:00:00,16.3,23.5,63.9,"41.829742371733346, 12.468582121891949",0,0,1015.8,"16242099999,16239099999,AT416,16224099999,16234099999",23.5,10,235,11.1,2.34071549159567e-05,51.0409,06-Jun-2023 19:00:00
33.9,"Partially cloudy",2023-06-06T19:30:00,16.3,23.5,63.9,"41.829742371733346, 12.468582121891949",0,0,1015.8,"16242099999,16239099999,AT416,16224099999,16234099999",23.5,10,235,11.1,2.24032719854584e-05,19.3269,06-Jun-2023 19:30:00
33.9,"Rain, Partially cloudy",2023-06-06T20:00:00,15.7,21.9,67.96,"41.829742371733346, 12.468582121891949",0.364,100,1015.8,"16242099999,16239099999,AT416,16224099999,16234099999",21.9,10,238,7.6,2.14475653723836e-05,8.3269,06-Jun-2023 20:00:00
33.9,"Rain, Partially cloudy",2023-06-06T20:30:00,15.7,21.9,67.96,"41.829742371733346, 12.468582121891949",0.364,100,1015.8,"16242099999,16239099999,AT416,16224099999,16234099999",21.9,10,238,7.6,2.05374799477517e-05,0,06-Jun-2023 20:30:00
26.6,"Partially cloudy",2023-06-06T21:00:00,16.2,20.9,74.31,"41.829742371733346, 12.468582121891949",0,0,1016.1,"16242099999,16239099999,AT416,16224099999,LIRA",20.9,10,226,5.5,1.96706088415276e-05,0,06-Jun-2023 21:00:00
26.6,"Partially cloudy",2023-06-06T21:30:00,16.2,20.9,74.31,"41.829742371733346, 12.468582121891949",0,0,1016.1,"16242099999,16239099999,AT416,16224099999,LIRA",20.9,10,226,5.5,1.88446841365182e-05,46.8061,06-Jun-2023 21:30:00
NaN,"Clear",2023-06-06T22:00:00,16.1,19.8,79.02,"41.829742371733346, 12.468582121891949",0,0,1016.9,"16242099999,16239099999,16224099999,LIRA",19.8,10,221,7.3,1.80575681490075e-05,0,06-Jun-2023 22:00:00
NaN,"Clear",2023-06-06T22:30:00,16.1,19.8,79.02,"41.829742371733346, 12.468582121891949",0,0,1016.9,"16242099999,16239099999,16224099999,LIRA",19.8,10,221,7.3,1.73072453009855e-05,0,06-Jun-2023 22:30:00
NaN,"Clear",2023-06-06T23:00:00,16.1,19.8,79.16,"41.829742371733346, 12.468582121891949",0,0,1017,"16242099999,16239099999,16224099999,LIRA",19.8,10,217,3.7,1.65918145759072e-05,0,06-Jun-2023 23:00:00
NaN,"Clear",2023-06-06T23:30:00,16.1,19.8,79.16,"41.829742371733346, 12.468582121891949",0,0,1017,"16242099999,16239099999,16224099999,LIRA",19.8,10,217,3.7,1.59094824397898e-05,0,06-Jun-2023 23:30:00
NaN,"Clear",2023-06-07T00:00:00,16.1,18.8,83.95,"41.829742371733346, 12.468582121891949",0,0,1017,"16242099999,16239099999,16224099999,LIRA",18.8,10,70,2.2,1.5258556235409e-05,19.0709,07-Jun-2023 00:00:00
NaN,"Clear",2023-06-07T00:30:00,16.1,18.8,83.95,"41.829742371733346, 12.468582121891949",0,0,1017,"16242099999,16239099999,16224099999,LIRA",18.8,10,70,2.2,1.46374380460648e-05,8.0709,07-Jun-2023 00:30:00
NaN,"Clear",2023-06-07T01:00:00,16.1,18.8,83.95,"41.829742371733346, 12.468582121891949",0,0,1017,"16242099999,16239099999,16224099999,LIRA",18.8,10,212,5.4,1.40446189295418e-05,17.7124,07-Jun-2023 01:00:00
NaN,"Clear",2023-06-07T01:30:00,16.1,18.8,83.95,"41.829742371733346, 12.468582121891949",0,0,1017,"16242099999,16239099999,16224099999,LIRA",18.8,10,212,5.4,1.3478673531749e-05,6.7124,07-Jun-2023 01:30:00
NaN,"Clear",2023-06-07T02:00:00,16,18.7,83.94,"41.829742371733346, 12.468582121891949",0,0,1016.9,"16242099999,16239099999,16224099999,LIRA",18.7,10,127,3.6,1.29382550796696e-05,0,07-Jun-2023 02:00:00
NaN,"Clear",2023-06-07T02:30:00,16,18.7,83.94,"41.829742371733346, 12.468582121891949",0,0,1016.9,"16242099999,16239099999,16224099999,LIRA",18.7,10,127,3.6,1.2422090669679e-05,0,07-Jun-2023 02:30:00
NaN,"Clear",2023-06-07T03:00:00,15.2,17.5,86.38,"41.829742371733346, 12.468582121891949",0,0,1016.7,"16245099999,16242099999,16239099999,16224099999",17.5,10,105,4.3,1.19289768616191e-05,0,07-Jun-2023 03:00:00
NaN,"Clear",2023-06-07T03:30:00,15.2,17.5,86.38,"41.829742371733346, 12.468582121891949",0,0,1016.7,"16245099999,16242099999,16239099999,16224099999",17.5,10,105,4.3,1.14577755804128e-05,0,07-Jun-2023 03:30:00
NaN,"Clear",2023-06-07T04:00:00,15.4,17.4,88.54,"41.829742371733346, 12.468582121891949",0,0,1016.1,"16245099999,16242099999,16239099999,16224099999",17.4,10,9,3,1.10074102540059e-05,0,07-Jun-2023 04:00:00
NaN,"Clear",2023-06-07T04:30:00,15.4,17.4,88.54,"41.829742371733346, 12.468582121891949",0,0,1016.1,"16245099999,16242099999,16239099999,16224099999",17.4,10,9,3,1.05768621983553e-05,0,07-Jun-2023 04:30:00
NaN,"Clear",2023-06-07T05:00:00,15,15.9,94.56,"41.829742371733346, 12.468582121891949",0,0,1016,"16242099999,16239099999,16224099999,LIRA",15.9,10,21,2.3,1.0165167252675e-05,0,07-Jun-2023 05:00:00
NaN,"Clear",2023-06-07T05:30:00,15,15.9,94.56,"41.829742371733346, 12.468582121891949",0,0,1016,"16242099999,16239099999,16224099999,LIRA",15.9,10,21,2.3,9.77141260427236e-06,11.7838,07-Jun-2023 05:30:00
NaN,"Clear",2023-06-07T06:00:00,14,16.7,84.4,"41.829742371733346, 12.468582121891949",0,0,1016.1,"16242099999,16239099999,AT416,16224099999,LIRA",16.7,10,72,3.8,9.39473381364161e-06,102.2486,07-Jun-2023 06:00:00
NaN,"Clear",2023-06-07T06:30:00,14,16.7,84.4,"41.829742371733346, 12.468582121891949",0,0,1016.1,"16242099999,16239099999,AT416,16224099999,LIRA",16.7,10,72,3.8,9.03431204392439e-06,132.5872,07-Jun-2023 06:30:00
NaN,"Clear",2023-06-07T07:00:00,15.2,16.7,90.51,"41.829742371733346, 12.468582121891949",0,0,1016.2,"16242099999,16239099999,AT416,16224099999,16234099999",16.7,10,56,6.5,8.68937144285059e-06,217.4754,07-Jun-2023 07:00:00
NaN,"Clear",2023-06-07T07:30:00,15.2,16.7,90.51,"41.829742371733346, 12.468582121891949",0,0,1016.2,"16242099999,16239099999,AT416,16224099999,16234099999",16.7,10,56,6.5,8.35917668751988e-06,202.81,07-Jun-2023 07:30:00
90,"Partially cloudy",2023-06-07T08:00:00,16.1,18.6,85.39,"41.829742371733346, 12.468582121891949",0,0,1016.8,"16242099999,16239099999,AT416,16224099999,16234099999",18.6,9.4,13,8.1,8.04303069665262e-06,249.8382,07-Jun-2023 08:00:00
90,"Partially cloudy",2023-06-07T08:30:00,16.1,18.6,85.39,"41.829742371733346, 12.468582121891949",0,0,1016.8,"16242099999,16239099999,AT416,16224099999,16234099999",18.6,9.4,13,8.1,7.74027246576902e-06,354.3078,07-Jun-2023 08:30:00
30,"Partially cloudy",2023-06-07T09:00:00,15.8,19.8,77.89,"41.829742371733346, 12.468582121891949",0,0,1016.8,"16242099999,16239099999,AT416,16224099999,16234099999",19.8,9.6,31,8.2,7.45027503518747e-06,332.8152,07-Jun-2023 09:00:00
30,"Partially cloudy",2023-06-07T09:30:00,15.8,19.8,77.89,"41.829742371733346, 12.468582121891949",0,0,1016.8,"16242099999,16239099999,AT416,16224099999,16234099999",19.8,9.6,31,8.2,7.17244359572157e-06,424.9382,07-Jun-2023 09:30:00
31.2,"Partially cloudy",2023-06-07T10:00:00,16.3,22.1,70,"41.829742371733346, 12.468582121891949",0,0,1016.8,"16242099999,16239099999,AT416,16224099999,16234099999",22.1,10,4,6.6,6.90621369370452e-06,497.4512,07-Jun-2023 10:00:00
31.2,"Partially cloudy",2023-06-07T10:30:00,16.3,22.1,70,"41.829742371733346, 12.468582121891949",0,0,1016.8,"16242099999,16239099999,AT416,16224099999,16234099999",22.1,10,4,6.6,6.65104954466777e-06,484.3086,07-Jun-2023 10:30:00
31.2,"Partially cloudy",2023-06-07T11:00:00,15.9,23.9,60.79,"41.829742371733346, 12.468582121891949",0,0,1016.1,"16242099999,16239099999,AT416,16224099999,16234099999",23.9,10,331,7.4,6.40644246061487e-06,321.7473,07-Jun-2023 11:00:00
31.2,"Partially cloudy",2023-06-07T11:30:00,15.9,23.9,60.79,"41.829742371733346, 12.468582121891949",0,0,1016.1,"16242099999,16239099999,AT416,16224099999,16234099999",23.9,10,331,7.4,6.17190935772365e-06,362.3783,07-Jun-2023 11:30:00
31.2,"Partially cloudy",2023-06-07T12:00:00,14.7,24.7,53.94,"41.829742371733346, 12.468582121891949",0,0,1016.1,"16242099999,16239099999,AT416,16224099999,16234099999",24.7,10,306,10.5,5.94699135319072e-06,360.511,07-Jun-2023 12:00:00
31.2,"Partially cloudy",2023-06-07T12:30:00,14.7,24.7,53.94,"41.829742371733346, 12.468582121891949",0,0,1016.1,"16242099999,16239099999,AT416,16224099999,16234099999",24.7,10,306,10.5,5.73125245609068e-06,259.227,07-Jun-2023 12:30:00
31.2,"Partially cloudy",2023-06-07T13:00:00,13.7,25.3,48.44,"41.829742371733346, 12.468582121891949",0,0,1016.1,"16242099999,16239099999,AT416,16224099999,16234099999",25.3,10,249,10,5.52427832349005e-06,205.0894,07-Jun-2023 13:00:00
31.2,"Partially cloudy",2023-06-07T13:30:00,13.7,25.3,48.44,"41.829742371733346, 12.468582121891949",0,0,1016.1,"16242099999,16239099999,AT416,16224099999,16234099999",25.3,10,249,10,5.3256750899011e-06,320.2389,07-Jun-2023 13:30:00
47.6,"Partially cloudy",2023-06-07T14:00:00,15.1,25.8,51.8,"41.829742371733346, 12.468582121891949",0,0,1016.1,"16242099999,16239099999,AT416,16224099999,16234099999",25.8,10,293,13.7,5.1350682747915e-06,300.4166,07-Jun-2023 14:00:00
47.6,"Partially cloudy",2023-06-07T14:30:00,15.1,25.8,51.8,"41.829742371733346, 12.468582121891949",0,0,1016.1,"16242099999,16239099999,AT416,16224099999,16234099999",25.8,10,293,13.7,4.9521017431362e-06,296.4956,07-Jun-2023 14:30:00
31.6,"Partially cloudy",2023-06-07T15:00:00,15.2,25.4,53.09,"41.829742371733346, 12.468582121891949",0,0,1015.1,"16242099999,16239099999,AT416,16224099999,16234099999",25.4,10,258,14.5,4.77643672647278e-06,300.9861,07-Jun-2023 15:00:00
31.6,"Partially cloudy",2023-06-07T15:30:00,15.2,25.4,53.09,"41.829742371733346, 12.468582121891949",0,0,1015.1,"16242099999,16239099999,AT416,16224099999,16234099999",25.4,10,258,14.5,4.60775090896407e-06,217.0153,07-Jun-2023 15:30:00
31.6,"Partially cloudy",2023-06-07T16:00:00,16.2,24.7,59.17,"41.829742371733346, 12.468582121891949",0,0,1015.1,"16242099999,16239099999,AT416,16224099999,16234099999",24.7,10,264,17,4.44573755665007e-06,250.2918,07-Jun-2023 16:00:00
31.6,"Partially cloudy",2023-06-07T16:30:00,16.2,24.7,59.17,"41.829742371733346, 12.468582121891949",0,0,1015.1,"16242099999,16239099999,AT416,16224099999,16234099999",24.7,10,264,17,4.29010469674648e-06,218.3988,07-Jun-2023 16:30:00
31.6,"Partially cloudy",2023-06-07T17:00:00,16.3,24.1,61.83,"41.829742371733346, 12.468582121891949",0,0,1015.1,"16242099999,16239099999,AT416,16224099999,16234099999",24.1,10,255,15.2,4.14057435124778e-06,146.3606,07-Jun-2023 17:00:00
31.6,"Partially cloudy",2023-06-07T17:30:00,16.3,24.1,61.83,"41.829742371733346, 12.468582121891949",0,0,1015.1,"16242099999,16239099999,AT416,16224099999,16234099999",24.1,10,255,15.2,3.99688180575249e-06,139.8034,07-Jun-2023 17:30:00
30,"Partially cloudy",2023-06-07T18:00:00,16.2,24.4,60.19,"41.829742371733346, 12.468582121891949",0,0,1015.1,"16242099999,16239099999,AT416,16224099999,16234099999",24.4,10,249,15.8,3.85877491979257e-06,153.4649,07-Jun-2023 18:00:00
30,"Partially cloudy",2023-06-07T18:30:00,16.2,24.4,60.19,"41.829742371733346, 12.468582121891949",0,0,1015.1,"16242099999,16239099999,AT416,16224099999,16234099999",24.4,10,249,15.8,3.72601348266193e-06,361.3851,07-Jun-2023 18:30:00
30,"Partially cloudy",2023-06-07T19:00:00,16.1,23.8,62.18,"41.829742371733346, 12.468582121891949",0,0,1014.8,"16242099999,16239099999,AT416,16224099999,16234099999",23.8,10,272,13.1,3.59836859801083e-06,377.0937,07-Jun-2023 19:00:00
30,"Partially cloudy",2023-06-07T19:30:00,16.1,23.8,62.18,"41.829742371733346, 12.468582121891949",0,0,1014.8,"16242099999,16239099999,AT416,16224099999,16234099999",23.8,10,272,13.1,3.47562210294688e-06,366.693,07-Jun-2023 19:30:00
30,"Partially cloudy",2023-06-07T20:00:00,16,23.1,64.42,"41.829742371733346, 12.468582121891949",0,0,1014.8,"16242099999,16239099999,AT416,16224099999,16234099999",23.1,10,263,11.2,3.35756602536888e-06,236.4959,07-Jun-2023 20:00:00
30,"Partially cloudy",2023-06-07T20:30:00,16,23.1,64.42,"41.829742371733346, 12.468582121891949",0,0,1014.8,"16242099999,16239099999,AT416,16224099999,16234099999",23.1,10,263,11.2,3.24400206482371e-06,147.2578,07-Jun-2023 20:30:00
NaN,"Clear",2023-06-07T21:00:00,16.1,21.1,73.25,"41.829742371733346, 12.468582121891949",0,0,1015.1,"16242099999,16239099999,AT416,16224099999,LIRA",21.1,10,254,7.8,3.13474110212276e-06,129.7992,07-Jun-2023 21:00:00
NaN,"Clear",2023-06-07T21:30:00,16.1,21.1,73.25,"41.829742371733346, 12.468582121891949",0,0,1015.1,"16242099999,16239099999,AT416,16224099999,LIRA",21.1,10,254,7.8,3.02960274117709e-06,46.9052,07-Jun-2023 21:30:00
NaN,"Clear",2023-06-07T22:00:00,16.9,20,82.35,"41.829742371733346, 12.468582121891949",0,0,1015.9,"16242099999,16239099999,16224099999,LIRA",20,10,253,5.6,2.92841487009028e-06,20.6482,07-Jun-2023 22:00:00
NaN,"Clear",2023-06-07T22:30:00,16.9,20,82.35,"41.829742371733346, 12.468582121891949",0,0,1015.9,"16242099999,16239099999,16224099999,LIRA",20,10,253,5.6,2.83101324627811e-06,9.6482,07-Jun-2023 22:30:00
NaN,"Clear",2023-06-07T23:00:00,17,20.8,79.02,"41.829742371733346, 12.468582121891949",0,0,1015.9,"16242099999,16239099999,16224099999,LIRA",20.8,10,208,5.4,2.73724110881533e-06,0,07-Jun-2023 23:00:00
NaN,"Clear",2023-06-07T23:30:00,17,20.8,79.02,"41.829742371733346, 12.468582121891949",0,0,1015.9,"16242099999,16239099999,16224099999,LIRA",20.8,10,208,5.4,2.64694880656316e-06,0,07-Jun-2023 23:30:00
NaN,"Clear",2023-06-08T00:00:00,17,19.8,83.92,"41.829742371733346, 12.468582121891949",0,0,1015.9,"16242099999,16239099999,16224099999,LIRA",19.8,10,127,7.2,2.55999344641678e-06,39.6419,08-Jun-2023 00:00:00
NaN,"Clear",2023-06-08T00:30:00,17,19.8,83.92,"41.829742371733346, 12.468582121891949",0,0,1015.9,"16242099999,16239099999,16224099999,LIRA",19.8,10,127,7.2,2.47623856462485e-06,37.8554,08-Jun-2023 00:30:00
30,"Partially cloudy",2023-06-08T01:00:00,16.1,19.8,79.02,"41.829742371733346, 12.468582121891949",0,0,1015.9,"16242099999,16239099999,16224099999,LIRA",19.8,10,101,3.8,2.3955538110509e-06,9.2135,08-Jun-2023 01:00:00
30,"Partially cloudy",2023-06-08T01:30:00,16.1,19.8,79.02,"41.829742371733346, 12.468582121891949",0,0,1015.9,"16242099999,16239099999,16224099999,LIRA",19.8,10,101,3.8,2.31781465032127e-06,45.6985,08-Jun-2023 01:30:00
30,"Partially cloudy",2023-06-08T02:00:00,16.1,18.9,83.95,"41.829742371733346, 12.468582121891949",0,0,1015.1,"16242099999,16239099999,16224099999,LIRA",18.9,10,180,5,2.2429020825773e-06,34.6985,08-Jun-2023 02:00:00
30,"Partially cloudy",2023-06-08T02:30:00,16.1,18.9,83.95,"41.829742371733346, 12.468582121891949",0,0,1015.1,"16242099999,16239099999,16224099999,LIRA",18.9,10,180,5,2.17070237484716e-06,23.6985,08-Jun-2023 02:30:00
NaN,"Clear",2023-06-08T03:00:00,16,18.6,84.47,"41.829742371733346, 12.468582121891949",0,0,1015,"16242099999,16239099999,16224099999,LIRA",18.6,10,136,5.3,2.10110680662243e-06,30.4824,08-Jun-2023 03:00:00
NaN,"Clear",2023-06-08T03:30:00,16,18.6,84.47,"41.829742371733346, 12.468582121891949",0,0,1015,"16242099999,16239099999,16224099999,LIRA",18.6,10,136,5.3,2.03401143213602e-06,8.4824,08-Jun-2023 03:30:00
NaN,"Clear",2023-06-08T04:00:00,16,18.7,84.08,"41.829742371733346, 12.468582121891949",0,0,1014.9,"16242099999,16239099999,16224099999,LIRA",18.7,10,140,5.2,1.96931685135807e-06,0,08-Jun-2023 04:00:00
NaN,"Clear",2023-06-08T04:30:00,16,18.7,84.08,"41.829742371733346, 12.468582121891949",0,0,1014.9,"16242099999,16239099999,16224099999,LIRA",18.7,10,140,5.2,1.90692799296636e-06,0,08-Jun-2023 04:30:00
NaN,"Clear",2023-06-08T05:00:00,16,18.6,84.62,"41.829742371733346, 12.468582121891949",0,0,1014.9,"16242099999,16239099999,16224099999,LIRA",18.6,10,137,5,1.84675391158223e-06,0,08-Jun-2023 05:00:00
NaN,"Clear",2023-06-08T05:30:00,16,18.6,84.62,"41.829742371733346, 12.468582121891949",0,0,1014.9,"16242099999,16239099999,16224099999,LIRA",18.6,10,137,5,1.78870759216443e-06,14.9012,08-Jun-2023 05:30:00
NaN,"Clear",2023-06-08T06:00:00,15,17.7,84.51,"41.829742371733346, 12.468582121891949",0,0,1014.9,"16242099999,16239099999,AT416,16224099999,LIRA",17.7,10,9,3.8,1.73270576451897e-06,19.1397,08-Jun-2023 06:00:00
NaN,"Clear",2023-06-08T06:30:00,15,17.7,84.51,"41.829742371733346, 12.468582121891949",0,0,1014.9,"16242099999,16239099999,AT416,16224099999,LIRA",17.7,10,9,3.8,1.67866873002492e-06,50.2352,08-Jun-2023 06:30:00
NaN,"Clear",2023-06-08T07:00:00,15.8,17.9,87.14,"41.829742371733346, 12.468582121891949",0,0,1014.8,"16242099999,16239099999,AT416,16224099999,16234099999",17.9,10,65,5,1.626520194237e-06,133.0474,08-Jun-2023 07:00:00
NaN,"Clear",2023-06-08T07:30:00,15.8,17.9,87.14,"41.829742371733346, 12.468582121891949",0,0,1014.8,"16242099999,16239099999,AT416,16224099999,16234099999",17.9,10,65,5,1.57618710805164e-06,205.0238,08-Jun-2023 07:30:00
0,"Clear",2023-06-08T08:00:00,16.7,19.5,84.01,"41.829742371733346, 12.468582121891949",0,0,1014.8,"16242099999,16239099999,AT416,16224099999,16234099999",19.5,10,38,5.4,1.52759951936026e-06,298.4764,08-Jun-2023 08:00:00
0,"Clear",2023-06-08T08:30:00,16.7,19.5,84.01,"41.829742371733346, 12.468582121891949",0,0,1014.8,"16242099999,16239099999,AT416,16224099999,16234099999",19.5,10,38,5.4,1.48069042952583e-06,409.6088,08-Jun-2023 08:30:00
6.4,"Clear",2023-06-08T09:00:00,16.9,21.1,76.82,"41.829742371733346, 12.468582121891949",0,0,1014.8,"16242099999,16239099999,AT416,16224099999,16234099999",21.1,10,337,5,1.4353956571234e-06,292.9569,08-Jun-2023 09:00:00
6.4,"Clear",2023-06-08T09:30:00,16.9,21.1,76.82,"41.829742371733346, 12.468582121891949",0,0,1014.8,"16242099999,16239099999,AT416,16224099999,16234099999",21.1,10,337,5,1.39165371070579e-06,274.4724,08-Jun-2023 09:30:00
24.5,"Partially cloudy",2023-06-08T10:00:00,16.9,23.1,68.01,"41.829742371733346, 12.468582121891949",0,0,1014.8,"16242099999,16239099999,AT416,16224099999,16234099999",23.1,10,240,3.7,1.34940566552545e-06,310.8076,08-Jun-2023 10:00:00
24.5,"Partially cloudy",2023-06-08T10:30:00,16.9,23.1,68.01,"41.829742371733346, 12.468582121891949",0,0,1014.8,"16242099999,16239099999,AT416,16224099999,16234099999",23.1,10,240,3.7,1.30859504643029e-06,260.0852,08-Jun-2023 10:30:00
31.2,"Partially cloudy",2023-06-08T11:00:00,16.9,24.6,62.08,"41.829742371733346, 12.468582121891949",0,0,1014.8,"16242099999,16239099999,AT416,16224099999,16234099999",24.6,10,286,6.8,1.26916771854502e-06,314.3202,08-Jun-2023 11:00:00
31.2,"Partially cloudy",2023-06-08T11:30:00,16.9,24.6,62.08,"41.829742371733346, 12.468582121891949",0,0,1014.8,"16242099999,16239099999,AT416,16224099999,16234099999",24.6,10,286,6.8,1.23107178119445e-06,323.4807,08-Jun-2023 11:30:00
36.9,"Partially cloudy",2023-06-08T12:00:00,16.3,24.9,58.89,"41.829742371733346, 12.468582121891949",0,0,1014.2,"16242099999,16239099999,AT416,16224099999,16234099999",24.9,10,221,9.9,1.19425746708432e-06,435.4975,08-Jun-2023 12:00:00
36.9,"Partially cloudy",2023-06-08T12:30:00,16.3,24.9,58.89,"41.829742371733346, 12.468582121891949",0,0,1014.2,"16242099999,16239099999,AT416,16224099999,16234099999",24.9,10,221,9.9,1.1586770482143e-06,331.164,08-Jun-2023 12:30:00
44.8,"Partially cloudy",2023-06-08T13:00:00,16.1,24.9,58.13,"41.829742371733346, 12.468582121891949",0,0,1014.9,"16242099999,16239099999,AT416,LIRA",24.9,10,250,12.1,1.12428474444406e-06,406.3341,08-Jun-2023 13:00:00
44.8,"Partially cloudy",2023-06-08T13:30:00,16.1,24.9,58.13,"41.829742371733346, 12.468582121891949",0,0,1014.9,"16242099999,16239099999,AT416,LIRA",24.9,10,250,12.1,1.09103663654486e-06,357.3851,08-Jun-2023 13:30:00
50,"Partially cloudy",2023-06-08T14:00:00,16.7,25.8,57.34,"41.829742371733346, 12.468582121891949",0,0,1014.1,"16242099999,16239099999,AT416,16224099999,16234099999",25.8,10,241,17,1.05889058508614e-06,350.0999,08-Jun-2023 14:00:00
50,"Partially cloudy",2023-06-08T14:30:00,16.7,25.8,57.34,"41.829742371733346, 12.468582121891949",0,0,1014.1,"16242099999,16239099999,AT416,16224099999,16234099999",25.8,10,241,17,1.02780615148919e-06,239.2553,08-Jun-2023 14:30:00
25,"Partially cloudy",2023-06-08T15:00:00,16,26,54.07,"41.829742371733346, 12.468582121891949",NaN,0,1014,"AT416,LIRA",26,10,230,14.8,9.97744522914975e-07,245.7153,08-Jun-2023 15:00:00
25,"Partially cloudy",2023-06-08T15:30:00,16,26,54.07,"41.829742371733346, 12.468582121891949",NaN,0,1014,"AT416,LIRA",26,10,230,14.8,9.68668442220651e-07,299.3388,08-Jun-2023 15:30:00
26.7,"Partially cloudy",2023-06-08T16:00:00,17.3,25.7,59.57,"41.829742371733346, 12.468582121891949",0,0,1013.9,"16245099999,AT416,16224099999,16234099999,LIRA",25.7,10,242,15.4,9.40542139682242e-07,277.7814,08-Jun-2023 16:00:00
26.7,"Partially cloudy",2023-06-08T16:30:00,17.3,25.7,59.57,"41.829742371733346, 12.468582121891949",0,0,1013.9,"16245099999,AT416,16224099999,16234099999,LIRA",25.7,10,242,15.4,9.13331268000543e-07,131.6349,08-Jun-2023 16:30:00
30,"Partially cloudy",2023-06-08T17:00:00,17,24.9,61.6,"41.829742371733346, 12.468582121891949",0,0,1013.1,"16242099999,16239099999,AT416,16224099999,16234099999",24.9,10,248,17,8.87002841719962e-07,162.7089,08-Jun-2023 17:00:00
30,"Partially cloudy",2023-06-08T17:30:00,17,24.9,61.6,"41.829742371733346, 12.468582121891949",0,0,1013.1,"16242099999,16239099999,AT416,16224099999,16234099999",24.9,10,248,17,8.61525178082429e-07,164.4613,08-Jun-2023 17:30:00
34.8,"Partially cloudy",2023-06-08T18:00:00,16.4,24.2,61.91,"41.829742371733346, 12.468582121891949",0,0,1013.1,"16242099999,16239099999,AT416,16224099999,16234099999",24.2,10,242,15.2,8.36867840697819e-07,129.2401,08-Jun-2023 18:00:00
34.8,"Partially cloudy",2023-06-08T18:30:00,16.4,24.2,61.91,"41.829742371733346, 12.468582121891949",0,0,1013.1,"16242099999,16239099999,AT416,16224099999,16234099999",24.2,10,242,15.2,8.1300158706479e-07,92.3357,08-Jun-2023 18:30:00
34.5,"Partially cloudy",2023-06-08T19:00:00,16.5,23.9,63.34,"41.829742371733346, 12.468582121891949",0,0,1013.1,"16242099999,16239099999,AT416,16224099999,16234099999",23.9,10,251,14.6,7.89898317253368e-07,48.2671,08-Jun-2023 19:00:00
34.5,"Partially cloudy",2023-06-08T19:30:00,16.5,23.9,63.34,"41.829742371733346, 12.468582121891949",0,0,1013.1,"16242099999,16239099999,AT416,16224099999,16234099999",23.9,10,251,14.6,7.67531025007813e-07,60.1843,08-Jun-2023 19:30:00
42.4,"Partially cloudy",2023-06-08T20:00:00,16.9,23,68.32,"41.829742371733346, 12.468582121891949",0,0,1013.1,"16242099999,16239099999,AT416,16224099999,16234099999",23,10,247,11.4,7.45873752216349e-07,76.4945,08-Jun-2023 20:00:00
42.4,"Partially cloudy",2023-06-08T20:30:00,16.9,23,68.32,"41.829742371733346, 12.468582121891949",0,0,1013.1,"16242099999,16239099999,AT416,16224099999,16234099999",23,10,247,11.4,7.2490154431698e-07,102.6047,08-Jun-2023 20:30:00
30,"Partially cloudy",2023-06-08T21:00:00,17.1,21,78.19,"41.829742371733346, 12.468582121891949",0,0,1013.9,"16242099999,16239099999,AT416,16224099999,LIRA",21,10,216,5.7,7.0459040778663e-07,69.6047,08-Jun-2023 21:00:00
30,"Partially cloudy",2023-06-08T21:30:00,17.1,21,78.19,"41.829742371733346, 12.468582121891949",0,0,1013.9,"16242099999,16239099999,AT416,16224099999,LIRA",21,10,216,5.7,6.84917270580546e-07,109.3534,08-Jun-2023 21:30:00
30,"Partially cloudy",2023-06-08T22:00:00,17.1,20.9,78.81,"41.829742371733346, 12.468582121891949",0,0,1013.9,"16242099999,16239099999,16224099999,LIRA",20.9,10,218,5,6.65859943321519e-07,76.3534,08-Jun-2023 22:00:00
30,"Partially cloudy",2023-06-08T22:30:00,17.1,20.9,78.81,"41.829742371733346, 12.468582121891949",0,0,1013.9,"16242099999,16239099999,16224099999,LIRA",20.9,10,218,5,6.47397082285415e-07,0,08-Jun-2023 22:30:00
30,"Partially cloudy",2023-06-08T23:00:00,17.1,19.9,83.54,"41.829742371733346, 12.468582121891949",0,0,1013.9,"16242099999,16239099999,16224099999,LIRA",19.9,10,245,3.5,6.29508154977212e-07,0,08-Jun-2023 23:00:00
30,"Partially cloudy",2023-06-08T23:30:00,17.1,19.9,83.54,"41.829742371733346, 12.468582121891949",0,0,1013.9,"16242099999,16239099999,16224099999,LIRA",19.9,10,245,3.5,6.12173406303272e-07,0,08-Jun-2023 23:30:00
30,"Partially cloudy",2023-06-09T00:00:00,17,19.9,83.54,"41.829742371733346, 12.468582121891949",0,0,1014,"16242099999,16239099999,16224099999,LIRA",19.9,10,122,2.3,5.95373826294923e-07,0,09-Jun-2023 00:00:00
30,"Partially cloudy",2023-06-09T00:30:00,17,19.9,83.54,"41.829742371733346, 12.468582121891949",0,0,1014,"16242099999,16239099999,16224099999,LIRA",19.9,10,122,2.3,5.79091120111324e-07,0,09-Jun-2023 00:30:00
NaN,"Clear",2023-06-09T01:00:00,16.1,19.7,79.65,"41.829742371733346, 12.468582121891949",0,0,1013.9,"16242099999,16239099999,16224099999,LIRA",19.7,10,135,5.6,5.63307678511946e-07,47.2253,09-Jun-2023 01:00:00
NaN,"Clear",2023-06-09T01:30:00,16.1,19.7,79.65,"41.829742371733346, 12.468582121891949",0,0,1013.9,"16242099999,16239099999,16224099999,LIRA",19.7,10,135,5.6,5.4800654967096e-07,83.3324,09-Jun-2023 01:30:00
NaN,"Clear",2023-06-09T02:00:00,16.1,18.9,84.1,"41.829742371733346, 12.468582121891949",0,0,1013.9,"16242099999,16239099999,16224099999,LIRA",18.9,10,100,5.6,5.33171413001032e-07,71.6654,09-Jun-2023 02:00:00
NaN,"Clear",2023-06-09T02:30:00,16.1,18.9,84.1,"41.829742371733346, 12.468582121891949",0,0,1013.9,"16242099999,16239099999,16224099999,LIRA",18.9,10,100,5.6,5.18786553342528e-07,38.6654,09-Jun-2023 02:30:00
NaN,"Clear",2023-06-09T03:00:00,16.1,18.8,84.1,"41.829742371733346, 12.468582121891949",0,0,1013,"16242099999,16239099999,16224099999,LIRA",18.8,10,152,5.4,5.04836836315299e-07,9.4525,09-Jun-2023 03:00:00
NaN,"Clear",2023-06-09T03:30:00,16.1,18.8,84.1,"41.829742371733346, 12.468582121891949",0,0,1013,"16242099999,16239099999,16224099999,LIRA",18.8,10,152,5.4,4.91307685445406e-07,0,09-Jun-2023 03:30:00
50,"Partially cloudy",2023-06-09T04:00:00,16.1,18.8,84.1,"41.829742371733346, 12.468582121891949",0,0,1013,"16242099999,16239099999,16224099999,LIRA",18.8,10,118,5.4,4.78185059571613e-07,0,09-Jun-2023 04:00:00
50,"Partially cloudy",2023-06-09T04:30:00,16.1,18.8,84.1,"41.829742371733346, 12.468582121891949",0,0,1013,"16242099999,16239099999,16224099999,LIRA",18.8,10,118,5.4,4.65455431260639e-07,0,09-Jun-2023 04:30:00
30,"Partially cloudy",2023-06-09T05:00:00,15.1,17.9,83.99,"41.829742371733346, 12.468582121891949",0,0,1013,"16242099999,16239099999,16224099999,LIRA",17.9,10,60,3.6,4.53105766793246e-07,0,09-Jun-2023 05:00:00
30,"Partially cloudy",2023-06-09T05:30:00,15.1,17.9,83.99,"41.829742371733346, 12.468582121891949",0,0,1013,"16242099999,16239099999,16224099999,LIRA",17.9,10,60,3.6,4.41123506359828e-07,34.9717,09-Jun-2023 05:30:00
30,"Partially cloudy",2023-06-09T06:00:00,14.2,17.8,79.53,"41.829742371733346, 12.468582121891949",0,0,1013.1,"16242099999,16239099999,AT416,16224099999,LIRA",17.8,10,98,3.7,4.29496545132638e-07,68.0512,09-Jun-2023 06:00:00
30,"Partially cloudy",2023-06-09T06:30:00,14.2,17.8,79.53,"41.829742371733346, 12.468582121891949",0,0,1013.1,"16242099999,16239099999,AT416,16224099999,LIRA",17.8,10,98,3.7,4.18213215730784e-07,51.1927,09-Jun-2023 06:30:00
NaN,"Clear",2023-06-09T07:00:00,15.5,17.8,86.72,"41.829742371733346, 12.468582121891949",0,0,1013.8,"16242099999,16239099999,AT416,16224099999,16234099999",17.8,10,34,3.8,4.07262270837265e-07,160.1874,09-Jun-2023 07:00:00
NaN,"Clear",2023-06-09T07:30:00,15.5,17.8,86.72,"41.829742371733346, 12.468582121891949",0,0,1013.8,"16242099999,16239099999,AT416,16224099999,16234099999",17.8,10,34,3.8,3.96632866578929e-07,268.2478,09-Jun-2023 07:30:00
30,"Rain, Partially cloudy",2023-06-09T08:00:00,16.4,20.6,76.87,"41.829742371733346, 12.468582121891949",0.012,100,1013.8,"16242099999,16239099999,AT416,16224099999,16234099999",20.6,9.9,69,6.2,3.86314547143598e-07,254.9335,09-Jun-2023 08:00:00
30,"Rain, Partially cloudy",2023-06-09T08:30:00,16.4,20.6,76.87,"41.829742371733346, 12.468582121891949",0.012,100,1013.8,"16242099999,16239099999,AT416,16224099999,16234099999",20.6,9.9,69,6.2,3.76297229502356e-07,362.6155,09-Jun-2023 08:30:00
34.3,"Partially cloudy",2023-06-09T09:00:00,17.2,21.5,76.3,"41.829742371733346, 12.468582121891949",0,0,1014.1,"16242099999,16239099999,AT416,16224099999,16234099999",21.5,9.9,43,5.2,3.66571188796757e-07,296.7611,09-Jun-2023 09:00:00
34.3,"Partially cloudy",2023-06-09T09:30:00,17.2,21.5,76.3,"41.829742371733346, 12.468582121891949",0,0,1014.1,"16242099999,16239099999,AT416,16224099999,16234099999",21.5,9.9,43,5.2,3.57127044826957e-07,171.7388,09-Jun-2023 09:30:00
50,"Partially cloudy",2023-06-09T10:00:00,16.4,23.1,65.89,"41.829742371733346, 12.468582121891949",0,0,1013.8,"16242099999,16239099999,AT416,16224099999,16234099999",23.1,9.9,166,4.8,3.4795574860691e-07,334.7908,09-Jun-2023 10:00:00
50,"Partially cloudy",2023-06-09T10:30:00,16.4,23.1,65.89,"41.829742371733346, 12.468582121891949",0,0,1013.8,"16242099999,16239099999,AT416,16224099999,16234099999",23.1,9.9,166,4.8,3.39048569499904e-07,314.8782,09-Jun-2023 10:30:00
35.7,"Partially cloudy",2023-06-09T11:00:00,16.9,23.8,65.03,"41.829742371733346, 12.468582121891949",0,0,1014.1,"16242099999,16239099999,AT416,16224099999,16234099999",23.8,10,217,8.3,3.30397083335499e-07,267.0161,09-Jun-2023 11:00:00
35.7,"Partially cloudy",2023-06-09T11:30:00,16.9,23.8,65.03,"41.829742371733346, 12.468582121891949",0,0,1014.1,"16242099999,16239099999,AT416,16224099999,16234099999",23.8,10,217,8.3,3.21993160562716e-07,485.0491,09-Jun-2023 11:30:00
48.2,"Partially cloudy",2023-06-09T12:00:00,16.8,24.1,63.83,"41.829742371733346, 12.468582121891949",0,0,1014.1,"16242099999,16239099999,AT416,16224099999,16234099999",24.1,10,262,10.1,3.13828954910462e-07,452.8366,09-Jun-2023 12:00:00
48.2,"Partially cloudy",2023-06-09T12:30:00,16.8,24.1,63.83,"41.829742371733346, 12.468582121891949",0,0,1014.1,"16242099999,16239099999,AT416,16224099999,16234099999",24.1,10,262,10.1,0.0416666666666661,273.5495,09-Jun-2023 12:30:00
68.5,"Partially cloudy",2023-06-09T13:00:00,15.9,25.7,54.94,"41.829742371733346, 12.468582121891949",0,0,1014.1,"16242099999,16239099999,AT416,16224099999,16234099999",25.7,10,222,11.6,0.0833333333333339,242.9416,09-Jun-2023 13:00:00
68.5,"Partially cloudy",2023-06-09T13:30:00,15.9,25.7,54.94,"41.829742371733346, 12.468582121891949",0,0,1014.1,"16242099999,16239099999,AT416,16224099999,16234099999",25.7,10,222,11.6,0.125,504.156,09-Jun-2023 13:30:00
70.4,"Partially cloudy",2023-06-09T14:00:00,17.1,25.1,61.01,"41.829742371733346, 12.468582121891949",0,0,1013.7,"16242099999,16239099999,AT416,16224099999,16234099999",25.1,10,220,13.6,0.166666666666666,537.1186,09-Jun-2023 14:00:00
70.4,"Partially cloudy",2023-06-09T14:30:00,17.1,25.1,61.01,"41.829742371733346, 12.468582121891949",0,0,1013.7,"16242099999,16239099999,AT416,16224099999,16234099999",25.1,10,220,13.6,0.208333333333334,392.4329,09-Jun-2023 14:30:00
32.4,"Partially cloudy",2023-06-09T15:00:00,16.2,25.2,57.38,"41.829742371733346, 12.468582121891949",0,0,1013.1,"16242099999,16239099999,AT416,16224099999,16234099999",25.2,10,196,9.4,0.25,349.1582,09-Jun-2023 15:00:00
32.4,"Partially cloudy",2023-06-09T15:30:00,16.2,25.2,57.38,"41.829742371733346, 12.468582121891949",0,0,1013.1,"16242099999,16239099999,AT416,16224099999,16234099999",25.2,10,196,9.4,0.291666666666666,302.2257,09-Jun-2023 15:30:00
30,"Partially cloudy",2023-06-09T16:00:00,17.1,25.9,58.59,"41.829742371733346, 12.468582121891949",0,0,1012.7,"16242099999,16239099999,AT416,16224099999,16234099999",25.9,10,231,11.8,0.333333333333334,189.5067,09-Jun-2023 16:00:00
30,"Partially cloudy",2023-06-09T16:30:00,17.1,25.9,58.59,"41.829742371733346, 12.468582121891949",0,0,1012.7,"16242099999,16239099999,AT416,16224099999,16234099999",25.9,10,231,11.8,0.375,216.2529,09-Jun-2023 16:30:00
46.1,"Partially cloudy",2023-06-09T17:00:00,17.1,24.3,64.42,"41.829742371733346, 12.468582121891949",0,0,1012.7,"16242099999,16239099999,AT416,16224099999,16234099999",24.3,10,226,19.7,0.416666666666666,318.5289,09-Jun-2023 17:00:00
46.1,"Partially cloudy",2023-06-09T17:30:00,17.1,24.3,64.42,"41.829742371733346, 12.468582121891949",0,0,1012.7,"16242099999,16239099999,AT416,16224099999,16234099999",24.3,10,226,19.7,0.458333333333334,197.5704,09-Jun-2023 17:30:00
31.8,"Partially cloudy",2023-06-09T18:00:00,18,23.5,71.41,"41.829742371733346, 12.468582121891949",0,0,1012.7,"16242099999,16239099999,AT416,16224099999,16234099999",23.5,10,219,18.4,0.5,195.9301,09-Jun-2023 18:00:00
31.8,"Partially cloudy",2023-06-09T18:30:00,18,23.5,71.41,"41.829742371733346, 12.468582121891949",0,0,1012.7,"16242099999,16239099999,AT416,16224099999,16234099999",23.5,10,219,18.4,0.541666666666666,139.5687,09-Jun-2023 18:30:00
31.8,"Partially cloudy",2023-06-09T19:00:00,17.7,23.3,70.63,"41.829742371733346, 12.468582121891949",0,0,1012.8,"16242099999,16239099999,AT416,16224099999,16234099999",23.3,10,227,15.2,0.583333333333334,92.0468,09-Jun-2023 19:00:00
31.8,"Partially cloudy",2023-06-09T19:30:00,17.7,23.3,70.63,"41.829742371733346, 12.468582121891949",0,0,1012.8,"16242099999,16239099999,AT416,16224099999,16234099999",23.3,10,227,15.2,0.625,39.9315,09-Jun-2023 19:30:00
30,"Partially cloudy",2023-06-09T20:00:00,18.1,22.3,76.87,"41.829742371733346, 12.468582121891949",0,0,1013.1,"16242099999,16239099999,AT416,16224099999,16234099999",22.3,10,220,10.7,0.666666666666666,48.6983,09-Jun-2023 20:00:00
30,"Partially cloudy",2023-06-09T20:30:00,18.1,22.3,76.87,"41.829742371733346, 12.468582121891949",0,0,1013.1,"16242099999,16239099999,AT416,16224099999,16234099999",22.3,10,220,10.7,0.708333333333334,112.2926,09-Jun-2023 20:30:00
26.9,"Partially cloudy",2023-06-09T21:00:00,18,21.2,82.11,"41.829742371733346, 12.468582121891949",0,0,1013.1,"16242099999,16239099999,AT416,16224099999,LIRA",21.2,10,231,5.9,0.75,40.0329,09-Jun-2023 21:00:00
26.9,"Partially cloudy",2023-06-09T21:30:00,18,21.2,82.11,"41.829742371733346, 12.468582121891949",0,0,1013.1,"16242099999,16239099999,AT416,16224099999,LIRA",21.2,10,231,5.9,0.791666666666666,18.0329,09-Jun-2023 21:30:00
50,"Partially cloudy",2023-06-09T22:00:00,17.2,21.1,78.69,"41.829742371733346, 12.468582121891949",0,0,1013.9,"16242099999,16239099999,16224099999,LIRA",21.1,10,230,3.6,0.833333333333334,4.69830000000001,09-Jun-2023 22:00:00
50,"Partially cloudy",2023-06-09T22:30:00,17.2,21.1,78.69,"41.829742371733346, 12.468582121891949",0,0,1013.9,"16242099999,16239099999,16224099999,LIRA",21.1,10,230,3.6,0.875,0,09-Jun-2023 22:30:00
30,"Partially cloudy",2023-06-09T23:00:00,18.1,21.1,83.14,"41.829742371733346, 12.468582121891949",0,0,1013.9,"16242099999,16239099999,16224099999,LIRA",21.1,10,220,3.6,0.916666666666666,0,09-Jun-2023 23:00:00
30,"Partially cloudy",2023-06-09T23:30:00,18.1,21.1,83.14,"41.829742371733346, 12.468582121891949",0,0,1013.9,"16242099999,16239099999,16224099999,LIRA",21.1,10,220,3.6,0.958333333333334,0,09-Jun-2023 23:30:00
50,"Partially cloudy",2023-06-10T00:00:00,17.2,21,79.18,"41.829742371733346, 12.468582121891949",0,0,1013.9,"16242099999,16239099999,16224099999,LIRA",21,10,240,3.6,1,114.6667,10-Jun-2023 00:00:00
50,"Partially cloudy",2023-06-10T00:30:00,17.2,21,79.18,"41.829742371733346, 12.468582121891949",0,0,1013.9,"16242099999,16239099999,16224099999,LIRA",21,10,240,3.6,1,81.6667,10-Jun-2023 00:30:00
44.8,"Partially cloudy",2023-06-10T01:00:00,18.1,20.9,83.8,"41.829742371733346, 12.468582121891949",0,0,1013.9,"16242099999,16239099999,16224099999,LIRA",20.9,10,329,3.6,1,287.915,10-Jun-2023 01:00:00
44.8,"Partially cloudy",2023-06-10T01:30:00,18.1,20.9,83.8,"41.829742371733346, 12.468582121891949",0,0,1013.9,"16242099999,16239099999,16224099999,LIRA",20.9,10,329,3.6,1,283.0783,10-Jun-2023 01:30:00
14.4,"Rain",2023-06-10T02:00:00,19.8,20.8,94.22,"41.829742371733346, 12.468582121891949",1,100,1013.2,"16245099999,16242099999,16224099999",20.8,10,16,4.1,1,223.5567,10-Jun-2023 02:00:00
14.4,"Rain",2023-06-10T02:30:00,19.8,20.8,94.22,"41.829742371733346, 12.468582121891949",1,100,1013.2,"16245099999,16242099999,16224099999",20.8,10,16,4.1,1,184.1199,10-Jun-2023 02:30:00
44.8,"Partially cloudy",2023-06-10T03:00:00,19,20,93.97,"41.829742371733346, 12.468582121891949",0,0,1013,"16242099999,16239099999,16224099999,LIRA",20,10,33,7.3,1,149.2636,10-Jun-2023 03:00:00
44.8,"Partially cloudy",2023-06-10T03:30:00,19,20,93.97,"41.829742371733346, 12.468582121891949",0,0,1013,"16242099999,16239099999,16224099999,LIRA",20,10,33,7.3,1,81.5674,10-Jun-2023 03:30:00
26.6,"Partially cloudy",2023-06-10T04:00:00,18.1,19.9,88.98,"41.829742371733346, 12.468582121891949",0,0,1012.9,"16242099999,16239099999,16224099999,LIRA",19.9,10,67,9.3,1,42.4041,10-Jun-2023 04:00:00
26.6,"Partially cloudy",2023-06-10T04:30:00,18.1,19.9,88.98,"41.829742371733346, 12.468582121891949",0,0,1012.9,"16242099999,16239099999,16224099999,LIRA",19.9,10,67,9.3,1,50.0807,10-Jun-2023 04:30:00
NaN,"Clear",2023-06-10T05:00:00,18,19,93.93,"41.829742371733346, 12.468582121891949",0,0,1012.1,"16242099999,16239099999,16224099999,LIRA",19,10,16,5.5,1,15.936,10-Jun-2023 05:00:00
NaN,"Clear",2023-06-10T05:30:00,18,19,93.93,"41.829742371733346, 12.468582121891949",0,0,1012.1,"16242099999,16239099999,16224099999,LIRA",19,10,16,5.5,1,0,10-Jun-2023 05:30:00
NaN,"Clear",2023-06-10T06:00:00,18,19,93.77,"41.829742371733346, 12.468582121891949",0,0,1012.1,"16242099999,16239099999,AT416,16224099999,LIRA",19,10,20,6.9,1,39.2446,10-Jun-2023 06:00:00
NaN,"Clear",2023-06-10T06:30:00,18,19,93.77,"41.829742371733346, 12.468582121891949",0,0,1012.1,"16242099999,16239099999,AT416,16224099999,LIRA",19,10,20,6.9,1,47.6144,10-Jun-2023 06:30:00
50,"Partially cloudy",2023-06-10T07:00:00,17.1,19,88.75,"41.829742371733346, 12.468582121891949",0,0,1012.1,"16242099999,16239099999,AT416,16224099999,LIRA",19,10,36,7.1,1,25.6144,10-Jun-2023 07:00:00
50,"Partially cloudy",2023-06-10T07:30:00,17.1,19,88.75,"41.829742371733346, 12.468582121891949",0,0,1012.1,"16242099999,16239099999,AT416,16224099999,LIRA",19,10,36,7.1,1,67.5672,10-Jun-2023 07:30:00
50,"Rain, Partially cloudy",2023-06-10T08:00:00,17.2,20,84.22,"41.829742371733346, 12.468582121891949",0.548,100,1012.1,"16242099999,16239099999,AT416,16224099999,LIRA",20,10,6,7.2,1,105.3273,10-Jun-2023 08:00:00
50,"Rain, Partially cloudy",2023-06-10T08:30:00,17.2,20,84.22,"41.829742371733346, 12.468582121891949",0.548,100,1012.1,"16242099999,16239099999,AT416,16224099999,LIRA",20,10,6,7.2,1,236.3483,10-Jun-2023 08:30:00
NaN,"Clear",2023-06-10T09:00:00,17.2,21.1,78.3,"41.829742371733346, 12.468582121891949",0,0,1012.1,"16242099999,16239099999,AT416,16224099999,LIRA",21.1,10,20,5.2,1,280.4975,10-Jun-2023 09:00:00
NaN,"Clear",2023-06-10T09:30:00,17.2,21.1,78.3,"41.829742371733346, 12.468582121891949",0,0,1012.1,"16242099999,16239099999,AT416,16224099999,LIRA",21.1,10,20,5.2,1,268.0472,10-Jun-2023 09:30:00
30,"Partially cloudy",2023-06-10T10:00:00,16,22.2,67.94,"41.829742371733346, 12.468582121891949",0,0,1012.9,"16242099999,16239099999,AT416,16224099999,LIRA",22.2,10,328,9.1,1,304.2445,10-Jun-2023 10:00:00
30,"Partially cloudy",2023-06-10T10:30:00,16,22.2,67.94,"41.829742371733346, 12.468582121891949",0,0,1012.9,"16242099999,16239099999,AT416,16224099999,LIRA",22.2,10,328,9.1,1,295.195,10-Jun-2023 10:30:00
50,"Partially cloudy",2023-06-10T11:00:00,16.9,24,64.41,"41.829742371733346, 12.468582121891949",0,0,1012.9,"16242099999,16239099999,AT416,16224099999,LIRA",24,10,280,4.7,1,295.53,10-Jun-2023 11:00:00
50,"Partially cloudy",2023-06-10T11:30:00,16.9,24,64.41,"41.829742371733346, 12.468582121891949",0,0,1012.9,"16242099999,16239099999,AT416,16224099999,LIRA",24,10,280,4.7,1,284.0648,10-Jun-2023 11:30:00
27.3,"Partially cloudy",2023-06-10T12:00:00,15.3,24.1,58.22,"41.829742371733346, 12.468582121891949",0,0,1012.9,"16242099999,16239099999,AT416,16224099999,LIRA",24.1,10,285,9.8,1,292.8074,10-Jun-2023 12:00:00
27.3,"Partially cloudy",2023-06-10T12:30:00,15.3,24.1,58.22,"41.829742371733346, 12.468582121891949",0,0,1012.9,"16242099999,16239099999,AT416,16224099999,LIRA",24.1,10,285,9.8,1,369.6289,10-Jun-2023 12:30:00
50,"Partially cloudy",2023-06-10T13:00:00,15.4,25.8,52.47,"41.829742371733346, 12.468582121891949",0,0,1012.1,"16242099999,16239099999,AT416,16224099999,LIRA",25.8,10,246,5.4,1,418.5153,10-Jun-2023 13:00:00
50,"Partially cloudy",2023-06-10T13:30:00,15.4,25.8,52.47,"41.829742371733346, 12.468582121891949",0,0,1012.1,"16242099999,16239099999,AT416,16224099999,LIRA",25.8,10,246,5.4,1,400.3235,10-Jun-2023 13:30:00
50,"Partially cloudy",2023-06-10T14:00:00,16.2,27.3,52.52,"41.829742371733346, 12.468582121891949",0,0,1011.9,"16242099999,16239099999,AT416,16224099999,LIRA",26.7,10,277,13.3,1,342.5201,10-Jun-2023 14:00:00
50,"Partially cloudy",2023-06-10T14:30:00,16.2,27.3,52.52,"41.829742371733346, 12.468582121891949",0,0,1011.9,"16242099999,16239099999,AT416,16224099999,LIRA",26.7,10,277,13.3,1,246.7406,10-Jun-2023 14:30:00
49.4,"Partially cloudy",2023-06-10T15:00:00,16.3,27.3,52.76,"41.829742371733346, 12.468582121891949",0,0,1011,"16242099999,16239099999,AT416,16224099999,LIRA",26.7,10,250,13.3,1,172.3181,10-Jun-2023 15:00:00
49.4,"Partially cloudy",2023-06-10T15:30:00,16.3,27.3,52.76,"41.829742371733346, 12.468582121891949",0,0,1011,"16242099999,16239099999,AT416,16224099999,LIRA",26.7,10,250,13.3,1,208.2045,10-Jun-2023 15:30:00
48,"Partially cloudy",2023-06-10T16:00:00,15.4,27.2,49.91,"41.829742371733346, 12.468582121891949",0,0,1010.9,"16242099999,16239099999,AT416,16224099999,LIRA",26.8,10,285,13.7,1,247.7921,10-Jun-2023 16:00:00
48,"Partially cloudy",2023-06-10T16:30:00,15.4,27.2,49.91,"41.829742371733346, 12.468582121891949",0,0,1010.9,"16242099999,16239099999,AT416,16224099999,LIRA",26.8,10,285,13.7,1,135.3709,10-Jun-2023 16:30:00
26.7,"Partially cloudy",2023-06-10T17:00:00,17.2,25.9,58.81,"41.829742371733346, 12.468582121891949",0,0,1010.9,"16242099999,16239099999,AT416,16224099999,LIRA",25.9,10,278,17.1,1,216.1531,10-Jun-2023 17:00:00
26.7,"Partially cloudy",2023-06-10T17:30:00,17.2,25.9,58.81,"41.829742371733346, 12.468582121891949",0,0,1010.9,"16242099999,16239099999,AT416,16224099999,LIRA",25.9,10,278,17.1,1,229.7982,10-Jun-2023 17:30:00
26.7,"Partially cloudy",2023-06-10T18:00:00,17.2,24.9,62.32,"41.829742371733346, 12.468582121891949",0,0,1010.9,"16242099999,16239099999,AT416,16224099999,LIRA",24.9,10,263,16.5,1,210.5232,10-Jun-2023 18:00:00
26.7,"Partially cloudy",2023-06-10T18:30:00,17.2,24.9,62.32,"41.829742371733346, 12.468582121891949",0,0,1010.9,"16242099999,16239099999,AT416,16224099999,LIRA",24.9,10,263,16.5,1,161.8914,10-Jun-2023 18:30:00
26.7,"Partially cloudy",2023-06-10T19:00:00,17.2,24.9,62.42,"41.829742371733346, 12.468582121891949",0,0,1010.9,"16242099999,16239099999,AT416,16224099999,LIRA",24.9,10,264,14.7,1,183.9027,10-Jun-2023 19:00:00
26.7,"Partially cloudy",2023-06-10T19:30:00,17.2,24.9,62.42,"41.829742371733346, 12.468582121891949",0,0,1010.9,"16242099999,16239099999,AT416,16224099999,LIRA",24.9,10,264,14.7,1,166.2969,10-Jun-2023 19:30:00
26.7,"Partially cloudy",2023-06-10T20:00:00,17.2,23.9,66.27,"41.829742371733346, 12.468582121891949",0,0,1010.9,"16242099999,16239099999,AT416,16224099999,LIRA",23.9,10,262,13.1,1,167.1723,10-Jun-2023 20:00:00
26.7,"Partially cloudy",2023-06-10T20:30:00,17.2,23.9,66.27,"41.829742371733346, 12.468582121891949",0,0,1010.9,"16242099999,16239099999,AT416,16224099999,LIRA",23.9,10,262,13.1,1,141.7418,10-Jun-2023 20:30:00
26.6,"Partially cloudy",2023-06-10T21:00:00,18.1,22,78.55,"41.829742371733346, 12.468582121891949",0,0,1011.1,"16242099999,16239099999,AT416,16224099999,LIRA",22,10,254,7.7,1,76.2416,10-Jun-2023 21:00:00
26.6,"Partially cloudy",2023-06-10T21:30:00,18.1,22,78.55,"41.829742371733346, 12.468582121891949",0,0,1011.1,"16242099999,16239099999,AT416,16224099999,LIRA",22,10,254,7.7,1,28.1318,10-Jun-2023 21:30:00
NaN,"Clear",2023-06-10T22:00:00,18,21.1,82.86,"41.829742371733346, 12.468582121891949",0,0,1011.1,"16242099999,16239099999,16224099999,LIRA",21.1,10,246,5.5,1,12.9764,10-Jun-2023 22:00:00
NaN,"Clear",2023-06-10T22:30:00,18,21.1,82.86,"41.829742371733346, 12.468582121891949",0,0,1011.1,"16242099999,16239099999,16224099999,LIRA",21.1,10,246,5.5,1,1.9764,10-Jun-2023 22:30:00
NaN,"Clear",2023-06-10T23:00:00,18,20.9,83.51,"41.829742371733346, 12.468582121891949",0,0,1011.9,"16242099999,16239099999,16224099999,LIRA",20.9,10,236,5.6,1,0,10-Jun-2023 23:00:00
NaN,"Clear",2023-06-10T23:30:00,18,20.9,83.51,"41.829742371733346, 12.468582121891949",0,0,1011.9,"16242099999,16239099999,16224099999,LIRA",20.9,10,236,5.6,1,0,10-Jun-2023 23:30:00
NaN,"Clear",2023-06-11T00:00:00,18.2,21,83.66,"41.829742371733346, 12.468582121891949",0,0,1011.9,"16242099999,16239099999,16224099999,LIRA",21,10,202,7.5,1,0,11-Jun-2023 00:00:00
NaN,"Clear",2023-06-11T00:30:00,18.2,21,83.66,"41.829742371733346, 12.468582121891949",0,0,1011.9,"16242099999,16239099999,16224099999,LIRA",21,10,202,7.5,1,87.5681,11-Jun-2023 00:30:00
NaN,"Clear",2023-06-11T01:00:00,18.1,20.8,84.17,"41.829742371733346, 12.468582121891949",0,0,1011.9,"16242099999,16239099999,16224099999,LIRA",20.8,10,207,5.4,1,203.6193,11-Jun-2023 01:00:00
NaN,"Clear",2023-06-11T01:30:00,18.1,20.8,84.17,"41.829742371733346, 12.468582121891949",0,0,1011.9,"16242099999,16239099999,16224099999,LIRA",20.8,10,207,5.4,1,204.46,11-Jun-2023 01:30:00
NaN,"Clear",2023-06-11T02:00:00,18,20.7,84.16,"41.829742371733346, 12.468582121891949",0,0,1011.1,"16242099999,16239099999,16224099999,LIRA",20.7,10,226,3.8,1,164.4744,11-Jun-2023 02:00:00
NaN,"Clear",2023-06-11T02:30:00,18,20.7,84.16,"41.829742371733346, 12.468582121891949",0,0,1011.1,"16242099999,16239099999,16224099999,LIRA",20.7,10,226,3.8,1,179.6124,11-Jun-2023 02:30:00
50,"Partially cloudy",2023-06-11T03:00:00,18.2,20,89.4,"41.829742371733346, 12.468582121891949",0,0,1011.1,"16245099999,16242099999,16239099999,16224099999",20,10,360,3.9,1,109.4431,11-Jun-2023 03:00:00
50,"Partially cloudy",2023-06-11T03:30:00,18.2,20,89.4,"41.829742371733346, 12.468582121891949",0,0,1011.1,"16245099999,16242099999,16239099999,16224099999",20,10,360,3.9,1,44.3775,11-Jun-2023 03:30:00
NaN,"Clear",2023-06-11T04:00:00,17,18.9,88.74,"41.829742371733346, 12.468582121891949",0,0,1010.9,"16242099999,16239099999,16224099999,LIRA",18.9,10,340,5.2,1,18.8898,11-Jun-2023 04:00:00
NaN,"Clear",2023-06-11T04:30:00,17,18.9,88.74,"41.829742371733346, 12.468582121891949",0,0,1010.9,"16242099999,16239099999,16224099999,LIRA",18.9,10,340,5.2,1,5.72440000000001,11-Jun-2023 04:30:00
NaN,"Clear",2023-06-11T05:00:00,16.9,18.8,88.88,"41.829742371733346, 12.468582121891949",0,0,1010.9,"16242099999,16239099999,16224099999,LIRA",18.8,10,358,5.4,1,0,11-Jun-2023 05:00:00
NaN,"Clear",2023-06-11T05:30:00,16.9,18.8,88.88,"41.829742371733346, 12.468582121891949",0,0,1010.9,"16242099999,16239099999,16224099999,LIRA",18.8,10,358,5.4,1,0,11-Jun-2023 05:30:00
NaN,"Clear",2023-06-11T06:00:00,16.1,18,88.82,"41.829742371733346, 12.468582121891949",0,0,1010.9,"16242099999,16239099999,AT416,16224099999,LIRA",18,10,31,7.5,1,0,11-Jun-2023 06:00:00
NaN,"Clear",2023-06-11T06:30:00,16.1,18,88.82,"41.829742371733346, 12.468582121891949",0,0,1010.9,"16242099999,16239099999,AT416,16224099999,LIRA",18,10,31,7.5,1,0,11-Jun-2023 06:30:00
NaN,"Clear",2023-06-11T07:00:00,16.2,19,83.97,"41.829742371733346, 12.468582121891949",0,0,1010.9,"16242099999,16239099999,AT416,16224099999,LIRA",19,10,20,5,1,0,11-Jun-2023 07:00:00
NaN,"Clear",2023-06-11T07:30:00,16.2,19,83.97,"41.829742371733346, 12.468582121891949",0,0,1010.9,"16242099999,16239099999,AT416,16224099999,LIRA",19,10,20,5,1,0,11-Jun-2023 07:30:00
NaN,"Clear",2023-06-11T08:00:00,16.2,20.2,77.93,"41.829742371733346, 12.468582121891949",0,0,1010.9,"16242099999,16239099999,AT416,16224099999,LIRA",20.2,10,25,8.9,1,0,11-Jun-2023 08:00:00
NaN,"Clear",2023-06-11T08:30:00,16.2,20.2,77.93,"41.829742371733346, 12.468582121891949",0,0,1010.9,"16242099999,16239099999,AT416,16224099999,LIRA",20.2,10,25,8.9,1,49.4372,11-Jun-2023 08:30:00
NaN,"Clear",2023-06-11T09:00:00,17.1,22.1,73.43,"41.829742371733346, 12.468582121891949",0,0,1011,"16242099999,16239099999,AT416,16224099999,LIRA",22.1,10,31,9.1,1,59.1512,11-Jun-2023 09:00:00
NaN,"Clear",2023-06-11T09:30:00,17.1,22.1,73.43,"41.829742371733346, 12.468582121891949",0,0,1011,"16242099999,16239099999,AT416,16224099999,LIRA",22.1,10,31,9.1,1,37.1512,11-Jun-2023 09:30:00
NaN,"Clear",2023-06-11T10:00:00,17.1,23.2,68.69,"41.829742371733346, 12.468582121891949",0,0,1011,"16242099999,16239099999,AT416,16224099999,LIRA",23.2,10,2,7.6,1,34.9361,11-Jun-2023 10:00:00
NaN,"Clear",2023-06-11T10:30:00,17.1,23.2,68.69,"41.829742371733346, 12.468582121891949",0,0,1011,"16242099999,16239099999,AT416,16224099999,LIRA",23.2,10,2,7.6,1,174.3023,11-Jun-2023 10:30:00
26.6,"Partially cloudy",2023-06-11T11:00:00,17.1,24.2,64.67,"41.829742371733346, 12.468582121891949",0,0,1010.9,"16242099999,16239099999,AT416,16224099999,LIRA",24.2,10,360,11.4,1,179.427,11-Jun-2023 11:00:00
26.6,"Partially cloudy",2023-06-11T11:30:00,17.1,24.2,64.67,"41.829742371733346, 12.468582121891949",0,0,1010.9,"16242099999,16239099999,AT416,16224099999,LIRA",24.2,10,360,11.4,1,334.664,11-Jun-2023 11:30:00
50,"Partially cloudy",2023-06-11T12:00:00,16.3,25.7,56.07,"41.829742371733346, 12.468582121891949",0,0,1011,"16242099999,16239099999,AT416,16224099999,LIRA",25.7,10,316,9.8,1,383.0488,11-Jun-2023 12:00:00
50,"Partially cloudy",2023-06-11T12:30:00,16.3,25.7,56.07,"41.829742371733346, 12.468582121891949",0,0,1011,"16242099999,16239099999,AT416,16224099999,LIRA",25.7,10,316,9.8,1,413.6326,11-Jun-2023 12:30:00
47.9,"Partially cloudy",2023-06-11T13:00:00,17.2,26,58.57,"41.829742371733346, 12.468582121891949",0,0,1010.9,"16242099999,16239099999,AT416,16224099999,LIRA",26,10,269,18.2,1,304.3644,11-Jun-2023 13:00:00
47.9,"Partially cloudy",2023-06-11T13:30:00,17.2,26,58.57,"41.829742371733346, 12.468582121891949",0,0,1010.9,"16242099999,16239099999,AT416,16224099999,LIRA",26,10,269,18.2,1,365.7317,11-Jun-2023 13:30:00
47.9,"Rain, Partially cloudy",2023-06-11T14:00:00,17.2,27.5,55.96,"41.829742371733346, 12.468582121891949",0.013,100,1010.1,"16242099999,16239099999,AT416,16224099999,LIRA",26.7,10,290,15.7,1,278.3465,11-Jun-2023 14:00:00
47.9,"Rain, Partially cloudy",2023-06-11T14:30:00,17.2,27.5,55.96,"41.829742371733346, 12.468582121891949",0.013,100,1010.1,"16242099999,16239099999,AT416,16224099999,LIRA",26.7,10,290,15.7,1,220.9468,11-Jun-2023 14:30:00
88.6,"Partially cloudy",2023-06-11T15:00:00,18.1,27.8,58.78,"41.829742371733346, 12.468582121891949",0,0,1010.1,"16242099999,16239099999,AT416,16224099999,LIRA",26.9,10,279,18.6,1,208.3188,11-Jun-2023 15:00:00
88.6,"Partially cloudy",2023-06-11T15:30:00,18.1,27.8,58.78,"41.829742371733346, 12.468582121891949",0,0,1010.1,"16242099999,16239099999,AT416,16224099999,LIRA",26.9,10,279,18.6,1,121.8926,11-Jun-2023 15:30:00
50,"Partially cloudy",2023-06-11T16:00:00,18,27.8,58.4,"41.829742371733346, 12.468582121891949",0,0,1010,"16242099999,16239099999,AT416,16224099999,LIRA",26.8,10,254,21.1,1,9.2096,11-Jun-2023 16:00:00
50,"Partially cloudy",2023-06-11T16:30:00,18,27.8,58.4,"41.829742371733346, 12.468582121891949",0,0,1010,"16242099999,16239099999,AT416,16224099999,LIRA",26.8,10,254,21.1,1,49.5029,11-Jun-2023 16:30:00
50,"Partially cloudy",2023-06-11T17:00:00,18.2,25.9,62.54,"41.829742371733346, 12.468582121891949",0,0,1010,"16242099999,16239099999,AT416,16224099999,LIRA",25.9,10,245,21.2,1,172.479,11-Jun-2023 17:00:00
50,"Partially cloudy",2023-06-11T17:30:00,18.2,25.9,62.54,"41.829742371733346, 12.468582121891949",0,0,1010,"16242099999,16239099999,AT416,16224099999,LIRA",25.9,10,245,21.2,1,189.5097,11-Jun-2023 17:30:00
50,"Partially cloudy",2023-06-11T18:00:00,18.2,25.9,62.54,"41.829742371733346, 12.468582121891949",0,0,1009.9,"16242099999,16239099999,AT416,16224099999,LIRA",25.9,10,272,21.2,1,170.8057,11-Jun-2023 18:00:00
50,"Partially cloudy",2023-06-11T18:30:00,18.2,25.9,62.54,"41.829742371733346, 12.468582121891949",0,0,1009.9,"16242099999,16239099999,AT416,16224099999,LIRA",25.9,10,272,21.2,1,144.3189,11-Jun-2023 18:30:00
88.6,"Partially cloudy",2023-06-11T19:00:00,15.5,23.2,61.95,"41.829742371733346, 12.468582121891949",0,0,1010.8,"16242099999,16239099999,AT416,16224099999,LIRA",23.2,10,87,28.2,1,70.8399,11-Jun-2023 19:00:00
88.6,"Partially cloudy",2023-06-11T19:30:00,15.5,23.2,61.95,"41.829742371733346, 12.468582121891949",0,0,1010.8,"16242099999,16239099999,AT416,16224099999,LIRA",23.2,10,87,28.2,1,50.5059,11-Jun-2023 19:30:00
84.6,"Rain, Partially cloudy",2023-06-11T20:00:00,16.4,20.5,77.44,"41.829742371733346, 12.468582121891949",1.369,100,1010.9,"16242099999,16239099999,AT416,16224099999,LIRA",20.5,10,69,6.4,1,48.5668,11-Jun-2023 20:00:00
84.6,"Rain, Partially cloudy",2023-06-11T20:30:00,16.4,20.5,77.44,"41.829742371733346, 12.468582121891949",1.369,100,1010.9,"16242099999,16239099999,AT416,16224099999,LIRA",20.5,10,69,6.4,1,181.0504,11-Jun-2023 20:30:00
88.8,"Partially cloudy",2023-06-11T21:00:00,17.1,20.3,81.72,"41.829742371733346, 12.468582121891949",0,0,1011,"16242099999,16239099999,AT416,16224099999,LIRA",20.3,10,63,8.7,1,149.2319,11-Jun-2023 21:00:00
88.8,"Partially cloudy",2023-06-11T21:30:00,17.1,20.3,81.72,"41.829742371733346, 12.468582121891949",0,0,1011,"16242099999,16239099999,AT416,16224099999,LIRA",20.3,10,63,8.7,1,105.927,11-Jun-2023 21:30:00
26.6,"Partially cloudy",2023-06-11T22:00:00,17.2,20.2,82.89,"41.829742371733346, 12.468582121891949",0,0,1010.9,"16242099999,16239099999,16224099999,LIRA",20.2,10,129,11.3,1,28.1733,11-Jun-2023 22:00:00
26.6,"Partially cloudy",2023-06-11T22:30:00,17.2,20.2,82.89,"41.829742371733346, 12.468582121891949",0,0,1010.9,"16242099999,16239099999,16224099999,LIRA",20.2,10,129,11.3,1,5.0129,11-Jun-2023 22:30:00
50,"Partially cloudy",2023-06-11T23:00:00,18.1,20,88.68,"41.829742371733346, 12.468582121891949",0,0,1011,"16242099999,16239099999,16224099999,LIRA",20,10,141,8,1,0,11-Jun-2023 23:00:00
50,"Partially cloudy",2023-06-11T23:30:00,18.1,20,88.68,"41.829742371733346, 12.468582121891949",0,0,1011,"16242099999,16239099999,16224099999,LIRA",20,10,141,8,1,0,11-Jun-2023 23:30:00
50,"Partially cloudy",2023-06-12T00:00:00,18,19.2,93.19,"41.829742371733346, 12.468582121891949",0,0,1011.1,"16242099999,16239099999,16224099999,LIRA",19.2,10,125,3.8,2.32305725857593e-08,0,12-Jun-2023 00:00:00
50,"Partially cloudy",2023-06-12T00:30:00,18,19.2,93.19,"41.829742371733346, 12.468582121891949",0,0,1011.1,"16242099999,16239099999,16224099999,LIRA",19.2,10,125,3.8,2.28048236538749e-08,0,12-Jun-2023 00:30:00
50,"Partially cloudy",2023-06-12T01:00:00,17.5,20.1,84.94,"41.829742371733346, 12.468582121891949",0,0,1010.9,"16245099999,16242099999,16239099999,16224099999",20.1,10,133,4.4,2.23878327180193e-08,14.881,12-Jun-2023 01:00:00
50,"Partially cloudy",2023-06-12T01:30:00,17.5,20.1,84.94,"41.829742371733346, 12.468582121891949",0,0,1010.9,"16245099999,16242099999,16239099999,16224099999",20.1,10,133,4.4,2.19794000540912e-08,45.8946,12-Jun-2023 01:30:00
NaN,"Rain",2023-06-12T02:00:00,17.1,19.8,84.06,"41.829742371733346, 12.468582121891949",0.684,100,1010.9,"16242099999,16239099999,16224099999,LIRA",19.8,10,27,3.9,2.15793309434857e-08,93.7201,12-Jun-2023 02:00:00
NaN,"Rain",2023-06-12T02:30:00,17.1,19.8,84.06,"41.829742371733346, 12.468582121891949",0.684,100,1010.9,"16242099999,16239099999,16224099999,LIRA",19.8,10,27,3.9,2.11874355297309e-08,60.7201,12-Jun-2023 02:30:00
50,"Partially cloudy",2023-06-12T03:00:00,18.2,19.4,92.86,"41.829742371733346, 12.468582121891949",0,0,1010.7,"16245099999,16242099999,16239099999,16224099999",19.4,10,47,4.5,2.08035286799761e-08,35.311,12-Jun-2023 03:00:00
50,"Partially cloudy",2023-06-12T03:30:00,18.2,19.4,92.86,"41.829742371733346, 12.468582121891949",0,0,1010.7,"16245099999,16242099999,16239099999,16224099999",19.4,10,47,4.5,2.04274298698587e-08,15.2974,12-Jun-2023 03:30:00
NaN,"Clear",2023-06-12T04:00:00,17,18.9,88.89,"41.829742371733346, 12.468582121891949",0,0,1010.9,"16242099999,16239099999,16224099999,LIRA",18.9,10,41,2.5,2.00589630522271e-08,4.2974,12-Jun-2023 04:00:00
NaN,"Clear",2023-06-12T04:30:00,17,18.9,88.89,"41.829742371733346, 12.468582121891949",0,0,1010.9,"16242099999,16239099999,16224099999,LIRA",18.9,10,41,2.5,1.96979565302909e-08,0,12-Jun-2023 04:30:00
NaN,"Clear",2023-06-12T05:00:00,17.1,18.9,89.46,"41.829742371733346, 12.468582121891949",0,0,1010.1,"16242099999,16239099999,16224099999,LIRA",18.9,10,42,9.3,1.93442428526302e-08,0,12-Jun-2023 05:00:00
NaN,"Clear",2023-06-12T05:30:00,17.1,18.9,89.46,"41.829742371733346, 12.468582121891949",0,0,1010.1,"16242099999,16239099999,16224099999,LIRA",18.9,10,42,9.3,1.89976586929094e-08,12.5989,12-Jun-2023 05:30:00
NaN,"Clear",2023-06-12T06:00:00,16.1,17.1,93.68,"41.829742371733346, 12.468582121891949",0,0,1010.1,"16242099999,16239099999,AT416,16224099999,LIRA",17.1,10,26,4.3,1.86580447336334e-08,44.0385,12-Jun-2023 06:00:00
NaN,"Clear",2023-06-12T06:30:00,16.1,17.1,93.68,"41.829742371733346, 12.468582121891949",0,0,1010.1,"16242099999,16239099999,AT416,16224099999,LIRA",17.1,10,26,4.3,1.83252455703556e-08,97.579,12-Jun-2023 06:30:00
NaN,"Clear",2023-06-12T07:00:00,17.1,18.2,93.71,"41.829742371733346, 12.468582121891949",0,0,1010.2,"16242099999,16239099999,AT416,16224099999,16234099999",18.2,10,25,5.9,1.79991096013921e-08,156.3672,12-Jun-2023 07:00:00
NaN,"Clear",2023-06-12T07:30:00,17.1,18.2,93.71,"41.829742371733346, 12.468582121891949",0,0,1010.2,"16242099999,16239099999,AT416,16224099999,16234099999",18.2,10,25,5.9,1.76794889212312e-08,129.1075,12-Jun-2023 07:30:00
NaN,"Rain",2023-06-12T08:00:00,17.2,20.1,83.67,"41.829742371733346, 12.468582121891949",0.018,100,1010.8,"16242099999,16239099999,AT416,16224099999,16234099999",20.1,10,15,8.1,1.73662392330885e-08,189.8279,12-Jun-2023 08:00:00
NaN,"Rain",2023-06-12T08:30:00,17.2,20.1,83.67,"41.829742371733346, 12.468582121891949",0.018,100,1010.8,"16242099999,16239099999,AT416,16224099999,16234099999",20.1,10,15,8.1,1.70592197477271e-08,125.343,12-Jun-2023 08:30:00
NaN,"Clear",2023-06-12T09:00:00,17.4,21.4,78.21,"41.829742371733346, 12.468582121891949",0,0,1010.8,"16242099999,16239099999,AT416,16224099999,16234099999",21.4,10,30,9.6,1.67582930856586e-08,480.9633,12-Jun-2023 09:00:00
NaN,"Clear",2023-06-12T09:30:00,17.4,21.4,78.21,"41.829742371733346, 12.468582121891949",0,0,1010.8,"16242099999,16239099999,AT416,16224099999,16234099999",21.4,10,30,9.6,1.64633251972766e-08,336.8705,12-Jun-2023 09:30:00
30,"Partially cloudy",2023-06-12T10:00:00,17,23.4,67.23,"41.829742371733346, 12.468582121891949",0,0,1010.8,"16242099999,16239099999,AT416,16224099999,16234099999",23.4,10,29,8.7,1.61741852699748e-08,311.0056,12-Jun-2023 10:00:00
30,"Partially cloudy",2023-06-12T10:30:00,17,23.4,67.23,"41.829742371733346, 12.468582121891949",0,0,1010.8,"16242099999,16239099999,AT416,16224099999,16234099999",23.4,10,29,8.7,1.58907456383587e-08,365.3686,12-Jun-2023 10:30:00
30,"Partially cloudy",2023-06-12T11:00:00,17.8,24.5,66.43,"41.829742371733346, 12.468582121891949",0,0,1010.8,"16242099999,16239099999,AT416,16224099999,16234099999",24.5,10,12,8.4,1.56128817112651e-08,255.4498,12-Jun-2023 11:00:00
30,"Partially cloudy",2023-06-12T11:30:00,17.8,24.5,66.43,"41.829742371733346, 12.468582121891949",0,0,1010.8,"16242099999,16239099999,AT416,16224099999,16234099999",24.5,10,12,8.4,1.53404718864452e-08,182.0174,12-Jun-2023 11:30:00
32.4,"Partially cloudy",2023-06-12T12:00:00,17,25.5,59.43,"41.829742371733346, 12.468582121891949",0,0,1010.8,"16242099999,16239099999,AT416,16224099999,16234099999",25.5,10,331,9.6,1.50733974680814e-08,252.3397,12-Jun-2023 12:00:00
32.4,"Partially cloudy",2023-06-12T12:30:00,17,25.5,59.43,"41.829742371733346, 12.468582121891949",0,0,1010.8,"16242099999,16239099999,AT416,16224099999,16234099999",25.5,10,331,9.6,1.48115426000661e-08,204.6257,12-Jun-2023 12:30:00
33.9,"Partially cloudy",2023-06-12T13:00:00,16.4,26,55.46,"41.829742371733346, 12.468582121891949",0,0,1010.2,"16242099999,16239099999,AT416,16224099999,16234099999",26,10,293,8.7,1.45547941875869e-08,205.4768,12-Jun-2023 13:00:00
33.9,"Partially cloudy",2023-06-12T13:30:00,16.4,26,55.46,"41.829742371733346, 12.468582121891949",0,0,1010.2,"16242099999,16239099999,AT416,16224099999,16234099999",26,10,293,8.7,1.4303041821309e-08,230.8666,12-Jun-2023 13:30:00
43.7,"Partially cloudy",2023-06-12T14:00:00,16.4,28,50.71,"41.829742371733346, 12.468582121891949",0,0,1010.2,"16242099999,16239099999,AT416,16224099999,16234099999",27.5,10,312,13.4,1.40561777163469e-08,155.3252,12-Jun-2023 14:00:00
43.7,"Partially cloudy",2023-06-12T14:30:00,16.4,28,50.71,"41.829742371733346, 12.468582121891949",0,0,1010.2,"16242099999,16239099999,AT416,16224099999,16234099999",27.5,10,312,13.4,1.38140966401507e-08,188.8553,12-Jun-2023 14:30:00
36.9,"Partially cloudy",2023-06-12T15:00:00,17.4,27.8,55.73,"41.829742371733346, 12.468582121891949",0,0,1009.1,"16242099999,16239099999,AT416,16224099999,16234099999",27,10,266,17.7,1.35766958427744e-08,208.6707,12-Jun-2023 15:00:00
36.9,"Partially cloudy",2023-06-12T15:30:00,17.4,27.8,55.73,"41.829742371733346, 12.468582121891949",0,0,1009.1,"16242099999,16239099999,AT416,16224099999,16234099999",27,10,266,17.7,1.33438750010286e-08,253.7703,12-Jun-2023 15:30:00
36.9,"Partially cloudy",2023-06-12T16:00:00,17.1,27.7,54.79,"41.829742371733346, 12.468582121891949",0,0,1009.7,"16242099999,16239099999,AT416,16224099999,16234099999",27,10,264,22.1,1.31155361521226e-08,275.8392,12-Jun-2023 16:00:00
36.9,"Partially cloudy",2023-06-12T16:30:00,17.1,27.7,54.79,"41.829742371733346, 12.468582121891949",0,0,1009.7,"16242099999,16239099999,AT416,16224099999,16234099999",27,10,264,22.1,1.28915836294928e-08,117.89,12-Jun-2023 16:30:00
44.4,"Partially cloudy",2023-06-12T17:00:00,17.2,27.7,55.23,"41.829742371733346, 12.468582121891949",0,0,1009.9,"16242099999,16239099999,AT416,16224099999,16234099999,LIRA",26.9,10,270,18.5,1.26719240116725e-08,57.0555,12-Jun-2023 17:00:00
44.4,"Partially cloudy",2023-06-12T17:30:00,17.2,27.7,55.23,"41.829742371733346, 12.468582121891949",0,0,1009.9,"16242099999,16239099999,AT416,16224099999,16234099999,LIRA",26.9,10,270,18.5,1.24564660611956e-08,154.5843,12-Jun-2023 17:30:00
38.7,"Partially cloudy",2023-06-12T18:00:00,16.5,25.5,57.55,"41.829742371733346, 12.468582121891949",0,0,1009.2,"16242099999,16239099999,AT416,16224099999,16234099999",25.5,9.5,267,18.2,1.22451206655076e-08,125.4679,12-Jun-2023 18:00:00
38.7,"Partially cloudy",2023-06-12T18:30:00,16.5,25.5,57.55,"41.829742371733346, 12.468582121891949",0,0,1009.2,"16242099999,16239099999,AT416,16224099999,16234099999",25.5,9.5,267,18.2,1.2037800790133e-08,214.9338,12-Jun-2023 18:30:00
74.9,"Partially cloudy",2023-06-12T19:00:00,16.7,20.3,79.79,"41.829742371733346, 12.468582121891949",0,0,1010.6,"16242099999,16239099999,AT416,16224099999,16234099999",20.3,5.5,52,13.8,1.18344214223911e-08,209.8333,12-Jun-2023 19:00:00
74.9,"Partially cloudy",2023-06-12T19:30:00,16.7,20.3,79.79,"41.829742371733346, 12.468582121891949",0,0,1010.6,"16242099999,16239099999,AT416,16224099999,16234099999",20.3,5.5,52,13.8,1.16348995169559e-08,185.0572,12-Jun-2023 19:30:00
59,"Rain, Partially cloudy",2023-06-12T20:00:00,17.4,20.9,80.52,"41.829742371733346, 12.468582121891949",15.947,100,1010.2,"16242099999,16239099999,AT416,16224099999,16234099999",20.9,10,159,12.3,1.14391539529414e-08,141.812,12-Jun-2023 20:00:00
59,"Rain, Partially cloudy",2023-06-12T20:30:00,17.4,20.9,80.52,"41.829742371733346, 12.468582121891949",15.947,100,1010.2,"16242099999,16239099999,AT416,16224099999,16234099999",20.9,10,159,12.3,1.12471054820203e-08,57.9305,12-Jun-2023 20:30:00
26.9,"Partially cloudy",2023-06-12T21:00:00,18.1,20.3,87.04,"41.829742371733346, 12.468582121891949",0,0,1009.9,"16242099999,16239099999,AT416,16224099999,LIRA",20.3,10,29,12.3,1.105867667824e-08,75.6241,12-Jun-2023 21:00:00
26.9,"Partially cloudy",2023-06-12T21:30:00,18.1,20.3,87.04,"41.829742371733346, 12.468582121891949",0,0,1009.9,"16242099999,16239099999,AT416,16224099999,LIRA",20.3,10,29,12.3,1.08737918986797e-08,53.0268,12-Jun-2023 21:30:00
26.6,"Partially cloudy",2023-06-12T22:00:00,17.8,20.2,85.93,"41.829742371733346, 12.468582121891949",0,0,1010.9,"16242099999,16239099999,16224099999,LIRA",20.2,10,88,8.2,1.06923772356019e-08,5.0492,12-Jun-2023 22:00:00
26.6,"Partially cloudy",2023-06-12T22:30:00,17.8,20.2,85.93,"41.829742371733346, 12.468582121891949",0,0,1010.9,"16242099999,16239099999,16224099999,LIRA",20.2,10,88,8.2,1.05143604701654e-08,0,12-Jun-2023 22:30:00
NaN,"Clear",2023-06-12T23:00:00,16.9,20.1,82.21,"41.829742371733346, 12.468582121891949",0,0,1010.1,"16242099999,16239099999,16224099999,LIRA",20.1,10,124,9.2,1.03396710363418e-08,0,12-Jun-2023 23:00:00
NaN,"Clear",2023-06-12T23:30:00,16.9,20.1,82.21,"41.829742371733346, 12.468582121891949",0,0,1010.1,"16242099999,16239099999,16224099999,LIRA",20.1,10,124,9.2,1.0168239976762e-08,0,12-Jun-2023 23:30:00
NaN,"Clear",2023-06-13T00:00:00,17,19.1,87.89,"41.829742371733346, 12.468582121891949",0,0,1010.1,"16242099999,16239099999,16224099999,LIRA",19.1,10,40,2.2,9.9999999e-09,66.7552,13-Jun-2023 00:00:00
NaN,"Clear",2023-06-13T00:30:00,17,19.1,87.89,"41.829742371733346, 12.468582121891949",0,0,1010.1,"16242099999,16239099999,16224099999,LIRA",19.1,10,40,2.2,9.83488494746525e-09,145.2746,13-Jun-2023 00:30:00
NaN,"Clear",2023-06-13T01:00:00,16.9,19,87.88,"41.829742371733346, 12.468582121891949",0,0,1010.1,"16242099999,16239099999,16224099999,LIRA",19,10,NaN,1.8,9.67283075263607e-09,154.0196,13-Jun-2023 01:00:00
NaN,"Clear",2023-06-13T01:30:00,16.9,19,87.88,"41.829742371733346, 12.468582121891949",0,0,1010.1,"16242099999,16239099999,16224099999,LIRA",19,10,NaN,1.8,9.51377440161766e-09,170.7506,13-Jun-2023 01:30:00
NaN,"Clear",2023-06-13T02:00:00,16.1,18.9,83.81,"41.829742371733346, 12.468582121891949",0,0,1010.1,"16242099999,16239099999,16224099999,LIRA",18.9,10,85,7.1,9.35765440275245e-09,104.7506,13-Jun-2023 02:00:00
NaN,"Clear",2023-06-13T02:30:00,16.1,18.9,83.81,"41.829742371733346, 12.468582121891949",0,0,1010.1,"16242099999,16239099999,16224099999,LIRA",18.9,10,85,7.1,9.20441064896039e-09,53.1581,13-Jun-2023 02:30:00
NaN,"Clear",2023-06-13T03:00:00,16.9,19,88.03,"41.829742371733346, 12.468582121891949",0,0,1009.9,"16242099999,16239099999,16224099999,LIRA",19,10,90,2.6,9.05398438130065e-09,5.85880000000001,13-Jun-2023 03:00:00
NaN,"Clear",2023-06-13T03:30:00,16.9,19,88.03,"41.829742371733346, 12.468582121891949",0,0,1009.9,"16242099999,16239099999,16224099999,LIRA",19,10,90,2.6,8.90631816106549e-09,0,13-Jun-2023 03:30:00
90,"Partially cloudy",2023-06-13T04:00:00,16.9,18,93.56,"41.829742371733346, 12.468582121891949",0,0,1010,"16242099999,16239099999,16224099999,LIRA",18,10,23,5.2,8.76135583497222e-09,0,13-Jun-2023 04:00:00
90,"Partially cloudy",2023-06-13T04:30:00,16.9,18,93.56,"41.829742371733346, 12.468582121891949",0,0,1010,"16242099999,16239099999,16224099999,LIRA",18,10,23,5.2,8.619042501482e-09,0,13-Jun-2023 04:30:00
NaN,"Clear",2023-06-13T05:00:00,16.9,18.1,92.97,"41.829742371733346, 12.468582121891949",0,0,1009.1,"16242099999,16239099999,16224099999,LIRA",18.1,10,41,12.8,8.47932448516415e-09,0,13-Jun-2023 05:00:00
NaN,"Clear",2023-06-13T05:30:00,16.9,18.1,92.97,"41.829742371733346, 12.468582121891949",0,0,1009.1,"16242099999,16239099999,16224099999,LIRA",18.1,10,41,12.8,8.34214930450692e-09,32.984,13-Jun-2023 05:30:00
30,"Partially cloudy",2023-06-13T06:00:00,16.1,17.2,92.93,"41.829742371733346, 12.468582121891949",0,0,1009.1,"16242099999,16239099999,AT416,16224099999,LIRA",17.2,10,80,4.2,8.20746564076842e-09,10.984,13-Jun-2023 06:00:00
30,"Partially cloudy",2023-06-13T06:30:00,16.1,17.2,92.93,"41.829742371733346, 12.468582121891949",0,0,1009.1,"16242099999,16239099999,AT416,16224099999,LIRA",17.2,10,80,4.2,8.07522331441766e-09,60.0325,13-Jun-2023 06:30:00
30,"Partially cloudy",2023-06-13T07:00:00,16.5,18.2,89.4,"41.829742371733346, 12.468582121891949",0,0,1009.2,"16242099999,16239099999,AT416,16224099999,16234099999",18.2,10,7,4.8,7.94537325535151e-09,182.3876,13-Jun-2023 07:00:00
30,"Partially cloudy",2023-06-13T07:30:00,16.5,18.2,89.4,"41.829742371733346, 12.468582121891949",0,0,1009.2,"16242099999,16239099999,AT416,16224099999,16234099999",18.2,10,7,4.8,7.81786747407255e-09,248.8316,13-Jun-2023 07:30:00
46.1,"Rain, Partially cloudy",2023-06-13T08:00:00,17.1,20.2,82.11,"41.829742371733346, 12.468582121891949",0.018,100,1010.2,"16242099999,16239099999,AT416,16224099999,16234099999",20.2,10,81,5.3,7.69265904003033e-09,262.5109,13-Jun-2023 08:00:00
46.1,"Rain, Partially cloudy",2023-06-13T08:30:00,17.1,20.2,82.11,"41.829742371733346, 12.468582121891949",0.018,100,1010.2,"16242099999,16239099999,AT416,16224099999,16234099999",20.2,10,81,5.3,7.56970205405061e-09,231.6345,13-Jun-2023 08:30:00
75.5,"Partially cloudy",2023-06-13T09:00:00,18.7,22.7,77.73,"41.829742371733346, 12.468582121891949",0,0,1010.2,"16242099999,16239099999,AT416,16224099999,16234099999",22.7,10,162,7.9,7.44895162165245e-09,239.2806,13-Jun-2023 09:00:00
75.5,"Partially cloudy",2023-06-13T09:30:00,18.7,22.7,77.73,"41.829742371733346, 12.468582121891949",0,0,1010.2,"16242099999,16239099999,AT416,16224099999,16234099999",22.7,10,162,7.9,7.33036383312931e-09,362.4821,13-Jun-2023 09:30:00
73.1,"Partially cloudy",2023-06-13T10:00:00,19,23.4,76.31,"41.829742371733346, 12.468582121891949",0,0,1009.8,"16242099999,16239099999,AT416,16224099999,16234099999",23.4,10,116,5.2,7.21389573801304e-09,354.3069,13-Jun-2023 10:00:00
73.1,"Partially cloudy",2023-06-13T10:30:00,19,23.4,76.31,"41.829742371733346, 12.468582121891949",0,0,1009.8,"16242099999,16239099999,AT416,16224099999,16234099999",23.4,10,116,5.2,7.09950532035905e-09,386.5899,13-Jun-2023 10:30:00
73.1,"Partially cloudy",2023-06-13T11:00:00,18.2,24.1,70.03,"41.829742371733346, 12.468582121891949",0,0,1009.8,"16242099999,16239099999,AT416,16224099999,16234099999",24.1,10,177,15.3,6.98715148042079e-09,380.8483,13-Jun-2023 11:00:00
73.1,"Partially cloudy",2023-06-13T11:30:00,18.2,24.1,70.03,"41.829742371733346, 12.468582121891949",0,0,1009.8,"16242099999,16239099999,AT416,16224099999,16234099999",24.1,10,177,15.3,6.87679401098649e-09,308.973,13-Jun-2023 11:30:00
74.9,"Partially cloudy",2023-06-13T12:00:00,18.4,23.1,75.24,"41.829742371733346, 12.468582121891949",0,0,1010.1,"16242099999,16239099999,AT416,16224099999,16234099999",23.1,9.7,191,20.6,6.76839357447572e-09,201.5281,13-Jun-2023 12:00:00
74.9,"Partially cloudy",2023-06-13T12:30:00,18.4,23.1,75.24,"41.829742371733346, 12.468582121891949",0,0,1010.1,"16242099999,16239099999,AT416,16224099999,16234099999",23.1,9.7,191,20.6,6.66191168607385e-09,130.9392,13-Jun-2023 12:30:00
77.3,"Partially cloudy",2023-06-13T13:00:00,18.6,21.9,81.78,"41.829742371733346, 12.468582121891949",0,0,1010.1,"16242099999,16239099999,AT416,16224099999,16234099999",21.9,9.5,280,12,6.55731069179334e-09,212.4948,13-Jun-2023 13:00:00
77.3,"Partially cloudy",2023-06-13T13:30:00,18.6,21.9,81.78,"41.829742371733346, 12.468582121891949",0,0,1010.1,"16242099999,16239099999,AT416,16224099999,16234099999",21.9,9.5,280,12,6.45455374723831e-09,281.2542,13-Jun-2023 13:30:00
56.1,"Rain, Partially cloudy",2023-06-13T14:00:00,18.8,22.7,78.85,"41.829742371733346, 12.468582121891949",1.351,100,1009.8,"16242099999,16239099999,AT416,16224099999,16234099999",22.7,9.8,189,12.5,6.35360480207745e-09,310.1207,13-Jun-2023 14:00:00
56.1,"Rain, Partially cloudy",2023-06-13T14:30:00,18.8,22.7,78.85,"41.829742371733346, 12.468582121891949",1.351,100,1009.8,"16242099999,16239099999,AT416,16224099999,16234099999",22.7,9.8,189,12.5,6.25442857969402e-09,240.8722,13-Jun-2023 14:30:00
82.1,"Partially cloudy",2023-06-13T15:00:00,18,23.8,70.32,"41.829742371733346, 12.468582121891949",0,0,1009.8,"16242099999,16239099999,AT416,16224099999,16234099999",23.8,10,195,9.9,6.15699055748737e-09,104.9984,13-Jun-2023 15:00:00
82.1,"Partially cloudy",2023-06-13T15:30:00,18,23.8,70.32,"41.829742371733346, 12.468582121891949",0,0,1009.8,"16242099999,16239099999,AT416,16224099999,16234099999",23.8,10,195,9.9,6.06125695257329e-09,138.4324,13-Jun-2023 15:30:00
83.9,"Partially cloudy",2023-06-13T16:00:00,19.7,23.2,81.11,"41.829742371733346, 12.468582121891949",0,0,1009.2,"16242099999,16239099999,AT416,16224099999,16234099999",23.2,10,67,13.5,5.96719470289844e-09,119.3108,13-Jun-2023 16:00:00
83.9,"Partially cloudy",2023-06-13T16:30:00,19.7,23.2,81.11,"41.829742371733346, 12.468582121891949",0,0,1009.2,"16242099999,16239099999,AT416,16224099999,16234099999",23.2,10,67,13.5,5.87477144895873e-09,143.9059,13-Jun-2023 16:30:00
83.9,"Partially cloudy",2023-06-13T17:00:00,18.9,23.3,76.23,"41.829742371733346, 12.468582121891949",0,0,1008.8,"16242099999,16239099999,AT416,16224099999,16234099999",23.3,10,77,13.6,5.78395552062573e-09,126.5431,13-Jun-2023 17:00:00
83.9,"Partially cloudy",2023-06-13T17:30:00,18.9,23.3,76.23,"41.829742371733346, 12.468582121891949",0,0,1008.8,"16242099999,16239099999,AT416,16224099999,16234099999",23.3,10,77,13.6,5.69471591961179e-09,260.4778,13-Jun-2023 17:30:00
87.6,"Partially cloudy",2023-06-13T18:00:00,17.5,23,71.26,"41.829742371733346, 12.468582121891949",0,0,1009,"16242099999,16239099999,AT416,16224099999,16234099999",23,9.5,102,15.6,5.6070223024951e-09,302.8892,13-Jun-2023 18:00:00
87.6,"Partially cloudy",2023-06-13T18:30:00,17.5,23,71.26,"41.829742371733346, 12.468582121891949",0,0,1009,"16242099999,16239099999,AT416,16224099999,16234099999",23,9.5,102,15.6,5.52084496857973e-09,245.8543,13-Jun-2023 18:30:00
74.9,"Partially cloudy",2023-06-13T19:00:00,17.7,20.1,86.3,"41.829742371733346, 12.468582121891949",0,0,1009.8,"16242099999,16239099999,AT416,16224099999,16234099999",20.1,9.6,80,19.3,5.43615484360695e-09,200.2185,13-Jun-2023 19:00:00
74.9,"Partially cloudy",2023-06-13T19:30:00,17.7,20.1,86.3,"41.829742371733346, 12.468582121891949",0,0,1009.8,"16242099999,16239099999,AT416,16224099999,16234099999",20.1,9.6,80,19.3,5.35292346398621e-09,265.6793,13-Jun-2023 19:30:00
74.9,"Rain, Partially cloudy",2023-06-13T20:00:00,14.8,20.8,68.48,"41.829742371733346, 12.468582121891949",3.565,100,1009.1,"16242099999,16239099999,AT416,16224099999,16234099999",20.8,10,105,18.3,5.27112296560414e-09,271.5618,13-Jun-2023 20:00:00
74.9,"Rain, Partially cloudy",2023-06-13T20:30:00,14.8,20.8,68.48,"41.829742371733346, 12.468582121891949",3.565,100,1009.1,"16242099999,16239099999,AT416,16224099999,16234099999",20.8,10,105,18.3,5.19072606868642e-09,164.4121,13-Jun-2023 20:30:00
84.6,"Partially cloudy",2023-06-13T21:00:00,16,21,72.91,"41.829742371733346, 12.468582121891949",0,0,1009.9,"E2310,16242099999,16239099999,16224099999,LIRA",21,10,180,5.6,5.11170606314205e-09,92.2149,13-Jun-2023 21:00:00
84.6,"Partially cloudy",2023-06-13T21:30:00,16,21,72.91,"41.829742371733346, 12.468582121891949",0,0,1009.9,"E2310,16242099999,16239099999,16224099999,LIRA",21,10,180,5.6,5.0340367982441e-09,35.5024,13-Jun-2023 21:30:00
88.8,"Partially cloudy",2023-06-13T22:00:00,16.9,19.1,86.93,"41.829742371733346, 12.468582121891949",0,0,1009.9,"16242099999,16239099999,16224099999,LIRA",19.1,8.2,79,3.4,4.95769266855425e-09,0,13-Jun-2023 22:00:00
88.8,"Partially cloudy",2023-06-13T22:30:00,16.9,19.1,86.93,"41.829742371733346, 12.468582121891949",0,0,1009.9,"16242099999,16239099999,16224099999,LIRA",19.1,8.2,79,3.4,4.88264860029535e-09,0,13-Jun-2023 22:30:00
84.6,"Partially cloudy",2023-06-13T23:00:00,16.1,17.2,93.25,"41.829742371733346, 12.468582121891949",0,0,1010.9,"16242099999,16239099999,16224099999,LIRA",17.2,5.3,138,9.6,4.80888004183335e-09,0,13-Jun-2023 23:00:00
84.6,"Partially cloudy",2023-06-13T23:30:00,16.1,17.2,93.25,"41.829742371733346, 12.468582121891949",0,0,1010.9,"16242099999,16239099999,16224099999,LIRA",17.2,5.3,138,9.6,4.73636295058371e-09,0,13-Jun-2023 23:30:00
84.6,"Partially cloudy",2023-06-14T00:00:00,16.1,18,88.82,"41.829742371733346, 12.468582121891949",0,0,1010.9,"16242099999,16239099999,16224099999,LIRA",18,9.6,145,10.8,4.66507378033442e-09,67.5086,14-Jun-2023 00:00:00
84.6,"Partially cloudy",2023-06-14T00:30:00,16.1,18,88.82,"41.829742371733346, 12.468582121891949",0,0,1010.9,"16242099999,16239099999,16224099999,LIRA",18,9.6,145,10.8,4.59498947246424e-09,96.5068,14-Jun-2023 00:30:00
82.6,"Partially cloudy",2023-06-14T01:00:00,17.1,18,94.48,"41.829742371733346, 12.468582121891949",0,0,1010.1,"16242099999,16239099999,16224099999,LIRA",18,10,89,14.3,4.52608744375708e-09,125.7913,14-Jun-2023 01:00:00
82.6,"Partially cloudy",2023-06-14T01:30:00,17.1,18,94.48,"41.829742371733346, 12.468582121891949",0,0,1010.1,"16242099999,16239099999,16224099999,LIRA",18,10,89,14.3,4.45834557460365e-09,81.7913,14-Jun-2023 01:30:00
47.9,"Rain, Partially cloudy",2023-06-14T02:00:00,17,18,93.88,"41.829742371733346, 12.468582121891949",8.858,100,1000.2,"16242099999,16239099999,16224099999,LIRA",18,10,137,7.7,4.39174220089694e-09,45.5252,14-Jun-2023 02:00:00
47.9,"Rain, Partially cloudy",2023-06-14T02:30:00,17,18,93.88,"41.829742371733346, 12.468582121891949",8.858,100,1000.2,"16242099999,16239099999,16224099999,LIRA",18,10,137,7.7,4.32625610268639e-09,20.1014,14-Jun-2023 02:30:00
NaN,"Clear",2023-06-14T03:00:00,16.1,17,94.44,"41.829742371733346, 12.468582121891949",0,0,1009.9,"16242099999,16239099999,16224099999,LIRA",17,10,330,2.1,4.26186649319234e-09,2.1032,14-Jun-2023 03:00:00
NaN,"Clear",2023-06-14T03:30:00,16.1,17,94.44,"41.829742371733346, 12.468582121891949",0,0,1009.9,"16242099999,16239099999,16224099999,LIRA",17,10,330,2.1,4.19855301132452e-09,41.9692,14-Jun-2023 03:30:00
0,"Clear",2023-06-14T04:00:00,17,17,99.83,"41.829742371733346, 12.468582121891949",0,0,1009.9,"16242099999,16239099999,16224099999,LIRA",17,8.2,36,3.8,4.13629571111338e-09,30.9692,14-Jun-2023 04:00:00
0,"Clear",2023-06-14T04:30:00,17,17,99.83,"41.829742371733346, 12.468582121891949",0,0,1009.9,"16242099999,16239099999,16224099999,LIRA",17,8.2,36,3.8,4.07507505147681e-09,19.9692,14-Jun-2023 04:30:00
NaN,"Clear",2023-06-14T05:00:00,17,17,99.83,"41.829742371733346, 12.468582121891949",0,0,1009,"16242099999,16239099999,16224099999,LIRA",17,10,116,5.6,4.01487188931191e-09,8.9692,14-Jun-2023 05:00:00
NaN,"Clear",2023-06-14T05:30:00,17,17,99.83,"41.829742371733346, 12.468582121891949",0,0,1009,"16242099999,16239099999,16224099999,LIRA",17,10,116,5.6,3.95566746964591e-09,14.3149,14-Jun-2023 05:30:00
8,"Clear",2023-06-14T06:00:00,16.1,17,94.28,"41.829742371733346, 12.468582121891949",0,0,1009.9,"16242099999,16239099999,AT416,16224099999,LIRA",17,10,91,2.4,3.89744341609939e-09,24.0861,14-Jun-2023 06:00:00
8,"Clear",2023-06-14T06:30:00,16.1,17,94.28,"41.829742371733346, 12.468582121891949",0,0,1009.9,"16242099999,16239099999,AT416,16224099999,LIRA",17,10,91,2.4,3.84018172450589e-09,85.9704,14-Jun-2023 06:30:00
50,"Partially cloudy",2023-06-14T07:00:00,16.9,17.9,93.52,"41.829742371733346, 12.468582121891949",0,0,1009.8,"16242099999,16239099999,AT416,16224099999,16234099999",17.9,10,100,3.5,3.78386475372926e-09,190.2509,14-Jun-2023 07:00:00
50,"Partially cloudy",2023-06-14T07:30:00,16.9,17.9,93.52,"41.829742371733346, 12.468582121891949",0,0,1009.8,"16242099999,16239099999,AT416,16224099999,16234099999",17.9,10,100,3.5,3.7284752167722e-09,269.5497,14-Jun-2023 07:30:00
45.7,"Rain, Partially cloudy",2023-06-14T08:00:00,17.8,19.6,89.16,"41.829742371733346, 12.468582121891949",0.091,100,1009.8,"16242099999,16239099999,AT416,16224099999,16234099999",19.6,10,80,4.6,3.67399617488183e-09,431.7324,14-Jun-2023 08:00:00
45.7,"Rain, Partially cloudy",2023-06-14T08:30:00,17.8,19.6,89.16,"41.829742371733346, 12.468582121891949",0.091,100,1009.8,"16242099999,16239099999,AT416,16224099999,16234099999",19.6,10,80,4.6,3.62041102898482e-09,472.9697,14-Jun-2023 08:30:00
50,"Partially cloudy",2023-06-14T09:00:00,17.8,21.1,81.37,"41.829742371733346, 12.468582121891949",0,0,1009.8,"16242099999,16239099999,AT416,16224099999,16234099999",21.1,10,27,6.4,3.5677035113938e-09,316.0336,14-Jun-2023 09:00:00
50,"Partially cloudy",2023-06-14T09:30:00,17.8,21.1,81.37,"41.829742371733346, 12.468582121891949",0,0,1009.8,"16242099999,16239099999,AT416,16224099999,16234099999",21.1,10,27,6.4,3.51585768036075e-09,400.4914,14-Jun-2023 09:30:00
43.7,"Partially cloudy",2023-06-14T10:00:00,18.6,23.7,73.3,"41.829742371733346, 12.468582121891949",0,0,1009.9,"16242099999,16239099999,AT416,16224099999,16234099999",23.7,10,97,4.8,3.46485791208483e-09,365.9702,14-Jun-2023 10:00:00
43.7,"Partially cloudy",2023-06-14T10:30:00,18.6,23.7,73.3,"41.829742371733346, 12.468582121891949",0,0,1009.9,"16242099999,16239099999,AT416,16224099999,16234099999",23.7,10,97,4.8,3.41468889297314e-09,373.1409,14-Jun-2023 10:30:00
74.9,"Partially cloudy",2023-06-14T11:00:00,18.3,23.8,71.61,"41.829742371733346, 12.468582121891949",0,0,1010.1,"16242099999,16239099999,AT416,16224099999,16234099999",23.8,10,197,6.7,3.36533561460685e-09,360.1818,14-Jun-2023 11:00:00
74.9,"Partially cloudy",2023-06-14T11:30:00,18.3,23.8,71.61,"41.829742371733346, 12.468582121891949",0,0,1010.1,"16242099999,16239099999,AT416,16224099999,16234099999",23.8,10,197,6.7,3.31678336628011e-09,356.9452,14-Jun-2023 11:30:00
74.9,"Partially cloudy",2023-06-14T12:00:00,17.9,24.8,65.61,"41.829742371733346, 12.468582121891949",0,0,1009.8,"16242099999,16239099999,AT416,16224099999,16234099999",24.8,10,193,10.1,3.2690177277752e-09,325.5069,14-Jun-2023 12:00:00
74.9,"Partially cloudy",2023-06-14T12:30:00,17.9,24.8,65.61,"41.829742371733346, 12.468582121891949",0,0,1009.8,"16242099999,16239099999,AT416,16224099999,16234099999",24.8,10,193,10.1,3.22202456470898e-09,284.9864,14-Jun-2023 12:30:00
77.3,"Partially cloudy",2023-06-14T13:00:00,17.9,24.5,66.73,"41.829742371733346, 12.468582121891949",0,0,1009.2,"16242099999,16239099999,AT416,16224099999,16234099999",24.5,9.6,184,19.2,3.17579002156479e-09,276.082,14-Jun-2023 13:00:00
77.3,"Partially cloudy",2023-06-14T13:30:00,17.9,24.5,66.73,"41.829742371733346, 12.468582121891949",0,0,1009.2,"16242099999,16239099999,AT416,16224099999,16234099999",24.5,9.6,184,19.2,3.13030051494481e-09,290.6637,14-Jun-2023 13:30:00
76.5,"Rain, Partially cloudy",2023-06-14T14:00:00,18.6,23.9,72.3,"41.829742371733346, 12.468582121891949",1.488,100,1009.1,"16242099999,16239099999,AT416,16224099999,16234099999",23.9,9.6,171,18.9,3.08554272926733e-09,305.7525,14-Jun-2023 14:00:00
76.5,"Rain, Partially cloudy",2023-06-14T14:30:00,18.6,23.9,72.3,"41.829742371733346, 12.468582121891949",1.488,100,1009.1,"16242099999,16239099999,AT416,16224099999,16234099999",23.9,9.6,171,18.9,3.04150361025623e-09,370.9939,14-Jun-2023 14:30:00
77.3,"Partially cloudy",2023-06-14T15:00:00,17.7,24.1,67.42,"41.829742371733346, 12.468582121891949",0,0,1009.2,"16242099999,16239099999,AT416,16224099999,16234099999",24.1,9.5,69,19,2.99817035863652e-09,268.4573,14-Jun-2023 15:00:00
77.3,"Partially cloudy",2023-06-14T15:30:00,17.7,24.1,67.42,"41.829742371733346, 12.468582121891949",0,0,1009.2,"16242099999,16239099999,AT416,16224099999,16234099999",24.1,9.5,69,19,2.95553042615509e-09,245.0855,14-Jun-2023 15:30:00
77.3,"Partially cloudy",2023-06-14T16:00:00,18.4,21.4,83.13,"41.829742371733346, 12.468582121891949",0,0,1009.8,"16242099999,16239099999,AT416,16224099999,16234099999",21.4,9.5,291,14.8,2.91357150949532e-09,184.2181,14-Jun-2023 16:00:00
77.3,"Partially cloudy",2023-06-14T16:30:00,18.4,21.4,83.13,"41.829742371733346, 12.468582121891949",0,0,1009.8,"16242099999,16239099999,AT416,16224099999,16234099999",21.4,9.5,291,14.8,2.87228154438411e-09,90.4963,14-Jun-2023 16:30:00
88.8,"Partially cloudy",2023-06-14T17:00:00,17.8,20.9,82.6,"41.829742371733346, 12.468582121891949",0,0,1010,"16242099999,16239099999,AT416,16224099999,LIRA",20.9,9.8,30,16.5,2.83164870191125e-09,56.3732,14-Jun-2023 17:00:00
88.8,"Partially cloudy",2023-06-14T17:30:00,17.8,20.9,82.6,"41.829742371733346, 12.468582121891949",0,0,1010,"16242099999,16239099999,AT416,16224099999,LIRA",20.9,9.8,30,16.5,2.79166138283895e-09,49.7386,14-Jun-2023 17:30:00
74.9,"Partially cloudy",2023-06-14T18:00:00,17.8,20.9,82.6,"41.829742371733346, 12.468582121891949",0,0,1009.8,"16242099999,16239099999,AT416,16224099999,16234099999",20.9,9.6,54,14.6,2.7523082120913e-09,185.473,14-Jun-2023 18:00:00
74.9,"Partially cloudy",2023-06-14T18:30:00,17.8,20.9,82.6,"41.829742371733346, 12.468582121891949",0,0,1009.8,"16242099999,16239099999,AT416,16224099999,16234099999",20.9,9.6,54,14.6,2.71357803534923e-09,183.6231,14-Jun-2023 18:30:00
77.3,"Partially cloudy",2023-06-14T19:00:00,17,20.2,82.03,"41.829742371733346, 12.468582121891949",0,0,1009.2,"16242099999,16239099999,AT416,16224099999,16234099999",20.2,9.2,26,14.6,2.67545991372719e-09,205.1845,14-Jun-2023 19:00:00
77.3,"Partially cloudy",2023-06-14T19:30:00,17,20.2,82.03,"41.829742371733346, 12.468582121891949",0,0,1009.2,"16242099999,16239099999,AT416,16224099999,16234099999",20.2,9.2,26,14.6,2.63794311861811e-09,230.7939,14-Jun-2023 19:30:00
47.9,"Rain, Partially cloudy",2023-06-14T20:00:00,17,19.9,83.19,"41.829742371733346, 12.468582121891949",0.843,100,1009.2,"16242099999,16239099999,AT416,16224099999,16234099999",19.9,9.8,33,12.5,2.60101712854281e-09,148.9196,14-Jun-2023 20:00:00
47.9,"Rain, Partially cloudy",2023-06-14T20:30:00,17,19.9,83.19,"41.829742371733346, 12.468582121891949",0.843,100,1009.2,"16242099999,16239099999,AT416,16224099999,16234099999",19.9,9.8,33,12.5,2.56467162416806e-09,54.2912,14-Jun-2023 20:30:00
47.9,"Partially cloudy",2023-06-14T21:00:00,16.9,19.1,87.07,"41.829742371733346, 12.468582121891949",0,0,1009.9,"16242099999,16239099999,AT416,16224099999,LIRA",19.1,10,356,9.5,2.52889648348229e-09,57.356,14-Jun-2023 21:00:00
47.9,"Partially cloudy",2023-06-14T21:30:00,16.9,19.1,87.07,"41.829742371733346, 12.468582121891949",0,0,1009.9,"16242099999,16239099999,AT416,16224099999,LIRA",19.1,10,356,9.5,2.49368177887987e-09,35.356,14-Jun-2023 21:30:00
26.6,"Partially cloudy",2023-06-14T22:00:00,17,19,88.18,"41.829742371733346, 12.468582121891949",0,0,1009.9,"16242099999,16239099999,16224099999,LIRA",19,10,32,9.1,2.45901777249689e-09,12.0196,14-Jun-2023 22:00:00
26.6,"Partially cloudy",2023-06-14T22:30:00,17,19,88.18,"41.829742371733346, 12.468582121891949",0,0,1009.9,"16242099999,16239099999,16224099999,LIRA",19,10,32,9.1,2.42489491169449e-09,17.9126,14-Jun-2023 22:30:00
26.6,"Partially cloudy",2023-06-14T23:00:00,17,19,88.18,"41.829742371733346, 12.468582121891949",0,0,1009.9,"16242099999,16239099999,16224099999,LIRA",19,10,23,5.8,2.3913038263602e-09,6.9126,14-Jun-2023 23:00:00
26.6,"Partially cloudy",2023-06-14T23:30:00,17,19,88.18,"41.829742371733346, 12.468582121891949",0,0,1009.9,"16242099999,16239099999,16224099999,LIRA",19,10,23,5.8,2.35823532453939e-09,0,14-Jun-2023 23:30:00
NaN,"Clear",2023-06-15T00:00:00,16.9,19,88.03,"41.829742371733346, 12.468582121891949",0,0,1009.9,"16242099999,16239099999,16224099999,LIRA",19,10,48,8.7,2.32568038820499e-09,0,15-Jun-2023 00:00:00
NaN,"Clear",2023-06-15T00:30:00,16.9,19,88.03,"41.829742371733346, 12.468582121891949",0,0,1009.9,"16242099999,16239099999,16224099999,LIRA",19,10,48,8.7,2.29363017075932e-09,17.5364,15-Jun-2023 00:30:00
NaN,"Clear",2023-06-15T01:00:00,17,18.1,93.13,"41.829742371733346, 12.468582121891949",0,0,1009.9,"16242099999,16239099999,16224099999,LIRA",18.1,10,354,5.6,2.26207599294095e-09,121.5193,15-Jun-2023 01:00:00
NaN,"Clear",2023-06-15T01:30:00,17,18.1,93.13,"41.829742371733346, 12.468582121891949",0,0,1009.9,"16242099999,16239099999,16224099999,LIRA",18.1,10,354,5.6,2.23100933886099e-09,99.4651,15-Jun-2023 01:30:00
NaN,"Clear",2023-06-15T02:00:00,17,18.1,93.13,"41.829742371733346, 12.468582121891949",0,0,1009.9,"16242099999,16239099999,16224099999,LIRA",18.1,10,43,5.9,2.20042185369036e-09,80.6038,15-Jun-2023 02:00:00
NaN,"Clear",2023-06-15T02:30:00,17,18.1,93.13,"41.829742371733346, 12.468582121891949",0,0,1009.9,"16242099999,16239099999,16224099999,LIRA",18.1,10,43,5.9,2.17030533982308e-09,41.1216,15-Jun-2023 02:30:00
50,"Partially cloudy",2023-06-15T03:00:00,17,18.1,93.13,"41.829742371733346, 12.468582121891949",0,0,1009.9,"16242099999,16239099999,16224099999,LIRA",18.1,10,21,5.3,2.14065175316098e-09,10.2799,15-Jun-2023 03:00:00
50,"Partially cloudy",2023-06-15T03:30:00,17,18.1,93.13,"41.829742371733346, 12.468582121891949",0,0,1009.9,"16242099999,16239099999,16224099999,LIRA",18.1,10,21,5.3,2.11145320097234e-09,0,15-Jun-2023 03:30:00
50,"Partially cloudy",2023-06-15T04:00:00,17,18.6,90.25,"41.829742371733346, 12.468582121891949",0,0,1009.1,"16245099999,16242099999,16239099999,16224099999",18.6,10,30,9.2,2.0827019382942e-09,0,15-Jun-2023 04:00:00
50,"Partially cloudy",2023-06-15T04:30:00,17,18.6,90.25,"41.829742371733346, 12.468582121891949",0,0,1009.1,"16245099999,16242099999,16239099999,16224099999",18.6,10,30,9.2,2.05439036444858e-09,0,15-Jun-2023 04:30:00
NaN,"Clear",2023-06-15T05:00:00,17.1,18,94.32,"41.829742371733346, 12.468582121891949",0,0,1008.9,"16242099999,16239099999,16224099999,LIRA",18,10,70,8.9,2.02651102105958e-09,0,15-Jun-2023 05:00:00
NaN,"Clear",2023-06-15T05:30:00,17.1,18,94.32,"41.829742371733346, 12.468582121891949",0,0,1008.9,"16242099999,16239099999,16224099999,LIRA",18,10,70,8.9,1.99905658867853e-09,0,15-Jun-2023 05:30:00
NaN,"Clear",2023-06-15T06:00:00,17,18,93.72,"41.829742371733346, 12.468582121891949",0,0,1009.1,"16242099999,16239099999,AT416,16224099999,LIRA",18,10,22,10.4,1.97201988351606e-09,15.1241,15-Jun-2023 06:00:00
NaN,"Clear",2023-06-15T06:30:00,17,18,93.72,"41.829742371733346, 12.468582121891949",0,0,1009.1,"16242099999,16239099999,AT416,16224099999,LIRA",18,10,22,10.4,1.94539385560572e-09,65.1364,15-Jun-2023 06:30:00
84.9,"Partially cloudy",2023-06-15T07:00:00,17,18,94.32,"41.829742371733346, 12.468582121891949",0,0,1009.2,"16242099999,16239099999,AT416,16224099999,16234099999",18,10,24,6.9,1.91917158563706e-09,128.3133,15-Jun-2023 07:00:00
84.9,"Partially cloudy",2023-06-15T07:30:00,17,18,94.32,"41.829742371733346, 12.468582121891949",0,0,1009.2,"16242099999,16239099999,AT416,16224099999,16234099999",18,10,24,6.9,1.89334628188893e-09,325.9609,15-Jun-2023 07:30:00
47.4,"Rain, Partially cloudy",2023-06-15T08:00:00,17.1,18.9,89.45,"41.829742371733346, 12.468582121891949",0.154,100,1009.8,"16242099999,16239099999,AT416,16224099999,16234099999",18.9,10,21,10.7,1.86791127852874e-09,317.2263,15-Jun-2023 08:00:00
47.4,"Rain, Partially cloudy",2023-06-15T08:30:00,17.1,18.9,89.45,"41.829742371733346, 12.468582121891949",0.154,100,1009.8,"16242099999,16239099999,AT416,16224099999,16234099999",18.9,10,21,10.7,1.84286003263944e-09,351.8517,15-Jun-2023 08:30:00
30,"Partially cloudy",2023-06-15T09:00:00,17.5,20.3,84.19,"41.829742371733346, 12.468582121891949",0,0,1010.1,"16242099999,16239099999,AT416,16224099999,16234099999",20.3,10,11,8.9,1.81818612134068e-09,358.6988,15-Jun-2023 09:00:00
30,"Partially cloudy",2023-06-15T09:30:00,17.5,20.3,84.19,"41.829742371733346, 12.468582121891949",0,0,1010.1,"16242099999,16239099999,AT416,16224099999,16234099999",20.3,10,11,8.9,1.79388324021354e-09,289.5783,15-Jun-2023 09:30:00
30,"Partially cloudy",2023-06-15T10:00:00,16.9,21.5,75.07,"41.829742371733346, 12.468582121891949",0,0,1009.8,"16242099999,16239099999,AT416,16224099999,16234099999",21.5,10,357,10.9,1.76994520050854e-09,372.6979,15-Jun-2023 10:00:00
30,"Partially cloudy",2023-06-15T10:30:00,16.9,21.5,75.07,"41.829742371733346, 12.468582121891949",0,0,1009.8,"16242099999,16239099999,AT416,16224099999,16234099999",21.5,10,357,10.9,1.74636592644209e-09,374.2783,15-Jun-2023 10:30:00
28.9,"Partially cloudy",2023-06-15T11:00:00,16.6,23.3,66.1,"41.829742371733346, 12.468582121891949",0,0,1009.9,"16245099999,16242099999,16239099999,AT416,16224099999,16234099999,LIRA",23.3,10,34,10.4,1.72313945373737e-09,504.1453,15-Jun-2023 11:00:00
28.9,"Partially cloudy",2023-06-15T11:30:00,16.6,23.3,66.1,"41.829742371733346, 12.468582121891949",0,0,1009.9,"16245099999,16242099999,16239099999,AT416,16224099999,16234099999,LIRA",23.3,10,34,10.4,1.70025992700143e-09,365.8246,15-Jun-2023 11:30:00
29.7,"Partially cloudy",2023-06-15T12:00:00,17.1,24.2,64.41,"41.829742371733346, 12.468582121891949",0,0,1009.9,"16245099999,16242099999,16239099999,AT416,16224099999,16234099999,LIRA",24.2,10,311,5.1,1.67772159718525e-09,277.924,15-Jun-2023 12:00:00
29.7,"Partially cloudy",2023-06-15T12:30:00,17.1,24.2,64.41,"41.829742371733346, 12.468582121891949",0,0,1009.9,"16245099999,16242099999,16239099999,AT416,16224099999,16234099999,LIRA",24.2,10,311,5.1,1.65551882023227e-09,294.5961,15-Jun-2023 12:30:00
47.7,"Partially cloudy",2023-06-15T13:00:00,15.9,24.5,58.56,"41.829742371733346, 12.468582121891949",0,0,1009.9,"16245099999,16242099999,16239099999,AT416,16224099999,16234099999,LIRA",24.5,10,321,10.7,1.63364605461326e-09,209.793,15-Jun-2023 13:00:00
47.7,"Partially cloudy",2023-06-15T13:30:00,15.9,24.5,58.56,"41.829742371733346, 12.468582121891949",0,0,1009.9,"16245099999,16242099999,16239099999,AT416,16224099999,16234099999,LIRA",24.5,10,321,10.7,1.6120978589394e-09,190.3247,15-Jun-2023 13:30:00
47.9,"Partially cloudy",2023-06-15T14:00:00,16.1,25.9,54.77,"41.829742371733346, 12.468582121891949",0,0,1009.9,"16242099999,16239099999,AT416,LIRA",25.9,10,297,10.7,1.59086889071034e-09,114.8979,15-Jun-2023 14:00:00
47.9,"Partially cloudy",2023-06-15T14:30:00,16.1,25.9,54.77,"41.829742371733346, 12.468582121891949",0,0,1009.9,"16242099999,16239099999,AT416,LIRA",25.9,10,297,10.7,1.56995390399662e-09,184.256,15-Jun-2023 14:30:00
88,"Partially cloudy",2023-06-15T15:00:00,18,24,69.15,"41.829742371733346, 12.468582121891949",NaN,0,1010,"AT416,LIRA",24,10,180,20.5,1.5493477471957e-09,165.2994,15-Jun-2023 15:00:00
88,"Partially cloudy",2023-06-15T15:30:00,18,24,69.15,"41.829742371733346, 12.468582121891949",NaN,0,1010,"AT416,LIRA",24,10,180,20.5,1.52904536187218e-09,145.8187,15-Jun-2023 15:30:00
80.5,"Partially cloudy",2023-06-15T16:00:00,19.7,23.2,80.37,"41.829742371733346, 12.468582121891949",0,0,1009.9,"16245099999,16242099999,16239099999,AT416,16234099999,LIRA",23.2,9.8,181,19.9,1.50904178057822e-09,263.3854,15-Jun-2023 16:00:00
80.5,"Partially cloudy",2023-06-15T16:30:00,19.7,23.2,80.37,"41.829742371733346, 12.468582121891949",0,0,1009.9,"16245099999,16242099999,16239099999,AT416,16234099999,LIRA",23.2,9.8,181,19.9,1.48933212474308e-09,220.6211,15-Jun-2023 16:30:00
83.9,"Partially cloudy",2023-06-15T17:00:00,17.2,23.8,66.54,"41.829742371733346, 12.468582121891949",0,0,1009.8,"16242099999,16239099999,AT416,16224099999,16234099999",23.8,10,72,14.5,1.46991160359888e-09,226.5902,15-Jun-2023 17:00:00
83.9,"Partially cloudy",2023-06-15T17:30:00,17.2,23.8,66.54,"41.829742371733346, 12.468582121891949",0,0,1009.8,"16242099999,16239099999,AT416,16224099999,16234099999",23.8,10,72,14.5,1.45077551212993e-09,217.1785,15-Jun-2023 17:30:00
48.8,"Partially cloudy",2023-06-15T18:00:00,19.3,22.9,80.15,"41.829742371733346, 12.468582121891949",0,0,1009.8,"16242099999,16239099999,AT416,16224099999,16234099999",22.9,9.8,296,11,1.43191922908728e-09,180.102,15-Jun-2023 18:00:00
48.8,"Partially cloudy",2023-06-15T18:30:00,19.3,22.9,80.15,"41.829742371733346, 12.468582121891949",0,0,1009.8,"16242099999,16239099999,AT416,16224099999,16234099999",22.9,9.8,296,11,1.41333821599354e-09,164.0708,15-Jun-2023 18:30:00
44.3,"Partially cloudy",2023-06-15T19:00:00,18.8,23,76.91,"41.829742371733346, 12.468582121891949",0,0,1010.5,"16242099999,16239099999,AT416,16224099999,16234099999",23,10,86,8.8,1.395028015213e-09,115.1209,15-Jun-2023 19:00:00
44.3,"Partially cloudy",2023-06-15T19:30:00,18.8,23,76.91,"41.829742371733346, 12.468582121891949",0,0,1010.5,"16242099999,16239099999,AT416,16224099999,16234099999",23,10,86,8.8,1.37698424808297e-09,99.4664,15-Jun-2023 19:30:00
47.4,"Rain, Partially cloudy",2023-06-15T20:00:00,19.5,23.1,80.17,"41.829742371733346, 12.468582121891949",5.25,100,1010.1,"16242099999,16239099999,AT416,16224099999,16234099999",23.1,10,72,6.1,1.35920261399204e-09,75.7508,15-Jun-2023 20:00:00
47.4,"Rain, Partially cloudy",2023-06-15T20:30:00,19.5,23.1,80.17,"41.829742371733346, 12.468582121891949",5.25,100,1010.1,"16242099999,16239099999,AT416,16224099999,16234099999",23.1,10,72,6.1,1.34167888856304e-09,34.8944,15-Jun-2023 20:30:00
NaN,"Clear",2023-06-15T21:00:00,19.8,21.3,90.79,"41.829742371733346, 12.468582121891949",0,0,1010.9,"E2310,16242099999,16239099999,16224099999,LIRA",21.3,10,358,7.4,1.32440892189389e-09,12.2299,15-Jun-2023 21:00:00
NaN,"Clear",2023-06-15T21:30:00,19.8,21.3,90.79,"41.829742371733346, 12.468582121891949",0,0,1010.9,"E2310,16242099999,16239099999,16224099999,LIRA",21.3,10,358,7.4,1.30738863770375e-09,1.2299,15-Jun-2023 21:30:00
NaN,"Clear",2023-06-15T22:00:00,19.1,21.1,88.36,"41.829742371733346, 12.468582121891949",0,0,1010.9,"16245099999,16242099999,16239099999,LIRA",21.1,10,22,7,1.29061403162178e-09,58.9658,15-Jun-2023 22:00:00
NaN,"Clear",2023-06-15T22:30:00,19.1,21.1,88.36,"41.829742371733346, 12.468582121891949",0,0,1010.9,"16245099999,16242099999,16239099999,LIRA",21.1,10,22,7,1.27408116953033e-09,47.9658,15-Jun-2023 22:30:00
NaN,"Clear",2023-06-15T23:00:00,17,20,82.83,"41.829742371733346, 12.468582121891949",0,0,1011.1,"16242099999,16239099999,16224099999,LIRA",20,10,67,7.7,1.25778618677424e-09,43.0147,15-Jun-2023 23:00:00
NaN,"Clear",2023-06-15T23:30:00,17,20,82.83,"41.829742371733346, 12.468582121891949",0,0,1011.1,"16242099999,16239099999,16224099999,LIRA",20,10,67,7.7,1.24172528654849e-09,0,15-Jun-2023 23:30:00
NaN,"Clear",2023-07-12T00:00:00,15.4,25.6,53.54,"41.83019005524591, 12.46317478841414",0,0,1018.1,"LIRF,16242099999,16239099999,AT416,16224099999,LIRA",25.6,10,72,5,1.22589473833744e-09,48.2758,12-Jul-2023 00:00:00
NaN,"Clear",2023-07-12T00:30:00,15.4,25.6,53.54,"41.83019005524591, 12.46317478841414",0,0,1018.1,"LIRF,16242099999,16239099999,AT416,16224099999,LIRA",25.6,10,72,5,1.21029087718242e-09,76.074,12-Jul-2023 00:30:00
NaN,"Clear",2023-07-12T01:00:00,14.6,26.1,48.99,"41.83019005524591, 12.46317478841414",0,0,1018.1,"LIRF,16242099999,16239099999,AT416,16224099999,LIRA",26.1,10,85,3.3,1.19491010216233e-09,43.074,12-Jul-2023 01:00:00
NaN,"Clear",2023-07-12T01:30:00,14.6,26.1,48.99,"41.83019005524591, 12.46317478841414",0,0,1018.1,"LIRF,16242099999,16239099999,AT416,16224099999,LIRA",26.1,10,85,3.3,1.17974887492259e-09,34.2219,12-Jul-2023 01:30:00
NaN,"Clear",2023-07-12T02:00:00,15.9,23,64.2,"41.83019005524591, 12.46317478841414",0,0,1017.4,"LIRF,16242099999,AT416,16224099999",23,10,80,7.1,1.164803718997e-09,12.2219,12-Jul-2023 02:00:00
NaN,"Clear",2023-07-12T02:30:00,15.9,23,64.2,"41.83019005524591, 12.46317478841414",0,0,1017.4,"LIRF,16242099999,AT416,16224099999",23,10,80,7.1,1.1500712183753e-09,0,12-Jul-2023 02:30:00
NaN,"Clear",2023-07-12T03:00:00,15.2,25.3,53.38,"41.83019005524591, 12.46317478841414",0,0,1017.8,"LIRF,16242099999,16239099999,AT416,16224099999,LIRA",25.3,10,106,3,1.13554801611628e-09,0,12-Jul-2023 03:00:00
NaN,"Clear",2023-07-12T03:30:00,15.2,25.3,53.38,"41.83019005524591, 12.46317478841414",0,0,1017.8,"LIRF,16242099999,16239099999,AT416,16224099999,LIRA",25.3,10,106,3,1.12123081372e-09,0,12-Jul-2023 03:30:00
NaN,"Clear",2023-07-12T04:00:00,15.2,24.3,56.57,"41.83019005524591, 12.46317478841414",0,0,1017.1,"LIRF,16242099999,16239099999,AT416,16224099999,LIRA",24.3,10,96,2.6,1.10711636977675e-09,0,12-Jul-2023 04:00:00
NaN,"Clear",2023-07-12T04:30:00,15.2,24.3,56.57,"41.83019005524591, 12.46317478841414",0,0,1017.1,"LIRF,16242099999,16239099999,AT416,16224099999,LIRA",24.3,10,96,2.6,1.09320149865923e-09,0,12-Jul-2023 04:30:00
NaN,"Clear",2023-07-12T05:00:00,15.2,23.6,59.19,"41.83019005524591, 12.46317478841414",0,0,1017.1,"LIRF,16242099999,16239099999,AT416,16224099999,LIRA",23.6,10,85,3.6,1.07948306994134e-09,0,12-Jul-2023 05:00:00
NaN,"Clear",2023-07-12T05:30:00,15.2,23.6,59.19,"41.83019005524591, 12.46317478841414",0,0,1017.1,"LIRF,16242099999,16239099999,AT416,16224099999,LIRA",23.6,10,85,3.6,1.0659580071236e-09,19.3698,12-Jul-2023 05:30:00
NaN,"Clear",2023-07-12T06:00:00,16,22.8,65.47,"41.83019005524591, 12.46317478841414",0,0,1017.9,"LIRF,16242099999,16239099999,AT416,16224099999,LIRA",22.8,10,16,3.9,1.05262328639939e-09,8.3698,12-Jul-2023 06:00:00
NaN,"Clear",2023-07-12T06:30:00,16,22.8,65.47,"41.83019005524591, 12.46317478841414",0,0,1017.9,"LIRF,16242099999,16239099999,AT416,16224099999,LIRA",22.8,10,16,3.9,1.03947593611698e-09,0,12-Jul-2023 06:30:00
NaN,"Clear",2023-07-12T07:00:00,16.1,24.4,59.78,"41.83019005524591, 12.46317478841414",0,0,1018.8,"LIRF,16242099999,16239099999,AT416,16224099999,16234099999,LIRA",24.4,10,80,5,1.02651303557672e-09,158.8936,12-Jul-2023 07:00:00
NaN,"Clear",2023-07-12T07:30:00,16.1,24.4,59.78,"41.83019005524591, 12.46317478841414",0,0,1018.8,"LIRF,16242099999,16239099999,AT416,16224099999,16234099999,LIRA",24.4,10,80,5,1.01373171386673e-09,250.2246,12-Jul-2023 07:30:00
NaN,"Clear",2023-07-12T08:00:00,16.3,27.9,50.64,"41.83019005524591, 12.46317478841414",0,0,1018.7,"LIRF,16242099999,16239099999,AT416,16224099999,16234099999,LIRA",27.4,10,91,7,1.00112914936506e-09,304.0492,12-Jul-2023 08:00:00
NaN,"Clear",2023-07-12T08:30:00,16.3,27.9,50.64,"41.83019005524591, 12.46317478841414",0,0,1018.7,"LIRF,16242099999,16239099999,AT416,16224099999,16234099999,LIRA",27.4,10,91,7,9.88702568604186e-10,271.5375,12-Jul-2023 08:30:00
NaN,"Clear",2023-07-12T09:00:00,16.1,29.7,44.19,"41.83019005524591, 12.46317478841414",0,0,1017.9,"LIRF,16242099999,16239099999,AT416,16224099999,16234099999,LIRA",29.6,10,127,12,9.76449245171971e-10,392.4926,12-Jul-2023 09:00:00
NaN,"Clear",2023-07-12T09:30:00,16.1,29.7,44.19,"41.83019005524591, 12.46317478841414",0,0,1017.9,"LIRF,16242099999,16239099999,AT416,16224099999,16234099999,LIRA",29.6,10,127,12,9.64366499250978e-10,394.6273,12-Jul-2023 09:30:00
NaN,"Clear",2023-07-12T10:00:00,15.4,30.7,38.94,"41.83019005524591, 12.46317478841414",0,0,1017.8,"LIRF,16242099999,16239099999,AT416,16224099999,16234099999,LIRA",30.9,10,166,17.4,9.52451696546241e-10,310.6044,12-Jul-2023 10:00:00
NaN,"Clear",2023-07-12T10:30:00,15.4,30.7,38.94,"41.83019005524591, 12.46317478841414",0,0,1017.8,"LIRF,16242099999,16239099999,AT416,16224099999,16234099999,LIRA",30.9,10,166,17.4,9.40702247247394e-10,327.7246,12-Jul-2023 10:30:00
NaN,"Clear",2023-07-12T11:00:00,15.4,31.5,37.15,"41.83019005524591, 12.46317478841414",0,0,1017.1,"LIRF,16242099999,16239099999,AT416,16224099999,16234099999,LIRA",31.8,10,168,23.6,9.29115605602573e-10,292.6829,12-Jul-2023 11:00:00
NaN,"Clear",2023-07-12T11:30:00,15.4,31.5,37.15,"41.83019005524591, 12.46317478841414",0,0,1017.1,"LIRF,16242099999,16239099999,AT416,16224099999,16234099999,LIRA",31.8,10,168,23.6,9.17689268905531e-10,274.6276,12-Jul-2023 11:30:00
NaN,"Clear",2023-07-12T12:00:00,15.8,32.7,36.19,"41.83019005524591, 12.46317478841414",0,0,1017.9,"LIRF,16242099999,16239099999,AT416,16224099999,16234099999,LIRA",32.8,10,154,24,9.06420776515272e-10,322.2779,12-Jul-2023 12:00:00
NaN,"Clear",2023-07-12T12:30:00,15.8,32.7,36.19,"41.83019005524591, 12.46317478841414",0,0,1017.9,"LIRF,16242099999,16239099999,AT416,16224099999,16234099999,LIRA",32.8,10,154,24,0.0416666666666661,284.0292,12-Jul-2023 12:30:00
NaN,"Clear",2023-07-12T13:00:00,16.8,34,36.81,"41.83019005524591, 12.46317478841414",0,0,1017.8,"LIRF,16242099999,16239099999,AT416,16224099999,16234099999,LIRA",33.6,10,162,18.4,0.0833333333333339,322.1692,12-Jul-2023 13:00:00
NaN,"Clear",2023-07-12T13:30:00,16.8,34,36.81,"41.83019005524591, 12.46317478841414",0,0,1017.8,"LIRF,16242099999,16239099999,AT416,16224099999,16234099999,LIRA",33.6,10,162,18.4,0.125,311.1135,12-Jul-2023 13:30:00
NaN,"Clear",2023-07-12T14:00:00,17.5,34.4,38.35,"41.83019005524591, 12.46317478841414",0,0,1017.8,"LIRF,16242099999,16239099999,AT416,16224099999,16234099999,LIRA",33.6,10,176,23.8,0.166666666666666,351.63,12-Jul-2023 14:00:00
NaN,"Clear",2023-07-12T14:30:00,17.5,34.4,38.35,"41.83019005524591, 12.46317478841414",0,0,1017.8,"LIRF,16242099999,16239099999,AT416,16224099999,16234099999,LIRA",33.6,10,176,23.8,0.208333333333334,398.5505,12-Jul-2023 14:30:00
NaN,"Clear",2023-07-12T15:00:00,16.4,33.9,35.89,"41.83019005524591, 12.46317478841414",0,0,1017.8,"LIRF,16242099999,16239099999,AT416,16224099999,16234099999,LIRA",33.6,10,173,24.7,0.25,228.0184,12-Jul-2023 15:00:00
NaN,"Clear",2023-07-12T15:30:00,16.4,33.9,35.89,"41.83019005524591, 12.46317478841414",0,0,1017.8,"LIRF,16242099999,16239099999,AT416,16224099999,16234099999,LIRA",33.6,10,173,24.7,0.291666666666666,204.1619,12-Jul-2023 15:30:00
NaN,"Clear",2023-07-12T16:00:00,16,33.8,34.63,"41.83019005524591, 12.46317478841414",0,0,1017.8,"LIRF,16242099999,16239099999,AT416,16224099999,16234099999,LIRA",33.8,10,175,21,0.333333333333334,157.4558,12-Jul-2023 16:00:00
NaN,"Clear",2023-07-12T16:30:00,16,33.8,34.63,"41.83019005524591, 12.46317478841414",0,0,1017.8,"LIRF,16242099999,16239099999,AT416,16224099999,16234099999,LIRA",33.8,10,175,21,0.375,72.926,12-Jul-2023 16:30:00
NaN,"Clear",2023-07-12T17:00:00,14.9,32.6,33.56,"41.83019005524591, 12.46317478841414",0,0,1016.9,"LIRF,16242099999,16239099999,AT416,16224099999,16234099999,LIRA",33,10,173,27.4,0.416666666666666,123.0974,12-Jul-2023 17:00:00
NaN,"Clear",2023-07-12T17:30:00,14.9,32.6,33.56,"41.83019005524591, 12.46317478841414",0,0,1016.9,"LIRF,16242099999,16239099999,AT416,16224099999,16234099999,LIRA",33,10,173,27.4,0.458333333333334,139.536,12-Jul-2023 17:30:00
NaN,"Clear",2023-07-12T18:00:00,13.9,31.9,31.99,"41.83019005524591, 12.46317478841414",0,0,1016.8,"LIRF,16242099999,16239099999,AT416,16224099999,16234099999,LIRA",32.7,10,162,22.7,0.5,177.1251,12-Jul-2023 18:00:00
NaN,"Clear",2023-07-12T18:30:00,13.9,31.9,31.99,"41.83019005524591, 12.46317478841414",0,0,1016.8,"LIRF,16242099999,16239099999,AT416,16224099999,16234099999,LIRA",32.7,10,162,22.7,0.541666666666666,192.0754,12-Jul-2023 18:30:00
0,"Clear",2023-07-12T19:00:00,11.7,31.3,27.83,"41.83019005524591, 12.46317478841414",0,0,1016.8,"LIRF,16242099999,16239099999,AT416,16224099999,16234099999,LIRA",32.7,10,158,20.8,0.583333333333334,137.2919,12-Jul-2023 19:00:00
0,"Clear",2023-07-12T19:30:00,11.7,31.3,27.83,"41.83019005524591, 12.46317478841414",0,0,1016.8,"LIRF,16242099999,16239099999,AT416,16224099999,16234099999,LIRA",32.7,10,158,20.8,0.625,130.4503,12-Jul-2023 19:30:00
NaN,"Clear",2023-07-12T20:00:00,12.5,29.9,32.51,"41.83019005524591, 12.46317478841414",0,0,1016.8,"LIRF,16242099999,16239099999,AT416,16224099999,16234099999,LIRA",30.9,10,165,18.6,0.666666666666666,58.1835,12-Jul-2023 20:00:00
NaN,"Clear",2023-07-12T20:30:00,12.5,29.9,32.51,"41.83019005524591, 12.46317478841414",0,0,1016.8,"LIRF,16242099999,16239099999,AT416,16224099999,16234099999,LIRA",30.9,10,165,18.6,0.708333333333334,59.6696,12-Jul-2023 20:30:00
NaN,"Clear",2023-07-12T21:00:00,12.4,28.4,35.68,"41.83019005524591, 12.46317478841414",0,0,1016.8,"LIRF,16242099999,16239099999,AT416,16224099999,LIRA",29.1,10,188,10.7,0.75,78.0693,12-Jul-2023 21:00:00
NaN,"Clear",2023-07-12T21:30:00,12.4,28.4,35.68,"41.83019005524591, 12.46317478841414",0,0,1016.8,"LIRF,16242099999,16239099999,AT416,16224099999,LIRA",29.1,10,188,10.7,0.791666666666666,45.0693,12-Jul-2023 21:30:00
NaN,"Clear",2023-07-12T22:00:00,13,28.9,35.96,"41.83019005524591, 12.46317478841414",0,0,1016.8,"LIRF,16242099999,16239099999,AT416,16224099999,LIRA",29.7,10,149,14.3,0.833333333333334,22.4572,12-Jul-2023 22:00:00
NaN,"Clear",2023-07-12T22:30:00,13,28.9,35.96,"41.83019005524591, 12.46317478841414",0,0,1016.8,"LIRF,16242099999,16239099999,AT416,16224099999,LIRA",29.7,10,149,14.3,0.875,11.4572,12-Jul-2023 22:30:00
NaN,"Clear",2023-07-12T23:00:00,10.4,28.5,30.36,"41.83019005524591, 12.46317478841414",0,0,1016.8,"LIRF,16242099999,16239099999,AT416,16224099999,LIRA",29.7,10,147,13.6,0.916666666666666,0.457200000000004,12-Jul-2023 23:00:00
NaN,"Clear",2023-07-12T23:30:00,10.4,28.5,30.36,"41.83019005524591, 12.46317478841414",0,0,1016.8,"LIRF,16242099999,16239099999,AT416,16224099999,LIRA",29.7,10,147,13.6,0.958333333333334,0,12-Jul-2023 23:30:00
NaN,"Clear",2023-07-13T00:00:00,10.1,27.7,31.33,"41.83019005524591, 12.46317478841414",0,0,1016.8,"LIRF,16242099999,16239099999,AT416,16224099999,LIRA",28.7,10,163,11.9,5.59975032537519e-13,0,13-Jul-2023 00:00:00
NaN,"Clear",2023-07-13T00:30:00,10.1,27.7,31.33,"41.83019005524591, 12.46317478841414",0,0,1016.8,"LIRF,16242099999,16239099999,AT416,16224099999,LIRA",28.7,10,163,11.9,5.62727592544408e-13,42.0562,13-Jul-2023 00:30:00
NaN,"Clear",2023-07-13T01:00:00,9.8,27.7,30.87,"41.83019005524591, 12.46317478841414",0,0,1015.9,"LIRF,16242099999,16239099999,AT416,16224099999,LIRA",28.7,10,178,12.5,5.65495383390774e-13,81.7935,13-Jul-2023 01:00:00
NaN,"Clear",2023-07-13T01:30:00,9.8,27.7,30.87,"41.83019005524591, 12.46317478841414",0,0,1015.9,"LIRF,16242099999,16239099999,AT416,16224099999,LIRA",28.7,10,178,12.5,5.6827849880683e-13,133.9191,13-Jul-2023 01:30:00
NaN,"Clear",2023-07-13T02:00:00,10.8,28.2,31.89,"41.83019005524591, 12.46317478841414",0,0,1015.9,"LIRF,16242099999,16239099999,AT416,16224099999,LIRA",29.3,10,170,15,5.71077033110899e-13,83.1818,13-Jul-2023 02:00:00
NaN,"Clear",2023-07-13T02:30:00,10.8,28.2,31.89,"41.83019005524591, 12.46317478841414",0,0,1015.9,"LIRF,16242099999,16239099999,AT416,16224099999,LIRA",29.3,10,170,15,5.73891081260115e-13,52.1256,13-Jul-2023 02:30:00
NaN,"Clear",2023-07-13T03:00:00,11,28.2,32.35,"41.83019005524591, 12.46317478841414",0,0,1015.8,"LIRF,16242099999,16239099999,AT416,16224099999,LIRA",29.3,10,155,18.9,5.76720738902711e-13,75.462,13-Jul-2023 03:00:00
NaN,"Clear",2023-07-13T03:30:00,11,28.2,32.35,"41.83019005524591, 12.46317478841414",0,0,1015.8,"LIRF,16242099999,16239099999,AT416,16224099999,LIRA",29.3,10,155,18.9,5.79566102288437e-13,63.0902,13-Jul-2023 03:30:00
NaN,"Clear",2023-07-13T04:00:00,11.8,28.5,33.7,"41.83019005524591, 12.46317478841414",0,0,1014.9,"LIRF,16242099999,16239099999,AT416,16224099999,LIRA",29.4,10,155,23.3,5.82427268320144e-13,32.9646,13-Jul-2023 04:00:00
NaN,"Clear",2023-07-13T04:30:00,11.8,28.5,33.7,"41.83019005524591, 12.46317478841414",0,0,1014.9,"LIRF,16242099999,16239099999,AT416,16224099999,LIRA",29.4,10,155,23.3,5.85304334606982e-13,12.3364,13-Jul-2023 04:30:00
NaN,"Clear",2023-07-13T05:00:00,12.6,28.7,35.47,"41.83019005524591, 12.46317478841414",0,0,1015.8,"LIRF,16242099999,16239099999,AT416,16224099999,LIRA",29.4,10,156,17.7,5.88197399373356e-13,1.3364,13-Jul-2023 05:00:00
NaN,"Clear",2023-07-13T05:30:00,12.6,28.7,35.47,"41.83019005524591, 12.46317478841414",0,0,1015.8,"LIRF,16242099999,16239099999,AT416,16224099999,LIRA",29.4,10,156,17.7,5.91106561511406e-13,0,13-Jul-2023 05:30:00
NaN,"Clear",2023-07-13T06:00:00,12.2,28.6,34.6,"41.83019005524591, 12.46317478841414",0,0,1014.9,"LIRF,16242099999,16239099999,AT416,16224099999,LIRA",29.4,10,156,20.5,5.94031920635138e-13,0,13-Jul-2023 06:00:00
NaN,"Clear",2023-07-13T06:30:00,12.2,28.6,34.6,"41.83019005524591, 12.46317478841414",0,0,1014.9,"LIRF,16242099999,16239099999,AT416,16224099999,LIRA",29.4,10,156,20.5,5.9697357698789e-13,0,13-Jul-2023 06:30:00
NaN,"Clear",2023-07-13T07:00:00,10.7,28.4,31.09,"41.83019005524591, 12.46317478841414",0,0,1014.9,"LIRF,16242099999,16239099999,AT416,16224099999,16234099999,LIRA",29.5,10,163,21.6,5.99931631495723e-13,94.1135,13-Jul-2023 07:00:00
NaN,"Clear",2023-07-13T07:30:00,10.7,28.4,31.09,"41.83019005524591, 12.46317478841414",0,0,1014.9,"LIRF,16242099999,16239099999,AT416,16224099999,16234099999,LIRA",29.5,10,163,21.6,6.02906185822507e-13,207.8093,13-Jul-2023 07:30:00
NaN,"Clear",2023-07-13T08:00:00,11.7,29.2,31.7,"41.83019005524591, 12.46317478841414",0,0,1015.1,"LIRF,16242099999,16239099999,AT416,16224099999,16234099999,LIRA",30.3,10,149,26,6.05897342275865e-13,402.1669,13-Jul-2023 08:00:00
NaN,"Clear",2023-07-13T08:30:00,11.7,29.2,31.7,"41.83019005524591, 12.46317478841414",0,0,1015.1,"LIRF,16242099999,16239099999,AT416,16224099999,16234099999,LIRA",30.3,10,149,26,6.08905203861502e-13,389.9657,13-Jul-2023 08:30:00
NaN,"Clear",2023-07-13T09:00:00,12.8,29.9,32.99,"41.83019005524591, 12.46317478841414",0,0,1015.9,"LIRF,16242099999,16239099999,AT416,16224099999,16234099999,LIRA",30.9,10,148,24.9,6.11929874339254e-13,348.687,13-Jul-2023 09:00:00
NaN,"Clear",2023-07-13T09:30:00,12.8,29.9,32.99,"41.83019005524591, 12.46317478841414",0,0,1015.9,"LIRF,16242099999,16239099999,AT416,16224099999,16234099999,LIRA",30.9,10,148,24.9,6.1497145812749e-13,282.1242,13-Jul-2023 09:30:00
30,"Partially cloudy",2023-07-13T10:00:00,14.3,31.3,34.41,"41.83019005524591, 12.46317478841414",0,0,1015.8,"LIRF,16242099999,16239099999,AT416,16224099999,16234099999,LIRA",31.9,10,166,30,6.18030060358393e-13,330.334,13-Jul-2023 10:00:00
30,"Partially cloudy",2023-07-13T10:30:00,14.3,31.3,34.41,"41.83019005524591, 12.46317478841414",0,0,1015.8,"LIRF,16242099999,16239099999,AT416,16224099999,16234099999,LIRA",31.9,10,166,30,6.21105786934997e-13,228.4155,13-Jul-2023 10:30:00
30,"Partially cloudy",2023-07-13T11:00:00,15.3,31.5,37.07,"41.83019005524591, 12.46317478841414",0,0,1015.8,"LIRF,16242099999,16239099999,AT416,16224099999,16234099999,LIRA",31.8,10,173,27.5,6.24198744434008e-13,407.3492,13-Jul-2023 11:00:00
30,"Partially cloudy",2023-07-13T11:30:00,15.3,31.5,37.07,"41.83019005524591, 12.46317478841414",0,0,1015.8,"LIRF,16242099999,16239099999,AT416,16224099999,16234099999,LIRA",31.8,10,173,27.5,6.27309040162071e-13,365.1675,13-Jul-2023 11:30:00
30,"Partially cloudy",2023-07-13T12:00:00,17,32.4,40.76,"41.83019005524591, 12.46317478841414",0,0,1015.8,"LIRF,16242099999,16239099999,AT416,16224099999,16234099999,LIRA",32,10,166,29,6.30436782213797e-13,445.0448,13-Jul-2023 12:00:00
30,"Partially cloudy",2023-07-13T12:30:00,17,32.4,40.76,"41.83019005524591, 12.46317478841414",0,0,1015.8,"LIRF,16242099999,16239099999,AT416,16224099999,16234099999,LIRA",32,10,166,29,6.33582079372997e-13,343.0905,13-Jul-2023 12:30:00
50,"Partially cloudy",2023-07-13T13:00:00,17.8,33.4,41.35,"41.83019005524591, 12.46317478841414",0,0,1015.8,"LIRF,16242099999,16239099999,AT416,LIRA",32.6,10,166,29.6,6.36745041169926e-13,378.7314,13-Jul-2023 13:00:00
50,"Partially cloudy",2023-07-13T13:30:00,17.8,33.4,41.35,"41.83019005524591, 12.46317478841414",0,0,1015.8,"LIRF,16242099999,16239099999,AT416,LIRA",32.6,10,166,29.6,6.39925777940348e-13,307.2526,13-Jul-2023 13:30:00
45.7,"Partially cloudy",2023-07-13T14:00:00,19.4,34.4,45.82,"41.83019005524591, 12.46317478841414",0,0,1016,"LIRF,AT416,16224099999,16234099999,LIRA",32.6,10,175,29.1,6.43124400725128e-13,300.4671,13-Jul-2023 14:00:00
45.7,"Partially cloudy",2023-07-13T14:30:00,19.4,34.4,45.82,"41.83019005524591, 12.46317478841414",0,0,1016,"LIRF,AT416,16224099999,16234099999,LIRA",32.6,10,175,29.1,6.46341021328497e-13,210.5406,13-Jul-2023 14:30:00
75.1,"Partially cloudy",2023-07-13T15:00:00,19.4,33.3,48.54,"41.83019005524591, 12.46317478841414",0,0,1015.9,"LIRF,AT416,16224099999,16234099999,LIRA",31.6,10,177,27.2,6.49575752378155e-13,169.4972,13-Jul-2023 15:00:00
75.1,"Partially cloudy",2023-07-13T15:30:00,19.4,33.3,48.54,"41.83019005524591, 12.46317478841414",0,0,1015.9,"LIRF,AT416,16224099999,16234099999,LIRA",31.6,10,177,27.2,6.52828707223208e-13,184.5047,13-Jul-2023 15:30:00
30.5,"Partially cloudy",2023-07-13T16:00:00,19.6,32.7,50.79,"41.83019005524591, 12.46317478841414",0,0,1015.1,"LIRF,16242099999,16239099999,AT416,16224099999,16234099999,LIRA",31,10,174,31.2,6.56099999993459e-13,99.1484,13-Jul-2023 16:00:00
30.5,"Partially cloudy",2023-07-13T16:30:00,19.6,32.7,50.79,"41.83019005524591, 12.46317478841414",0,0,1015.1,"LIRF,16242099999,16239099999,AT416,16224099999,16234099999,LIRA",31,10,174,31.2,6.59389745660582e-13,299.7957,13-Jul-2023 16:30:00
30.5,"Partially cloudy",2023-07-13T17:00:00,20.4,33.3,53.43,"41.83019005524591, 12.46317478841414",0,0,1015.1,"LIRF,16242099999,16239099999,AT416,16224099999,16234099999,LIRA",31,10,185,27.7,6.62698059934364e-13,300.3254,13-Jul-2023 17:00:00
30.5,"Partially cloudy",2023-07-13T17:30:00,20.4,33.3,53.43,"41.83019005524591, 12.46317478841414",0,0,1015.1,"LIRF,16242099999,16239099999,AT416,16224099999,16234099999,LIRA",31,10,185,27.7,6.66025059323053e-13,280.6942,13-Jul-2023 17:30:00
30.5,"Partially cloudy",2023-07-13T18:00:00,20.4,32.2,56.49,"41.83019005524591, 12.46317478841414",0,0,1015.1,"LIRF,16242099999,16239099999,AT416,16224099999,16234099999,LIRA",30,10,174,26.9,6.69370861195613e-13,286.8017,13-Jul-2023 18:00:00
30.5,"Partially cloudy",2023-07-13T18:30:00,20.4,32.2,56.49,"41.83019005524591, 12.46317478841414",0,0,1015.1,"LIRF,16242099999,16239099999,AT416,16224099999,16234099999,LIRA",30,10,174,26.9,6.72735583676249e-13,196.5286,13-Jul-2023 18:30:00
28,"Partially cloudy",2023-07-13T19:00:00,20.5,32,57.35,"41.83019005524591, 12.46317478841414",0,0,1015.1,"LIRF,16242099999,16239099999,AT416,16224099999,16234099999,LIRA",29.8,10,174,25.6,6.76119345705827e-13,66.4615,13-Jul-2023 19:00:00
28,"Partially cloudy",2023-07-13T19:30:00,20.5,32,57.35,"41.83019005524591, 12.46317478841414",0,0,1015.1,"LIRF,16242099999,16239099999,AT416,16224099999,16234099999,LIRA",29.8,10,174,25.6,6.79522267105238e-13,11.9025,13-Jul-2023 19:30:00
30,"Partially cloudy",2023-07-13T20:00:00,20.5,30.7,60.99,"41.83019005524591, 12.46317478841414",0,0,1014.9,"LIRF,16242099999,16239099999,AT416,16224099999,16234099999,LIRA",28.7,10,168,22.1,6.82944468468168e-13,127.2409,13-Jul-2023 20:00:00
30,"Partially cloudy",2023-07-13T20:30:00,20.5,30.7,60.99,"41.83019005524591, 12.46317478841414",0,0,1014.9,"LIRF,16242099999,16239099999,AT416,16224099999,16234099999,LIRA",28.7,10,168,22.1,6.86386071223613e-13,57.4921,13-Jul-2023 20:30:00
NaN,"Clear",2023-07-13T21:00:00,20.6,29.8,64.48,"41.83019005524591, 12.46317478841414",0,0,1015.1,"LIRF,16242099999,16239099999,AT416,16224099999,LIRA",27.9,10,175,19.8,6.89847197700376e-13,100.2754,13-Jul-2023 21:00:00
NaN,"Clear",2023-07-13T21:30:00,20.6,29.8,64.48,"41.83019005524591, 12.46317478841414",0,0,1015.1,"LIRF,16242099999,16239099999,AT416,16224099999,LIRA",27.9,10,175,19.8,6.93327971018054e-13,65.7283,13-Jul-2023 21:30:00
NaN,"Clear",2023-07-13T22:00:00,19.8,28.3,65.15,"41.83019005524591, 12.46317478841414",0,0,1015.9,"LIRF,16242099999,16239099999,AT416,16224099999,LIRA",26.9,10,175,19.9,6.9682851515066e-13,76.8798,13-Jul-2023 22:00:00
NaN,"Clear",2023-07-13T22:30:00,19.8,28.3,65.15,"41.83019005524591, 12.46317478841414",0,0,1015.9,"LIRF,16242099999,16239099999,AT416,16224099999,LIRA",26.9,10,175,19.9,7.00348954992285e-13,48.839,13-Jul-2023 22:30:00
NaN,"Clear",2023-07-13T23:00:00,20.6,28.5,68.48,"41.83019005524591, 12.46317478841414",0,0,1016.1,"LIRF,16242099999,16239099999,AT416,16224099999,LIRA",26.9,10,164,17,7.03889416246258e-13,0,13-Jul-2023 23:00:00
NaN,"Clear",2023-07-13T23:30:00,20.6,28.5,68.48,"41.83019005524591, 12.46317478841414",0,0,1016.1,"LIRF,16242099999,16239099999,AT416,16224099999,LIRA",26.9,10,164,17,7.07450025489915e-13,0,13-Jul-2023 23:30:00
NaN,"Clear",2023-07-14T00:00:00,20.4,28.2,68.44,"41.83019005524591, 12.46317478841414",0,0,1016.8,"LIRF,16242099999,16239099999,AT416,16224099999,LIRA",26.7,10,136,18.3,7.11030910241429e-13,18.2844,14-Jul-2023 00:00:00
NaN,"Clear",2023-07-14T00:30:00,20.4,28.2,68.44,"41.83019005524591, 12.46317478841414",0,0,1016.8,"LIRF,16242099999,16239099999,AT416,16224099999,LIRA",26.7,10,136,18.3,7.14632198847127e-13,102.6432,14-Jul-2023 00:30:00
NaN,"Clear",2023-07-14T01:00:00,20.4,28.2,68.33,"41.83019005524591, 12.46317478841414",0,0,1016.8,"LIRF,16242099999,16239099999,AT416,16224099999,LIRA",26.7,10,134,16.2,7.18254020547414e-13,109.5479,14-Jul-2023 01:00:00
NaN,"Clear",2023-07-14T01:30:00,20.4,28.2,68.33,"41.83019005524591, 12.46317478841414",0,0,1016.8,"LIRF,16242099999,16239099999,AT416,16224099999,LIRA",26.7,10,134,16.2,7.2189650554481e-13,112.0771,14-Jul-2023 01:30:00
NaN,"Clear",2023-07-14T02:00:00,19.4,24.9,71.38,"41.83019005524591, 12.46317478841414",0,0,1016.1,"LIRF,16242099999,16239099999,AT416,16224099999,LIRA",24.9,10,119,4.8,7.25559784889377e-13,84.3307,14-Jul-2023 02:00:00
NaN,"Clear",2023-07-14T02:30:00,19.4,24.9,71.38,"41.83019005524591, 12.46317478841414",0,0,1016.1,"LIRF,16242099999,16239099999,AT416,16224099999,LIRA",24.9,10,119,4.8,7.29243990545828e-13,76.2872,14-Jul-2023 02:30:00
NaN,"Clear",2023-07-14T03:00:00,19.4,25.7,68.25,"41.83019005524591, 12.46317478841414",0,0,1015.9,"LIRF,16242099999,16239099999,AT416,16224099999,LIRA",25.7,10,102,6.5,7.32949255462793e-13,46.9284,14-Jul-2023 03:00:00
NaN,"Clear",2023-07-14T03:30:00,19.4,25.7,68.25,"41.83019005524591, 12.46317478841414",0,0,1015.9,"LIRF,16242099999,16239099999,AT416,16224099999,LIRA",25.7,10,102,6.5,7.3667571345632e-13,24.9284,14-Jul-2023 03:30:00
NaN,"Clear",2023-07-14T04:00:00,19.2,24.9,70.54,"41.83019005524591, 12.46317478841414",0,0,1015.8,"LIRF,16242099999,16239099999,AT416,16224099999,LIRA",24.9,10,120,9.2,7.40423499278201e-13,11.3992,14-Jul-2023 04:00:00
NaN,"Clear",2023-07-14T04:30:00,19.2,24.9,70.54,"41.83019005524591, 12.46317478841414",0,0,1015.8,"LIRF,16242099999,16239099999,AT416,16224099999,LIRA",24.9,10,120,9.2,7.44192748686477e-13,0.399199999999993,14-Jul-2023 04:30:00
27.7,"Partially cloudy",2023-07-14T05:00:00,19.2,23.7,75.62,"41.83019005524591, 12.46317478841414",0,0,1015.8,"LIRF,16242099999,16239099999,AT416,16224099999,LIRA",23.7,10,71,3.4,7.47983598326996e-13,0,14-Jul-2023 05:00:00
27.7,"Partially cloudy",2023-07-14T05:30:00,19.2,23.7,75.62,"41.83019005524591, 12.46317478841414",0,0,1015.8,"LIRF,16242099999,16239099999,AT416,16224099999,LIRA",23.7,10,71,3.4,7.51796185802962e-13,0,14-Jul-2023 05:30:00
NaN,"Clear",2023-07-14T06:00:00,19.2,23.6,76.37,"41.83019005524591, 12.46317478841414",0,0,1015.9,"LIRF,16242099999,16239099999,AT416,16224099999,LIRA",23.6,10,83,6.1,7.55630649746721e-13,0,14-Jul-2023 06:00:00
NaN,"Clear",2023-07-14T06:30:00,19.2,23.6,76.37,"41.83019005524591, 12.46317478841414",0,0,1015.9,"LIRF,16242099999,16239099999,AT416,16224099999,LIRA",23.6,10,83,6.1,7.59487129699322e-13,64.1367,14-Jul-2023 06:30:00
NaN,"Clear",2023-07-14T07:00:00,19.2,24,74.34,"41.83019005524591, 12.46317478841414",0,0,1015.8,"LIRF,16242099999,16239099999,AT416,16224099999,16234099999,LIRA",24,10,86,3.4,7.63365766181333e-13,86.5146,14-Jul-2023 07:00:00
NaN,"Clear",2023-07-14T07:30:00,19.2,24,74.34,"41.83019005524591, 12.46317478841414",0,0,1015.8,"LIRF,16242099999,16239099999,AT416,16224099999,16234099999,LIRA",24,10,86,3.4,7.67266700765919e-13,52.6347,14-Jul-2023 07:30:00
NaN,"Clear",2023-07-14T08:00:00,19.9,25.1,72.82,"41.83019005524591, 12.46317478841414",0,0,1015.9,"LIRF,16242099999,16239099999,AT416,16224099999,16234099999,LIRA",25.1,10,27,6.3,7.71190075956383e-13,30.6347,14-Jul-2023 08:00:00
NaN,"Clear",2023-07-14T08:30:00,19.9,25.1,72.82,"41.83019005524591, 12.46317478841414",0,0,1015.9,"LIRF,16242099999,16239099999,AT416,16224099999,16234099999,LIRA",25.1,10,27,6.3,7.75136035258256e-13,109.255,14-Jul-2023 08:30:00
NaN,"Clear",2023-07-14T09:00:00,19.4,28.5,62.86,"41.83019005524591, 12.46317478841414",0,0,1015.9,"LIRF,16242099999,16239099999,AT416,16224099999,16234099999,LIRA",27.1,10,40,8.8,7.79104723253712e-13,167.2248,14-Jul-2023 09:00:00
NaN,"Clear",2023-07-14T09:30:00,19.4,28.5,62.86,"41.83019005524591, 12.46317478841414",0,0,1015.9,"LIRF,16242099999,16239099999,AT416,16224099999,16234099999,LIRA",27.1,10,40,8.8,7.83096285477039e-13,186.3449,14-Jul-2023 09:30:00
28,"Partially cloudy",2023-07-14T10:00:00,20.1,29.9,61.73,"41.83019005524591, 12.46317478841414",0,0,1015.9,"LIRF,16242099999,16239099999,AT416,16224099999,16234099999,LIRA",28.2,10,37,7.3,7.87110868488038e-13,133.6394,14-Jul-2023 10:00:00
28,"Partially cloudy",2023-07-14T10:30:00,20.1,29.9,61.73,"41.83019005524591, 12.46317478841414",0,0,1015.9,"LIRF,16242099999,16239099999,AT416,16224099999,16234099999,LIRA",28.2,10,37,7.3,7.91148619947796e-13,195.3342,14-Jul-2023 10:30:00
28,"Partially cloudy",2023-07-14T11:00:00,20.3,32,56.07,"41.83019005524591, 12.46317478841414",0,0,1016.1,"LIRF,16242099999,16239099999,AT416,16224099999,16234099999,LIRA",30,10,169,15.6,7.95209688492048e-13,292.5111,14-Jul-2023 11:00:00
28,"Partially cloudy",2023-07-14T11:30:00,20.3,32,56.07,"41.83019005524591, 12.46317478841414",0,0,1016.1,"LIRF,16242099999,16239099999,AT416,16224099999,16234099999,LIRA",30,10,169,15.6,7.99294223805915e-13,334.4592,14-Jul-2023 11:30:00
30.5,"Partially cloudy",2023-07-14T12:00:00,20.2,32,55.58,"41.83019005524591, 12.46317478841414",0,0,1016.1,"LIRF,16242099999,16239099999,AT416,16224099999,16234099999,LIRA",30,10,176,17.7,8.03402376701065e-13,369.3476,14-Jul-2023 12:00:00
30.5,"Partially cloudy",2023-07-14T12:30:00,20.2,32,55.58,"41.83019005524591, 12.46317478841414",0,0,1016.1,"LIRF,16242099999,16239099999,AT416,16224099999,16234099999,LIRA",30,10,176,17.7,0.0416666666666661,249.6479,14-Jul-2023 12:30:00
50,"Partially cloudy",2023-07-14T13:00:00,21.2,34.8,53.66,"41.83019005524591, 12.46317478841414",0,0,1016.1,"LIRF,16242099999,16239099999,AT416,16224099999,16234099999,LIRA",31.8,10,177,13.7,0.0833333333333339,250.9671,14-Jul-2023 13:00:00
50,"Partially cloudy",2023-07-14T13:30:00,21.2,34.8,53.66,"41.83019005524591, 12.46317478841414",0,0,1016.1,"LIRF,16242099999,16239099999,AT416,16224099999,16234099999,LIRA",31.8,10,177,13.7,0.125,476.9848,14-Jul-2023 13:30:00
27.4,"Partially cloudy",2023-07-14T14:00:00,21.2,33.9,55.67,"41.83019005524591, 12.46317478841414",0,0,1016.1,"LIRF,16242099999,16239099999,AT416,16224099999,16234099999,LIRA",31.1,10,217,16.2,0.166666666666666,448.8168,14-Jul-2023 14:00:00
27.4,"Partially cloudy",2023-07-14T14:30:00,21.2,33.9,55.67,"41.83019005524591, 12.46317478841414",0,0,1016.1,"LIRF,16242099999,16239099999,AT416,16224099999,16234099999,LIRA",31.1,10,217,16.2,0.208333333333334,341.3375,14-Jul-2023 14:30:00
27.5,"Partially cloudy",2023-07-14T15:00:00,21.9,35.5,55.81,"41.83019005524591, 12.46317478841414",0,0,1015.8,"LIRF,16242099999,16239099999,AT416,16224099999,16234099999,LIRA",31.8,10,200,16.8,0.25,383.7336,14-Jul-2023 15:00:00
27.5,"Partially cloudy",2023-07-14T15:30:00,21.9,35.5,55.81,"41.83019005524591, 12.46317478841414",0,0,1015.8,"LIRF,16242099999,16239099999,AT416,16224099999,16234099999,LIRA",31.8,10,200,16.8,0.291666666666666,332.7451,14-Jul-2023 15:30:00
41.8,"Partially cloudy",2023-07-14T16:00:00,21.9,34.3,58.99,"41.83019005524591, 12.46317478841414",0,0,1015.8,"LIRF,16242099999,16239099999,AT416,16224099999,16234099999,LIRA",30.9,10,205,20.4,0.333333333333334,349.0869,14-Jul-2023 16:00:00
41.8,"Partially cloudy",2023-07-14T16:30:00,21.9,34.3,58.99,"41.83019005524591, 12.46317478841414",0,0,1015.8,"LIRF,16242099999,16239099999,AT416,16224099999,16234099999,LIRA",30.9,10,205,20.4,0.375,309.5445,14-Jul-2023 16:30:00
30,"Partially cloudy",2023-07-14T17:00:00,22.9,35.2,62.83,"41.83019005524591, 12.46317478841414",0,0,1015.8,"LIRF,16242099999,16239099999,AT416,16224099999,16234099999,LIRA",30.8,10,208,18,0.416666666666666,254.4449,14-Jul-2023 17:00:00
30,"Partially cloudy",2023-07-14T17:30:00,22.9,35.2,62.83,"41.83019005524591, 12.46317478841414",0,0,1015.8,"LIRF,16242099999,16239099999,AT416,16224099999,16234099999,LIRA",30.8,10,208,18,0.458333333333334,197.8108,14-Jul-2023 17:30:00
30,"Partially cloudy",2023-07-14T18:00:00,22,33.1,62.66,"41.83019005524591, 12.46317478841414",0,0,1015.1,"LIRF,16242099999,16239099999,AT416,16224099999,16234099999,LIRA",29.9,10,220,16,0.5,191.7013,14-Jul-2023 18:00:00
30,"Partially cloudy",2023-07-14T18:30:00,22,33.1,62.66,"41.83019005524591, 12.46317478841414",0,0,1015.1,"LIRF,16242099999,16239099999,AT416,16224099999,16234099999,LIRA",29.9,10,220,16,0.541666666666666,159.3335,14-Jul-2023 18:30:00
30,"Partially cloudy",2023-07-14T19:00:00,22,32.1,65.94,"41.83019005524591, 12.46317478841414",0,0,1015.1,"LIRF,16242099999,16239099999,AT416,16224099999,16234099999,LIRA",29,10,216,15.8,0.583333333333334,112.5287,14-Jul-2023 19:00:00
30,"Partially cloudy",2023-07-14T19:30:00,22,32.1,65.94,"41.83019005524591, 12.46317478841414",0,0,1015.1,"LIRF,16242099999,16239099999,AT416,16224099999,16234099999,LIRA",29,10,216,15.8,0.625,37.7602,14-Jul-2023 19:30:00
0,"Clear",2023-07-14T20:00:00,22.2,30.8,70.67,"41.83019005524591, 12.46317478841414",0,0,1015.8,"LIRF,16242099999,16239099999,AT416,16224099999,16234099999,LIRA",28,9.9,224,13.6,0.666666666666666,110.9904,14-Jul-2023 20:00:00
0,"Clear",2023-07-14T20:30:00,22.2,30.8,70.67,"41.83019005524591, 12.46317478841414",0,0,1015.8,"LIRF,16242099999,16239099999,AT416,16224099999,16234099999,LIRA",28,9.9,224,13.6,0.708333333333334,87.9919,14-Jul-2023 20:30:00
NaN,"Clear",2023-07-14T21:00:00,22.2,29.2,75.12,"41.83019005524591, 12.46317478841414",0,0,1015.9,"LIRF,16242099999,16239099999,AT416,16224099999,LIRA",26.9,10,212,8.5,0.75,54.9919,14-Jul-2023 21:00:00
NaN,"Clear",2023-07-14T21:30:00,22.2,29.2,75.12,"41.83019005524591, 12.46317478841414",0,0,1015.9,"LIRF,16242099999,16239099999,AT416,16224099999,LIRA",26.9,10,212,8.5,0.791666666666666,52.2596,14-Jul-2023 21:30:00
NaN,"Clear",2023-07-14T22:00:00,23.1,25.2,88.54,"41.83019005524591, 12.46317478841414",0,0,1015.9,"LIRF,16242099999,16239099999,AT416,16224099999,LIRA",25.2,10,226,7,0.833333333333334,32.4655,14-Jul-2023 22:00:00
NaN,"Clear",2023-07-14T22:30:00,23.1,25.2,88.54,"41.83019005524591, 12.46317478841414",0,0,1015.9,"LIRF,16242099999,16239099999,AT416,16224099999,LIRA",25.2,10,226,7,0.875,21.4655,14-Jul-2023 22:30:00
NaN,"Clear",2023-07-14T23:00:00,23.1,25.1,88.69,"41.83019005524591, 12.46317478841414",0,0,1016.8,"LIRF,16242099999,16239099999,AT416,16224099999,LIRA",25.1,10,239,3.6,0.916666666666666,10.4655,14-Jul-2023 23:00:00
NaN,"Clear",2023-07-14T23:30:00,23.1,25.1,88.69,"41.83019005524591, 12.46317478841414",0,0,1016.8,"LIRF,16242099999,16239099999,AT416,16224099999,LIRA",25.1,10,239,3.6,0.958333333333334,0,14-Jul-2023 23:30:00
NaN,"Clear",2023-07-15T00:00:00,22.2,24.2,88.61,"41.83019005524591, 12.46317478841414",0,0,1016.8,"LIRF,16242099999,16239099999,AT416,16224099999,LIRA",24.2,10,231,4.6,1,0,15-Jul-2023 00:00:00
NaN,"Clear",2023-07-15T00:30:00,22.2,24.2,88.61,"41.83019005524591, 12.46317478841414",0,0,1016.8,"LIRF,16242099999,16239099999,AT416,16224099999,LIRA",24.2,10,231,4.6,1,0,15-Jul-2023 00:30:00
27.7,"Partially cloudy",2023-07-15T01:00:00,22,23.8,89.62,"41.83019005524591, 12.46317478841414",0,0,1016.8,"LIRF,16242099999,16239099999,AT416,16224099999,LIRA",23.8,10,257,5,1,17.5837,15-Jul-2023 01:00:00
27.7,"Partially cloudy",2023-07-15T01:30:00,22,23.8,89.62,"41.83019005524591, 12.46317478841414",0,0,1016.8,"LIRF,16242099999,16239099999,AT416,16224099999,LIRA",23.8,10,257,5,1,127.8313,15-Jul-2023 01:30:00
27.7,"Partially cloudy",2023-07-15T02:00:00,22.2,24,89.63,"41.83019005524591, 12.46317478841414",0,0,1016.8,"LIRF,16242099999,16239099999,AT416,16224099999,LIRA",24,10,80,2.5,1,77.2476,15-Jul-2023 02:00:00
27.7,"Partially cloudy",2023-07-15T02:30:00,22.2,24,89.63,"41.83019005524591, 12.46317478841414",0,0,1016.8,"LIRF,16242099999,16239099999,AT416,16224099999,LIRA",24,10,80,2.5,1,132.9785,15-Jul-2023 02:30:00
NaN,"Clear",2023-07-15T03:00:00,22.2,24.6,86.66,"41.83019005524591, 12.46317478841414",0,0,1016.8,"LIRF,16242099999,16239099999,AT416,16224099999,LIRA",24.6,10,80,3.9,1,88.9785,15-Jul-2023 03:00:00
NaN,"Clear",2023-07-15T03:30:00,22.2,24.6,86.66,"41.83019005524591, 12.46317478841414",0,0,1016.8,"LIRF,16242099999,16239099999,AT416,16224099999,LIRA",24.6,10,80,3.9,1,44.9785,15-Jul-2023 03:30:00
0,"Clear",2023-07-15T04:00:00,22,24.3,86.79,"41.83019005524591, 12.46317478841414",0,0,1016.8,"LIRF,16242099999,16239099999,AT416,16224099999,LIRA",24.3,9.8,63,2.5,1,18.3035,15-Jul-2023 04:00:00
0,"Clear",2023-07-15T04:30:00,22,24.3,86.79,"41.83019005524591, 12.46317478841414",0,0,1016.8,"LIRF,16242099999,16239099999,AT416,16224099999,LIRA",24.3,9.8,63,2.5,1,3.3129,15-Jul-2023 04:30:00
0,"Clear",2023-07-15T05:00:00,21.8,23.6,89.75,"41.83019005524591, 12.46317478841414",0,0,1015.9,"LIRF,16242099999,16239099999,AT416,16224099999,LIRA",23.6,9.6,50,2.1,1,0,15-Jul-2023 05:00:00
0,"Clear",2023-07-15T05:30:00,21.8,23.6,89.75,"41.83019005524591, 12.46317478841414",0,0,1015.9,"LIRF,16242099999,16239099999,AT416,16224099999,LIRA",23.6,9.6,50,2.1,1,0,15-Jul-2023 05:30:00
0,"Clear",2023-07-15T06:00:00,21.8,23.6,89.75,"41.83019005524591, 12.46317478841414",0,0,1016.1,"LIRF,16242099999,16239099999,AT416,16224099999,LIRA",23.6,9.2,14,0.7,1,0,15-Jul-2023 06:00:00
0,"Clear",2023-07-15T06:30:00,21.8,23.6,89.75,"41.83019005524591, 12.46317478841414",0,0,1016.1,"LIRF,16242099999,16239099999,AT416,16224099999,LIRA",23.6,9.2,14,0.7,1,0,15-Jul-2023 06:30:00
0,"Clear",2023-07-15T07:00:00,22,23.7,89.77,"41.83019005524591, 12.46317478841414",0,0,1016.1,"LIRF,16242099999,16239099999,AT416,16224099999,LIRA",23.7,9.2,48,3.9,1,0,15-Jul-2023 07:00:00
0,"Clear",2023-07-15T07:30:00,22,23.7,89.77,"41.83019005524591, 12.46317478841414",0,0,1016.1,"LIRF,16242099999,16239099999,AT416,16224099999,LIRA",23.7,9.2,48,3.9,1,51.167,15-Jul-2023 07:30:00
50,"Partially cloudy",2023-07-15T08:00:00,22.2,25,84.71,"41.83019005524591, 12.46317478841414",0,0,1016.1,"LIRF,16242099999,16239099999,AT416,16224099999,LIRA",25,9.5,14,5.4,1,60.9811,15-Jul-2023 08:00:00
50,"Partially cloudy",2023-07-15T08:30:00,22.2,25,84.71,"41.83019005524591, 12.46317478841414",0,0,1016.1,"LIRF,16242099999,16239099999,AT416,16224099999,LIRA",25,9.5,14,5.4,1,159.7609,15-Jul-2023 08:30:00
55,"Partially cloudy",2023-07-15T09:00:00,22.2,26.3,77.91,"41.83019005524591, 12.46317478841414",0,0,1016.8,"LIRF,16242099999,16239099999,AT416,16224099999,LIRA",26.3,9.9,NaN,2.5,1,162.787,15-Jul-2023 09:00:00
55,"Partially cloudy",2023-07-15T09:30:00,22.2,26.3,77.91,"41.83019005524591, 12.46317478841414",0,0,1016.8,"LIRF,16242099999,16239099999,AT416,16224099999,LIRA",26.3,9.9,NaN,2.5,1,205.8253,15-Jul-2023 09:30:00
30.5,"Partially cloudy",2023-07-15T10:00:00,22.2,31,70.19,"41.83019005524591, 12.46317478841414",0,0,1016.8,"LIRF,16242099999,16239099999,AT416,16224099999,LIRA",28.2,9.9,180,5.1,1,252.8432,15-Jul-2023 10:00:00
30.5,"Partially cloudy",2023-07-15T10:30:00,22.2,31,70.19,"41.83019005524591, 12.46317478841414",0,0,1016.8,"LIRF,16242099999,16239099999,AT416,16224099999,LIRA",28.2,9.9,180,5.1,1,269.199,15-Jul-2023 10:30:00
28,"Partially cloudy",2023-07-15T11:00:00,21.4,32.8,60.27,"41.83019005524591, 12.46317478841414",0,0,1016.9,"LIRF,16242099999,16239099999,AT416,16224099999,LIRA",30,9.9,200,9.9,1,202.2922,15-Jul-2023 11:00:00
28,"Partially cloudy",2023-07-15T11:30:00,21.4,32.8,60.27,"41.83019005524591, 12.46317478841414",0,0,1016.9,"LIRF,16242099999,16239099999,AT416,16224099999,LIRA",30,9.9,200,9.9,1,126.1556,15-Jul-2023 11:30:00
30,"Partially cloudy",2023-07-15T12:00:00,22.2,34.4,60.25,"41.83019005524591, 12.46317478841414",0,0,1016.9,"LIRF,16242099999,16239099999,AT416,16224099999,LIRA",30.8,9.9,196,12.8,1,153.6517,15-Jul-2023 12:00:00
30,"Partially cloudy",2023-07-15T12:30:00,22.2,34.4,60.25,"41.83019005524591, 12.46317478841414",0,0,1016.9,"LIRF,16242099999,16239099999,AT416,16224099999,LIRA",30.8,9.9,196,12.8,1,228.5111,15-Jul-2023 12:30:00
26.7,"Partially cloudy",2023-07-15T13:00:00,23,35.2,63.08,"41.83019005524591, 12.46317478841414",0,0,1017.1,"LIRF,16242099999,16239099999,AT416,16224099999,LIRA",30.8,10,215,14.7,1,310.8855,15-Jul-2023 13:00:00
26.7,"Partially cloudy",2023-07-15T13:30:00,23,35.2,63.08,"41.83019005524591, 12.46317478841414",0,0,1017.1,"LIRF,16242099999,16239099999,AT416,16224099999,LIRA",30.8,10,215,14.7,1,378.9544,15-Jul-2023 13:30:00
30,"Partially cloudy",2023-07-15T14:00:00,22.2,35.4,57.62,"41.83019005524591, 12.46317478841414",0,0,1016.9,"LIRF,16242099999,16239099999,AT416,16224099999,LIRA",31.6,10,211,13.8,1,436.4222,15-Jul-2023 14:00:00
30,"Partially cloudy",2023-07-15T14:30:00,22.2,35.4,57.62,"41.83019005524591, 12.46317478841414",0,0,1016.9,"LIRF,16242099999,16239099999,AT416,16224099999,LIRA",31.6,10,211,13.8,1,242.0116,15-Jul-2023 14:30:00
30,"Partially cloudy",2023-07-15T15:00:00,22.9,35.2,62.97,"41.83019005524591, 12.46317478841414",0,0,1016.8,"LIRF,16242099999,16239099999,AT416,16224099999,LIRA",30.8,10,247,17.5,1,190.7144,15-Jul-2023 15:00:00
30,"Partially cloudy",2023-07-15T15:30:00,22.9,35.2,62.97,"41.83019005524591, 12.46317478841414",0,0,1016.8,"LIRF,16242099999,16239099999,AT416,16224099999,LIRA",30.8,10,247,17.5,1,214.5828,15-Jul-2023 15:30:00
30,"Partially cloudy",2023-07-15T16:00:00,22.9,36.1,60.13,"41.83019005524591, 12.46317478841414",0,0,1016.1,"LIRF,16242099999,16239099999,AT416,16224099999,LIRA",31.6,10,232,12,1,187.1525,15-Jul-2023 16:00:00
30,"Partially cloudy",2023-07-15T16:30:00,22.9,36.1,60.13,"41.83019005524591, 12.46317478841414",0,0,1016.1,"LIRF,16242099999,16239099999,AT416,16224099999,LIRA",31.6,10,232,12,1,120.453,15-Jul-2023 16:30:00
NaN,"Clear",2023-07-15T17:00:00,22.9,36.1,59.83,"41.83019005524591, 12.46317478841414",0,0,1016.1,"LIRF,16242099999,16239099999,AT416,16224099999,LIRA",31.6,10,241,11.8,1,103.6031,15-Jul-2023 17:00:00
NaN,"Clear",2023-07-15T17:30:00,22.9,36.1,59.83,"41.83019005524591, 12.46317478841414",0,0,1016.1,"LIRF,16242099999,16239099999,AT416,16224099999,LIRA",31.6,10,241,11.8,1,157.8865,15-Jul-2023 17:30:00
NaN,"Clear",2023-07-15T18:00:00,22,35.3,57.05,"41.83019005524591, 12.46317478841414",0,0,1015.9,"LIRF,16242099999,16239099999,AT416,16224099999,LIRA",31.6,10,241,10.5,1,120.0754,15-Jul-2023 18:00:00
NaN,"Clear",2023-07-15T18:30:00,22,35.3,57.05,"41.83019005524591, 12.46317478841414",0,0,1015.9,"LIRF,16242099999,16239099999,AT416,16224099999,LIRA",31.6,10,241,10.5,1,93.4771,15-Jul-2023 18:30:00
NaN,"Clear",2023-07-15T19:00:00,21.3,33.5,57.78,"41.83019005524591, 12.46317478841414",0,0,1015.9,"LIRF,16242099999,16239099999,AT416,16224099999,LIRA",30.6,10,220,10.8,1,98.9771,15-Jul-2023 19:00:00
NaN,"Clear",2023-07-15T19:30:00,21.3,33.5,57.78,"41.83019005524591, 12.46317478841414",0,0,1015.9,"LIRF,16242099999,16239099999,AT416,16224099999,LIRA",30.6,10,220,10.8,1,158.9633,15-Jul-2023 19:30:00
NaN,"Clear",2023-07-15T20:00:00,21.3,32.2,61.29,"41.83019005524591, 12.46317478841414",0,0,1015.9,"LIRF,16242099999,16239099999,AT416,16224099999,LIRA",29.6,10,228,10.8,1,214.7837,15-Jul-2023 20:00:00
NaN,"Clear",2023-07-15T20:30:00,21.3,32.2,61.29,"41.83019005524591, 12.46317478841414",0,0,1015.9,"LIRF,16242099999,16239099999,AT416,16224099999,LIRA",29.6,10,228,10.8,1,184.5863,15-Jul-2023 20:30:00
NaN,"Clear",2023-07-15T21:00:00,22.3,30.2,73.05,"41.83019005524591, 12.46317478841414",0,0,1015.9,"LIRF,16242099999,16239099999,AT416,16224099999,LIRA",27.6,10,245,7.1,1,240.8013,15-Jul-2023 21:00:00
NaN,"Clear",2023-07-15T21:30:00,22.3,30.2,73.05,"41.83019005524591, 12.46317478841414",0,0,1015.9,"LIRF,16242099999,16239099999,AT416,16224099999,LIRA",27.6,10,245,7.1,1,135.1877,15-Jul-2023 21:30:00
0,"Clear",2023-07-15T22:00:00,22.3,25.7,81.26,"41.83019005524591, 12.46317478841414",0,0,1016.1,"LIRF,16242099999,16239099999,AT416,16224099999,LIRA",25.7,10,234,6.7,1,80.1877,15-Jul-2023 22:00:00
0,"Clear",2023-07-15T22:30:00,22.3,25.7,81.26,"41.83019005524591, 12.46317478841414",0,0,1016.1,"LIRF,16242099999,16239099999,AT416,16224099999,LIRA",25.7,10,234,6.7,1,69.7845,15-Jul-2023 22:30:00
0,"Clear",2023-07-15T23:00:00,22.1,24.7,85.39,"41.83019005524591, 12.46317478841414",0,0,1016.8,"LIRF,16242099999,16239099999,AT416,16224099999,LIRA",24.7,10,260,3.6,1,33.6548,15-Jul-2023 23:00:00
0,"Clear",2023-07-15T23:30:00,22.1,24.7,85.39,"41.83019005524591, 12.46317478841414",0,0,1016.8,"LIRF,16242099999,16239099999,AT416,16224099999,LIRA",24.7,10,260,3.6,1,0,15-Jul-2023 23:30:00
0,"Clear",2023-07-16T00:00:00,22.1,24.6,86.23,"41.83019005524591, 12.46317478841414",0,0,1016.8,"LIRF,16242099999,16239099999,AT416,16224099999,LIRA",24.6,10,11,2.2,1,0,16-Jul-2023 00:00:00
0,"Clear",2023-07-16T00:30:00,22.1,24.6,86.23,"41.83019005524591, 12.46317478841414",0,0,1016.8,"LIRF,16242099999,16239099999,AT416,16224099999,LIRA",24.6,10,11,2.2,1,0,16-Jul-2023 00:30:00
0,"Clear",2023-07-16T01:00:00,21.9,24.4,86.35,"41.83019005524591, 12.46317478841414",0,0,1016.8,"LIRF,16242099999,16239099999,AT416,16224099999,LIRA",24.4,9.8,20,1.8,1,42.7804,16-Jul-2023 01:00:00
0,"Clear",2023-07-16T01:30:00,21.9,24.4,86.35,"41.83019005524591, 12.46317478841414",0,0,1016.8,"LIRF,16242099999,16239099999,AT416,16224099999,LIRA",24.4,9.8,20,1.8,1,134.6072,16-Jul-2023 01:30:00
0,"Clear",2023-07-16T02:00:00,19.6,24.4,74.62,"41.83019005524591, 12.46317478841414",0,0,1016.1,"LIRF,16242099999,16239099999,AT416,16224099999,LIRA",24.4,10,72,5.3,1,137.1085,16-Jul-2023 02:00:00
0,"Clear",2023-07-16T02:30:00,19.6,24.4,74.62,"41.83019005524591, 12.46317478841414",0,0,1016.1,"LIRF,16242099999,16239099999,AT416,16224099999,LIRA",24.4,10,72,5.3,1,89.1358,16-Jul-2023 02:30:00
0,"Clear",2023-07-16T03:00:00,20.6,22,91.9,"41.83019005524591, 12.46317478841414",0,0,1015.4,"LIRF,16242099999,AT416,16224099999",22,10,NaN,1.8,1,46.3554,16-Jul-2023 03:00:00
0,"Clear",2023-07-16T03:30:00,20.6,22,91.9,"41.83019005524591, 12.46317478841414",0,0,1015.4,"LIRF,16242099999,AT416,16224099999",22,10,NaN,1.8,1,16.5696,16-Jul-2023 03:30:00
0,"Clear",2023-07-16T04:00:00,20.9,21.3,97.71,"41.83019005524591, 12.46317478841414",0,0,1015.3,"LIRF,16242099999,AT416,16224099999",21.3,10,65,3.8,1,34.5269,16-Jul-2023 04:00:00
0,"Clear",2023-07-16T04:30:00,20.9,21.3,97.71,"41.83019005524591, 12.46317478841414",0,0,1015.3,"LIRF,16242099999,AT416,16224099999",21.3,10,65,3.8,1,42.7224,16-Jul-2023 04:30:00
0,"Clear",2023-07-16T05:00:00,19.4,22.6,82.1,"41.83019005524591, 12.46317478841414",0,0,1015.1,"LIRF,16242099999,16239099999,AT416,16224099999,LIRA",22.6,10,55,3.3,1,20.7224,16-Jul-2023 05:00:00
0,"Clear",2023-07-16T05:30:00,19.4,22.6,82.1,"41.83019005524591, 12.46317478841414",0,0,1015.1,"LIRF,16242099999,16239099999,AT416,16224099999,LIRA",22.6,10,55,3.3,1,0.555400000000002,16-Jul-2023 05:30:00
0,"Clear",2023-07-16T06:00:00,18.4,23.2,74.55,"41.83019005524591, 12.46317478841414",0,0,1015.8,"LIRF,16242099999,16239099999,AT416,16224099999,LIRA",23.2,10,327,3.6,1,17.8268,16-Jul-2023 06:00:00
0,"Clear",2023-07-16T06:30:00,18.4,23.2,74.55,"41.83019005524591, 12.46317478841414",0,0,1015.8,"LIRF,16242099999,16239099999,AT416,16224099999,LIRA",23.2,10,327,3.6,1,22.5944,16-Jul-2023 06:30:00
0,"Clear",2023-07-16T07:00:00,20,23.6,80.31,"41.83019005524591, 12.46317478841414",0,0,1015.8,"LIRF,16242099999,16239099999,AT416,16224099999,LIRA",23.6,10,75,4.4,1,4.7676,16-Jul-2023 07:00:00
0,"Clear",2023-07-16T07:30:00,20,23.6,80.31,"41.83019005524591, 12.46317478841414",0,0,1015.8,"LIRF,16242099999,16239099999,AT416,16224099999,LIRA",23.6,10,75,4.4,1,138.1693,16-Jul-2023 07:30:00
NaN,"Clear",2023-07-16T08:00:00,21,24.8,79.4,"41.83019005524591, 12.46317478841414",0,0,1015.9,"LIRF,16242099999,16239099999,AT416,16224099999,LIRA",24.8,10,4,4.4,1,205.2692,16-Jul-2023 08:00:00
NaN,"Clear",2023-07-16T08:30:00,21,24.8,79.4,"41.83019005524591, 12.46317478841414",0,0,1015.9,"LIRF,16242099999,16239099999,AT416,16224099999,LIRA",24.8,10,4,4.4,1,150.887,16-Jul-2023 08:30:00
NaN,"Clear",2023-07-16T09:00:00,21.7,29.3,72.21,"41.83019005524591, 12.46317478841414",0,0,1016.8,"LIRF,16242099999,16239099999,AT416,16224099999,LIRA",27.2,10,72,4.9,1,106.7738,16-Jul-2023 09:00:00
NaN,"Clear",2023-07-16T09:30:00,21.7,29.3,72.21,"41.83019005524591, 12.46317478841414",0,0,1016.8,"LIRF,16242099999,16239099999,AT416,16224099999,LIRA",27.2,10,72,4.9,1,108.1954,16-Jul-2023 09:30:00
NaN,"Clear",2023-07-16T10:00:00,21.1,31.4,62.68,"41.83019005524591, 12.46317478841414",0,0,1016.1,"LIRF,16242099999,16239099999,AT416,16224099999,LIRA",29,10,40,5.5,1,156.1705,16-Jul-2023 10:00:00
NaN,"Clear",2023-07-16T10:30:00,21.1,31.4,62.68,"41.83019005524591, 12.46317478841414",0,0,1016.1,"LIRF,16242099999,16239099999,AT416,16224099999,LIRA",29,10,40,5.5,1,97.0864,16-Jul-2023 10:30:00
NaN,"Clear",2023-07-16T11:00:00,20.6,33.3,54.05,"41.83019005524591, 12.46317478841414",0,0,1016.8,"LIRF,16242099999,16239099999,AT416,16224099999,LIRA",30.9,10,180,4.4,1,50.6356,16-Jul-2023 11:00:00
NaN,"Clear",2023-07-16T11:30:00,20.6,33.3,54.05,"41.83019005524591, 12.46317478841414",0,0,1016.8,"LIRF,16242099999,16239099999,AT416,16224099999,LIRA",30.9,10,180,4.4,1,63.9929,16-Jul-2023 11:30:00
NaN,"Clear",2023-07-16T12:00:00,20.4,35,48.81,"41.83019005524591, 12.46317478841414",0,0,1016.9,"LIRF,16242099999,16239099999,AT416,16224099999,LIRA",32.5,10,204,9.9,1,127.1527,16-Jul-2023 12:00:00
NaN,"Clear",2023-07-16T12:30:00,20.4,35,48.81,"41.83019005524591, 12.46317478841414",0,0,1016.9,"LIRF,16242099999,16239099999,AT416,16224099999,LIRA",32.5,10,204,9.9,1,70.7588,16-Jul-2023 12:30:00
NaN,"Clear",2023-07-16T13:00:00,19.8,36.8,42.67,"41.83019005524591, 12.46317478841414",0,0,1016.9,"LIRF,16242099999,16239099999,AT416,16224099999,LIRA",34.3,10,200,13.6,1,55.7991,16-Jul-2023 13:00:00
NaN,"Clear",2023-07-16T13:30:00,19.8,36.8,42.67,"41.83019005524591, 12.46317478841414",0,0,1016.9,"LIRF,16242099999,16239099999,AT416,16224099999,LIRA",34.3,10,200,13.6,1,28.5996,16-Jul-2023 13:30:00
NaN,"Clear",2023-07-16T14:00:00,23,38.9,54.16,"41.83019005524591, 12.46317478841414",0,0,1016.9,"LIRF,16242099999,16239099999,AT416,16224099999,LIRA",33.6,10,228,17.9,1,6.9088,16-Jul-2023 14:00:00
NaN,"Clear",2023-07-16T14:30:00,23,38.9,54.16,"41.83019005524591, 12.46317478841414",0,0,1016.9,"LIRF,16242099999,16239099999,AT416,16224099999,LIRA",33.6,10,228,17.9,1,61.4254,16-Jul-2023 14:30:00
NaN,"Clear",2023-07-16T15:00:00,22,37.8,50.88,"41.83019005524591, 12.46317478841414",0,0,1016.9,"LIRF,16242099999,16239099999,AT416,16224099999,LIRA",33.6,10,213,15.9,1,86.5723,16-Jul-2023 15:00:00
NaN,"Clear",2023-07-16T15:30:00,22,37.8,50.88,"41.83019005524591, 12.46317478841414",0,0,1016.9,"LIRF,16242099999,16239099999,AT416,16224099999,LIRA",33.6,10,213,15.9,1,119.6352,16-Jul-2023 15:30:00
NaN,"Clear",2023-07-16T16:00:00,20,36,45,"41.83019005524591, 12.46317478841414",0,0,1016.1,"LIRF,16242099999,16239099999,AT416,16224099999,LIRA",33.6,10,212,13,1,98.4187,16-Jul-2023 16:00:00
NaN,"Clear",2023-07-16T16:30:00,20,36,45,"41.83019005524591, 12.46317478841414",0,0,1016.1,"LIRF,16242099999,16239099999,AT416,16224099999,LIRA",33.6,10,212,13,1,23.3423,16-Jul-2023 16:30:00
NaN,"Clear",2023-07-16T17:00:00,19.3,35.5,42.94,"41.83019005524591, 12.46317478841414",0,0,1016.1,"LIRF,16242099999,16239099999,AT416,16224099999,LIRA",33.6,10,226,15.4,1,75.4064,16-Jul-2023 17:00:00
NaN,"Clear",2023-07-16T17:30:00,19.3,35.5,42.94,"41.83019005524591, 12.46317478841414",0,0,1016.1,"LIRF,16242099999,16239099999,AT416,16224099999,LIRA",33.6,10,226,15.4,1,94.0623,16-Jul-2023 17:30:00
NaN,"Clear",2023-07-16T18:00:00,18.8,34,44.08,"41.83019005524591, 12.46317478841414",0,0,1016.1,"LIRF,16242099999,16239099999,AT416,16224099999,LIRA",32.6,10,235,15.7,1,56.5473,16-Jul-2023 18:00:00
NaN,"Clear",2023-07-16T18:30:00,18.8,34,44.08,"41.83019005524591, 12.46317478841414",0,0,1016.1,"LIRF,16242099999,16239099999,AT416,16224099999,LIRA",32.6,10,235,15.7,1,102.7034,16-Jul-2023 18:30:00
NaN,"Clear",2023-07-16T19:00:00,17.2,31.9,42.67,"41.83019005524591, 12.46317478841414",0,0,1016.1,"LIRF,16242099999,16239099999,AT416,16224099999,LIRA",31.4,10,251,10.8,1,58.7034,16-Jul-2023 19:00:00
NaN,"Clear",2023-07-16T19:30:00,17.2,31.9,42.67,"41.83019005524591, 12.46317478841414",0,0,1016.1,"LIRF,16242099999,16239099999,AT416,16224099999,LIRA",31.4,10,251,10.8,1,130.7972,16-Jul-2023 19:30:00
NaN,"Clear",2023-07-16T20:00:00,19.8,32.4,52.73,"41.83019005524591, 12.46317478841414",0,0,1016.9,"LIRF,16242099999,16239099999,AT416,16224099999,LIRA",30.6,10,249,10.4,1,121.6662,16-Jul-2023 20:00:00
NaN,"Clear",2023-07-16T20:30:00,19.8,32.4,52.73,"41.83019005524591, 12.46317478841414",0,0,1016.9,"LIRF,16242099999,16239099999,AT416,16224099999,LIRA",30.6,10,249,10.4,1,99.1224,16-Jul-2023 20:30:00
NaN,"Clear",2023-07-16T21:00:00,20.9,30.7,63.15,"41.83019005524591, 12.46317478841414",0,0,1016.9,"LIRF,16242099999,16239099999,AT416,16224099999,LIRA",28.6,10,223,7,1,38.0315,16-Jul-2023 21:00:00
NaN,"Clear",2023-07-16T21:30:00,20.9,30.7,63.15,"41.83019005524591, 12.46317478841414",0,0,1016.9,"LIRF,16242099999,16239099999,AT416,16224099999,LIRA",28.6,10,223,7,1,34.1478,16-Jul-2023 21:30:00
NaN,"Clear",2023-07-16T22:00:00,20.7,29.4,66.38,"41.83019005524591, 12.46317478841414",0,0,1017.1,"LIRF,16242099999,16239099999,AT416,16224099999,LIRA",27.5,10,300,3.6,1,54.0394,16-Jul-2023 22:00:00
NaN,"Clear",2023-07-16T22:30:00,20.7,29.4,66.38,"41.83019005524591, 12.46317478841414",0,0,1017.1,"LIRF,16242099999,16239099999,AT416,16224099999,LIRA",27.5,10,300,3.6,1,24.8484,16-Jul-2023 22:30:00
NaN,"Clear",2023-07-16T23:00:00,21.5,26.4,74.57,"41.83019005524591, 12.46317478841414",0,0,1017.9,"LIRF,16242099999,16239099999,AT416,16224099999,LIRA",26.4,10,10,2.5,1,0,16-Jul-2023 23:00:00
NaN,"Clear",2023-07-16T23:30:00,21.5,26.4,74.57,"41.83019005524591, 12.46317478841414",0,0,1017.9,"LIRF,16242099999,16239099999,AT416,16224099999,LIRA",26.4,10,10,2.5,1,0,16-Jul-2023 23:30:00
NaN,"Clear",2023-07-17T00:00:00,21.3,25.6,77.19,"41.83019005524591, 12.46317478841414",0,0,1017.8,"LIRF,16242099999,16239099999,AT416,16224099999,LIRA",25.6,10,23,2.6,1.5241579027564e-12,0,17-Jul-2023 00:00:00
NaN,"Clear",2023-07-17T00:30:00,21.3,25.6,77.19,"41.83019005524591, 12.46317478841414",0,0,1017.8,"LIRF,16242099999,16239099999,AT416,16224099999,LIRA",25.6,10,23,2.6,1.53265196912082e-12,69.3331,17-Jul-2023 00:30:00
NaN,"Clear",2023-07-17T01:00:00,18.8,25.4,66.84,"41.83019005524591, 12.46317478841414",0,0,1017.9,"LIRF,16242099999,16239099999,AT416,16224099999,LIRA",25.4,10,60,3.6,1.54119932674538e-12,192.917,17-Jul-2023 01:00:00
NaN,"Clear",2023-07-17T01:30:00,18.8,25.4,66.84,"41.83019005524591, 12.46317478841414",0,0,1017.9,"LIRF,16242099999,16239099999,AT416,16224099999,LIRA",25.4,10,60,3.6,1.54980034748103e-12,125.408,17-Jul-2023 01:30:00
NaN,"Clear",2023-07-17T02:00:00,18.7,25.2,67.49,"41.83019005524591, 12.46317478841414",0,0,1017.8,"LIRF,16242099999,16239099999,AT416,16224099999,LIRA",25.2,10,79,3.6,1.55845540589026e-12,72.2783,17-Jul-2023 02:00:00
NaN,"Clear",2023-07-17T02:30:00,18.7,25.2,67.49,"41.83019005524591, 12.46317478841414",0,0,1017.8,"LIRF,16242099999,16239099999,AT416,16224099999,LIRA",25.2,10,79,3.6,1.56716487941294e-12,39.0421,17-Jul-2023 02:30:00
NaN,"Clear",2023-07-17T03:00:00,16.7,25,60.28,"41.83019005524591, 12.46317478841414",0,0,1017.1,"LIRF,16242099999,16239099999,AT416,16224099999,LIRA",25,10,51,5.4,1.57592914853782e-12,6.4754,17-Jul-2023 03:00:00
NaN,"Clear",2023-07-17T03:30:00,16.7,25,60.28,"41.83019005524591, 12.46317478841414",0,0,1017.1,"LIRF,16242099999,16239099999,AT416,16224099999,LIRA",25,10,51,5.4,1.58474859653489e-12,0,17-Jul-2023 03:30:00
NaN,"Clear",2023-07-17T04:00:00,16.8,24,64.23,"41.83019005524591, 12.46317478841414",0,0,1016.9,"LIRF,16242099999,16239099999,AT416,16224099999,LIRA",24,10,56,5.4,1.59362360962463e-12,0,17-Jul-2023 04:00:00
NaN,"Clear",2023-07-17T04:30:00,16.8,24,64.23,"41.83019005524591, 12.46317478841414",0,0,1016.9,"LIRF,16242099999,16239099999,AT416,16224099999,LIRA",24,10,56,5.4,1.60255457715292e-12,0,17-Jul-2023 04:30:00
NaN,"Clear",2023-07-17T05:00:00,16.6,22.2,70.56,"41.83019005524591, 12.46317478841414",0,0,1016.9,"LIRF,16242099999,16239099999,AT416,16224099999,LIRA",22.2,10,20,5.1,1.61154189131858e-12,0,17-Jul-2023 05:00:00
NaN,"Clear",2023-07-17T05:30:00,16.6,22.2,70.56,"41.83019005524591, 12.46317478841414",0,0,1016.9,"LIRF,16242099999,16239099999,AT416,16224099999,LIRA",22.2,10,20,5.1,1.62058594734599e-12,0,17-Jul-2023 05:30:00
NaN,"Clear",2023-07-17T06:00:00,17.2,22.2,73.25,"41.83019005524591, 12.46317478841414",0,0,1016.9,"LIRF,16242099999,16239099999,AT416,16224099999,LIRA",22.2,10,13,7.1,1.62968714366358e-12,0,17-Jul-2023 06:00:00
NaN,"Clear",2023-07-17T06:30:00,17.2,22.2,73.25,"41.83019005524591, 12.46317478841414",0,0,1016.9,"LIRF,16242099999,16239099999,AT416,16224099999,LIRA",22.2,10,13,7.1,1.63884588162637e-12,18.1257,17-Jul-2023 06:30:00
NaN,"Clear",2023-07-17T07:00:00,18.1,23.1,73.2,"41.83019005524591, 12.46317478841414",0,0,1017.8,"LIRF,16242099999,16239099999,AT416,16224099999,16234099999,LIRA",23.1,10,24,6.7,1.64806256569212e-12,7.1257,17-Jul-2023 07:00:00
NaN,"Clear",2023-07-17T07:30:00,18.1,23.1,73.2,"41.83019005524591, 12.46317478841414",0,0,1017.8,"LIRF,16242099999,16239099999,AT416,16224099999,16234099999,LIRA",23.1,10,24,6.7,1.65733760360344e-12,211.7999,17-Jul-2023 07:30:00
NaN,"Clear",2023-07-17T08:00:00,18.2,24.5,68.25,"41.83019005524591, 12.46317478841414",0,0,1017.9,"LIRF,16242099999,16239099999,AT416,16224099999,16234099999,LIRA",24.5,10,11,4.9,1.66667140610526e-12,402.9616,17-Jul-2023 08:00:00
NaN,"Clear",2023-07-17T08:30:00,18.2,24.5,68.25,"41.83019005524591, 12.46317478841414",0,0,1017.9,"LIRF,16242099999,16239099999,AT416,16224099999,16234099999,LIRA",24.5,10,11,4.9,1.67606438712452e-12,502.0116,17-Jul-2023 08:30:00
NaN,"Clear",2023-07-17T09:00:00,18,28.2,57.21,"41.83019005524591, 12.46317478841414",0,0,1018.1,"LIRF,16242099999,16239099999,AT416,16224099999,16234099999,LIRA",27.2,10,24,10.3,1.68551696395606e-12,427.8403,17-Jul-2023 09:00:00
NaN,"Clear",2023-07-17T09:30:00,18,28.2,57.21,"41.83019005524591, 12.46317478841414",0,0,1018.1,"LIRF,16242099999,16239099999,AT416,16224099999,16234099999,LIRA",27.2,10,24,10.3,1.69502955697487e-12,463.7948,17-Jul-2023 09:30:00
NaN,"Clear",2023-07-17T10:00:00,17.8,30.9,47.68,"41.83019005524591, 12.46317478841414",0,0,1017.9,"LIRF,16242099999,16239099999,AT416,16224099999,16234099999,LIRA",30.1,10,30,7.9,1.70460258981944e-12,446.8804,17-Jul-2023 10:00:00
NaN,"Clear",2023-07-17T10:30:00,17.8,30.9,47.68,"41.83019005524591, 12.46317478841414",0,0,1017.9,"LIRF,16242099999,16239099999,AT416,16224099999,16234099999,LIRA",30.1,10,30,7.9,1.71423648958149e-12,262.436,17-Jul-2023 10:30:00
NaN,"Clear",2023-07-17T11:00:00,15.4,33.5,33.58,"41.83019005524591, 12.46317478841414",0,0,1017.9,"LIRF,16242099999,16239099999,AT416,16224099999,16234099999,LIRA",33.7,10,NaN,3.6,1.72393168651287e-12,415.8656,17-Jul-2023 11:00:00
NaN,"Clear",2023-07-17T11:30:00,15.4,33.5,33.58,"41.83019005524591, 12.46317478841414",0,0,1017.9,"LIRF,16242099999,16239099999,AT416,16224099999,16234099999,LIRA",33.7,10,NaN,3.6,1.73368861421277e-12,337.8204,17-Jul-2023 11:30:00
NaN,"Clear",2023-07-17T12:00:00,15.7,34.3,32.9,"41.83019005524591, 12.46317478841414",0,0,1018.1,"LIRF,16242099999,16239099999,AT416,16224099999,16234099999,LIRA",34.3,10,277,8.7,1.7435077098212e-12,357.0317,17-Jul-2023 12:00:00
NaN,"Clear",2023-07-17T12:30:00,15.7,34.3,32.9,"41.83019005524591, 12.46317478841414",0,0,1018.1,"LIRF,16242099999,16239099999,AT416,16224099999,16234099999,LIRA",34.3,10,277,8.7,1.7533894137206e-12,310.1918,17-Jul-2023 12:30:00
NaN,"Clear",2023-07-17T13:00:00,15.4,35.3,30.44,"41.83019005524591, 12.46317478841414",0,0,1018.1,"LIRF,16242099999,16239099999,AT416,16224099999,16234099999,LIRA",35.4,10,257,10.2,1.76333416972685e-12,354.3456,17-Jul-2023 13:00:00
NaN,"Clear",2023-07-17T13:30:00,15.4,35.3,30.44,"41.83019005524591, 12.46317478841414",0,0,1018.1,"LIRF,16242099999,16239099999,AT416,16224099999,16234099999,LIRA",35.4,10,257,10.2,1.77334242528672e-12,343.0244,17-Jul-2023 13:30:00
NaN,"Clear",2023-07-17T14:00:00,13.3,35.6,25.2,"41.83019005524591, 12.46317478841414",0,0,1018.1,"LIRF,16242099999,16239099999,AT416,16224099999,16234099999,LIRA",36.4,10,278,10,1.78341463117403e-12,215.503,17-Jul-2023 14:00:00
NaN,"Clear",2023-07-17T14:30:00,13.3,35.6,25.2,"41.83019005524591, 12.46317478841414",0,0,1018.1,"LIRF,16242099999,16239099999,AT416,16224099999,16234099999,LIRA",36.4,10,278,10,1.79355124168451e-12,200.7372,17-Jul-2023 14:30:00
NaN,"Clear",2023-07-17T15:00:00,16,36.8,29.81,"41.83019005524591, 12.46317478841414",0,0,1018.1,"LIRF,16242099999,16239099999,AT416,16224099999,16234099999,LIRA",36.5,10,266,11.6,1.80375271483738e-12,250.0777,17-Jul-2023 15:00:00
NaN,"Clear",2023-07-17T15:30:00,16,36.8,29.81,"41.83019005524591, 12.46317478841414",0,0,1018.1,"LIRF,16242099999,16239099999,AT416,16224099999,16234099999,LIRA",36.5,10,266,11.6,1.81401951206588e-12,178.0482,17-Jul-2023 15:30:00
NaN,"Clear",2023-07-17T16:00:00,13.1,36.3,23.81,"41.83019005524591, 12.46317478841414",0,0,1017.9,"LIRF,16242099999,16239099999,AT416,16224099999,16234099999,LIRA",37.1,10,261,12,1.82435209841614e-12,109.8878,17-Jul-2023 16:00:00
NaN,"Clear",2023-07-17T16:30:00,13.1,36.3,23.81,"41.83019005524591, 12.46317478841414",0,0,1017.9,"LIRF,16242099999,16239099999,AT416,16224099999,16234099999,LIRA",37.1,10,261,12,1.83475094275294e-12,159.2745,17-Jul-2023 16:30:00
NaN,"Clear",2023-07-17T17:00:00,13.5,34.5,26.91,"41.83019005524591, 12.46317478841414",0,0,1017.9,"LIRF,16242099999,16239099999,AT416,16224099999,16234099999,LIRA",35.3,10,254,14.9,1.8452165174445e-12,165.3604,17-Jul-2023 17:00:00
NaN,"Clear",2023-07-17T17:30:00,13.5,34.5,26.91,"41.83019005524591, 12.46317478841414",0,0,1017.9,"LIRF,16242099999,16239099999,AT416,16224099999,16234099999,LIRA",35.3,10,254,14.9,1.85574929856547e-12,189.3166,17-Jul-2023 17:30:00
NaN,"Clear",2023-07-17T18:00:00,13.6,33.7,28.49,"41.83019005524591, 12.46317478841414",0,0,1017.8,"LIRF,16242099999,16239099999,AT416,16224099999,16234099999,LIRA",34.5,10,255,13.1,1.86634976610695e-12,228.6109,17-Jul-2023 18:00:00
NaN,"Clear",2023-07-17T18:30:00,13.6,33.7,28.49,"41.83019005524591, 12.46317478841414",0,0,1017.8,"LIRF,16242099999,16239099999,AT416,16224099999,16234099999,LIRA",34.5,10,255,13.1,1.87701840365545e-12,157.061,17-Jul-2023 18:30:00
NaN,"Clear",2023-07-17T19:00:00,14.6,32.8,32.41,"41.83019005524591, 12.46317478841414",0,0,1017.1,"LIRF,16242099999,16239099999,AT416,16224099999,16234099999,LIRA",33.3,10,227,10.6,1.88775569860007e-12,191.2579,17-Jul-2023 19:00:00
NaN,"Clear",2023-07-17T19:30:00,14.6,32.8,32.41,"41.83019005524591, 12.46317478841414",0,0,1017.1,"LIRF,16242099999,16239099999,AT416,16224099999,16234099999,LIRA",33.3,10,227,10.6,1.89856214234691e-12,171.7971,17-Jul-2023 19:30:00
NaN,"Clear",2023-07-17T20:00:00,18.1,32.4,44.88,"41.83019005524591, 12.46317478841414",0,0,1017.8,"LIRF,16242099999,16239099999,AT416,16224099999,16234099999,LIRA",31.5,10,244,10.6,1.909438229992e-12,147.2779,17-Jul-2023 20:00:00
NaN,"Clear",2023-07-17T20:30:00,18.1,32.4,44.88,"41.83019005524591, 12.46317478841414",0,0,1017.8,"LIRF,16242099999,16239099999,AT416,16224099999,16234099999,LIRA",31.5,10,244,10.6,1.92038446053291e-12,30.0422,17-Jul-2023 20:30:00
NaN,"Clear",2023-07-17T21:00:00,20.9,31,62.46,"41.83019005524591, 12.46317478841414",0,0,1017.9,"LIRF,16242099999,16239099999,AT416,16224099999,LIRA",28.7,10,223,8.1,1.93140133708747e-12,108.962,17-Jul-2023 21:00:00
NaN,"Clear",2023-07-17T21:30:00,20.9,31,62.46,"41.83019005524591, 12.46317478841414",0,0,1017.9,"LIRF,16242099999,16239099999,AT416,16224099999,LIRA",28.7,10,223,8.1,1.94248936656079e-12,47.1495,17-Jul-2023 21:30:00
NaN,"Clear",2023-07-17T22:00:00,20.9,29.7,66.31,"41.83019005524591, 12.46317478841414",0,0,1017.9,"LIRF,16242099999,16239099999,AT416,16224099999,LIRA",27.7,10,215,6.7,1.95364905986111e-12,22.8678,17-Jul-2023 22:00:00
NaN,"Clear",2023-07-17T22:30:00,20.9,29.7,66.31,"41.83019005524591, 12.46317478841414",0,0,1017.9,"LIRF,16242099999,16239099999,AT416,16224099999,LIRA",27.7,10,215,6.7,1.96488093212322e-12,11.8678,17-Jul-2023 22:30:00
50,"Partially cloudy",2023-07-17T23:00:00,21.9,28.8,74.63,"41.83019005524591, 12.46317478841414",0,0,1018.8,"LIRF,16242099999,16239099999,AT416,16224099999,LIRA",26.7,10,300,2.1,1.97618550236918e-12,0.867800000000003,17-Jul-2023 23:00:00
50,"Partially cloudy",2023-07-17T23:30:00,21.9,28.8,74.63,"41.83019005524591, 12.46317478841414",0,0,1018.8,"LIRF,16242099999,16239099999,AT416,16224099999,LIRA",26.7,10,300,2.1,1.98756329372876e-12,0,17-Jul-2023 23:30:00
50,"Partially cloudy",2023-07-18T00:00:00,21.7,25.9,77.51,"41.83019005524591, 12.46317478841414",0,0,1018.8,"LIRF,16242099999,16239099999,AT416,16224099999,LIRA",25.9,10,330,5.4,1.99901483366751e-12,0,18-Jul-2023 00:00:00
50,"Partially cloudy",2023-07-18T00:30:00,21.7,25.9,77.51,"41.83019005524591, 12.46317478841414",0,0,1018.8,"LIRF,16242099999,16239099999,AT416,16224099999,LIRA",25.9,10,330,5.4,2.01054065364111e-12,37.0264,18-Jul-2023 00:30:00
50,"Partially cloudy",2023-07-18T01:00:00,24.1,25.9,89.48,"41.83019005524591, 12.46317478841414",0,0,1018.8,"LIRF,16242099999,16239099999,AT416,16224099999,LIRA",25.9,10,51,3.6,2.02214128932047e-12,113.2067,18-Jul-2023 01:00:00
50,"Partially cloudy",2023-07-18T01:30:00,24.1,25.9,89.48,"41.83019005524591, 12.46317478841414",0,0,1018.8,"LIRF,16242099999,16239099999,AT416,16224099999,LIRA",25.9,10,51,3.6,2.03381728082456e-12,94.6167,18-Jul-2023 01:30:00
NaN,"Clear",2023-07-18T02:00:00,22.3,25,85.27,"41.83019005524591, 12.46317478841414",0,0,1017.9,"LIRF,16242099999,16239099999,AT416,16224099999,LIRA",25,10,85,4,2.04556917236837e-12,29.4364,18-Jul-2023 02:00:00
NaN,"Clear",2023-07-18T02:30:00,22.3,25,85.27,"41.83019005524591, 12.46317478841414",0,0,1017.9,"LIRF,16242099999,16239099999,AT416,16224099999,LIRA",25,10,85,4,2.05739751249263e-12,16.2435,18-Jul-2023 02:30:00
27.7,"Partially cloudy",2023-07-18T03:00:00,22.2,25.3,82.58,"41.83019005524591, 12.46317478841414",0,0,1017.9,"LIRF,16242099999,16239099999,AT416,16224099999,LIRA",25.3,10,350,3.9,2.06930285430163e-12,43.3981,18-Jul-2023 03:00:00
27.7,"Partially cloudy",2023-07-18T03:30:00,22.2,25.3,82.58,"41.83019005524591, 12.46317478841414",0,0,1017.9,"LIRF,16242099999,16239099999,AT416,16224099999,LIRA",25.3,10,350,3.9,2.08128575510451e-12,32.3981,18-Jul-2023 03:30:00
27.7,"Partially cloudy",2023-07-18T04:00:00,18.8,24.4,71.32,"41.83019005524591, 12.46317478841414",0,0,1017.9,"LIRF,16242099999,16239099999,AT416,16224099999,LIRA",24.4,8.4,57,7,2.09334677664991e-12,21.3981,18-Jul-2023 04:00:00
27.7,"Partially cloudy",2023-07-18T04:30:00,18.8,24.4,71.32,"41.83019005524591, 12.46317478841414",0,0,1017.9,"LIRF,16242099999,16239099999,AT416,16224099999,LIRA",24.4,8.4,57,7,2.10548648536874e-12,10.3981,18-Jul-2023 04:30:00
27.7,"Partially cloudy",2023-07-18T05:00:00,18,23.6,70.93,"41.83019005524591, 12.46317478841414",0,0,1017.8,"LIRF,16242099999,16239099999,AT416,16224099999,LIRA",23.6,8.4,38,5.2,2.11770545200877e-12,0,18-Jul-2023 05:00:00
27.7,"Partially cloudy",2023-07-18T05:30:00,18,23.6,70.93,"41.83019005524591, 12.46317478841414",0,0,1017.8,"LIRF,16242099999,16239099999,AT416,16224099999,LIRA",23.6,8.4,38,5.2,2.13000425187421e-12,0,18-Jul-2023 05:30:00
0,"Clear",2023-07-18T06:00:00,17.2,23.6,67.4,"41.83019005524591, 12.46317478841414",0,0,1017.1,"LIRF,16242099999,16239099999,AT416,16224099999,LIRA",23.6,8.2,36,5.6,2.14238346507365e-12,0,18-Jul-2023 06:00:00
0,"Clear",2023-07-18T06:30:00,17.2,23.6,67.4,"41.83019005524591, 12.46317478841414",0,0,1017.1,"LIRF,16242099999,16239099999,AT416,16224099999,LIRA",23.6,8.2,36,5.6,2.15484367614777e-12,107.2143,18-Jul-2023 06:30:00
NaN,"Clear",2023-07-18T07:00:00,17.8,22.6,74.4,"41.83019005524591, 12.46317478841414",0,0,1017.8,"LIRF,16242099999,16239099999,AT416,16224099999,16234099999,LIRA",22.6,10,18,6.8,2.167385474314e-12,120.1913,18-Jul-2023 07:00:00
NaN,"Clear",2023-07-18T07:30:00,17.8,22.6,74.4,"41.83019005524591, 12.46317478841414",0,0,1017.8,"LIRF,16242099999,16239099999,AT416,16224099999,16234099999,LIRA",22.6,10,18,6.8,2.18000945371968e-12,146.7274,18-Jul-2023 07:30:00
NaN,"Clear",2023-07-18T08:00:00,17.4,24.6,64.38,"41.83019005524591, 12.46317478841414",0,0,1017.9,"LIRF,16242099999,16239099999,AT416,16224099999,16234099999,LIRA",24.6,10,30,7.6,2.19271621306284e-12,233.5237,18-Jul-2023 08:00:00
NaN,"Clear",2023-07-18T08:30:00,17.4,24.6,64.38,"41.83019005524591, 12.46317478841414",0,0,1017.9,"LIRF,16242099999,16239099999,AT416,16224099999,16234099999,LIRA",24.6,10,30,7.6,2.205506355842e-12,218.4791,18-Jul-2023 08:30:00
NaN,"Clear",2023-07-18T09:00:00,17.6,28,56.01,"41.83019005524591, 12.46317478841414",0,0,1017.9,"LIRF,16242099999,16239099999,AT416,16224099999,16234099999,LIRA",27.2,10,17,7.9,2.21838049061471e-12,277.8322,18-Jul-2023 09:00:00
NaN,"Clear",2023-07-18T09:30:00,17.6,28,56.01,"41.83019005524591, 12.46317478841414",0,0,1017.9,"LIRF,16242099999,16239099999,AT416,16224099999,16234099999,LIRA",27.2,10,17,7.9,2.23133923061121e-12,268.8074,18-Jul-2023 09:30:00
NaN,"Clear",2023-07-18T10:00:00,16.5,30.3,43.9,"41.83019005524591, 12.46317478841414",0,0,1017.9,"LIRF,16242099999,16239099999,AT416,16224099999,16234099999,LIRA",30.1,10,10,9.7,2.24438319398954e-12,144.3094,18-Jul-2023 10:00:00
NaN,"Clear",2023-07-18T10:30:00,16.5,30.3,43.9,"41.83019005524591, 12.46317478841414",0,0,1017.9,"LIRF,16242099999,16239099999,AT416,16224099999,16234099999,LIRA",30.1,10,10,9.7,2.25751300409959e-12,74.2405,18-Jul-2023 10:30:00
NaN,"Clear",2023-07-18T11:00:00,17.2,32.1,42.06,"41.83019005524591, 12.46317478841414",0,0,1018.1,"LIRF,16242099999,16239099999,AT416,16224099999,16234099999,LIRA",31.6,10,10,10.3,2.27072928908947e-12,105.5052,18-Jul-2023 11:00:00
NaN,"Clear",2023-07-18T11:30:00,17.2,32.1,42.06,"41.83019005524591, 12.46317478841414",0,0,1018.1,"LIRF,16242099999,16239099999,AT416,16224099999,16234099999,LIRA",31.6,10,10,10.3,2.28403268216604e-12,106.0863,18-Jul-2023 11:30:00
NaN,"Clear",2023-07-18T12:00:00,16.6,34.6,34.98,"41.83019005524591, 12.46317478841414",0,0,1017.9,"LIRF,16242099999,16239099999,AT416,16224099999,16234099999,LIRA",34.3,10,334,5.8,2.29742382186467e-12,383.3184,18-Jul-2023 12:00:00
NaN,"Clear",2023-07-18T12:30:00,16.6,34.6,34.98,"41.83019005524591, 12.46317478841414",0,0,1017.9,"LIRF,16242099999,16239099999,AT416,16224099999,16234099999,LIRA",34.3,10,334,5.8,2.31090335164808e-12,231.6162,18-Jul-2023 12:30:00
NaN,"Clear",2023-07-18T13:00:00,15.8,36,30.51,"41.83019005524591, 12.46317478841414",0,0,1017.9,"LIRF,16242099999,16239099999,AT416,16224099999,16234099999,LIRA",35.8,10,12,13.4,2.32447192017254e-12,314.1654,18-Jul-2023 13:00:00
NaN,"Clear",2023-07-18T13:30:00,15.8,36,30.51,"41.83019005524591, 12.46317478841414",0,0,1017.9,"LIRF,16242099999,16239099999,AT416,16224099999,16234099999,LIRA",35.8,10,12,13.4,2.33813018156333e-12,337.2242,18-Jul-2023 13:30:00
NaN,"Clear",2023-07-18T14:00:00,15.5,37.9,27.15,"41.83019005524591, 12.46317478841414",0,0,1017.1,"LIRF,16242099999,16239099999,AT416,16224099999,16234099999,LIRA",37.6,10,344,15.7,2.35187879500602e-12,321.9036,18-Jul-2023 14:00:00
NaN,"Clear",2023-07-18T14:30:00,15.5,37.9,27.15,"41.83019005524591, 12.46317478841414",0,0,1017.1,"LIRF,16242099999,16239099999,AT416,16224099999,16234099999,LIRA",37.6,10,344,15.7,2.3657184250184e-12,302.2173,18-Jul-2023 14:30:00
NaN,"Clear",2023-07-18T15:00:00,14.8,38.7,24.52,"41.83019005524591, 12.46317478841414",0,0,1016.9,"LIRF,16242099999,16239099999,AT416,16224099999,16234099999,LIRA",38.6,10,335,15,2.37964974173182e-12,222.2592,18-Jul-2023 15:00:00
NaN,"Clear",2023-07-18T15:30:00,14.8,38.7,24.52,"41.83019005524591, 12.46317478841414",0,0,1016.9,"LIRF,16242099999,16239099999,AT416,16224099999,16234099999,LIRA",38.6,10,335,15,2.39367342047475e-12,228.2679,18-Jul-2023 15:30:00
NaN,"Clear",2023-07-18T16:00:00,18.2,39.8,31.63,"41.83019005524591, 12.46317478841414",0,0,1016.1,"LIRF,16242099999,16239099999,AT416,16224099999,16234099999,LIRA",37.9,10,309,11.6,2.40779014205054e-12,143.0369,18-Jul-2023 16:00:00
NaN,"Clear",2023-07-18T16:30:00,18.2,39.8,31.63,"41.83019005524591, 12.46317478841414",0,0,1016.1,"LIRF,16242099999,16239099999,AT416,16224099999,16234099999,LIRA",37.9,10,309,11.6,2.42200059302484e-12,242.4024,18-Jul-2023 16:30:00
NaN,"Clear",2023-07-18T17:00:00,20.5,39.8,39.73,"41.83019005524591, 12.46317478841414",0,0,1016.1,"LIRF,16242099999,16239099999,AT416,16224099999,16234099999,LIRA",36.4,10,270,18.3,2.43630546530126e-12,330.7432,18-Jul-2023 17:00:00
NaN,"Clear",2023-07-18T17:30:00,20.5,39.8,39.73,"41.83019005524591, 12.46317478841414",0,0,1016.1,"LIRF,16242099999,16239099999,AT416,16224099999,16234099999,LIRA",36.4,10,270,18.3,2.45070545640506e-12,266.7427,18-Jul-2023 17:30:00
NaN,"Clear",2023-07-18T18:00:00,17,36.3,33.24,"41.83019005524591, 12.46317478841414",0,0,1015.9,"LIRF,16242099999,16239099999,AT416,16224099999,16234099999,LIRA",35.6,10,284,19.5,2.46520126977686e-12,311.3967,18-Jul-2023 18:00:00
NaN,"Clear",2023-07-18T18:30:00,17,36.3,33.24,"41.83019005524591, 12.46317478841414",0,0,1015.9,"LIRF,16242099999,16239099999,AT416,16224099999,16234099999,LIRA",35.6,10,284,19.5,2.47979361434016e-12,272.9178,18-Jul-2023 18:30:00
NaN,"Clear",2023-07-18T19:00:00,17.5,35.6,36.19,"41.83019005524591, 12.46317478841414",0,0,1015.9,"LIRF,16242099999,16239099999,AT416,16224099999,16234099999,LIRA",34.7,10,265,15.1,2.49448320479124e-12,153.5427,18-Jul-2023 19:00:00
NaN,"Clear",2023-07-18T19:30:00,17.5,35.6,36.19,"41.83019005524591, 12.46317478841414",0,0,1015.9,"LIRF,16242099999,16239099999,AT416,16224099999,16234099999,LIRA",34.7,10,265,15.1,2.50927076189914e-12,59.5442,18-Jul-2023 19:30:00
NaN,"Clear",2023-07-18T20:00:00,17.2,34.3,37.63,"41.83019005524591, 12.46317478841414",0,0,1015.9,"LIRF,16242099999,16239099999,AT416,16224099999,16234099999,LIRA",33.7,10,247,10.8,2.52415701206505e-12,208.2454,18-Jul-2023 20:00:00
NaN,"Clear",2023-07-18T20:30:00,17.2,34.3,37.63,"41.83019005524591, 12.46317478841414",0,0,1015.9,"LIRF,16242099999,16239099999,AT416,16224099999,16234099999,LIRA",33.7,10,247,10.8,2.53914268761838e-12,233.1144,18-Jul-2023 20:30:00
NaN,"Clear",2023-07-18T21:00:00,16.6,32.6,38.94,"41.83019005524591, 12.46317478841414",0,0,1015.9,"LIRF,16242099999,16239099999,AT416,16224099999,LIRA",32.3,10,210,5.1,2.55422852712334e-12,203.8093,18-Jul-2023 21:00:00
NaN,"Clear",2023-07-18T21:30:00,16.6,32.6,38.94,"41.83019005524591, 12.46317478841414",0,0,1015.9,"LIRF,16242099999,16239099999,AT416,16224099999,LIRA",32.3,10,210,5.1,2.56941527492987e-12,137.7027,18-Jul-2023 21:30:00
NaN,"Clear",2023-07-18T22:00:00,16.8,32.2,40.26,"41.83019005524591, 12.46317478841414",0,0,1015.9,"LIRF,16242099999,16239099999,AT416,16224099999,LIRA",31.9,10,172,6.7,2.58470368147622e-12,75.5635,18-Jul-2023 22:00:00
NaN,"Clear",2023-07-18T22:30:00,16.8,32.2,40.26,"41.83019005524591, 12.46317478841414",0,0,1015.9,"LIRF,16242099999,16239099999,AT416,16224099999,LIRA",31.9,10,172,6.7,2.60009450360214e-12,12.4576,18-Jul-2023 22:30:00
NaN,"Clear",2023-07-18T23:00:00,17.3,30.5,46.7,"41.83019005524591, 12.46317478841414",0,0,1015.9,"LIRF,16242099999,16239099999,AT416,16224099999,LIRA",30,10,126,3.7,2.61558850409123e-12,0,18-Jul-2023 23:00:00
NaN,"Clear",2023-07-18T23:30:00,17.3,30.5,46.7,"41.83019005524591, 12.46317478841414",0,0,1015.9,"LIRF,16242099999,16239099999,AT416,16224099999,LIRA",30,10,126,3.7,2.63118645198013e-12,0,18-Jul-2023 23:30:00
NaN,"Clear",2023-07-19T00:00:00,17.1,28.8,50.97,"41.83019005524591, 12.46317478841414",0,0,1015.9,"LIRF,16242099999,16239099999,AT416,16224099999,LIRA",28.2,10,170,4.7,2.64688912287859e-12,16.7257,19-Jul-2023 00:00:00
NaN,"Clear",2023-07-19T00:30:00,17.1,28.8,50.97,"41.83019005524591, 12.46317478841414",0,0,1015.9,"LIRF,16242099999,16239099999,AT416,16224099999,LIRA",28.2,10,170,4.7,2.66269729850301e-12,5.7257,19-Jul-2023 00:30:00
NaN,"Clear",2023-07-19T01:00:00,16.9,29.1,49.29,"41.83019005524591, 12.46317478841414",0,0,1015.9,"LIRF,16242099999,16239099999,AT416,16224099999,LIRA",28.6,10,136,5.1,2.67861176699241e-12,111.2731,19-Jul-2023 01:00:00
NaN,"Clear",2023-07-19T01:30:00,16.9,29.1,49.29,"41.83019005524591, 12.46317478841414",0,0,1015.9,"LIRF,16242099999,16239099999,AT416,16224099999,LIRA",28.6,10,136,5.1,2.69463332323547e-12,140.6722,19-Jul-2023 01:30:00
NaN,"Clear",2023-07-19T02:00:00,16.9,28.2,52.16,"41.83019005524591, 12.46317478841414",0,0,1015.8,"LIRF,16242099999,16239099999,AT416,16224099999,LIRA",27.6,10,131,4.8,2.71076276839522e-12,137.2177,19-Jul-2023 02:00:00
NaN,"Clear",2023-07-19T02:30:00,16.9,28.2,52.16,"41.83019005524591, 12.46317478841414",0,0,1015.8,"LIRF,16242099999,16239099999,AT416,16224099999,LIRA",27.6,10,131,4.8,2.72700091023182e-12,104.7,19-Jul-2023 02:30:00
NaN,"Clear",2023-07-19T03:00:00,15.7,28,47.92,"41.83019005524591, 12.46317478841414",0,0,1014.9,"LIRF,16242099999,16239099999,AT416,16224099999,LIRA",27.7,10,125,6.7,2.74334856343688e-12,49.7,19-Jul-2023 03:00:00
NaN,"Clear",2023-07-19T03:30:00,15.7,28,47.92,"41.83019005524591, 12.46317478841414",0,0,1014.9,"LIRF,16242099999,16239099999,AT416,16224099999,LIRA",27.7,10,125,6.7,2.75980654914895e-12,33.2966,19-Jul-2023 03:30:00
NaN,"Clear",2023-07-19T04:00:00,14.7,25.6,51.04,"41.83019005524591, 12.46317478841414",0,0,1014.9,"LIRF,16242099999,16239099999,AT416,16224099999,LIRA",25.6,10,46,7,2.77637569528346e-12,10.5566,19-Jul-2023 04:00:00
NaN,"Clear",2023-07-19T04:30:00,14.7,25.6,51.04,"41.83019005524591, 12.46317478841414",0,0,1014.9,"LIRF,16242099999,16239099999,AT416,16224099999,LIRA",25.6,10,46,7,2.79305683687437e-12,0,19-Jul-2023 04:30:00
NaN,"Clear",2023-07-19T05:00:00,16.3,24.2,61.23,"41.83019005524591, 12.46317478841414",0,0,1014.9,"LIRF,16242099999,16239099999,AT416,16224099999,LIRA",24.2,10,10,5,2.8098508155803e-12,0,19-Jul-2023 05:00:00
NaN,"Clear",2023-07-19T05:30:00,16.3,24.2,61.23,"41.83019005524591, 12.46317478841414",0,0,1014.9,"LIRF,16242099999,16239099999,AT416,16224099999,LIRA",24.2,10,10,5,2.82675848002183e-12,0,19-Jul-2023 05:30:00
NaN,"Clear",2023-07-19T06:00:00,16.5,24.2,62.09,"41.83019005524591, 12.46317478841414",0,0,1014.8,"LIRF,16242099999,16239099999,AT416,16224099999,LIRA",24.2,10,80,3.9,2.84378068613062e-12,0,19-Jul-2023 06:00:00
NaN,"Clear",2023-07-19T06:30:00,16.5,24.2,62.09,"41.83019005524591, 12.46317478841414",0,0,1014.8,"LIRF,16242099999,16239099999,AT416,16224099999,LIRA",24.2,10,80,3.9,2.86091829664609e-12,0,19-Jul-2023 06:30:00
NaN,"Clear",2023-07-19T07:00:00,19.8,24.3,75.92,"41.83019005524591, 12.46317478841414",0,0,1014.8,"LIRF,16242099999,16239099999,AT416,16224099999,16234099999,LIRA",24.3,10,70,4.8,2.8781721814601e-12,132.5724,19-Jul-2023 07:00:00
NaN,"Clear",2023-07-19T07:30:00,19.8,24.3,75.92,"41.83019005524591, 12.46317478841414",0,0,1014.8,"LIRF,16242099999,16239099999,AT416,16224099999,16234099999,LIRA",24.3,10,70,4.8,2.89554321797385e-12,191.3701,19-Jul-2023 07:30:00
NaN,"Clear",2023-07-19T08:00:00,19.5,28,64.57,"41.83019005524591, 12.46317478841414",0,0,1014.9,"LIRF,16242099999,16239099999,AT416,16224099999,16234099999,LIRA",26.7,10,110,4.3,2.91303229058487e-12,250.555,19-Jul-2023 08:00:00
NaN,"Clear",2023-07-19T08:30:00,19.5,28,64.57,"41.83019005524591, 12.46317478841414",0,0,1014.9,"LIRF,16242099999,16239099999,AT416,16224099999,16234099999,LIRA",26.7,10,110,4.3,2.93064029103928e-12,317.8128,19-Jul-2023 08:30:00
NaN,"Clear",2023-07-19T09:00:00,19.7,31.3,55.07,"41.83019005524591, 12.46317478841414",0,0,1014.9,"LIRF,16242099999,16239099999,AT416,16224099999,16234099999,LIRA",29.6,10,135,5.5,2.94836811879669e-12,292.3077,19-Jul-2023 09:00:00
NaN,"Clear",2023-07-19T09:30:00,19.7,31.3,55.07,"41.83019005524591, 12.46317478841414",0,0,1014.9,"LIRF,16242099999,16239099999,AT416,16224099999,16234099999,LIRA",29.6,10,135,5.5,2.96621668050716e-12,237.0414,19-Jul-2023 09:30:00
NaN,"Clear",2023-07-19T10:00:00,18.7,34,43.88,"41.83019005524591, 12.46317478841414",0,0,1014.9,"LIRF,16242099999,16239099999,AT416,16224099999,16234099999,LIRA",32.6,10,65,9.9,2.98418689037142e-12,215.4111,19-Jul-2023 10:00:00
NaN,"Clear",2023-07-19T10:30:00,18.7,34,43.88,"41.83019005524591, 12.46317478841414",0,0,1014.9,"LIRF,16242099999,16239099999,AT416,16224099999,16234099999,LIRA",32.6,10,65,9.9,3.00227967051383e-12,200.7735,19-Jul-2023 10:30:00
NaN,"Clear",2023-07-19T11:00:00,17.8,35.5,37.25,"41.83019005524591, 12.46317478841414",0,0,1013.9,"LIRF,16242099999,16239099999,AT416,16224099999,16234099999,LIRA",34.5,10,219,9.8,3.02049595044922e-12,203.9982,19-Jul-2023 11:00:00
NaN,"Clear",2023-07-19T11:30:00,17.8,35.5,37.25,"41.83019005524591, 12.46317478841414",0,0,1013.9,"LIRF,16242099999,16239099999,AT416,16224099999,16234099999,LIRA",34.5,10,219,9.8,3.03883666745114e-12,277.5793,19-Jul-2023 11:30:00
NaN,"Clear",2023-07-19T12:00:00,17,36.2,33.48,"41.83019005524591, 12.46317478841414",0,0,1013.9,"LIRF,16242099999,16239099999,AT416,16224099999,16234099999,LIRA",35.5,10,193,11.9,3.05730276693316e-12,282.2497,19-Jul-2023 12:00:00
NaN,"Clear",2023-07-19T12:30:00,17,36.2,33.48,"41.83019005524591, 12.46317478841414",0,0,1013.9,"LIRF,16242099999,16239099999,AT416,16224099999,16234099999,LIRA",35.5,10,193,11.9,3.07589520190537e-12,365.8921,19-Jul-2023 12:30:00
NaN,"Clear",2023-07-19T13:00:00,20.1,38.3,40.79,"41.83019005524591, 12.46317478841414",0,0,1013.8,"LIRF,16242099999,16239099999,AT416,16224099999,16234099999,LIRA",35.4,10,206,13.3,3.09461493335085e-12,437.0626,19-Jul-2023 13:00:00
NaN,"Clear",2023-07-19T13:30:00,20.1,38.3,40.79,"41.83019005524591, 12.46317478841414",0,0,1013.8,"LIRF,16242099999,16239099999,AT416,16224099999,16234099999,LIRA",35.4,10,206,13.3,3.11346293061551e-12,272.8472,19-Jul-2023 13:30:00
NaN,"Clear",2023-07-19T14:00:00,20.9,39.9,40.94,"41.83019005524591, 12.46317478841414",0,0,1012.9,"LIRF,16242099999,16239099999,AT416,16224099999,16234099999,LIRA",36.2,10,200,17,3.13244017085408e-12,243.1786,19-Jul-2023 14:00:00
NaN,"Clear",2023-07-19T14:30:00,20.9,39.9,40.94,"41.83019005524591, 12.46317478841414",0,0,1012.9,"LIRF,16242099999,16239099999,AT416,16224099999,16234099999,LIRA",36.2,10,200,17,3.15154763941495e-12,156.3677,19-Jul-2023 14:30:00
NaN,"Clear",2023-07-19T15:00:00,19.8,39,38.41,"41.83019005524591, 12.46317478841414",0,0,1012.8,"LIRF,16242099999,16239099999,AT416,16224099999,16234099999,LIRA",36.2,10,214,17.6,3.17078633023883e-12,125.1633,19-Jul-2023 15:00:00
NaN,"Clear",2023-07-19T15:30:00,19.8,39,38.41,"41.83019005524591, 12.46317478841414",0,0,1012.8,"LIRF,16242099999,16239099999,AT416,16224099999,16234099999,LIRA",36.2,10,214,17.6,3.1901572452939e-12,64.9334,19-Jul-2023 15:30:00
NaN,"Clear",2023-07-19T16:00:00,19.1,37.6,38.1,"41.83019005524591, 12.46317478841414",0,0,1012.1,"LIRF,16242099999,16239099999,AT416,16224099999,16234099999,LIRA",35.5,10,200,21.5,3.20966139496937e-12,64.9852,19-Jul-2023 16:00:00
NaN,"Clear",2023-07-19T16:30:00,19.1,37.6,38.1,"41.83019005524591, 12.46317478841414",0,0,1012.1,"LIRF,16242099999,16239099999,AT416,16224099999,16234099999,LIRA",35.5,10,200,21.5,3.22929979848307e-12,38.8126,19-Jul-2023 16:30:00
NaN,"Clear",2023-07-19T17:00:00,20.7,37.8,44.11,"41.83019005524591, 12.46317478841414",0,0,1011.9,"LIRF,16242099999,16239099999,AT416,16224099999,16234099999,LIRA",34.7,10,207,22.3,3.24907348330563e-12,108.4439,19-Jul-2023 17:00:00
NaN,"Clear",2023-07-19T17:30:00,20.7,37.8,44.11,"41.83019005524591, 12.46317478841414",0,0,1011.9,"LIRF,16242099999,16239099999,AT416,16224099999,16234099999,LIRA",34.7,10,207,22.3,3.26898348556286e-12,251.642,19-Jul-2023 17:30:00
NaN,"Clear",2023-07-19T18:00:00,19.2,36.4,40.77,"41.83019005524591, 12.46317478841414",0,0,1011.8,"LIRF,16242099999,16239099999,AT416,16224099999,16234099999,LIRA",34.4,10,192,19.8,3.28903085045264e-12,365.3195,19-Jul-2023 18:00:00
NaN,"Clear",2023-07-19T18:30:00,19.2,36.4,40.77,"41.83019005524591, 12.46317478841414",0,0,1011.8,"LIRF,16242099999,16239099999,AT416,16224099999,16234099999,LIRA",34.4,10,192,19.8,3.30921663165775e-12,275.944,19-Jul-2023 18:30:00
0,"Clear",2023-07-19T19:00:00,20.2,35,47.9,"41.83019005524591, 12.46317478841414",0,0,1011.8,"LIRF,16242099999,16239099999,AT416,16224099999,16234099999,LIRA",32.6,9.9,195,19.8,3.32954189175747e-12,127.7703,19-Jul-2023 19:00:00
0,"Clear",2023-07-19T19:30:00,20.2,35,47.9,"41.83019005524591, 12.46317478841414",0,0,1011.8,"LIRF,16242099999,16239099999,AT416,16224099999,16234099999,LIRA",32.6,9.9,195,19.8,3.35000770265381e-12,133.3195,19-Jul-2023 19:30:00
0,"Clear",2023-07-19T20:00:00,23.2,35.5,64.1,"41.83019005524591, 12.46317478841414",0,0,1011.1,"LIRF,16242099999,16239099999,AT416,16224099999,16234099999,LIRA",30.8,9.9,209,14.7,3.37061514497291e-12,141.2039,19-Jul-2023 20:00:00
0,"Clear",2023-07-19T20:30:00,23.2,35.5,64.1,"41.83019005524591, 12.46317478841414",0,0,1011.1,"LIRF,16242099999,16239099999,AT416,16224099999,16234099999,LIRA",30.8,9.9,209,14.7,3.391365308486e-12,160.3632,19-Jul-2023 20:30:00
NaN,"Clear",2023-07-19T21:00:00,23.6,33.1,73.04,"41.83019005524591, 12.46317478841414",0,0,1011.9,"LIRF,16242099999,16239099999,AT416,16224099999,LIRA",28.9,10,210,12.2,3.41225929254524e-12,182.1135,19-Jul-2023 21:00:00
NaN,"Clear",2023-07-19T21:30:00,23.6,33.1,73.04,"41.83019005524591, 12.46317478841414",0,0,1011.9,"LIRF,16242099999,16239099999,AT416,16224099999,LIRA",28.9,10,210,12.2,3.4332982054735e-12,72.0801,19-Jul-2023 21:30:00
NaN,"Clear",2023-07-19T22:00:00,23.6,31.9,76.44,"41.83019005524591, 12.46317478841414",0,0,1011.9,"LIRF,16242099999,16239099999,AT416,16224099999,LIRA",28.1,10,192,10.7,3.45448316499479e-12,23.7036,19-Jul-2023 22:00:00
NaN,"Clear",2023-07-19T22:30:00,23.6,31.9,76.44,"41.83019005524591, 12.46317478841414",0,0,1011.9,"LIRF,16242099999,16239099999,AT416,16224099999,LIRA",28.1,10,192,10.7,3.47581529868015e-12,0,19-Jul-2023 22:30:00
NaN,"Clear",2023-07-19T23:00:00,22.8,29.8,77.31,"41.83019005524591, 12.46317478841414",0,0,1011.8,"LIRF,16242099999,16239099999,AT416,16224099999,LIRA",27.2,10,192,5.5,3.49729574332535e-12,0,19-Jul-2023 23:00:00
NaN,"Clear",2023-07-19T23:30:00,22.8,29.8,77.31,"41.83019005524591, 12.46317478841414",0,0,1011.8,"LIRF,16242099999,16239099999,AT416,16224099999,LIRA",27.2,10,192,5.5,3.5189256453912e-12,0,19-Jul-2023 23:30:00
NaN,"Clear",2023-07-20T00:00:00,20.5,29.6,64.71,"41.83019005524591, 12.46317478841414",0,0,1010.9,"LIRF,16242099999,16239099999,AT416,16224099999,LIRA",27.7,10,141,7.1,3.54070616145961e-12,50.2808,20-Jul-2023 00:00:00
NaN,"Clear",2023-07-20T00:30:00,20.5,29.6,64.71,"41.83019005524591, 12.46317478841414",0,0,1010.9,"LIRF,16242099999,16239099999,AT416,16224099999,LIRA",27.7,10,141,7.1,3.56263845759912e-12,101.8455,20-Jul-2023 00:30:00
NaN,"Clear",2023-07-20T01:00:00,19.7,26,68.46,"41.83019005524591, 12.46317478841414",0,0,1010.9,"LIRF,16242099999,16239099999,AT416,16224099999,LIRA",26,10,104,3.4,3.5847237098152e-12,133.2662,20-Jul-2023 01:00:00
NaN,"Clear",2023-07-20T01:30:00,19.7,26,68.46,"41.83019005524591, 12.46317478841414",0,0,1010.9,"LIRF,16242099999,16239099999,AT416,16224099999,LIRA",26,10,104,3.4,3.60696310451685e-12,113.8114,20-Jul-2023 01:30:00
NaN,"Clear",2023-07-20T02:00:00,19.3,26.6,64.46,"41.83019005524591, 12.46317478841414",0,0,1010.9,"LIRF,16242099999,16239099999,AT416,16224099999,LIRA",26.6,10,128,5.3,3.62935783786955e-12,49.678,20-Jul-2023 02:00:00
NaN,"Clear",2023-07-20T02:30:00,19.3,26.6,64.46,"41.83019005524591, 12.46317478841414",0,0,1010.9,"LIRF,16242099999,16239099999,AT416,16224099999,LIRA",26.6,10,128,5.3,3.65190911625599e-12,14.1414,20-Jul-2023 02:30:00
NaN,"Clear",2023-07-20T03:00:00,19.1,25.6,67.46,"41.83019005524591, 12.46317478841414",0,0,1010.9,"LIRF,16242099999,16239099999,AT416,16224099999,LIRA",25.6,10,57,5.8,3.67461815675335e-12,0.250100000000003,20-Jul-2023 03:00:00
NaN,"Clear",2023-07-20T03:30:00,19.1,25.6,67.46,"41.83019005524591, 12.46317478841414",0,0,1010.9,"LIRF,16242099999,16239099999,AT416,16224099999,LIRA",25.6,10,57,5.8,3.69748618647351e-12,0,20-Jul-2023 03:30:00
NaN,"Clear",2023-07-20T04:00:00,18.9,25.6,66.77,"41.83019005524591, 12.46317478841414",0,0,1010.1,"LIRF,16242099999,16239099999,AT416,16224099999,LIRA",25.6,10,200,2.2,3.72051444303439e-12,0,20-Jul-2023 04:00:00
NaN,"Clear",2023-07-20T04:30:00,18.9,25.6,66.77,"41.83019005524591, 12.46317478841414",0,0,1010.1,"LIRF,16242099999,16239099999,AT416,16224099999,LIRA",25.6,10,200,2.2,3.74370417504821e-12,0,20-Jul-2023 04:30:00
NaN,"Clear",2023-07-20T05:00:00,22.1,23.1,94.11,"41.83019005524591, 12.46317478841414",0,0,1010.3,"LIRF,16242099999,AT416,16224099999",23.1,10,65,7.1,3.76705664144871e-12,0,20-Jul-2023 05:00:00
NaN,"Clear",2023-07-20T05:30:00,22.1,23.1,94.11,"41.83019005524591, 12.46317478841414",0,0,1010.3,"LIRF,16242099999,AT416,16224099999",23.1,10,65,7.1,3.79057311197335e-12,0,20-Jul-2023 05:30:00
NaN,"Clear",2023-07-20T06:00:00,16.5,24,63.13,"41.83019005524591, 12.46317478841414",0,0,1010.8,"LIRF,16242099999,16239099999,AT416,16224099999,LIRA",24,10,100,2.2,3.81425486766289e-12,0,20-Jul-2023 06:00:00
NaN,"Clear",2023-07-20T06:30:00,16.5,24,63.13,"41.83019005524591, 12.46317478841414",0,0,1010.8,"LIRF,16242099999,16239099999,AT416,16224099999,LIRA",24,10,100,2.2,3.83810320017527e-12,48.7364,20-Jul-2023 06:30:00
NaN,"Clear",2023-07-20T07:00:00,16.5,24.5,60.98,"41.83019005524591, 12.46317478841414",0,0,1010.8,"LIRF,16242099999,16239099999,AT416,16224099999,16234099999,LIRA",24.5,10,57,5.7,3.862119412279e-12,149.5182,20-Jul-2023 07:00:00
NaN,"Clear",2023-07-20T07:30:00,16.5,24.5,60.98,"41.83019005524591, 12.46317478841414",0,0,1010.8,"LIRF,16242099999,16239099999,AT416,16224099999,16234099999,LIRA",24.5,10,57,5.7,3.88630481836435e-12,123.3007,20-Jul-2023 07:30:00
NaN,"Clear",2023-07-20T08:00:00,17.8,25.8,61.28,"41.83019005524591, 12.46317478841414",0,0,1010.8,"LIRF,16242099999,16239099999,AT416,16224099999,16234099999,LIRA",25.8,10,53,4.3,3.91066074374361e-12,407.8829,20-Jul-2023 08:00:00
NaN,"Clear",2023-07-20T08:30:00,17.8,25.8,61.28,"41.83019005524591, 12.46317478841414",0,0,1010.8,"LIRF,16242099999,16239099999,AT416,16224099999,16234099999,LIRA",25.8,10,53,4.3,3.93518852515595e-12,446.9742,20-Jul-2023 08:30:00
NaN,"Clear",2023-07-20T09:00:00,19.4,29.5,59.41,"41.83019005524591, 12.46317478841414",0,0,1010.9,"LIRF,16242099999,16239099999,AT416,16224099999,16234099999,LIRA",28.1,10,123,4.6,3.9598895112905e-12,526.3503,20-Jul-2023 09:00:00
NaN,"Clear",2023-07-20T09:30:00,19.4,29.5,59.41,"41.83019005524591, 12.46317478841414",0,0,1010.9,"LIRF,16242099999,16239099999,AT416,16224099999,16234099999,LIRA",28.1,10,123,4.6,3.98476506207274e-12,557.0675,20-Jul-2023 09:30:00
27.7,"Partially cloudy",2023-07-20T10:00:00,19.1,31.5,51.71,"41.83019005524591, 12.46317478841414",0,0,1010.9,"LIRF,16242099999,16239099999,AT416,16224099999,16234099999,LIRA",30.1,10,59,6.4,4.00981654918112e-12,612.5897,20-Jul-2023 10:00:00
27.7,"Partially cloudy",2023-07-20T10:30:00,19.1,31.5,51.71,"41.83019005524591, 12.46317478841414",0,0,1010.9,"LIRF,16242099999,16239099999,AT416,16224099999,16234099999,LIRA",30.1,10,59,6.4,4.03504535658238e-12,500.4565,20-Jul-2023 10:30:00
NaN,"Clear",2023-07-20T11:00:00,20.4,33.3,53.57,"41.83019005524591, 12.46317478841414",0,0,1010.9,"LIRF,16242099999,16239099999,AT416,16224099999,16234099999,LIRA",31,10,187,6.7,4.06045287980369e-12,241.7126,20-Jul-2023 11:00:00
NaN,"Clear",2023-07-20T11:30:00,20.4,33.3,53.57,"41.83019005524591, 12.46317478841414",0,0,1010.9,"LIRF,16242099999,16239099999,AT416,16224099999,16234099999,LIRA",31,10,187,6.7,4.08604052646141e-12,246.8506,20-Jul-2023 11:30:00
NaN,"Clear",2023-07-20T12:00:00,22.2,37,53.93,"41.83019005524591, 12.46317478841414",0,0,1010.9,"LIRF,16242099999,16239099999,AT416,16224099999,16234099999,LIRA",32.8,10,194,9.9,4.11180971680889e-12,374.4604,20-Jul-2023 12:00:00
NaN,"Clear",2023-07-20T12:30:00,22.2,37,53.93,"41.83019005524591, 12.46317478841414",0,0,1010.9,"LIRF,16242099999,16239099999,AT416,16224099999,16234099999,LIRA",32.8,10,194,9.9,4.13776188299419e-12,352.2657,20-Jul-2023 12:30:00
NaN,"Clear",2023-07-20T13:00:00,20.6,36.4,46.97,"41.83019005524591, 12.46317478841414",0,0,1010.8,"LIRF,16242099999,AT416,16224099999,16234099999,LIRA",33.5,10,189,13.6,4.16389846960119e-12,414.1257,20-Jul-2023 13:00:00
NaN,"Clear",2023-07-20T13:30:00,20.6,36.4,46.97,"41.83019005524591, 12.46317478841414",0,0,1010.8,"LIRF,16242099999,AT416,16224099999,16234099999,LIRA",33.5,10,189,13.6,4.19022093421024e-12,462.942,20-Jul-2023 13:30:00
NaN,"Clear",2023-07-20T14:00:00,21,37.8,45.6,"41.83019005524591, 12.46317478841414",0,0,1010.8,"LIRF,16242099999,16239099999,AT416,LIRA",34.4,10,174,11.1,4.21673074664114e-12,364.3966,20-Jul-2023 14:00:00
NaN,"Clear",2023-07-20T14:30:00,21,37.8,45.6,"41.83019005524591, 12.46317478841414",0,0,1010.8,"LIRF,16242099999,16239099999,AT416,LIRA",34.4,10,174,11.1,4.24342938950691e-12,258.373,20-Jul-2023 14:30:00
30,"Partially cloudy",2023-07-20T15:00:00,23.4,39.7,54.35,"41.83019005524591, 12.46317478841414",0,0,1009.9,"LIRF,16242099999,16239099999,AT416,16224099999,16234099999,LIRA",33.9,10,227,14.8,4.27031835878772e-12,227.3344,20-Jul-2023 15:00:00
30,"Partially cloudy",2023-07-20T15:30:00,23.4,39.7,54.35,"41.83019005524591, 12.46317478841414",0,0,1009.9,"LIRF,16242099999,16239099999,AT416,16224099999,16234099999,LIRA",33.9,10,227,14.8,4.29739916305866e-12,296.9873,20-Jul-2023 15:30:00
30,"Partially cloudy",2023-07-20T16:00:00,23.8,40.3,55.78,"41.83019005524591, 12.46317478841414",0,0,1009.8,"LIRF,16242099999,16239099999,AT416,16224099999,16234099999,LIRA",33.9,10,219,16.4,4.32467332405668e-12,168.2198,20-Jul-2023 16:00:00
30,"Partially cloudy",2023-07-20T16:30:00,23.8,40.3,55.78,"41.83019005524591, 12.46317478841414",0,0,1009.8,"LIRF,16242099999,16239099999,AT416,16224099999,16234099999,LIRA",33.9,10,219,16.4,4.352142377268e-12,330.8246,20-Jul-2023 16:30:00
30,"Partially cloudy",2023-07-20T17:00:00,23.8,38.9,58.86,"41.83019005524591, 12.46317478841414",0,0,1009.8,"LIRF,16242099999,16239099999,AT416,16224099999,16234099999,LIRA",32.9,10,216,13.3,4.37980787114048e-12,326.9846,20-Jul-2023 17:00:00
30,"Partially cloudy",2023-07-20T17:30:00,23.8,38.9,58.86,"41.83019005524591, 12.46317478841414",0,0,1009.8,"LIRF,16242099999,16239099999,AT416,16224099999,16234099999,LIRA",32.9,10,216,13.3,4.40767136766393e-12,259.1544,20-Jul-2023 17:30:00
NaN,"Clear",2023-07-20T18:00:00,22.5,37.2,55.08,"41.83019005524591, 12.46317478841414",0,0,1009.8,"LIRF,16242099999,16239099999,AT416,16224099999,16234099999,LIRA",32.7,10,217,14.3,4.43573444297153e-12,214.9724,20-Jul-2023 18:00:00
NaN,"Clear",2023-07-20T18:30:00,22.5,37.2,55.08,"41.83019005524591, 12.46317478841414",0,0,1009.8,"LIRF,16242099999,16239099999,AT416,16224099999,16234099999,LIRA",32.7,10,217,14.3,4.46399868653631e-12,122.9612,20-Jul-2023 18:30:00
NaN,"Clear",2023-07-20T19:00:00,22.7,36.1,58.94,"41.83019005524591, 12.46317478841414",0,0,1009.8,"LIRF,16242099999,16239099999,AT416,16224099999,16234099999,LIRA",31.7,10,236,14.3,4.49246570176534e-12,51.0764,20-Jul-2023 19:00:00
NaN,"Clear",2023-07-20T19:30:00,22.7,36.1,58.94,"41.83019005524591, 12.46317478841414",0,0,1009.8,"LIRF,16242099999,16239099999,AT416,16224099999,16234099999,LIRA",31.7,10,236,14.3,4.52113710661534e-12,22.1649,20-Jul-2023 19:30:00
NaN,"Clear",2023-07-20T20:00:00,22.7,33.7,65.38,"41.83019005524591, 12.46317478841414",0,0,1009.9,"LIRF,16242099999,16239099999,AT416,16224099999,16234099999,LIRA",29.9,10,235,11.9,4.55001453277316e-12,63.9144,20-Jul-2023 20:00:00
NaN,"Clear",2023-07-20T20:30:00,22.7,33.7,65.38,"41.83019005524591, 12.46317478841414",0,0,1009.9,"LIRF,16242099999,16239099999,AT416,16224099999,16234099999,LIRA",29.9,10,235,11.9,4.57909962626402e-12,167.2428,20-Jul-2023 20:30:00
NaN,"Clear",2023-07-20T21:00:00,23.5,31.5,76.79,"41.83019005524591, 12.46317478841414",0,0,1009.9,"LIRF,16242099999,16239099999,AT416,16224099999,LIRA",28,10,241,8.3,4.60839404808187e-12,111.9127,20-Jul-2023 21:00:00
NaN,"Clear",2023-07-20T21:30:00,23.5,31.5,76.79,"41.83019005524591, 12.46317478841414",0,0,1009.9,"LIRF,16242099999,16239099999,AT416,16224099999,LIRA",28,10,241,8.3,4.63789947335334e-12,81.2011,20-Jul-2023 21:30:00
NaN,"Clear",2023-07-20T22:00:00,24.1,30.4,83.55,"41.83019005524591, 12.46317478841414",0,0,1010.9,"LIRF,16242099999,16239099999,AT416,16224099999,LIRA",27.1,10,210,7.1,4.66761759196055e-12,97.5746,20-Jul-2023 22:00:00
NaN,"Clear",2023-07-20T22:30:00,24.1,30.4,83.55,"41.83019005524591, 12.46317478841414",0,0,1010.9,"LIRF,16242099999,16239099999,AT416,16224099999,LIRA",27.1,10,210,7.1,4.69755010918656e-12,71.6278,20-Jul-2023 22:30:00
NaN,"Clear",2023-07-20T23:00:00,22.8,31,73.85,"41.83019005524591, 12.46317478841414",0,0,1010.9,"LIRF,16242099999,16239099999,AT416,16224099999,LIRA",27.9,10,145,11.9,4.72769874486246e-12,34.8331,20-Jul-2023 23:00:00
NaN,"Clear",2023-07-20T23:30:00,22.8,31,73.85,"41.83019005524591, 12.46317478841414",0,0,1010.9,"LIRF,16242099999,16239099999,AT416,16224099999,LIRA",27.9,10,145,11.9,4.7580652340051e-12,16.3735,20-Jul-2023 23:30:00
NaN,"Clear",2023-07-21T00:00:00,19.5,28.3,63.78,"41.83019005524591, 12.46317478841414",0,0,1010.9,"LIRF,16242099999,16239099999,AT416,16224099999,LIRA",26.9,10,182,11,4.78865132747807e-12,48.787,21-Jul-2023 00:00:00
NaN,"Clear",2023-07-21T00:30:00,19.5,28.3,63.78,"41.83019005524591, 12.46317478841414",0,0,1010.9,"LIRF,16242099999,16239099999,AT416,16224099999,LIRA",26.9,10,182,11,4.81945879112157e-12,240.6668,21-Jul-2023 00:30:00
NaN,"Clear",2023-07-21T01:00:00,19.5,29.9,58.3,"41.83019005524591, 12.46317478841414",0,0,1010.9,"LIRF,16242099999,16239099999,AT416,16224099999,LIRA",28.5,10,152,9.9,4.85048940640547e-12,205.299,21-Jul-2023 01:00:00
NaN,"Clear",2023-07-21T01:30:00,19.5,29.9,58.3,"41.83019005524591, 12.46317478841414",0,0,1010.9,"LIRF,16242099999,16239099999,AT416,16224099999,LIRA",28.5,10,152,9.9,4.8817449711062e-12,202.8052,21-Jul-2023 01:30:00
NaN,"Clear",2023-07-21T02:00:00,20.2,30.3,61.09,"41.83019005524591, 12.46317478841414",0,0,1010.9,"LIRF,16242099999,16239099999,AT416,16224099999,LIRA",28.5,10,158,7.5,4.91322729841907e-12,142.0622,21-Jul-2023 02:00:00
NaN,"Clear",2023-07-21T02:30:00,20.2,30.3,61.09,"41.83019005524591, 12.46317478841414",0,0,1010.9,"LIRF,16242099999,16239099999,AT416,16224099999,LIRA",28.5,10,158,7.5,4.94493821762706e-12,64.6456,21-Jul-2023 02:30:00
NaN,"Clear",2023-07-21T03:00:00,20.8,29.4,67.05,"41.83019005524591, 12.46317478841414",0,0,1010.8,"LIRF,16242099999,16239099999,AT416,16224099999,LIRA",27.5,10,184,7.8,4.97687957479405e-12,92.7463,21-Jul-2023 03:00:00
NaN,"Clear",2023-07-21T03:30:00,20.8,29.4,67.05,"41.83019005524591, 12.46317478841414",0,0,1010.8,"LIRF,16242099999,16239099999,AT416,16224099999,LIRA",27.5,10,184,7.8,5.00905323185921e-12,49.8168,21-Jul-2023 03:30:00
NaN,"Clear",2023-07-21T04:00:00,20.1,29.3,63.19,"41.83019005524591, 12.46317478841414",0,0,1009.9,"LIRF,16242099999,16239099999,AT416,16224099999,LIRA",27.7,10,156,5.8,5.04146106732198e-12,23.7327,21-Jul-2023 04:00:00
NaN,"Clear",2023-07-21T04:30:00,20.1,29.3,63.19,"41.83019005524591, 12.46317478841414",0,0,1009.9,"LIRF,16242099999,16239099999,AT416,16224099999,LIRA",27.7,10,156,5.8,5.07410497695204e-12,7.0327,21-Jul-2023 04:30:00
NaN,"Clear",2023-07-21T05:00:00,20.8,28.4,70.2,"41.83019005524591, 12.46317478841414",0,0,1009.9,"LIRF,16242099999,16239099999,AT416,16224099999,LIRA",26.7,10,163,6.6,5.10698687286542e-12,0,21-Jul-2023 05:00:00
NaN,"Clear",2023-07-21T05:30:00,20.8,28.4,70.2,"41.83019005524591, 12.46317478841414",0,0,1009.9,"LIRF,16242099999,16239099999,AT416,16224099999,LIRA",26.7,10,163,6.6,5.14010868422605e-12,0,21-Jul-2023 05:30:00
50,"Partially cloudy",2023-07-21T06:00:00,19.1,28.5,60.83,"41.83019005524591, 12.46317478841414",0,0,1010.1,"LIRF,16242099999,16239099999,AT416,16224099999,LIRA",27.3,10,171,6.9,5.17347235797304e-12,65.2436,21-Jul-2023 06:00:00
50,"Partially cloudy",2023-07-21T06:30:00,19.1,28.5,60.83,"41.83019005524591, 12.46317478841414",0,0,1010.1,"LIRF,16242099999,16239099999,AT416,16224099999,LIRA",27.3,10,171,6.9,5.20707985787801e-12,103.9982,21-Jul-2023 06:30:00
NaN,"Clear",2023-07-21T07:00:00,20.1,25.9,70.25,"41.83019005524591, 12.46317478841414",0,0,1010.8,"LIRF,16242099999,16239099999,AT416,16224099999,16234099999,LIRA",25.9,10,129,3.4,5.24093316526371e-12,140.2802,21-Jul-2023 07:00:00
NaN,"Clear",2023-07-21T07:30:00,20.1,25.9,70.25,"41.83019005524591, 12.46317478841414",0,0,1010.8,"LIRF,16242099999,16239099999,AT416,16224099999,16234099999,LIRA",25.9,10,129,3.4,5.27503427974908e-12,158.8431,21-Jul-2023 07:30:00
30,"Partially cloudy",2023-07-21T08:00:00,19.5,29,61.17,"41.83019005524591, 12.46317478841414",0,0,1010.8,"LIRF,16242099999,16239099999,AT416,16224099999,16234099999,LIRA",27.6,9.9,129,5.7,5.30938521828738e-12,285.8917,21-Jul-2023 08:00:00
30,"Partially cloudy",2023-07-21T08:30:00,19.5,29,61.17,"41.83019005524591, 12.46317478841414",0,0,1010.8,"LIRF,16242099999,16239099999,AT416,16224099999,16234099999,LIRA",27.6,9.9,129,5.7,5.34398801590241e-12,432.3499,21-Jul-2023 08:30:00
28,"Partially cloudy",2023-07-21T09:00:00,19.7,31.6,54.48,"41.83019005524591, 12.46317478841414",0,0,1010.9,"LIRF,16242099999,16239099999,AT416,16224099999,16234099999,LIRA",29.9,9.9,136,6.2,5.37884472645174e-12,426.8033,21-Jul-2023 09:00:00
28,"Partially cloudy",2023-07-21T09:30:00,19.7,31.6,54.48,"41.83019005524591, 12.46317478841414",0,0,1010.9,"LIRF,16242099999,16239099999,AT416,16224099999,16234099999,LIRA",29.9,9.9,136,6.2,5.41395742164531e-12,530.2376,21-Jul-2023 09:30:00
33.5,"Partially cloudy",2023-07-21T10:00:00,21.7,34.1,58.18,"41.83019005524591, 12.46317478841414",0,0,1011.8,"LIRF,16242099999,16239099999,AT416,16224099999,16234099999,LIRA",30.9,9.9,20,9.5,5.44932819179967e-12,491.8083,21-Jul-2023 10:00:00
33.5,"Partially cloudy",2023-07-21T10:30:00,21.7,34.1,58.18,"41.83019005524591, 12.46317478841414",0,0,1011.8,"LIRF,16242099999,16239099999,AT416,16224099999,16234099999,LIRA",30.9,9.9,20,9.5,5.48495914661995e-12,512.9008,21-Jul-2023 10:30:00
27.6,"Partially cloudy",2023-07-21T11:00:00,21.7,35,55.99,"41.83019005524591, 12.46317478841414",0,0,1011.7,"LIRF,16242099999,16239099999,AT416,16224099999,16234099999,LIRA",31.6,10,186,15.2,5.52085241419843e-12,341.581,21-Jul-2023 11:00:00
27.6,"Partially cloudy",2023-07-21T11:30:00,21.7,35,55.99,"41.83019005524591, 12.46317478841414",0,0,1011.7,"LIRF,16242099999,16239099999,AT416,16224099999,16234099999,LIRA",31.6,10,186,15.2,5.55701014178738e-12,194.0458,21-Jul-2023 11:30:00
33.5,"Partially cloudy",2023-07-21T12:00:00,22.4,36.2,57.07,"41.83019005524591, 12.46317478841414",0,0,1011.8,"LIRF,16242099999,16239099999,AT416,16224099999,16234099999,LIRA",32,10,170,16.9,5.59343449660023e-12,195.4731,21-Jul-2023 12:00:00
33.5,"Partially cloudy",2023-07-21T12:30:00,22.4,36.2,57.07,"41.83019005524591, 12.46317478841414",0,0,1011.8,"LIRF,16242099999,16239099999,AT416,16224099999,16234099999,LIRA",32,10,170,16.9,0.0416666666666661,248.3824,21-Jul-2023 12:30:00
30.5,"Partially cloudy",2023-07-21T13:00:00,21,36.8,47.67,"41.83019005524591, 12.46317478841414",0,0,1011.1,"LIRF,16242099999,16239099999,AT416,16224099999,16234099999,LIRA",33.6,10,179,18.6,0.0833333333333339,311.1359,21-Jul-2023 13:00:00
30.5,"Partially cloudy",2023-07-21T13:30:00,21,36.8,47.67,"41.83019005524591, 12.46317478841414",0,0,1011.1,"LIRF,16242099999,16239099999,AT416,16224099999,16234099999,LIRA",33.6,10,179,18.6,0.125,271.8899,21-Jul-2023 13:30:00
28,"Partially cloudy",2023-07-21T14:00:00,20.1,37,43.17,"41.83019005524591, 12.46317478841414",0,0,1011.1,"LIRF,16242099999,16239099999,AT416,16224099999,16234099999,LIRA",34.4,10,187,22.1,0.166666666666666,292.207,21-Jul-2023 14:00:00
28,"Partially cloudy",2023-07-21T14:30:00,20.1,37,43.17,"41.83019005524591, 12.46317478841414",0,0,1011.1,"LIRF,16242099999,16239099999,AT416,16224099999,16234099999,LIRA",34.4,10,187,22.1,0.208333333333334,226.3936,21-Jul-2023 14:30:00
NaN,"Clear",2023-07-21T15:00:00,22.3,38.3,51.55,"41.83019005524591, 12.46317478841414",0,0,1010.8,"LIRF,16242099999,16239099999,AT416,16224099999,16234099999,LIRA",33.7,10,175,23.8,0.25,238.2203,21-Jul-2023 15:00:00
NaN,"Clear",2023-07-21T15:30:00,22.3,38.3,51.55,"41.83019005524591, 12.46317478841414",0,0,1010.8,"LIRF,16242099999,16239099999,AT416,16224099999,16234099999,LIRA",33.7,10,175,23.8,0.291666666666666,153.3546,21-Jul-2023 15:30:00
NaN,"Clear",2023-07-21T16:00:00,21.2,37.4,47.76,"41.83019005524591, 12.46317478841414",0,0,1010.8,"LIRF,16242099999,16239099999,AT416,16224099999,16234099999,LIRA",33.9,10,171,25.6,0.333333333333334,144.8968,21-Jul-2023 16:00:00
NaN,"Clear",2023-07-21T16:30:00,21.2,37.4,47.76,"41.83019005524591, 12.46317478841414",0,0,1010.8,"LIRF,16242099999,16239099999,AT416,16224099999,16234099999,LIRA",33.9,10,171,25.6,0.375,97.3826,21-Jul-2023 16:30:00
NaN,"Clear",2023-07-21T17:00:00,20.3,36.5,45.24,"41.83019005524591, 12.46317478841414",0,0,1010.8,"LIRF,16242099999,16239099999,AT416,16224099999,16234099999,LIRA",33.8,10,178,23.6,0.416666666666666,83.5639,21-Jul-2023 17:00:00
NaN,"Clear",2023-07-21T17:30:00,20.3,36.5,45.24,"41.83019005524591, 12.46317478841414",0,0,1010.8,"LIRF,16242099999,16239099999,AT416,16224099999,16234099999,LIRA",33.8,10,178,23.6,0.458333333333334,166.1786,21-Jul-2023 17:30:00
30,"Partially cloudy",2023-07-21T18:00:00,21.4,37.2,49.12,"41.83019005524591, 12.46317478841414",0,0,1009.9,"LIRF,16242099999,16239099999,AT416,16224099999,16234099999,LIRA",33.6,10,170,22,0.5,102.5181,21-Jul-2023 18:00:00
30,"Partially cloudy",2023-07-21T18:30:00,21.4,37.2,49.12,"41.83019005524591, 12.46317478841414",0,0,1009.9,"LIRF,16242099999,16239099999,AT416,16224099999,16234099999,LIRA",33.6,10,170,22,0.541666666666666,53.653,21-Jul-2023 18:30:00
28,"Partially cloudy",2023-07-21T19:00:00,21.1,34.8,53.25,"41.83019005524591, 12.46317478841414",0,0,1010.1,"LIRF,16242099999,16239099999,AT416,16224099999,16234099999,LIRA",31.8,10,168,23.4,0.583333333333334,40.4233,21-Jul-2023 19:00:00
28,"Partially cloudy",2023-07-21T19:30:00,21.1,34.8,53.25,"41.83019005524591, 12.46317478841414",0,0,1010.1,"LIRF,16242099999,16239099999,AT416,16224099999,16234099999,LIRA",31.8,10,168,23.4,0.625,86.2611,21-Jul-2023 19:30:00
28,"Partially cloudy",2023-07-21T20:00:00,23.7,35.9,65.73,"41.83019005524591, 12.46317478841414",0,0,1010.1,"LIRF,16242099999,16239099999,AT416,16224099999,16234099999,LIRA",30.8,9.9,168,23.1,0.666666666666666,40.5345,21-Jul-2023 20:00:00
28,"Partially cloudy",2023-07-21T20:30:00,23.7,35.9,65.73,"41.83019005524591, 12.46317478841414",0,0,1010.1,"LIRF,16242099999,16239099999,AT416,16224099999,16234099999,LIRA",30.8,9.9,168,23.1,0.708333333333334,127.3888,21-Jul-2023 20:30:00
50,"Partially cloudy",2023-07-21T21:00:00,25.3,34.8,81,"41.83019005524591, 12.46317478841414",0,0,1010.9,"LIRF,16242099999,16239099999,AT416,16224099999,LIRA",28.9,10,177,19.7,0.75,83.3888,21-Jul-2023 21:00:00
50,"Partially cloudy",2023-07-21T21:30:00,25.3,34.8,81,"41.83019005524591, 12.46317478841414",0,0,1010.9,"LIRF,16242099999,16239099999,AT416,16224099999,LIRA",28.9,10,177,19.7,0.791666666666666,81.0121,21-Jul-2023 21:30:00
89.1,"Partially cloudy",2023-07-21T22:00:00,25.4,33.3,84.9,"41.83019005524591, 12.46317478841414",0,0,1011.1,"LIRF,16242099999,16239099999,AT416,16224099999,LIRA",28.2,10,184,17.4,0.833333333333334,48.0121,21-Jul-2023 22:00:00
89.1,"Partially cloudy",2023-07-21T22:30:00,25.4,33.3,84.9,"41.83019005524591, 12.46317478841414",0,0,1011.1,"LIRF,16242099999,16239099999,AT416,16224099999,LIRA",28.2,10,184,17.4,0.875,22.8761,21-Jul-2023 22:30:00
50,"Partially cloudy",2023-07-21T23:00:00,24.6,34,77.56,"41.83019005524591, 12.46317478841414",0,0,1011.9,"LIRF,16242099999,16239099999,AT416,16224099999,LIRA",28.9,10,159,16.2,0.916666666666666,0,21-Jul-2023 23:00:00
50,"Partially cloudy",2023-07-21T23:30:00,24.6,34,77.56,"41.83019005524591, 12.46317478841414",0,0,1011.9,"LIRF,16242099999,16239099999,AT416,16224099999,LIRA",28.9,10,159,16.2,0.958333333333334,0,21-Jul-2023 23:30:00
50,"Partially cloudy",2023-07-22T00:00:00,23.8,33,74.84,"41.83019005524591, 12.46317478841414",0,0,1011.9,"LIRF,16242099999,16239099999,AT416,16224099999,LIRA",28.7,10,157,17.5,1,48.9787,22-Jul-2023 00:00:00
50,"Partially cloudy",2023-07-22T00:30:00,23.8,33,74.84,"41.83019005524591, 12.46317478841414",0,0,1011.9,"LIRF,16242099999,16239099999,AT416,16224099999,LIRA",28.7,10,157,17.5,1,37.9787,22-Jul-2023 00:30:00
50,"Partially cloudy",2023-07-22T01:00:00,23.5,31.3,77.49,"41.83019005524591, 12.46317478841414",0,0,1012.1,"LIRF,16242099999,16239099999,AT416,16224099999,LIRA",27.8,10,143,9.4,1,73.9339,22-Jul-2023 01:00:00
50,"Partially cloudy",2023-07-22T01:30:00,23.5,31.3,77.49,"41.83019005524591, 12.46317478841414",0,0,1012.1,"LIRF,16242099999,16239099999,AT416,16224099999,LIRA",27.8,10,143,9.4,1,71.3909,22-Jul-2023 01:30:00
NaN,"Clear",2023-07-22T02:00:00,23.1,31.2,74.9,"41.83019005524591, 12.46317478841414",0,0,1013,"16239099999,AT416,16224099999,LIRA",27.9,10,150,9.4,1,38.3909,22-Jul-2023 02:00:00
NaN,"Clear",2023-07-22T02:30:00,23.1,31.2,74.9,"41.83019005524591, 12.46317478841414",0,0,1013,"16239099999,AT416,16224099999,LIRA",27.9,10,150,9.4,1,60.3566,22-Jul-2023 02:30:00
50,"Partially cloudy",2023-07-22T03:00:00,24.4,32.1,81.14,"41.83019005524591, 12.46317478841414",0,0,1012.6,"LIRF,16242099999,16239099999,AT416,16224099999,LIRA",27.9,10,144,15,1,85.0504,22-Jul-2023 03:00:00
50,"Partially cloudy",2023-07-22T03:30:00,24.4,32.1,81.14,"41.83019005524591, 12.46317478841414",0,0,1012.6,"LIRF,16242099999,16239099999,AT416,16224099999,LIRA",27.9,10,144,15,1,60.0952,22-Jul-2023 03:30:00
NaN,"Clear",2023-07-22T04:00:00,24.4,31.8,82.05,"41.83019005524591, 12.46317478841414",0,0,1011.9,"LIRF,16242099999,16239099999,AT416,16224099999,LIRA",27.7,10,141,15,1,38.0952,22-Jul-2023 04:00:00
NaN,"Clear",2023-07-22T04:30:00,24.4,31.8,82.05,"41.83019005524591, 12.46317478841414",0,0,1011.9,"LIRF,16242099999,16239099999,AT416,16224099999,LIRA",27.7,10,141,15,1,22.0674,22-Jul-2023 04:30:00
27.7,"Partially cloudy",2023-07-22T05:00:00,24.4,31.8,82.05,"41.83019005524591, 12.46317478841414",0,0,1012.1,"LIRF,16242099999,16239099999,AT416,16224099999,LIRA",27.7,10,160,14.2,1,2.6938,22-Jul-2023 05:00:00
27.7,"Partially cloudy",2023-07-22T05:30:00,24.4,31.8,82.05,"41.83019005524591, 12.46317478841414",0,0,1012.1,"LIRF,16242099999,16239099999,AT416,16224099999,LIRA",27.7,10,160,14.2,1,0,22-Jul-2023 05:30:00
50,"Partially cloudy",2023-07-22T06:00:00,23.6,29.8,81.96,"41.83019005524591, 12.46317478841414",0,0,1011.9,"LIRF,16242099999,16239099999,AT416,16224099999,LIRA",27,10,131,4.1,1,0,22-Jul-2023 06:00:00
50,"Partially cloudy",2023-07-22T06:30:00,23.6,29.8,81.96,"41.83019005524591, 12.46317478841414",0,0,1011.9,"LIRF,16242099999,16239099999,AT416,16224099999,LIRA",27,10,131,4.1,1,0,22-Jul-2023 06:30:00
50,"Partially cloudy",2023-07-22T07:00:00,23.2,26.2,83.86,"41.83019005524591, 12.46317478841414",0,0,1013.8,"LIRF,16242099999,16239099999,AT416,16224099999,LIRA",26.2,10,120,6.9,1,0,22-Jul-2023 07:00:00
50,"Partially cloudy",2023-07-22T07:30:00,23.2,26.2,83.86,"41.83019005524591, 12.46317478841414",0,0,1013.8,"LIRF,16242099999,16239099999,AT416,16224099999,LIRA",26.2,10,120,6.9,1,144.6138,22-Jul-2023 07:30:00
50,"Partially cloudy",2023-07-22T08:00:00,24,31.9,79.05,"41.83019005524591, 12.46317478841414",0,0,1013.9,"LIRF,16242099999,16239099999,AT416,16224099999,LIRA",28,10,122,10.5,1,176.0638,22-Jul-2023 08:00:00
50,"Partially cloudy",2023-07-22T08:30:00,24,31.9,79.05,"41.83019005524591, 12.46317478841414",0,0,1013.9,"LIRF,16242099999,16239099999,AT416,16224099999,LIRA",28,10,122,10.5,1,216.2324,22-Jul-2023 08:30:00
50,"Partially cloudy",2023-07-22T09:00:00,24,33.2,75.29,"41.83019005524591, 12.46317478841414",0,0,1013.9,"LIRF,16242099999,16239099999,AT416,16224099999,LIRA",28.8,10,187,13.2,1,280.9364,22-Jul-2023 09:00:00
50,"Partially cloudy",2023-07-22T09:30:00,24,33.2,75.29,"41.83019005524591, 12.46317478841414",0,0,1013.9,"LIRF,16242099999,16239099999,AT416,16224099999,LIRA",28.8,10,187,13.2,1,329.6601,22-Jul-2023 09:30:00
45.7,"Partially cloudy",2023-07-22T10:00:00,23.2,34.3,66.84,"41.83019005524591, 12.46317478841414",0,0,1014.8,"LIRF,16242099999,16239099999,AT416,16224099999,LIRA",30,10,188,11.4,1,351.367,22-Jul-2023 10:00:00
45.7,"Partially cloudy",2023-07-22T10:30:00,23.2,34.3,66.84,"41.83019005524591, 12.46317478841414",0,0,1014.8,"LIRF,16242099999,16239099999,AT416,16224099999,LIRA",30,10,188,11.4,1,425.9001,22-Jul-2023 10:30:00
27.5,"Partially cloudy",2023-07-22T11:00:00,22.4,35.8,57.67,"41.83019005524591, 12.46317478841414",0,0,1014.8,"LIRF,16242099999,16239099999,AT416,16224099999,LIRA",31.7,10,144,9.5,1,243.9087,22-Jul-2023 11:00:00
27.5,"Partially cloudy",2023-07-22T11:30:00,22.4,35.8,57.67,"41.83019005524591, 12.46317478841414",0,0,1014.8,"LIRF,16242099999,16239099999,AT416,16224099999,LIRA",31.7,10,144,9.5,1,262.5733,22-Jul-2023 11:30:00
45.7,"Partially cloudy",2023-07-22T12:00:00,21.6,36.6,51.24,"41.83019005524591, 12.46317478841414",0,0,1014.8,"LIRF,16242099999,16239099999,AT416,16224099999,LIRA",33,10,171,13.5,1,227.293,22-Jul-2023 12:00:00
45.7,"Partially cloudy",2023-07-22T12:30:00,21.6,36.6,51.24,"41.83019005524591, 12.46317478841414",0,0,1014.8,"LIRF,16242099999,16239099999,AT416,16224099999,LIRA",33,10,171,13.5,1,248.0025,22-Jul-2023 12:30:00
50,"Partially cloudy",2023-07-22T13:00:00,21.6,36.6,51.49,"41.83019005524591, 12.46317478841414",0,0,1015.1,"LIRF,16242099999,16239099999,AT416,16224099999,LIRA",32.9,10,167,15.7,1,397.2285,22-Jul-2023 13:00:00
50,"Partially cloudy",2023-07-22T13:30:00,21.6,36.6,51.49,"41.83019005524591, 12.46317478841414",0,0,1015.1,"LIRF,16242099999,16239099999,AT416,16224099999,LIRA",32.9,10,167,15.7,1,363.3344,22-Jul-2023 13:30:00
26.7,"Partially cloudy",2023-07-22T14:00:00,24.2,39.1,60.6,"41.83019005524591, 12.46317478841414",0,0,1014.9,"LIRF,16242099999,16239099999,AT416,16224099999,LIRA",32.8,10,204,22.9,1,205.0078,22-Jul-2023 14:00:00
26.7,"Partially cloudy",2023-07-22T14:30:00,24.2,39.1,60.6,"41.83019005524591, 12.46317478841414",0,0,1014.9,"LIRF,16242099999,16239099999,AT416,16224099999,LIRA",32.8,10,204,22.9,1,183.4258,22-Jul-2023 14:30:00
26.7,"Partially cloudy",2023-07-22T15:00:00,23.3,36.6,61.54,"41.83019005524591, 12.46317478841414",0,0,1014.8,"LIRF,16242099999,16239099999,AT416,16224099999,LIRA",31.6,10,207,21.4,1,204.5042,22-Jul-2023 15:00:00
26.7,"Partially cloudy",2023-07-22T15:30:00,23.3,36.6,61.54,"41.83019005524591, 12.46317478841414",0,0,1014.8,"LIRF,16242099999,16239099999,AT416,16224099999,LIRA",31.6,10,207,21.4,1,156.5178,22-Jul-2023 15:30:00
28,"Partially cloudy",2023-07-22T16:00:00,24.1,36.7,66.71,"41.83019005524591, 12.46317478841414",0,0,1015.1,"LIRF,16242099999,16239099999,AT416,16224099999,LIRA",31,10,211,18.1,1,139.3038,22-Jul-2023 16:00:00
28,"Partially cloudy",2023-07-22T16:30:00,24.1,36.7,66.71,"41.83019005524591, 12.46317478841414",0,0,1015.1,"LIRF,16242099999,16239099999,AT416,16224099999,LIRA",31,10,211,18.1,1,130.6057,22-Jul-2023 16:30:00
30,"Partially cloudy",2023-07-22T17:00:00,22.4,34.7,60.96,"41.83019005524591, 12.46317478841414",0,0,1015.1,"LIRF,16242099999,16239099999,AT416,16224099999,LIRA",30.8,10,214,19.4,1,201.4065,22-Jul-2023 17:00:00
30,"Partially cloudy",2023-07-22T17:30:00,22.4,34.7,60.96,"41.83019005524591, 12.46317478841414",0,0,1015.1,"LIRF,16242099999,16239099999,AT416,16224099999,LIRA",30.8,10,214,19.4,1,161.3377,22-Jul-2023 17:30:00
30,"Partially cloudy",2023-07-22T18:00:00,23,34.1,66.28,"41.83019005524591, 12.46317478841414",0,0,1015.1,"LIRF,16242099999,16239099999,AT416,16224099999,LIRA",30,10,224,17.4,1,82.9332,22-Jul-2023 18:00:00
30,"Partially cloudy",2023-07-22T18:30:00,23,34.1,66.28,"41.83019005524591, 12.46317478841414",0,0,1015.1,"LIRF,16242099999,16239099999,AT416,16224099999,LIRA",30,10,224,17.4,1,54.0911,22-Jul-2023 18:30:00
30,"Partially cloudy",2023-07-22T19:00:00,20.8,31.4,60.75,"41.83019005524591, 12.46317478841414",0,0,1015.9,"LIRF,16242099999,16239099999,AT416,16224099999,LIRA",29.2,9.9,225,19.2,1,60.5415,22-Jul-2023 19:00:00
30,"Partially cloudy",2023-07-22T19:30:00,20.8,31.4,60.75,"41.83019005524591, 12.46317478841414",0,0,1015.9,"LIRF,16242099999,16239099999,AT416,16224099999,LIRA",29.2,9.9,225,19.2,1,106.2863,22-Jul-2023 19:30:00
26.7,"Partially cloudy",2023-07-22T20:00:00,19.2,30.3,55.76,"41.83019005524591, 12.46317478841414",0,0,1016.6,"LIRF,16242099999,16239099999,AT416,16224099999,LIRA",28.9,10,230,11,1,63.6152,22-Jul-2023 20:00:00
26.7,"Partially cloudy",2023-07-22T20:30:00,19.2,30.3,55.76,"41.83019005524591, 12.46317478841414",0,0,1016.6,"LIRF,16242099999,16239099999,AT416,16224099999,LIRA",28.9,10,230,11,1,116.5102,22-Jul-2023 20:30:00
NaN,"Clear",2023-07-22T21:00:00,19.6,29.4,60.61,"41.83019005524591, 12.46317478841414",0,0,1016.6,"LIRF,16242099999,16239099999,AT416,16224099999,LIRA",27.9,10,202,5.8,1,81.8485,22-Jul-2023 21:00:00
NaN,"Clear",2023-07-22T21:30:00,19.6,29.4,60.61,"41.83019005524591, 12.46317478841414",0,0,1016.6,"LIRF,16242099999,16239099999,AT416,16224099999,LIRA",27.9,10,202,5.8,1,39.236,22-Jul-2023 21:30:00
NaN,"Clear",2023-07-22T22:00:00,18.8,28.3,60.44,"41.83019005524591, 12.46317478841414",0,0,1016.8,"LIRF,16242099999,16239099999,AT416,16224099999,LIRA",27.1,10,200,5,1,0,22-Jul-2023 22:00:00
NaN,"Clear",2023-07-22T22:30:00,18.8,28.3,60.44,"41.83019005524591, 12.46317478841414",0,0,1016.8,"LIRF,16242099999,16239099999,AT416,16224099999,LIRA",27.1,10,200,5,1,0,22-Jul-2023 22:30:00
NaN,"Clear",2023-07-22T23:00:00,18.8,28.2,60.53,"41.83019005524591, 12.46317478841414",0,0,1016.9,"LIRF,16242099999,16239099999,AT416,16224099999,LIRA",27.1,10,123,3,1,0,22-Jul-2023 23:00:00
NaN,"Clear",2023-07-22T23:30:00,18.8,28.2,60.53,"41.83019005524591, 12.46317478841414",0,0,1016.9,"LIRF,16242099999,16239099999,AT416,16224099999,LIRA",27.1,10,123,3,1,0,22-Jul-2023 23:30:00
NaN,"Clear",2023-07-23T00:00:00,18.6,27.8,61.17,"41.83019005524591, 12.46317478841414",0,0,1016.9,"LIRF,16242099999,16239099999,AT416,16224099999,LIRA",26.7,10,84,8.5,1,48.6269,23-Jul-2023 00:00:00
NaN,"Clear",2023-07-23T00:30:00,18.6,27.8,61.17,"41.83019005524591, 12.46317478841414",0,0,1016.9,"LIRF,16242099999,16239099999,AT416,16224099999,LIRA",26.7,10,84,8.5,1,74.3673,23-Jul-2023 00:30:00
NaN,"Clear",2023-07-23T01:00:00,18.6,26.5,61.87,"41.83019005524591, 12.46317478841414",0,0,1016.9,"LIRF,16242099999,16239099999,AT416,16224099999,LIRA",26.5,10,88,5.1,1,115.0765,23-Jul-2023 01:00:00
NaN,"Clear",2023-07-23T01:30:00,18.6,26.5,61.87,"41.83019005524591, 12.46317478841414",0,0,1016.9,"LIRF,16242099999,16239099999,AT416,16224099999,LIRA",26.5,10,88,5.1,1,60.1998,23-Jul-2023 01:30:00
NaN,"Clear",2023-07-23T02:00:00,17.9,26.3,59.68,"41.83019005524591, 12.46317478841414",0,0,1016.1,"LIRF,16242099999,16239099999,AT416,16224099999,LIRA",26.3,10,130,5,1,87.282,23-Jul-2023 02:00:00
NaN,"Clear",2023-07-23T02:30:00,17.9,26.3,59.68,"41.83019005524591, 12.46317478841414",0,0,1016.1,"LIRF,16242099999,16239099999,AT416,16224099999,LIRA",26.3,10,130,5,1,114.6893,23-Jul-2023 02:30:00
NaN,"Clear",2023-07-23T03:00:00,17.1,25.4,60.17,"41.83019005524591, 12.46317478841414",0,0,1015.9,"LIRF,16242099999,16239099999,AT416,16224099999,LIRA",25.4,10,150,5,1,108.6748,23-Jul-2023 03:00:00
NaN,"Clear",2023-07-23T03:30:00,17.1,25.4,60.17,"41.83019005524591, 12.46317478841414",0,0,1015.9,"LIRF,16242099999,16239099999,AT416,16224099999,LIRA",25.4,10,150,5,1,66.0453,23-Jul-2023 03:30:00
NaN,"Clear",2023-07-23T04:00:00,17.9,25.3,63.43,"41.83019005524591, 12.46317478841414",0,0,1015.9,"LIRF,16242099999,16239099999,AT416,16224099999,LIRA",25.3,10,330,3.6,1,127.6431,23-Jul-2023 04:00:00
NaN,"Clear",2023-07-23T04:30:00,17.9,25.3,63.43,"41.83019005524591, 12.46317478841414",0,0,1015.9,"LIRF,16242099999,16239099999,AT416,16224099999,LIRA",25.3,10,330,3.6,1,83.6431,23-Jul-2023 04:30:00
NaN,"Clear",2023-07-23T05:00:00,18.6,23.6,73.98,"41.83019005524591, 12.46317478841414",0,0,1016.9,"LIRF,16242099999,16239099999,AT416,16224099999,LIRA",23.6,10,288,5.4,1,50.4642,23-Jul-2023 05:00:00
NaN,"Clear",2023-07-23T05:30:00,18.6,23.6,73.98,"41.83019005524591, 12.46317478841414",0,0,1016.9,"LIRF,16242099999,16239099999,AT416,16224099999,LIRA",23.6,10,288,5.4,1,49.5215,23-Jul-2023 05:30:00
NaN,"Clear",2023-07-23T06:00:00,18.6,24.6,69.55,"41.83019005524591, 12.46317478841414",0,0,1016.9,"LIRF,16242099999,16239099999,AT416,16224099999,LIRA",24.6,10,95,2.2,1,16.5215,23-Jul-2023 06:00:00
NaN,"Clear",2023-07-23T06:30:00,18.6,24.6,69.55,"41.83019005524591, 12.46317478841414",0,0,1016.9,"LIRF,16242099999,16239099999,AT416,16224099999,LIRA",24.6,10,95,2.2,1,0,23-Jul-2023 06:30:00
NaN,"Clear",2023-07-23T07:00:00,17.8,25.6,62.39,"41.83019005524591, 12.46317478841414",0,0,1016.8,"LIRF,16242099999,16239099999,AT416,16224099999,LIRA",25.6,10,88,6.1,1,47.2747,23-Jul-2023 07:00:00
NaN,"Clear",2023-07-23T07:30:00,17.8,25.6,62.39,"41.83019005524591, 12.46317478841414",0,0,1016.8,"LIRF,16242099999,16239099999,AT416,16224099999,LIRA",25.6,10,88,6.1,1,36.2747,23-Jul-2023 07:30:00
NaN,"Clear",2023-07-23T08:00:00,18.7,27.9,61.19,"41.83019005524591, 12.46317478841414",0,0,1016.9,"LIRF,16242099999,16239099999,AT416,16224099999,LIRA",26.8,10,50,6.1,1,25.2747,23-Jul-2023 08:00:00
NaN,"Clear",2023-07-23T08:30:00,18.7,27.9,61.19,"41.83019005524591, 12.46317478841414",0,0,1016.9,"LIRF,16242099999,16239099999,AT416,16224099999,LIRA",26.8,10,50,6.1,1,78.3867,23-Jul-2023 08:30:00
NaN,"Clear",2023-07-23T09:00:00,18.6,29.3,56.24,"41.83019005524591, 12.46317478841414",0,0,1017.1,"LIRF,16242099999,16239099999,AT416,16224099999,LIRA",28.2,10,81,4.5,1,45.3867,23-Jul-2023 09:00:00
NaN,"Clear",2023-07-23T09:30:00,18.6,29.3,56.24,"41.83019005524591, 12.46317478841414",0,0,1017.1,"LIRF,16242099999,16239099999,AT416,16224099999,LIRA",28.2,10,81,4.5,1,119.8201,23-Jul-2023 09:30:00
NaN,"Clear",2023-07-23T10:00:00,17.7,30.6,47.81,"41.83019005524591, 12.46317478841414",0,0,1017.1,"LIRF,16242099999,16239099999,AT416,16224099999,LIRA",29.9,10,130,6.2,1,174.6271,23-Jul-2023 10:00:00
NaN,"Clear",2023-07-23T10:30:00,17.7,30.6,47.81,"41.83019005524591, 12.46317478841414",0,0,1017.1,"LIRF,16242099999,16239099999,AT416,16224099999,LIRA",29.9,10,130,6.2,1,227.097,23-Jul-2023 10:30:00
26.6,"Partially cloudy",2023-07-23T11:00:00,18.6,32.3,47.31,"41.83019005524591, 12.46317478841414",0,0,1017.8,"LIRF,16242099999,16239099999,AT416,16224099999,LIRA",31.2,10,345,5.5,1,206.7712,23-Jul-2023 11:00:00
26.6,"Partially cloudy",2023-07-23T11:30:00,18.6,32.3,47.31,"41.83019005524591, 12.46317478841414",0,0,1017.8,"LIRF,16242099999,16239099999,AT416,16224099999,LIRA",31.2,10,345,5.5,1,193.9356,23-Jul-2023 11:30:00
26.6,"Partially cloudy",2023-07-23T12:00:00,20.4,34.6,50.01,"41.83019005524591, 12.46317478841414",0,0,1017.8,"LIRF,16242099999,16239099999,AT416,16224099999,LIRA",32.1,10,231,8.2,1,187.8294,23-Jul-2023 12:00:00
26.6,"Partially cloudy",2023-07-23T12:30:00,20.4,34.6,50.01,"41.83019005524591, 12.46317478841414",0,0,1017.8,"LIRF,16242099999,16239099999,AT416,16224099999,LIRA",32.1,10,231,8.2,1,224.4678,23-Jul-2023 12:30:00
26.6,"Partially cloudy",2023-07-23T13:00:00,20.3,36.4,45.43,"41.83019005524591, 12.46317478841414",0,0,1017.1,"LIRF,16242099999,16239099999,AT416,16224099999,LIRA",33.7,10,178,11.3,1,322.2211,23-Jul-2023 13:00:00
26.6,"Partially cloudy",2023-07-23T13:30:00,20.3,36.4,45.43,"41.83019005524591, 12.46317478841414",0,0,1017.1,"LIRF,16242099999,16239099999,AT416,16224099999,LIRA",33.7,10,178,11.3,1,246.3493,23-Jul-2023 13:30:00
26.6,"Partially cloudy",2023-07-23T14:00:00,21.7,36.7,51.47,"41.83019005524591, 12.46317478841414",0,0,1017.1,"LIRF,16242099999,16239099999,AT416,16224099999,LIRA",33,10,229,15.9,1,130.0806,23-Jul-2023 14:00:00
26.6,"Partially cloudy",2023-07-23T14:30:00,21.7,36.7,51.47,"41.83019005524591, 12.46317478841414",0,0,1017.1,"LIRF,16242099999,16239099999,AT416,16224099999,LIRA",33,10,229,15.9,1,60.6471,23-Jul-2023 14:30:00
26.6,"Partially cloudy",2023-07-23T15:00:00,20.9,35.8,49.68,"41.83019005524591, 12.46317478841414",0,0,1016.9,"LIRF,16242099999,16239099999,AT416,16224099999,LIRA",32.8,10,198,16.8,1,13.4512,23-Jul-2023 15:00:00
26.6,"Partially cloudy",2023-07-23T15:30:00,20.9,35.8,49.68,"41.83019005524591, 12.46317478841414",0,0,1016.9,"LIRF,16242099999,16239099999,AT416,16224099999,LIRA",32.8,10,198,16.8,1,0,23-Jul-2023 15:30:00
NaN,"Clear",2023-07-23T16:00:00,20.7,37,45.84,"41.83019005524591, 12.46317478841414",0,0,1016.1,"LIRF,16242099999,16239099999,AT416,16224099999,LIRA",34,10,182,11.9,1,0,23-Jul-2023 16:00:00
NaN,"Clear",2023-07-23T16:30:00,20.7,37,45.84,"41.83019005524591, 12.46317478841414",0,0,1016.1,"LIRF,16242099999,16239099999,AT416,16224099999,LIRA",34,10,182,11.9,1,57.2774,23-Jul-2023 16:30:00
NaN,"Clear",2023-07-23T17:00:00,20.5,35.9,47.41,"41.83019005524591, 12.46317478841414",0,0,1016.1,"LIRF,16242099999,16239099999,AT416,16224099999,LIRA",33.2,10,206,13.3,1,83.5115,23-Jul-2023 17:00:00
NaN,"Clear",2023-07-23T17:30:00,20.5,35.9,47.41,"41.83019005524591, 12.46317478841414",0,0,1016.1,"LIRF,16242099999,16239099999,AT416,16224099999,LIRA",33.2,10,206,13.3,1,53.2833,23-Jul-2023 17:30:00
NaN,"Clear",2023-07-23T18:00:00,22.1,37.8,51.22,"41.83019005524591, 12.46317478841414",0,0,1015.9,"LIRF,16242099999,16239099999,AT416,16224099999,LIRA",33.6,10,214,15.9,1,80.8889,23-Jul-2023 18:00:00
NaN,"Clear",2023-07-23T18:30:00,22.1,37.8,51.22,"41.83019005524591, 12.46317478841414",0,0,1015.9,"LIRF,16242099999,16239099999,AT416,16224099999,LIRA",33.6,10,214,15.9,1,86.7749,23-Jul-2023 18:30:00
NaN,"Clear",2023-07-23T19:00:00,23.3,35.4,64.33,"41.83019005524591, 12.46317478841414",0,0,1015.9,"LIRF,16242099999,16239099999,AT416,16224099999,LIRA",30.8,10,224,13.4,1,229.2793,23-Jul-2023 19:00:00
NaN,"Clear",2023-07-23T19:30:00,23.3,35.4,64.33,"41.83019005524591, 12.46317478841414",0,0,1015.9,"LIRF,16242099999,16239099999,AT416,16224099999,LIRA",30.8,10,224,13.4,1,184.3663,23-Jul-2023 19:30:00
27.7,"Partially cloudy",2023-07-23T20:00:00,24.3,34.1,75.22,"41.83019005524591, 12.46317478841414",0,0,1015.9,"LIRF,16242099999,16239099999,AT416,16224099999,LIRA",29.2,10,220,14,1,82.7133,23-Jul-2023 20:00:00
27.7,"Partially cloudy",2023-07-23T20:30:00,24.3,34.1,75.22,"41.83019005524591, 12.46317478841414",0,0,1015.9,"LIRF,16242099999,16239099999,AT416,16224099999,LIRA",29.2,10,220,14,1,86.2377,23-Jul-2023 20:30:00
27.7,"Partially cloudy",2023-07-23T21:00:00,24.2,32.3,79.07,"41.83019005524591, 12.46317478841414",0,0,1015.9,"LIRF,16242099999,16239099999,AT416,16224099999,LIRA",28.1,10,212,10,1,167.7741,23-Jul-2023 21:00:00
27.7,"Partially cloudy",2023-07-23T21:30:00,24.2,32.3,79.07,"41.83019005524591, 12.46317478841414",0,0,1015.9,"LIRF,16242099999,16239099999,AT416,16224099999,LIRA",28.1,10,212,10,1,151.7522,23-Jul-2023 21:30:00
NaN,"Clear",2023-07-23T22:00:00,25.1,31,88.85,"41.83019005524591, 12.46317478841414",0,0,1015.9,"LIRF,16242099999,16239099999,AT416,16224099999,LIRA",27.1,10,198,7.1,1,73.7779,23-Jul-2023 22:00:00
NaN,"Clear",2023-07-23T22:30:00,25.1,31,88.85,"41.83019005524591, 12.46317478841414",0,0,1015.9,"LIRF,16242099999,16239099999,AT416,16224099999,LIRA",27.1,10,198,7.1,1,29.7779,23-Jul-2023 22:30:00
NaN,"Clear",2023-07-23T23:00:00,24.3,32,81,"41.83019005524591, 12.46317478841414",0,0,1015.9,"LIRF,16242099999,16239099999,AT416,16224099999,LIRA",27.9,10,74,7.7,1,3.5942,23-Jul-2023 23:00:00
NaN,"Clear",2023-07-23T23:30:00,24.3,32,81,"41.83019005524591, 12.46317478841414",0,0,1015.9,"LIRF,16242099999,16239099999,AT416,16224099999,LIRA",27.9,10,74,7.7,1,0,23-Jul-2023 23:30:00
NaN,"Clear",2023-07-24T00:00:00,24.4,30.1,85.89,"41.83019005524591, 12.46317478841414",0,0,1015.9,"LIRF,16242099999,16239099999,AT416,16224099999,LIRA",26.9,10,110,5,1.27696005407028e-11,97.2545,24-Jul-2023 00:00:00
NaN,"Clear",2023-07-24T00:30:00,24.4,30.1,85.89,"41.83019005524591, 12.46317478841414",0,0,1015.9,"LIRF,16242099999,16239099999,AT416,16224099999,LIRA",26.9,10,110,5,1.2862512193709e-11,149.3631,24-Jul-2023 00:30:00
NaN,"Clear",2023-07-24T01:00:00,22.6,29.3,77.27,"41.83019005524591, 12.46317478841414",0,0,1015.9,"LIRF,16242099999,16239099999,AT416,16224099999,LIRA",26.9,10,140,4.7,1.29561850668111e-11,170.3415,24-Jul-2023 01:00:00
NaN,"Clear",2023-07-24T01:30:00,22.6,29.3,77.27,"41.83019005524591, 12.46317478841414",0,0,1015.9,"LIRF,16242099999,16239099999,AT416,16224099999,LIRA",26.9,10,140,4.7,1.30506260969703e-11,107.0847,24-Jul-2023 01:30:00
NaN,"Clear",2023-07-24T02:00:00,20.2,25.9,70.89,"41.83019005524591, 12.46317478841414",0,0,1014.9,"LIRF,16242099999,16239099999,AT416,16224099999,LIRA",25.9,10,120,4.7,1.31458422891596e-11,56.4023,24-Jul-2023 02:00:00
NaN,"Clear",2023-07-24T02:30:00,20.2,25.9,70.89,"41.83019005524591, 12.46317478841414",0,0,1014.9,"LIRF,16242099999,16239099999,AT416,16224099999,LIRA",25.9,10,120,4.7,1.32418407186771e-11,25.1478,24-Jul-2023 02:30:00
NaN,"Clear",2023-07-24T03:00:00,21,25.2,77.92,"41.83019005524591, 12.46317478841414",0,0,1014.9,"LIRF,16242099999,16239099999,AT416,16224099999,LIRA",25.2,10,200,6.1,1.33386285335457e-11,22.4813,24-Jul-2023 03:00:00
NaN,"Clear",2023-07-24T03:30:00,21,25.2,77.92,"41.83019005524591, 12.46317478841414",0,0,1014.9,"LIRF,16242099999,16239099999,AT416,16224099999,LIRA",25.2,10,200,6.1,1.34362129520753e-11,8.1853,24-Jul-2023 03:30:00
NaN,"Clear",2023-07-24T04:00:00,25.6,26.6,94.26,"41.83019005524591, 12.46317478841414",0,0,1014.3,"LIRF,16242099999,AT416,16224099999",26.6,10,146,12.5,1.35346012652416e-11,0,24-Jul-2023 04:00:00
NaN,"Clear",2023-07-24T04:30:00,25.6,26.6,94.26,"41.83019005524591, 12.46317478841414",0,0,1014.3,"LIRF,16242099999,AT416,16224099999",26.6,10,146,12.5,1.36338008391544e-11,44.1436,24-Jul-2023 04:30:00
NaN,"Clear",2023-07-24T05:00:00,21.2,26,75.26,"41.83019005524591, 12.46317478841414",0,0,1013.9,"LIRF,16242099999,16239099999,AT416,16224099999,LIRA",26,10,147,10.4,1.37338191125679e-11,33.1436,24-Jul-2023 05:00:00
NaN,"Clear",2023-07-24T05:30:00,21.2,26,75.26,"41.83019005524591, 12.46317478841414",0,0,1013.9,"LIRF,16242099999,16239099999,AT416,16224099999,LIRA",26,10,147,10.4,1.38346635993274e-11,38.1746,24-Jul-2023 05:30:00
NaN,"Clear",2023-07-24T06:00:00,22.8,25.4,85.74,"41.83019005524591, 12.46317478841414",0,0,1013.9,"LIRF,16242099999,16239099999,AT416,16224099999,LIRA",25.4,10,136,5.5,1.39363418909085e-11,16.1746,24-Jul-2023 06:00:00
NaN,"Clear",2023-07-24T06:30:00,22.8,25.4,85.74,"41.83019005524591, 12.46317478841414",0,0,1013.9,"LIRF,16242099999,16239099999,AT416,16224099999,LIRA",25.4,10,136,5.5,1.40388616538744e-11,48.8581,24-Jul-2023 06:30:00
NaN,"Clear",2023-07-24T07:00:00,22.6,25.3,84.89,"41.83019005524591, 12.46317478841414",0,0,1013.9,"LIRF,16242099999,16239099999,AT416,16224099999,16234099999,LIRA",25.3,10,40,9.4,1.41422306323926e-11,84.6265,24-Jul-2023 07:00:00
NaN,"Clear",2023-07-24T07:30:00,22.6,25.3,84.89,"41.83019005524591, 12.46317478841414",0,0,1013.9,"LIRF,16242099999,16239099999,AT416,16224099999,16234099999,LIRA",25.3,10,40,9.4,1.42464566508477e-11,90.5677,24-Jul-2023 07:30:00
30,"Partially cloudy",2023-07-24T08:00:00,22.6,29.6,76.55,"41.83019005524591, 12.46317478841414",0,0,1014.8,"LIRF,16242099999,16239099999,AT416,16224099999,16234099999,LIRA",27.1,10,48,9.3,1.43515476112434e-11,190.8172,24-Jul-2023 08:00:00
30,"Partially cloudy",2023-07-24T08:30:00,22.6,29.6,76.55,"41.83019005524591, 12.46317478841414",0,0,1014.8,"LIRF,16242099999,16239099999,AT416,16224099999,16234099999,LIRA",27.1,10,48,9.3,1.44575114957931e-11,221.8466,24-Jul-2023 08:30:00
30,"Partially cloudy",2023-07-24T09:00:00,21.2,31.6,62.47,"41.83019005524591, 12.46317478841414",0,0,1013.9,"LIRF,16242099999,16239099999,AT416,16224099999,16234099999,LIRA",29.1,10,89,8.3,1.45643563696071e-11,168.8711,24-Jul-2023 09:00:00
30,"Partially cloudy",2023-07-24T09:30:00,21.2,31.6,62.47,"41.83019005524591, 12.46317478841414",0,0,1013.9,"LIRF,16242099999,16239099999,AT416,16224099999,16234099999,LIRA",29.1,10,89,8.3,1.46720903780399e-11,278.5441,24-Jul-2023 09:30:00
30,"Partially cloudy",2023-07-24T10:00:00,17.4,34.2,38.36,"41.83019005524591, 12.46317478841414",0,0,1012.9,"LIRF,16242099999,16239099999,AT416,16224099999,16234099999,LIRA",33.5,10,152,17,1.47807217493552e-11,183.7728,24-Jul-2023 10:00:00
30,"Partially cloudy",2023-07-24T10:30:00,17.4,34.2,38.36,"41.83019005524591, 12.46317478841414",0,0,1012.9,"LIRF,16242099999,16239099999,AT416,16224099999,16234099999,LIRA",33.5,10,152,17,1.48902587974911e-11,233.1535,24-Jul-2023 10:30:00
30,"Partially cloudy",2023-07-24T11:00:00,16.8,36.3,32.69,"41.83019005524591, 12.46317478841414",0,0,1012.9,"LIRF,16242099999,16239099999,AT416,16224099999,16234099999,LIRA",35.7,10,138,10.1,1.50007099193513e-11,292.0361,24-Jul-2023 11:00:00
30,"Partially cloudy",2023-07-24T11:30:00,16.8,36.3,32.69,"41.83019005524591, 12.46317478841414",0,0,1012.9,"LIRF,16242099999,16239099999,AT416,16224099999,16234099999,LIRA",35.7,10,138,10.1,1.5112083597547e-11,412.3767,24-Jul-2023 11:30:00
30,"Partially cloudy",2023-07-24T12:00:00,15.5,36.7,28.68,"41.83019005524591, 12.46317478841414",0,0,1012.1,"LIRF,16242099999,16239099999,AT416,16224099999,16234099999,LIRA",36.5,10,153,22.4,1.52243884032427e-11,367.3907,24-Jul-2023 12:00:00
30,"Partially cloudy",2023-07-24T12:30:00,15.5,36.7,28.68,"41.83019005524591, 12.46317478841414",0,0,1012.1,"LIRF,16242099999,16239099999,AT416,16224099999,16234099999,LIRA",36.5,10,153,22.4,1.53376329933894e-11,225.5744,24-Jul-2023 12:30:00
30,"Partially cloudy",2023-07-24T13:00:00,17.4,37.5,32.76,"41.83019005524591, 12.46317478841414",0,0,1011.9,"LIRF,16242099999,16239099999,AT416,16224099999,16234099999,LIRA",36.3,10,151,27.2,1.54518261135471e-11,355.81,24-Jul-2023 13:00:00
30,"Partially cloudy",2023-07-24T13:30:00,17.4,37.5,32.76,"41.83019005524591, 12.46317478841414",0,0,1011.9,"LIRF,16242099999,16239099999,AT416,16224099999,16234099999,LIRA",36.3,10,151,27.2,1.55669766008129e-11,307.6475,24-Jul-2023 13:30:00
NaN,"Clear",2023-07-24T14:00:00,19.7,39.3,37.63,"41.83019005524591, 12.46317478841414",0,0,1011.1,"LIRF,16242099999,16239099999,AT416,16224099999,16234099999,LIRA",36.5,10,175,30.1,1.56830933809959e-11,329.8582,24-Jul-2023 14:00:00
NaN,"Clear",2023-07-24T14:30:00,19.7,39.3,37.63,"41.83019005524591, 12.46317478841414",0,0,1011.1,"LIRF,16242099999,16239099999,AT416,16224099999,16234099999,LIRA",36.5,10,175,30.1,1.58001854715214e-11,150.5079,24-Jul-2023 14:30:00
30,"Partially cloudy",2023-07-24T15:00:00,20.6,38.7,41.94,"41.83019005524591, 12.46317478841414",0,0,1010.1,"LIRF,16242099999,16239099999,AT416,16224099999,16234099999,LIRA",35.5,10,160,34.9,1.5918261984446e-11,79.0359,24-Jul-2023 15:00:00
30,"Partially cloudy",2023-07-24T15:30:00,20.6,38.7,41.94,"41.83019005524591, 12.46317478841414",0,0,1010.1,"LIRF,16242099999,16239099999,AT416,16224099999,16234099999,LIRA",35.5,10,160,34.9,1.60373321235712e-11,84.3113,24-Jul-2023 15:30:00
30,"Partially cloudy",2023-07-24T16:00:00,20.6,39.6,40.32,"41.83019005524591, 12.46317478841414",0,0,1010.1,"LIRF,16242099999,16239099999,AT416,16224099999,16234099999,LIRA",36.2,10,159,31.1,1.61574051874336e-11,82.1715,24-Jul-2023 16:00:00
30,"Partially cloudy",2023-07-24T16:30:00,20.6,39.6,40.32,"41.83019005524591, 12.46317478841414",0,0,1010.1,"LIRF,16242099999,16239099999,AT416,16224099999,16234099999,LIRA",36.2,10,159,31.1,1.62784905724084e-11,204.0971,24-Jul-2023 16:30:00
30,"Partially cloudy",2023-07-24T17:00:00,20.6,38.4,42.65,"41.83019005524591, 12.46317478841414",0,0,1009.9,"LIRF,16242099999,16239099999,AT416,16224099999,16234099999,LIRA",35.2,10,166,33.4,1.64005977697614e-11,307.6965,24-Jul-2023 17:00:00
30,"Partially cloudy",2023-07-24T17:30:00,20.6,38.4,42.65,"41.83019005524591, 12.46317478841414",0,0,1009.9,"LIRF,16242099999,16239099999,AT416,16224099999,16234099999,LIRA",35.2,10,166,33.4,1.65237363687278e-11,172.9903,24-Jul-2023 17:30:00
30,"Partially cloudy",2023-07-24T18:00:00,20.6,37.6,44.19,"41.83019005524591, 12.46317478841414",0,0,1008.9,"LIRF,16242099999,16239099999,AT416,16224099999,16234099999,LIRA",34.5,10,158,25.9,1.66479160597066e-11,204.62,24-Jul-2023 18:00:00
30,"Partially cloudy",2023-07-24T18:30:00,20.6,37.6,44.19,"41.83019005524591, 12.46317478841414",0,0,1008.9,"LIRF,16242099999,16239099999,AT416,16224099999,16234099999,LIRA",34.5,10,158,25.9,1.67731466312506e-11,230.4887,24-Jul-2023 18:30:00
30,"Partially cloudy",2023-07-24T19:00:00,17.3,36.4,34.29,"41.83019005524591, 12.46317478841414",0,0,1008.1,"LIRF,16242099999,16239099999,AT416,16224099999,16234099999,LIRA",35.4,10,141,29.7,1.68994379732357e-11,291.4009,24-Jul-2023 19:00:00
30,"Partially cloudy",2023-07-24T19:30:00,17.3,36.4,34.29,"41.83019005524591, 12.46317478841414",0,0,1008.1,"LIRF,16242099999,16239099999,AT416,16224099999,16234099999,LIRA",35.4,10,141,29.7,1.70268000801505e-11,164.0917,24-Jul-2023 19:30:00
NaN,"Clear",2023-07-24T20:00:00,17.6,34.2,38.99,"41.83019005524591, 12.46317478841414",0,0,1008,"LIRF,16242099999,16239099999,AT416,LIRA",33.4,10,166,20.2,1.71552430480215e-11,36.3916,24-Jul-2023 20:00:00
NaN,"Clear",2023-07-24T20:30:00,17.6,34.2,38.99,"41.83019005524591, 12.46317478841414",0,0,1008,"LIRF,16242099999,16239099999,AT416,LIRA",33.4,10,166,20.2,1.72847770776775e-11,94.6383,24-Jul-2023 20:30:00
NaN,"Clear",2023-07-24T21:00:00,18.8,33.1,46.22,"41.83019005524591, 12.46317478841414",0,0,1008.7,"LIRF,16242099999,16239099999,AT416,16224099999,LIRA",31.7,10,188,13,1.74154124781361e-11,74.0063,24-Jul-2023 21:00:00
NaN,"Clear",2023-07-24T21:30:00,18.8,33.1,46.22,"41.83019005524591, 12.46317478841414",0,0,1008.7,"LIRF,16242099999,16239099999,AT416,16224099999,LIRA",31.7,10,188,13,1.75471596634642e-11,41.0063,24-Jul-2023 21:30:00
NaN,"Clear",2023-07-24T22:00:00,17.4,33.1,40.7,"41.83019005524591, 12.46317478841414",0,0,1008.1,"LIRF,16242099999,16239099999,AT416,16224099999,LIRA",32.5,10,162,21.8,1.76800291561392e-11,16.996,24-Jul-2023 22:00:00
NaN,"Clear",2023-07-24T22:30:00,17.4,33.1,40.7,"41.83019005524591, 12.46317478841414",0,0,1008.1,"LIRF,16242099999,16239099999,AT416,16224099999,LIRA",32.5,10,162,21.8,1.78140315905371e-11,0,24-Jul-2023 22:30:00
NaN,"Clear",2023-07-24T23:00:00,17.4,31.3,45.11,"41.83019005524591, 12.46317478841414",0,0,1008.9,"LIRF,16242099999,16239099999,AT416,16224099999,LIRA",30.7,10,271,14.8,1.79491777097259e-11,0,24-Jul-2023 23:00:00
NaN,"Clear",2023-07-24T23:30:00,17.4,31.3,45.11,"41.83019005524591, 12.46317478841414",0,0,1008.9,"LIRF,16242099999,16239099999,AT416,16224099999,LIRA",30.7,10,271,14.8,1.80854783689276e-11,0,24-Jul-2023 23:30:00
NaN,"Clear",2023-07-25T00:00:00,20.9,33.3,56.21,"41.83019005524591, 12.46317478841414",0,0,1008.9,"LIRF,16242099999,16239099999,AT416,16224099999,LIRA",30.7,10,156,21.8,1.82229445391106e-11,39.9457,25-Jul-2023 00:00:00
NaN,"Clear",2023-07-25T00:30:00,20.9,33.3,56.21,"41.83019005524591, 12.46317478841414",0,0,1008.9,"LIRF,16242099999,16239099999,AT416,16224099999,LIRA",30.7,10,156,21.8,1.83615873037154e-11,112.632,25-Jul-2023 00:30:00
NaN,"Clear",2023-07-25T01:00:00,19,31.9,50.39,"41.83019005524591, 12.46317478841414",0,0,1007.9,"LIRF,16242099999,16239099999,AT416,16224099999,LIRA",30.5,10,114,17.4,1.850141786222e-11,266.0988,25-Jul-2023 01:00:00
NaN,"Clear",2023-07-25T01:30:00,19,31.9,50.39,"41.83019005524591, 12.46317478841414",0,0,1007.9,"LIRF,16242099999,16239099999,AT416,16224099999,LIRA",30.5,10,114,17.4,1.86424475338414e-11,307.6276,25-Jul-2023 01:30:00
NaN,"Clear",2023-07-25T02:00:00,16.7,31.7,40.99,"41.83019005524591, 12.46317478841414",0,0,1006.9,"LIRF,16242099999,16239099999,AT416,16224099999,LIRA",31.5,10,130,14.5,1.87846877541902e-11,215.6334,25-Jul-2023 02:00:00
NaN,"Clear",2023-07-25T02:30:00,16.7,31.7,40.99,"41.83019005524591, 12.46317478841414",0,0,1006.9,"LIRF,16242099999,16239099999,AT416,16224099999,LIRA",31.5,10,130,14.5,1.89281500789453e-11,117.0988,25-Jul-2023 02:30:00
NaN,"Clear",2023-07-25T03:00:00,17.1,30.3,46.12,"41.83019005524591, 12.46317478841414",0,0,1007.1,"LIRF,16242099999,16239099999,AT416,16224099999,LIRA",29.9,10,150,6.9,1.9072846187666e-11,21.3791,25-Jul-2023 03:00:00
NaN,"Clear",2023-07-25T03:30:00,17.1,30.3,46.12,"41.83019005524591, 12.46317478841414",0,0,1007.1,"LIRF,16242099999,16239099999,AT416,16224099999,LIRA",29.9,10,150,6.9,1.9218787880376e-11,0,25-Jul-2023 03:30:00
NaN,"Clear",2023-07-25T04:00:00,17.2,32,42.55,"41.83019005524591, 12.46317478841414",0,0,1005.9,"LIRF,16242099999,16239099999,AT416,16224099999,LIRA",31.5,10,149,28.7,1.93659870813495e-11,0,25-Jul-2023 04:00:00
NaN,"Clear",2023-07-25T04:30:00,17.2,32,42.55,"41.83019005524591, 12.46317478841414",0,0,1005.9,"LIRF,16242099999,16239099999,AT416,16224099999,LIRA",31.5,10,149,28.7,1.95144558430385e-11,0,25-Jul-2023 04:30:00
NaN,"Clear",2023-07-25T05:00:00,18.8,32,49.17,"41.83019005524591, 12.46317478841414",0,0,1004.9,"LIRF,16242099999,16239099999,AT416,16224099999,LIRA",30.7,10,145,13.7,1.96642063425851e-11,0,25-Jul-2023 05:00:00
NaN,"Clear",2023-07-25T05:30:00,18.8,32,49.17,"41.83019005524591, 12.46317478841414",0,0,1004.9,"LIRF,16242099999,16239099999,AT416,16224099999,LIRA",30.7,10,145,13.7,1.98152508857216e-11,0,25-Jul-2023 05:30:00
NaN,"Clear",2023-07-25T06:00:00,17.9,29.9,50.69,"41.83019005524591, 12.46317478841414",0,0,1004.9,"LIRF,16242099999,16239099999,AT416,16224099999,LIRA",29.1,10,77,16.5,1.99676019108184e-11,0,25-Jul-2023 06:00:00
NaN,"Clear",2023-07-25T06:30:00,17.9,29.9,50.69,"41.83019005524591, 12.46317478841414",0,0,1004.9,"LIRF,16242099999,16239099999,AT416,16224099999,LIRA",29.1,10,77,16.5,2.0121271985322e-11,0,25-Jul-2023 06:30:00
NaN,"Clear",2023-07-25T07:00:00,18.6,29.4,55.91,"41.83019005524591, 12.46317478841414",0,0,1006.1,"LIRF,16242099999,16239099999,AT416,16224099999,16234099999,LIRA",28.3,10,216,10.8,2.02762738097739e-11,20.3708,25-Jul-2023 07:00:00
NaN,"Clear",2023-07-25T07:30:00,18.6,29.4,55.91,"41.83019005524591, 12.46317478841414",0,0,1006.1,"LIRF,16242099999,16239099999,AT416,16224099999,16234099999,LIRA",28.3,10,216,10.8,2.04326202219828e-11,94.9053,25-Jul-2023 07:30:00
50,"Partially cloudy",2023-07-25T08:00:00,18.6,30.2,53.24,"41.83019005524591, 12.46317478841414",0,0,1006.6,"LIRF,16242099999,16239099999,AT416,16224099999,16234099999,LIRA",29.1,9.9,43,7,2.05903241933864e-11,143.5907,25-Jul-2023 08:00:00
50,"Partially cloudy",2023-07-25T08:30:00,18.6,30.2,53.24,"41.83019005524591, 12.46317478841414",0,0,1006.6,"LIRF,16242099999,16239099999,AT416,16224099999,16234099999,LIRA",29.1,9.9,43,7,2.07493988331943e-11,203.661,25-Jul-2023 08:30:00
50,"Partially cloudy",2023-07-25T09:00:00,18.4,31.8,47.8,"41.83019005524591, 12.46317478841414",0,0,1004,"LIRF,16242099999,16239099999,AT416,16224099999,16234099999,LIRA",30.8,9.9,111,11.2,2.09098573926878e-11,357.4846,25-Jul-2023 09:00:00
50,"Partially cloudy",2023-07-25T09:30:00,18.4,31.8,47.8,"41.83019005524591, 12.46317478841414",0,0,1004,"LIRF,16242099999,16239099999,AT416,16224099999,16234099999,LIRA",30.8,9.9,111,11.2,2.10717132615044e-11,304.2653,25-Jul-2023 09:30:00
38.2,"Partially cloudy",2023-07-25T10:00:00,18.3,32,46.52,"41.83019005524591, 12.46317478841414",0,0,1003.9,"LIRF,16242099999,16239099999,AT416,16224099999,16234099999,LIRA",31,9.9,147,13.6,2.12349799719091e-11,284.25,25-Jul-2023 10:00:00
38.2,"Partially cloudy",2023-07-25T10:30:00,18.3,32,46.52,"41.83019005524591, 12.46317478841414",0,0,1003.9,"LIRF,16242099999,16239099999,AT416,16224099999,16234099999,LIRA",31,9.9,147,13.6,2.13996712032256e-11,239.4758,25-Jul-2023 10:30:00
38.2,"Partially cloudy",2023-07-25T11:00:00,17.9,34.6,39.34,"41.83019005524591, 12.46317478841414",0,0,1003.9,"LIRF,16242099999,16239099999,AT416,16224099999,16234099999,LIRA",33.6,9.9,180,10.5,2.15658007780433e-11,238.5972,25-Jul-2023 11:00:00
38.2,"Partially cloudy",2023-07-25T11:30:00,17.9,34.6,39.34,"41.83019005524591, 12.46317478841414",0,0,1003.9,"LIRF,16242099999,16239099999,AT416,16224099999,16234099999,LIRA",33.6,9.9,180,10.5,2.17333826666197e-11,231.5983,25-Jul-2023 11:30:00
28.3,"Partially cloudy",2023-07-25T12:00:00,19.7,36.5,42.67,"41.83019005524591, 12.46317478841414",0,0,1004.1,"LIRF,16242099999,16239099999,AT416,16224099999,16234099999,LIRA",34.2,9.9,186,19.3,2.19024309914492e-11,190.172,25-Jul-2023 12:00:00
28.3,"Partially cloudy",2023-07-25T12:30:00,19.7,36.5,42.67,"41.83019005524591, 12.46317478841414",0,0,1004.1,"LIRF,16242099999,16239099999,AT416,16224099999,16234099999,LIRA",34.2,9.9,186,19.3,2.20729600233898e-11,215.5789,25-Jul-2023 12:30:00
30,"Partially cloudy",2023-07-25T13:00:00,22.5,37.8,53.71,"41.83019005524591, 12.46317478841414",0,0,1003.8,"LIRF,16242099999,16239099999,AT416,16224099999,16234099999,LIRA",33.2,9.9,188,26.3,2.22449841862021e-11,401.4482,25-Jul-2023 13:00:00
30,"Partially cloudy",2023-07-25T13:30:00,22.5,37.8,53.71,"41.83019005524591, 12.46317478841414",0,0,1003.8,"LIRF,16242099999,16239099999,AT416,16224099999,16234099999,LIRA",33.2,9.9,188,26.3,2.24185180612603e-11,390.8483,25-Jul-2023 13:30:00
46.9,"Partially cloudy",2023-07-25T14:00:00,23,39.8,51.64,"41.83019005524591, 12.46317478841414",0,0,1003.1,"LIRF,16242099999,16239099999,AT416,16224099999,16234099999,LIRA",34.3,9.9,162,30.4,2.25935763835965e-11,396.5596,25-Jul-2023 14:00:00
46.9,"Partially cloudy",2023-07-25T14:30:00,23,39.8,51.64,"41.83019005524591, 12.46317478841414",0,0,1003.1,"LIRF,16242099999,16239099999,AT416,16224099999,16234099999,LIRA",34.3,9.9,162,30.4,2.27701740465821e-11,349.4224,25-Jul-2023 14:30:00
30,"Partially cloudy",2023-07-25T15:00:00,24.7,39.7,62.61,"41.83019005524591, 12.46317478841414",0,0,1003.8,"LIRF,16242099999,16239099999,AT416,16224099999,16234099999,LIRA",32.7,9.9,223,28.4,2.29483261067846e-11,248.5445,25-Jul-2023 15:00:00
30,"Partially cloudy",2023-07-25T15:30:00,24.7,39.7,62.61,"41.83019005524591, 12.46317478841414",0,0,1003.8,"LIRF,16242099999,16239099999,AT416,16224099999,16234099999,LIRA",32.7,9.9,223,28.4,2.31280477799295e-11,165.1758,25-Jul-2023 15:30:00
41.6,"Partially cloudy",2023-07-25T16:00:00,21.8,35.2,55.95,"41.83019005524591, 12.46317478841414",0,0,1003.8,"LIRF,16242099999,16239099999,AT416,16224099999,16234099999,LIRA",31.6,9.6,229,22.8,2.33093544457276e-11,137.7342,25-Jul-2023 16:00:00
41.6,"Partially cloudy",2023-07-25T16:30:00,21.8,35.2,55.95,"41.83019005524591, 12.46317478841414",0,0,1003.8,"LIRF,16242099999,16239099999,AT416,16224099999,16234099999,LIRA",31.6,9.6,229,22.8,2.34922616528841e-11,111.3384,25-Jul-2023 16:30:00
38.9,"Partially cloudy",2023-07-25T17:00:00,24.2,35.5,70.55,"41.83019005524591, 12.46317478841414",0,0,1003.9,"LIRF,16242099999,16239099999,AT416,16224099999,16234099999,LIRA",30.1,9.6,227,22.1,2.36767851149755e-11,104.397,25-Jul-2023 17:00:00
38.9,"Partially cloudy",2023-07-25T17:30:00,24.2,35.5,70.55,"41.83019005524591, 12.46317478841414",0,0,1003.9,"LIRF,16242099999,16239099999,AT416,16224099999,16234099999,LIRA",30.1,9.6,227,22.1,2.38629407154286e-11,149.9929,25-Jul-2023 17:30:00
49.4,"Partially cloudy",2023-07-25T18:00:00,23.9,35.1,69.92,"41.83019005524591, 12.46317478841414",0,0,1004,"LIRF,16242099999,16239099999,AT416,16224099999,16234099999,LIRA",30,9.9,237,22.4,2.40507445126868e-11,149.2965,25-Jul-2023 18:00:00
49.4,"Partially cloudy",2023-07-25T18:30:00,23.9,35.1,69.92,"41.83019005524591, 12.46317478841414",0,0,1004,"LIRF,16242099999,16239099999,AT416,16224099999,16234099999,LIRA",30,9.9,237,22.4,2.42402127360008e-11,233.3223,25-Jul-2023 18:30:00
49.4,"Partially cloudy",2023-07-25T19:00:00,21.1,32.6,58.8,"41.83019005524591, 12.46317478841414",0,0,1004.8,"LIRF,16242099999,16239099999,AT416,16224099999,16234099999,LIRA",30,10,268,29.3,2.44313617905642e-11,204.2212,25-Jul-2023 19:00:00
49.4,"Partially cloudy",2023-07-25T19:30:00,21.1,32.6,58.8,"41.83019005524591, 12.46317478841414",0,0,1004.8,"LIRF,16242099999,16239099999,AT416,16224099999,16234099999,LIRA",30,10,268,29.3,2.46242082628435e-11,89.0011,25-Jul-2023 19:30:00
30,"Partially cloudy",2023-07-25T20:00:00,18.3,29,55.63,"41.83019005524591, 12.46317478841414",0,0,1004.8,"LIRF,16242099999,16239099999,AT416,16224099999,16234099999,LIRA",28,10,259,25.8,2.48187689162797e-11,261.2505,25-Jul-2023 20:00:00
30,"Partially cloudy",2023-07-25T20:30:00,18.3,29,55.63,"41.83019005524591, 12.46317478841414",0,0,1004.8,"LIRF,16242099999,16239099999,AT416,16224099999,16234099999,LIRA",28,10,259,25.8,2.50150606965874e-11,188.5469,25-Jul-2023 20:30:00
NaN,"Clear",2023-07-25T21:00:00,18.2,26.2,61.43,"41.83019005524591, 12.46317478841414",0,0,1004.8,"LIRF,16242099999,16239099999,AT416,LIRA",26.2,10,244,19.1,2.52131007372533e-11,164.2777,25-Jul-2023 21:00:00
NaN,"Clear",2023-07-25T21:30:00,18.2,26.2,61.43,"41.83019005524591, 12.46317478841414",0,0,1004.8,"LIRF,16242099999,16239099999,AT416,LIRA",26.2,10,244,19.1,2.54129063551476e-11,71.8259,25-Jul-2023 21:30:00
NaN,"Clear",2023-07-25T22:00:00,18,25.2,64.51,"41.83019005524591, 12.46317478841414",0,0,1005.8,"LIRF,16242099999,16239099999,AT416,16224099999,LIRA",25.2,10,234,16.8,2.56144950559923e-11,20.9038,25-Jul-2023 22:00:00
NaN,"Clear",2023-07-25T22:30:00,18,25.2,64.51,"41.83019005524591, 12.46317478841414",0,0,1005.8,"LIRF,16242099999,16239099999,AT416,16224099999,LIRA",25.2,10,234,16.8,2.5817884540034e-11,7.1106,25-Jul-2023 22:30:00
NaN,"Clear",2023-07-25T23:00:00,18,24,69.01,"41.83019005524591, 12.46317478841414",0,0,1006,"16239099999,AT416,16224099999,LIRA",24,10,201,11.4,2.60230926975641e-11,0,25-Jul-2023 23:00:00
NaN,"Clear",2023-07-25T23:30:00,18,24,69.01,"41.83019005524591, 12.46317478841414",0,0,1006,"16239099999,AT416,16224099999,LIRA",24,10,201,11.4,2.62301376145615e-11,0,25-Jul-2023 23:30:00
NaN,"Clear",2023-09-27T00:00:00,14,21.2,63.54,"41.83019005524591, 12.46317478841414",0,0,1015.9,"LIRF,16242099999,16239099999,AT416,16224099999,LIRA",21.2,10,44,11.1,2.64390375785466e-11,0,27-Sep-2023 00:00:00
NaN,"Clear",2023-09-27T00:30:00,14,21.2,63.54,"41.83019005524591, 12.46317478841414",0,0,1015.9,"LIRF,16242099999,16239099999,AT416,16224099999,LIRA",21.2,10,44,11.1,2.66498110740086e-11,0,27-Sep-2023 00:30:00
NaN,"Clear",2023-09-27T01:00:00,13.2,21,61.09,"41.83019005524591, 12.46317478841414",0,0,1015.9,"LIRF,16242099999,16239099999,AT416,16224099999,LIRA",21,10,42,11.2,2.68624767882284e-11,0,27-Sep-2023 01:00:00
NaN,"Clear",2023-09-27T01:30:00,13.2,21,61.09,"41.83019005524591, 12.46317478841414",0,0,1015.9,"LIRF,16242099999,16239099999,AT416,16224099999,LIRA",21,10,42,11.2,2.70770536173212e-11,0,27-Sep-2023 01:30:00
NaN,"Clear",2023-09-27T02:00:00,13,19.2,67.25,"41.83019005524591, 12.46317478841414",0,0,1016.1,"LIRF,16242099999,16239099999,AT416,16224099999,LIRA",19.2,10,20,9.8,2.72935606615683e-11,0,27-Sep-2023 02:00:00
NaN,"Clear",2023-09-27T02:30:00,13,19.2,67.25,"41.83019005524591, 12.46317478841414",0,0,1016.1,"LIRF,16242099999,16239099999,AT416,16224099999,LIRA",19.2,10,20,9.8,2.75120172314274e-11,0,27-Sep-2023 02:30:00
NaN,"Clear",2023-09-27T03:00:00,13,19.2,67.25,"41.83019005524591, 12.46317478841414",0,0,1015.9,"LIRF,16242099999,16239099999,AT416,16224099999,LIRA",19.2,10,34,10,2.77324428537701e-11,0,27-Sep-2023 03:00:00
NaN,"Clear",2023-09-27T03:30:00,13,19.2,67.25,"41.83019005524591, 12.46317478841414",0,0,1015.9,"LIRF,16242099999,16239099999,AT416,16224099999,LIRA",19.2,10,34,10,2.79548572671169e-11,0,27-Sep-2023 03:30:00
NaN,"Clear",2023-09-27T04:00:00,13,19,68.06,"41.83019005524591, 12.46317478841414",0,0,1015.9,"LIRF,16242099999,16239099999,AT416,16224099999,LIRA",19,10,48,11.4,2.8179280427842e-11,0,27-Sep-2023 04:00:00
NaN,"Clear",2023-09-27T04:30:00,13,19,68.06,"41.83019005524591, 12.46317478841414",0,0,1015.9,"LIRF,16242099999,16239099999,AT416,16224099999,LIRA",19,10,48,11.4,2.84057325166122e-11,0,27-Sep-2023 04:30:00
NaN,"Clear",2023-09-27T05:00:00,13,18.2,71.34,"41.83019005524591, 12.46317478841414",0,0,1015.9,"LIRF,16242099999,16239099999,AT416,16224099999,LIRA",18.2,10,44,12.2,2.86342339335234e-11,0,27-Sep-2023 05:00:00
NaN,"Clear",2023-09-27T05:30:00,13,18.2,71.34,"41.83019005524591, 12.46317478841414",0,0,1015.9,"LIRF,16242099999,16239099999,AT416,16224099999,LIRA",18.2,10,44,12.2,2.88648053045072e-11,0,27-Sep-2023 05:30:00
NaN,"Clear",2023-09-27T06:00:00,13,18.2,71.59,"41.83019005524591, 12.46317478841414",0,0,1015.8,"LIRF,16242099999,16239099999,AT416,16224099999,LIRA",18.2,10,54,12.2,2.90974674879789e-11,0,27-Sep-2023 06:00:00
NaN,"Clear",2023-09-27T06:30:00,13,18.2,71.59,"41.83019005524591, 12.46317478841414",0,0,1015.8,"LIRF,16242099999,16239099999,AT416,16224099999,LIRA",18.2,10,54,12.2,2.93322415698732e-11,18.1257,27-Sep-2023 06:30:00
NaN,"Clear",2023-09-27T07:00:00,13,17.1,76.77,"41.83019005524591, 12.46317478841414",0,0,1015.8,"LIRF,16242099999,16239099999,AT416,16224099999,16234099999,LIRA",17.1,10,51,11.1,2.95691488702607e-11,76.7267,27-Sep-2023 07:00:00
NaN,"Clear",2023-09-27T07:30:00,13,17.1,76.77,"41.83019005524591, 12.46317478841414",0,0,1015.8,"LIRF,16242099999,16239099999,AT416,16224099999,16234099999,LIRA",17.1,10,51,11.1,2.98082109502113e-11,95.0887,27-Sep-2023 07:30:00
NaN,"Clear",2023-09-27T08:00:00,13,17.1,76.58,"41.83019005524591, 12.46317478841414",0,0,1016.1,"LIRF,16242099999,16239099999,AT416,16224099999,16234099999,LIRA",17.1,10,58,10.5,3.00494496067298e-11,148.4374,27-Sep-2023 08:00:00
NaN,"Clear",2023-09-27T08:30:00,13,17.1,76.58,"41.83019005524591, 12.46317478841414",0,0,1016.1,"LIRF,16242099999,16239099999,AT416,16224099999,16234099999,LIRA",17.1,10,58,10.5,3.0292886879587e-11,287.3577,27-Sep-2023 08:30:00
NaN,"Clear",2023-09-27T09:00:00,12.3,19.4,63.53,"41.83019005524591, 12.46317478841414",0,0,1016.8,"LIRF,16242099999,16239099999,AT416,16224099999,16234099999,LIRA",19.4,10,40,12.1,3.05385450584096e-11,194.8605,27-Sep-2023 09:00:00
NaN,"Clear",2023-09-27T09:30:00,12.3,19.4,63.53,"41.83019005524591, 12.46317478841414",0,0,1016.8,"LIRF,16242099999,16239099999,AT416,16224099999,16234099999,LIRA",19.4,10,40,12.1,3.07864466775107e-11,220.0727,27-Sep-2023 09:30:00
NaN,"Clear",2023-09-27T10:00:00,13,21.6,58.24,"41.83019005524591, 12.46317478841414",0,0,1016.8,"LIRF,16242099999,16239099999,AT416,16224099999,16234099999,LIRA",21.6,10,32,14.3,3.10366145229468e-11,210.4149,27-Sep-2023 10:00:00
NaN,"Clear",2023-09-27T10:30:00,13,21.6,58.24,"41.83019005524591, 12.46317478841414",0,0,1016.8,"LIRF,16242099999,16239099999,AT416,16224099999,16234099999,LIRA",21.6,10,32,14.3,3.12890716398397e-11,163.8024,27-Sep-2023 10:30:00
NaN,"Clear",2023-09-27T11:00:00,12.9,23.6,51.09,"41.83019005524591, 12.46317478841414",0,0,1016.8,"LIRF,16242099999,16239099999,AT416,16224099999,16234099999,LIRA",23.6,10,18,13.9,3.15438413271026e-11,240.241,27-Sep-2023 11:00:00
NaN,"Clear",2023-09-27T11:30:00,12.9,23.6,51.09,"41.83019005524591, 12.46317478841414",0,0,1016.8,"LIRF,16242099999,16239099999,AT416,16224099999,16234099999,LIRA",23.6,10,18,13.9,3.18009471447293e-11,305.2583,27-Sep-2023 11:30:00
NaN,"Clear",2023-09-27T12:00:00,12.1,25.6,43.09,"41.83019005524591, 12.46317478841414",0,0,1016.1,"LIRF,16242099999,16239099999,AT416,16224099999,16234099999,LIRA",25.6,10,6,10.9,3.20604129213585e-11,207.9611,27-Sep-2023 12:00:00
NaN,"Clear",2023-09-27T12:30:00,12.1,25.6,43.09,"41.83019005524591, 12.46317478841414",0,0,1016.1,"LIRF,16242099999,16239099999,AT416,16224099999,16234099999,LIRA",25.6,10,6,10.9,3.2322262748892e-11,223.4834,27-Sep-2023 12:30:00
NaN,"Clear",2023-09-27T13:00:00,12.7,27,40.77,"41.83019005524591, 12.46317478841414",0,0,1016.1,"LIRF,16242099999,16239099999,AT416,16224099999,16234099999,LIRA",27.2,10,4,10.1,3.25865209900264e-11,268.772,27-Sep-2023 13:00:00
NaN,"Clear",2023-09-27T13:30:00,12.7,27,40.77,"41.83019005524591, 12.46317478841414",0,0,1016.1,"LIRF,16242099999,16239099999,AT416,16224099999,16234099999,LIRA",27.2,10,4,10.1,3.28532122860679e-11,296.5165,27-Sep-2023 13:30:00
NaN,"Clear",2023-09-27T14:00:00,12.9,27.6,39.15,"41.83019005524591, 12.46317478841414",0,0,1015.8,"LIRF,16242099999,16239099999,AT416,16224099999,16234099999,LIRA",28,10,332,11.8,3.31223615514415e-11,309.4318,27-Sep-2023 14:00:00
NaN,"Clear",2023-09-27T14:30:00,12.9,27.6,39.15,"41.83019005524591, 12.46317478841414",0,0,1015.8,"LIRF,16242099999,16239099999,AT416,16224099999,16234099999,LIRA",28,10,332,11.8,3.33939939814738e-11,407.6266,27-Sep-2023 14:30:00
NaN,"Clear",2023-09-27T15:00:00,12.8,28.6,35.95,"41.83019005524591, 12.46317478841414",0,0,1015.1,"LIRF,16242099999,16239099999,AT416,16224099999,16234099999,LIRA",29.4,10,329,12.6,3.36681350604676e-11,326.1665,27-Sep-2023 15:00:00
NaN,"Clear",2023-09-27T15:30:00,12.8,28.6,35.95,"41.83019005524591, 12.46317478841414",0,0,1015.1,"LIRF,16242099999,16239099999,AT416,16224099999,16234099999,LIRA",29.4,10,329,12.6,3.39448105561011e-11,276.3227,27-Sep-2023 15:30:00
NaN,"Clear",2023-09-27T16:00:00,12.2,28.6,34.58,"41.83019005524591, 12.46317478841414",0,0,1014.8,"LIRF,16242099999,16239099999,AT416,16224099999,16234099999,LIRA",29.4,10,336,13.8,3.42240465274704e-11,167.8655,27-Sep-2023 16:00:00
NaN,"Clear",2023-09-27T16:30:00,12.2,28.6,34.58,"41.83019005524591, 12.46317478841414",0,0,1014.8,"LIRF,16242099999,16239099999,AT416,16224099999,16234099999,LIRA",29.4,10,336,13.8,3.45058693334345e-11,243.9592,27-Sep-2023 16:30:00
NaN,"Clear",2023-09-27T17:00:00,12.2,28.4,35,"41.83019005524591, 12.46317478841414",0,0,1014.1,"LIRF,16242099999,16239099999,AT416,16224099999,16234099999,LIRA",29.2,10,293,13.9,3.4790305626902e-11,157.7907,27-Sep-2023 17:00:00
NaN,"Clear",2023-09-27T17:30:00,12.2,28.4,35,"41.83019005524591, 12.46317478841414",0,0,1014.1,"LIRF,16242099999,16239099999,AT416,16224099999,16234099999,LIRA",29.2,10,293,13.9,3.50773823631437e-11,224.9239,27-Sep-2023 17:30:00
NaN,"Clear",2023-09-27T18:00:00,15.4,27.7,47.84,"41.83019005524591, 12.46317478841414",0,0,1014.1,"LIRF,16242099999,16239099999,AT416,16224099999,16234099999,LIRA",27.5,10,271,16.7,3.53671268084182e-11,279.2809,27-Sep-2023 18:00:00
NaN,"Clear",2023-09-27T18:30:00,15.4,27.7,47.84,"41.83019005524591, 12.46317478841414",0,0,1014.1,"LIRF,16242099999,16239099999,AT416,16224099999,16234099999,LIRA",27.5,10,271,16.7,3.56595665341442e-11,247.6946,27-Sep-2023 18:30:00
NaN,"Clear",2023-09-27T19:00:00,15.6,25.6,53.7,"41.83019005524591, 12.46317478841414",0,0,1014.1,"LIRF,16242099999,16239099999,AT416,16224099999,16234099999,LIRA",25.6,10,258,11.4,3.59547294254938e-11,148.0547,27-Sep-2023 19:00:00
NaN,"Clear",2023-09-27T19:30:00,15.6,25.6,53.7,"41.83019005524591, 12.46317478841414",0,0,1014.1,"LIRF,16242099999,16239099999,AT416,16224099999,16234099999,LIRA",25.6,10,258,11.4,3.62526436903088e-11,127.7711,27-Sep-2023 19:30:00
NaN,"Clear",2023-09-27T20:00:00,16.3,23.9,62.54,"41.83019005524591, 12.46317478841414",0,0,1014.8,"LIRF,16242099999,16239099999,AT416,16224099999,16234099999,LIRA",23.9,10,207,7.6,3.65533378531572e-11,52.1167,27-Sep-2023 20:00:00
NaN,"Clear",2023-09-27T20:30:00,16.3,23.9,62.54,"41.83019005524591, 12.46317478841414",0,0,1014.8,"LIRF,16242099999,16239099999,AT416,16224099999,16234099999,LIRA",23.9,10,207,7.6,3.68568407642182e-11,25.6368,27-Sep-2023 20:30:00
NaN,"Clear",2023-09-27T21:00:00,16.2,21.8,70.31,"41.83019005524591, 12.46317478841414",0,0,1014.9,"LIRF,16242099999,16239099999,AT416,16224099999,LIRA",21.8,10,231,5.9,3.71631816085e-11,78.2659,27-Sep-2023 21:00:00
NaN,"Clear",2023-09-27T21:30:00,16.2,21.8,70.31,"41.83019005524591, 12.46317478841414",0,0,1014.9,"LIRF,16242099999,16239099999,AT416,16224099999,LIRA",21.8,10,231,5.9,3.74723898997792e-11,45.2659,27-Sep-2023 21:30:00
NaN,"Clear",2023-09-27T22:00:00,15.3,21.8,66.64,"41.83019005524591, 12.46317478841414",0,0,1015.1,"LIRF,16242099999,16239099999,AT416,16224099999,LIRA",21.8,10,188,3.6,3.77844954897878e-11,20.4292,27-Sep-2023 22:00:00
NaN,"Clear",2023-09-27T22:30:00,15.3,21.8,66.64,"41.83019005524591, 12.46317478841414",0,0,1015.1,"LIRF,16242099999,16239099999,AT416,16224099999,LIRA",21.8,10,188,3.6,3.8099528577745e-11,0,27-Sep-2023 22:30:00
NaN,"Clear",2023-09-27T23:00:00,14.9,20.8,69.14,"41.83019005524591, 12.46317478841414",0,0,1015.8,"LIRF,16242099999,16239099999,AT416,16224099999,LIRA",20.8,10,NaN,3.3,3.84175197041774e-11,0,27-Sep-2023 23:00:00
NaN,"Clear",2023-09-27T23:30:00,14.9,20.8,69.14,"41.83019005524591, 12.46317478841414",0,0,1015.8,"LIRF,16242099999,16239099999,AT416,16224099999,LIRA",20.8,10,NaN,3.3,3.87384997604202e-11,0,27-Sep-2023 23:30:00
NaN,"Clear",2023-09-28T00:00:00,13.4,20.6,63.22,"41.83019005524591, 12.46317478841414",0,0,1015.8,"LIRF,16242099999,16239099999,AT416,16224099999,LIRA",20.6,10,87,5.5,4.78865132747807e-12,0,28-Sep-2023 00:00:00
NaN,"Clear",2023-09-28T00:30:00,13.4,20.6,63.22,"41.83019005524591, 12.46317478841414",0,0,1015.8,"LIRF,16242099999,16239099999,AT416,16224099999,LIRA",20.6,10,87,5.5,4.7580652340051e-12,18.8121,28-Sep-2023 00:30:00
NaN,"Clear",2023-09-28T01:00:00,13,19.6,65.72,"41.83019005524591, 12.46317478841414",0,0,1015.1,"LIRF,16242099999,16239099999,AT416,16224099999,LIRA",19.6,10,129,4.5,4.72769874486246e-12,7.8121,28-Sep-2023 01:00:00
NaN,"Clear",2023-09-28T01:30:00,13,19.6,65.72,"41.83019005524591, 12.46317478841414",0,0,1015.1,"LIRF,16242099999,16239099999,AT416,16224099999,LIRA",19.6,10,129,4.5,4.69755010918656e-12,0,28-Sep-2023 01:30:00
NaN,"Clear",2023-09-28T02:00:00,13,17.8,73.33,"41.83019005524591, 12.46317478841414",0,0,1015.1,"LIRF,16242099999,16239099999,AT416,16224099999,LIRA",17.8,10,7,2.7,4.66761759196055e-12,97.1645,28-Sep-2023 02:00:00
NaN,"Clear",2023-09-28T02:30:00,13,17.8,73.33,"41.83019005524591, 12.46317478841414",0,0,1015.1,"LIRF,16242099999,16239099999,AT416,16224099999,LIRA",17.8,10,7,2.7,4.63789947335334e-12,75.1645,28-Sep-2023 02:30:00
NaN,"Clear",2023-09-28T03:00:00,13.2,17.6,75.15,"41.83019005524591, 12.46317478841414",0,0,1015.1,"LIRF,16242099999,16239099999,AT416,16224099999,LIRA",17.6,10,95,4.1,4.60839404808187e-12,53.1645,28-Sep-2023 03:00:00
NaN,"Clear",2023-09-28T03:30:00,13.2,17.6,75.15,"41.83019005524591, 12.46317478841414",0,0,1015.1,"LIRF,16242099999,16239099999,AT416,16224099999,LIRA",17.6,10,95,4.1,4.57909962626402e-12,31.1645,28-Sep-2023 03:30:00
NaN,"Clear",2023-09-28T04:00:00,13,15.4,85.73,"41.83019005524591, 12.46317478841414",0,0,1015.3,"LIRF,16242099999,AT416,16224099999",15.4,10,25,5.9,4.55001453277316e-12,27.5776,28-Sep-2023 04:00:00
NaN,"Clear",2023-09-28T04:30:00,13,15.4,85.73,"41.83019005524591, 12.46317478841414",0,0,1015.3,"LIRF,16242099999,AT416,16224099999",15.4,10,25,5.9,4.52113710661534e-12,7.4131,28-Sep-2023 04:30:00
NaN,"Clear",2023-09-28T05:00:00,13,16.8,77.97,"41.83019005524591, 12.46317478841414",0,0,1015.8,"LIRF,16242099999,16239099999,AT416,16224099999,LIRA",16.8,10,25,4.1,4.49246570176534e-12,0,28-Sep-2023 05:00:00
NaN,"Clear",2023-09-28T05:30:00,13,16.8,77.97,"41.83019005524591, 12.46317478841414",0,0,1015.8,"LIRF,16242099999,16239099999,AT416,16224099999,LIRA",16.8,10,25,4.1,4.46399868653631e-12,0,28-Sep-2023 05:30:00
NaN,"Clear",2023-09-28T06:00:00,13,16.6,78.92,"41.83019005524591, 12.46317478841414",0,0,1015.8,"LIRF,16242099999,16239099999,AT416,16224099999,LIRA",16.6,10,44,5.5,4.43573444297153e-12,0,28-Sep-2023 06:00:00
NaN,"Clear",2023-09-28T06:30:00,13,16.6,78.92,"41.83019005524591, 12.46317478841414",0,0,1015.8,"LIRF,16242099999,16239099999,AT416,16224099999,LIRA",16.6,10,44,5.5,4.40767136766393e-12,108.6639,28-Sep-2023 06:30:00
27.7,"Partially cloudy",2023-09-28T07:00:00,13,16.7,78.71,"41.83019005524591, 12.46317478841414",0,0,1015.8,"LIRF,16242099999,16239099999,AT416,16224099999,16234099999,LIRA",16.7,10,40,6.3,4.37980787114048e-12,94.1757,28-Sep-2023 07:00:00
27.7,"Partially cloudy",2023-09-28T07:30:00,13,16.7,78.71,"41.83019005524591, 12.46317478841414",0,0,1015.8,"LIRF,16242099999,16239099999,AT416,16224099999,16234099999,LIRA",16.7,10,40,6.3,4.352142377268e-12,160.8859,28-Sep-2023 07:30:00
27.7,"Partially cloudy",2023-09-28T08:00:00,13,16.7,78.38,"41.83019005524591, 12.46317478841414",0,0,1016.1,"LIRF,16242099999,16239099999,AT416,16224099999,16234099999,LIRA",16.7,10,45,6,4.32467332405668e-12,218.211,28-Sep-2023 08:00:00
27.7,"Partially cloudy",2023-09-28T08:30:00,13,16.7,78.38,"41.83019005524591, 12.46317478841414",0,0,1016.1,"LIRF,16242099999,16239099999,AT416,16224099999,16234099999,LIRA",16.7,10,45,6,4.29739916305866e-12,371.0173,28-Sep-2023 08:30:00
NaN,"Clear",2023-09-28T09:00:00,13.2,18.2,72.77,"41.83019005524591, 12.46317478841414",0,0,1016.8,"LIRF,16242099999,16239099999,AT416,16224099999,16234099999,LIRA",18.2,10,35,7.4,4.27031835878772e-12,363.5166,28-Sep-2023 09:00:00
NaN,"Clear",2023-09-28T09:30:00,13.2,18.2,72.77,"41.83019005524591, 12.46317478841414",0,0,1016.8,"LIRF,16242099999,16239099999,AT416,16224099999,16234099999,LIRA",18.2,10,35,7.4,4.24342938950691e-12,354.7692,28-Sep-2023 09:30:00
50,"Partially cloudy",2023-09-28T10:00:00,13.9,20.5,65.86,"41.83019005524591, 12.46317478841414",0,0,1016.9,"LIRF,16242099999,16239099999,AT416,16224099999,16234099999,LIRA",20.5,10,28,10.1,4.21673074664114e-12,194.7931,28-Sep-2023 10:00:00
50,"Partially cloudy",2023-09-28T10:30:00,13.9,20.5,65.86,"41.83019005524591, 12.46317478841414",0,0,1016.9,"LIRF,16242099999,16239099999,AT416,16224099999,16234099999,LIRA",20.5,10,28,10.1,4.19022093421024e-12,136.8782,28-Sep-2023 10:30:00
NaN,"Clear",2023-09-28T11:00:00,15.3,23.4,60.53,"41.83019005524591, 12.46317478841414",0,0,1016.9,"LIRF,16242099999,16239099999,AT416,16224099999,16234099999,LIRA",23.4,10,32,8.5,4.16389846960119e-12,189.6259,28-Sep-2023 11:00:00
NaN,"Clear",2023-09-28T11:30:00,15.3,23.4,60.53,"41.83019005524591, 12.46317478841414",0,0,1016.9,"LIRF,16242099999,16239099999,AT416,16224099999,16234099999,LIRA",23.4,10,32,8.5,4.13776188299419e-12,166.3994,28-Sep-2023 11:30:00
30,"Partially cloudy",2023-09-28T12:00:00,15.1,26.1,50.72,"41.83019005524591, 12.46317478841414",0,0,1016.9,"LIRF,16242099999,16239099999,AT416,16224099999,16234099999,LIRA",26.1,10,33,7.9,4.11180971680889e-12,219.7486,28-Sep-2023 12:00:00
30,"Partially cloudy",2023-09-28T12:30:00,15.1,26.1,50.72,"41.83019005524591, 12.46317478841414",0,0,1016.9,"LIRF,16242099999,16239099999,AT416,16224099999,16234099999,LIRA",26.1,10,33,7.9,4.08604052646141e-12,331.0253,28-Sep-2023 12:30:00
30,"Partially cloudy",2023-09-28T13:00:00,12.8,27,41.12,"41.83019005524591, 12.46317478841414",0,0,1016.9,"LIRF,16242099999,16239099999,AT416,16224099999,16234099999,LIRA",27.2,10,269,7.7,4.06045287980369e-12,289.0507,28-Sep-2023 13:00:00
30,"Partially cloudy",2023-09-28T13:30:00,12.8,27,41.12,"41.83019005524591, 12.46317478841414",0,0,1016.9,"LIRF,16242099999,16239099999,AT416,16224099999,16234099999,LIRA",27.2,10,269,7.7,4.03504535658238e-12,292.2381,28-Sep-2023 13:30:00
NaN,"Clear",2023-09-28T14:00:00,13.2,28.3,38.08,"41.83019005524591, 12.46317478841414",0,0,1016.9,"LIRF,16239099999,AT416,LIRA",28.9,10,180,4.4,4.00981654918112e-12,262.9856,28-Sep-2023 14:00:00
NaN,"Clear",2023-09-28T14:30:00,13.2,28.3,38.08,"41.83019005524591, 12.46317478841414",0,0,1016.9,"LIRF,16239099999,AT416,LIRA",28.9,10,180,4.4,3.98476506207274e-12,291.8507,28-Sep-2023 14:30:00
NaN,"Clear",2023-09-28T15:00:00,14.4,27.9,43.44,"41.83019005524591, 12.46317478841414",NaN,0,1016.9,"LIRF,AT416,LIRA",28,10,269,8.6,3.9598895112905e-12,331.8897,28-Sep-2023 15:00:00
NaN,"Clear",2023-09-28T15:30:00,14.4,27.9,43.44,"41.83019005524591, 12.46317478841414",NaN,0,1016.9,"LIRF,AT416,LIRA",28,10,269,8.6,3.93518852515595e-12,285.782,28-Sep-2023 15:30:00
30,"Partially cloudy",2023-09-28T16:00:00,13.8,27.7,41.99,"41.83019005524591, 12.46317478841414",0,0,1016.1,"LIRF,16242099999,16239099999,AT416,16224099999,16234099999,LIRA",27.9,10,242,9.3,3.91066074374361e-12,214.1882,28-Sep-2023 16:00:00
30,"Partially cloudy",2023-09-28T16:30:00,13.8,27.7,41.99,"41.83019005524591, 12.46317478841414",0,0,1016.1,"LIRF,16242099999,16239099999,AT416,16224099999,16234099999,LIRA",27.9,10,242,9.3,3.88630481836435e-12,143.4705,28-Sep-2023 16:30:00
NaN,"Clear",2023-09-28T17:00:00,14.4,28.4,41.86,"41.83019005524591, 12.46317478841414",0,0,1016,"LIRF,16242099999,16239099999,AT416,LIRA",28.6,10,218,11.2,3.862119412279e-12,208.0481,28-Sep-2023 17:00:00
NaN,"Clear",2023-09-28T17:30:00,14.4,28.4,41.86,"41.83019005524591, 12.46317478841414",0,0,1016,"LIRF,16242099999,16239099999,AT416,LIRA",28.6,10,218,11.2,3.83810320017527e-12,288.2154,28-Sep-2023 17:30:00
NaN,"Clear",2023-09-28T18:00:00,12.8,26.8,41.91,"41.83019005524591, 12.46317478841414",NaN,0,1016,"LIRF,AT416,LIRA",26.8,10,229,13,3.81425486766289e-12,341.976,28-Sep-2023 18:00:00
NaN,"Clear",2023-09-28T18:30:00,12.8,26.8,41.91,"41.83019005524591, 12.46317478841414",NaN,0,1016,"LIRF,AT416,LIRA",26.8,10,229,13,3.79057311197335e-12,200.3088,28-Sep-2023 18:30:00
NaN,"Clear",2023-09-28T19:00:00,14.6,24.6,53.6,"41.83019005524591, 12.46317478841414",0,0,1016.8,"LIRF,16242099999,16239099999,AT416,LIRA",24.6,10,238,7.6,3.76705664144871e-12,106.4046,28-Sep-2023 19:00:00
NaN,"Clear",2023-09-28T19:30:00,14.6,24.6,53.6,"41.83019005524591, 12.46317478841414",0,0,1016.8,"LIRF,16242099999,16239099999,AT416,LIRA",24.6,10,238,7.6,3.74370417504821e-12,50.3512,28-Sep-2023 19:30:00
NaN,"Clear",2023-09-28T20:00:00,18.3,22.8,75.63,"41.83019005524591, 12.46317478841414",0,0,1017.1,"LIRF,16242099999,16239099999,AT416,16224099999,16234099999,LIRA",22.8,10,230,8,3.72051444303439e-12,198.3687,28-Sep-2023 20:00:00
NaN,"Clear",2023-09-28T20:30:00,18.3,22.8,75.63,"41.83019005524591, 12.46317478841414",0,0,1017.1,"LIRF,16242099999,16239099999,AT416,16224099999,16234099999,LIRA",22.8,10,230,8,3.69748618647351e-12,165.3986,28-Sep-2023 20:30:00
NaN,"Clear",2023-09-28T21:00:00,18.5,22,80.78,"41.83019005524591, 12.46317478841414",0,0,1017.8,"LIRF,16242099999,16239099999,AT416,16224099999,LIRA",22,10,210,6.4,3.67461815675335e-12,76.4669,28-Sep-2023 21:00:00
NaN,"Clear",2023-09-28T21:30:00,18.5,22,80.78,"41.83019005524591, 12.46317478841414",0,0,1017.8,"LIRF,16242099999,16239099999,AT416,16224099999,LIRA",22,10,210,6.4,3.65190911625599e-12,83.5422,28-Sep-2023 21:30:00
NaN,"Clear",2023-09-28T22:00:00,19.1,21.9,83.81,"41.83019005524591, 12.46317478841414",0,0,1018.1,"LIRF,16242099999,16239099999,AT416,16224099999,LIRA",21.9,10,202,5.9,3.62935783786955e-12,29.7301,28-Sep-2023 22:00:00
NaN,"Clear",2023-09-28T22:30:00,19.1,21.9,83.81,"41.83019005524591, 12.46317478841414",0,0,1018.1,"LIRF,16242099999,16239099999,AT416,16224099999,LIRA",21.9,10,202,5.9,3.60696310451685e-12,18.0753,28-Sep-2023 22:30:00
NaN,"Clear",2023-09-28T23:00:00,15.9,21,72.78,"41.83019005524591, 12.46317478841414",0,0,1018.8,"LIRF,16242099999,16239099999,AT416,16224099999,LIRA",21,10,144,6.4,3.5847237098152e-12,7.0753,28-Sep-2023 23:00:00
NaN,"Clear",2023-09-28T23:30:00,15.9,21,72.78,"41.83019005524591, 12.46317478841414",0,0,1018.8,"LIRF,16242099999,16239099999,AT416,16224099999,LIRA",21,10,144,6.4,3.56263845759912e-12,0,28-Sep-2023 23:30:00
NaN,"Clear",2023-09-29T00:00:00,15.9,20.8,73.64,"41.83019005524591, 12.46317478841414",0,0,1018.8,"LIRF,16242099999,16239099999,AT416,16224099999,LIRA",20.8,10,121,7.1,3.54070616145961e-12,47.6794,29-Sep-2023 00:00:00
NaN,"Clear",2023-09-29T00:30:00,15.9,20.8,73.64,"41.83019005524591, 12.46317478841414",0,0,1018.8,"LIRF,16242099999,16239099999,AT416,16224099999,LIRA",20.8,10,121,7.1,3.5189256453912e-12,82.4844,29-Sep-2023 00:30:00
0,"Clear",2023-09-29T01:00:00,12.6,20.6,60.33,"41.83019005524591, 12.46317478841414",0,0,1018.8,"LIRF,16242099999,16239099999,AT416,16224099999,LIRA",20.6,9.6,75,4.1,3.49729574332535e-12,129.698,29-Sep-2023 01:00:00
0,"Clear",2023-09-29T01:30:00,12.6,20.6,60.33,"41.83019005524591, 12.46317478841414",0,0,1018.8,"LIRF,16242099999,16239099999,AT416,16224099999,LIRA",20.6,9.6,75,4.1,3.47581529868015e-12,85.698,29-Sep-2023 01:30:00
0,"Clear",2023-09-29T02:00:00,12.2,18.6,66.15,"41.83019005524591, 12.46317478841414",0,0,1018.9,"LIRF,16242099999,16239099999,AT416,16224099999,LIRA",18.6,9,40,3.7,3.45448316499479e-12,44.4698,29-Sep-2023 02:00:00
0,"Clear",2023-09-29T02:30:00,12.2,18.6,66.15,"41.83019005524591, 12.46317478841414",0,0,1018.9,"LIRF,16242099999,16239099999,AT416,16224099999,LIRA",18.6,9,40,3.7,3.4332982054735e-12,18.7904,29-Sep-2023 02:30:00
0,"Clear",2023-09-29T03:00:00,13,18.6,69.87,"41.83019005524591, 12.46317478841414",0,0,1018.8,"LIRF,16242099999,16239099999,AT416,16224099999,LIRA",18.6,9,21,4.1,3.41225929254524e-12,5.9854,29-Sep-2023 03:00:00
0,"Clear",2023-09-29T03:30:00,13,18.6,69.87,"41.83019005524591, 12.46317478841414",0,0,1018.8,"LIRF,16242099999,16239099999,AT416,16224099999,LIRA",18.6,9,21,4.1,3.391365308486e-12,11.0816,29-Sep-2023 03:30:00
27.7,"Partially cloudy",2023-09-29T04:00:00,13.9,18,77.1,"41.83019005524591, 12.46317478841414",0,0,1018.8,"LIRF,16242099999,16239099999,AT416,16224099999,LIRA",18,9.2,54,5.9,3.37061514497291e-12,0.0816000000000017,29-Sep-2023 04:00:00
27.7,"Partially cloudy",2023-09-29T04:30:00,13.9,18,77.1,"41.83019005524591, 12.46317478841414",0,0,1018.8,"LIRF,16242099999,16239099999,AT416,16224099999,LIRA",18,9.2,54,5.9,3.35000770265381e-12,0,29-Sep-2023 04:30:00
NaN,"Clear",2023-09-29T05:00:00,13.5,17,79.97,"41.83019005524591, 12.46317478841414",0,0,1018.8,"LIRF,16242099999,16239099999,AT416,16224099999,LIRA",17,10,33,7.9,3.32954189175747e-12,0,29-Sep-2023 05:00:00
NaN,"Clear",2023-09-29T05:30:00,13.5,17,79.97,"41.83019005524591, 12.46317478841414",0,0,1018.8,"LIRF,16242099999,16239099999,AT416,16224099999,LIRA",17,10,33,7.9,3.30921663165775e-12,0,29-Sep-2023 05:30:00
NaN,"Clear",2023-09-29T06:00:00,13.5,17,79.97,"41.83019005524591, 12.46317478841414",0,0,1018.8,"LIRF,16242099999,16239099999,AT416,16224099999,LIRA",17,10,46,9.1,3.28903085045264e-12,0,29-Sep-2023 06:00:00
NaN,"Clear",2023-09-29T06:30:00,13.5,17,79.97,"41.83019005524591, 12.46317478841414",0,0,1018.8,"LIRF,16242099999,16239099999,AT416,16224099999,LIRA",17,10,46,9.1,3.26898348556286e-12,60.118,29-Sep-2023 06:30:00
NaN,"Clear",2023-09-29T07:00:00,13.4,16.9,79.68,"41.83019005524591, 12.46317478841414",0,0,1018.8,"LIRF,16242099999,16239099999,AT416,16224099999,16234099999,LIRA",16.9,10,60,5.8,3.24907348330563e-12,101.1218,29-Sep-2023 07:00:00
NaN,"Clear",2023-09-29T07:30:00,13.4,16.9,79.68,"41.83019005524591, 12.46317478841414",0,0,1018.8,"LIRF,16242099999,16239099999,AT416,16224099999,16234099999,LIRA",16.9,10,60,5.8,3.22929979848307e-12,248.6115,29-Sep-2023 07:30:00
NaN,"Clear",2023-09-29T08:00:00,13.2,17.7,75.08,"41.83019005524591, 12.46317478841414",0,0,1019.1,"LIRF,16242099999,16239099999,AT416,16224099999,16234099999,LIRA",17.7,10,43,6,3.20966139496937e-12,431.2539,29-Sep-2023 08:00:00
NaN,"Clear",2023-09-29T08:30:00,13.2,17.7,75.08,"41.83019005524591, 12.46317478841414",0,0,1019.1,"LIRF,16242099999,16239099999,AT416,16224099999,16234099999,LIRA",17.7,10,43,6,3.1901572452939e-12,346.316,29-Sep-2023 08:30:00
NaN,"Clear",2023-09-29T09:00:00,13.2,18.4,71.6,"41.83019005524591, 12.46317478841414",0,0,1019.8,"LIRF,16242099999,16239099999,AT416,16224099999,16234099999,LIRA",18.4,10,40,9.4,3.17078633023883e-12,353.1968,29-Sep-2023 09:00:00
NaN,"Clear",2023-09-29T09:30:00,13.2,18.4,71.6,"41.83019005524591, 12.46317478841414",0,0,1019.8,"LIRF,16242099999,16239099999,AT416,16224099999,16234099999,LIRA",18.4,10,40,9.4,3.15154763941495e-12,331.8147,29-Sep-2023 09:30:00
NaN,"Clear",2023-09-29T10:00:00,14,20.7,65.61,"41.83019005524591, 12.46317478841414",0,0,1020.1,"LIRF,16242099999,16239099999,AT416,16224099999,16234099999,LIRA",20.7,10,30,9.8,3.13244017085408e-12,288.6314,29-Sep-2023 10:00:00
NaN,"Clear",2023-09-29T10:30:00,14,20.7,65.61,"41.83019005524591, 12.46317478841414",0,0,1020.1,"LIRF,16242099999,16239099999,AT416,16224099999,16234099999,LIRA",20.7,10,30,9.8,3.11346293061551e-12,411.122,29-Sep-2023 10:30:00
NaN,"Clear",2023-09-29T11:00:00,14.2,23.4,56.23,"41.83019005524591, 12.46317478841414",0,0,1020.8,"LIRF,16242099999,16239099999,AT416,16224099999,16234099999,LIRA",23.4,10,25,7.5,3.09461493335085e-12,341.7436,29-Sep-2023 11:00:00
NaN,"Clear",2023-09-29T11:30:00,14.2,23.4,56.23,"41.83019005524591, 12.46317478841414",0,0,1020.8,"LIRF,16242099999,16239099999,AT416,16224099999,16234099999,LIRA",23.4,10,25,7.5,3.07589520190537e-12,294.9156,29-Sep-2023 11:30:00
30,"Partially cloudy",2023-09-29T12:00:00,15.3,26.1,51.2,"41.83019005524591, 12.46317478841414",0,0,1020.8,"LIRF,16242099999,16239099999,AT416,16224099999,16234099999,LIRA",26.1,10,310,3.8,3.05730276693316e-12,302.5628,29-Sep-2023 12:00:00
30,"Partially cloudy",2023-09-29T12:30:00,15.3,26.1,51.2,"41.83019005524591, 12.46317478841414",0,0,1020.8,"LIRF,16242099999,16239099999,AT416,16224099999,16234099999,LIRA",26.1,10,310,3.8,0.0416666666666661,327.9049,29-Sep-2023 12:30:00
30,"Partially cloudy",2023-09-29T13:00:00,12.3,27.5,37.91,"41.83019005524591, 12.46317478841414",0,0,1020.1,"LIRF,16242099999,16239099999,AT416,16224099999,16234099999,LIRA",27.9,10,310,6.2,0.0833333333333339,310.9599,29-Sep-2023 13:00:00
30,"Partially cloudy",2023-09-29T13:30:00,12.3,27.5,37.91,"41.83019005524591, 12.46317478841414",0,0,1020.1,"LIRF,16242099999,16239099999,AT416,16224099999,16234099999,LIRA",27.9,10,310,6.2,0.125,257.5788,29-Sep-2023 13:30:00
26.9,"Partially cloudy",2023-09-29T14:00:00,11.1,27.1,35.66,"41.83019005524591, 12.46317478841414",0,0,1019.8,"LIRF,16242099999,16239099999,AT416,16224099999,16234099999,LIRA",27.6,10,277,10.7,0.166666666666666,315.3177,29-Sep-2023 14:00:00
26.9,"Partially cloudy",2023-09-29T14:30:00,11.1,27.1,35.66,"41.83019005524591, 12.46317478841414",0,0,1019.8,"LIRF,16242099999,16239099999,AT416,16224099999,16234099999,LIRA",27.6,10,277,10.7,0.208333333333334,180.7597,29-Sep-2023 14:30:00
26.9,"Partially cloudy",2023-09-29T15:00:00,12,27.8,36.21,"41.83019005524591, 12.46317478841414",0,0,1019.1,"LIRF,16242099999,16239099999,AT416,16224099999,16234099999,LIRA",28.5,10,291,13.5,0.25,117.3509,29-Sep-2023 15:00:00
26.9,"Partially cloudy",2023-09-29T15:30:00,12,27.8,36.21,"41.83019005524591, 12.46317478841414",0,0,1019.1,"LIRF,16242099999,16239099999,AT416,16224099999,16234099999,LIRA",28.5,10,291,13.5,0.291666666666666,85.9733,29-Sep-2023 15:30:00
26.9,"Partially cloudy",2023-09-29T16:00:00,14.2,27.5,44.12,"41.83019005524591, 12.46317478841414",0,0,1019.1,"LIRF,16242099999,16239099999,AT416,16224099999,16234099999,LIRA",27.5,10,287,14.3,0.333333333333334,129.4201,29-Sep-2023 16:00:00
26.9,"Partially cloudy",2023-09-29T16:30:00,14.2,27.5,44.12,"41.83019005524591, 12.46317478841414",0,0,1019.1,"LIRF,16242099999,16239099999,AT416,16224099999,16234099999,LIRA",27.5,10,287,14.3,0.375,230.5257,29-Sep-2023 16:30:00
NaN,"Clear",2023-09-29T17:00:00,14.6,26.6,47.66,"41.83019005524591, 12.46317478841414",0,0,1018.8,"LIRF,16242099999,16239099999,AT416,LIRA",26.6,10,254,16.2,0.416666666666666,169.6344,29-Sep-2023 17:00:00
NaN,"Clear",2023-09-29T17:30:00,14.6,26.6,47.66,"41.83019005524591, 12.46317478841414",0,0,1018.8,"LIRF,16242099999,16239099999,AT416,LIRA",26.6,10,254,16.2,0.458333333333334,195.2379,29-Sep-2023 17:30:00
NaN,"Clear",2023-09-29T18:00:00,14.2,25.6,49.2,"41.83019005524591, 12.46317478841414",0,0,1018.7,"LIRF,16242099999,AT416,16234099999,LIRA",25.6,10,271,14.9,0.5,141.694,29-Sep-2023 18:00:00
NaN,"Clear",2023-09-29T18:30:00,14.2,25.6,49.2,"41.83019005524591, 12.46317478841414",0,0,1018.7,"LIRF,16242099999,AT416,16234099999,LIRA",25.6,10,271,14.9,0.541666666666666,134.6439,29-Sep-2023 18:30:00
30,"Partially cloudy",2023-09-29T19:00:00,13.8,24,53.08,"41.83019005524591, 12.46317478841414",0,0,1018.8,"LIRF,16242099999,16239099999,AT416,16224099999,16234099999,LIRA",24,10,248,8.8,0.583333333333334,139.3876,29-Sep-2023 19:00:00
30,"Partially cloudy",2023-09-29T19:30:00,13.8,24,53.08,"41.83019005524591, 12.46317478841414",0,0,1018.8,"LIRF,16242099999,16239099999,AT416,16224099999,16234099999,LIRA",24,10,248,8.8,0.625,121.0972,29-Sep-2023 19:30:00
30,"Partially cloudy",2023-09-29T20:00:00,14.8,22.1,63.24,"41.83019005524591, 12.46317478841414",0,0,1019.1,"LIRF,16242099999,16239099999,AT416,16224099999,16234099999,LIRA",22.1,10,213,8,0.666666666666666,86.8915,29-Sep-2023 20:00:00
30,"Partially cloudy",2023-09-29T20:30:00,14.8,22.1,63.24,"41.83019005524591, 12.46317478841414",0,0,1019.1,"LIRF,16242099999,16239099999,AT416,16224099999,16234099999,LIRA",22.1,10,213,8,0.708333333333334,34.7219,29-Sep-2023 20:30:00
NaN,"Clear",2023-09-29T21:00:00,16.2,22,69.73,"41.83019005524591, 12.46317478841414",0,0,1019.8,"LIRF,16242099999,16239099999,AT416,16224099999,LIRA",22,10,196,8.9,0.75,60.4631,29-Sep-2023 21:00:00
NaN,"Clear",2023-09-29T21:30:00,16.2,22,69.73,"41.83019005524591, 12.46317478841414",0,0,1019.8,"LIRF,16242099999,16239099999,AT416,16224099999,LIRA",22,10,196,8.9,0.791666666666666,68.532,29-Sep-2023 21:30:00
NaN,"Clear",2023-09-29T22:00:00,16.4,21.8,71.53,"41.83019005524591, 12.46317478841414",0,0,1019.8,"LIRF,16242099999,16239099999,AT416,16224099999,LIRA",21.8,10,159,6.7,0.833333333333334,44.3862,29-Sep-2023 22:00:00
NaN,"Clear",2023-09-29T22:30:00,16.4,21.8,71.53,"41.83019005524591, 12.46317478841414",0,0,1019.8,"LIRF,16242099999,16239099999,AT416,16224099999,LIRA",21.8,10,159,6.7,0.875,14.3173,29-Sep-2023 22:30:00
NaN,"Clear",2023-09-29T23:00:00,13.7,20.8,63.83,"41.83019005524591, 12.46317478841414",0,0,1019.8,"LIRF,16242099999,16239099999,AT416,16224099999,LIRA",20.8,10,145,5.8,0.916666666666666,0,29-Sep-2023 23:00:00
NaN,"Clear",2023-09-29T23:30:00,13.7,20.8,63.83,"41.83019005524591, 12.46317478841414",0,0,1019.8,"LIRF,16242099999,16239099999,AT416,16224099999,LIRA",20.8,10,145,5.8,0.958333333333334,0,29-Sep-2023 23:30:00
NaN,"Clear",2023-09-30T00:00:00,13.5,19.6,67.98,"41.83019005524591, 12.46317478841414",0,0,1020.1,"LIRF,16242099999,16239099999,AT416,16224099999,LIRA",19.6,10,59,4.7,1,0,30-Sep-2023 00:00:00
NaN,"Clear",2023-09-30T00:30:00,13.5,19.6,67.98,"41.83019005524591, 12.46317478841414",0,0,1020.1,"LIRF,16242099999,16239099999,AT416,16224099999,LIRA",19.6,10,59,4.7,1,90.758,30-Sep-2023 00:30:00
NaN,"Clear",2023-09-30T01:00:00,11.6,19.2,61.5,"41.83019005524591, 12.46317478841414",0,0,1020.1,"LIRF,16242099999,16239099999,AT416,16224099999,LIRA",19.2,10,81,5.5,1,117.6302,30-Sep-2023 01:00:00
NaN,"Clear",2023-09-30T01:30:00,11.6,19.2,61.5,"41.83019005524591, 12.46317478841414",0,0,1020.1,"LIRF,16242099999,16239099999,AT416,16224099999,LIRA",19.2,10,81,5.5,1,84.6302,30-Sep-2023 01:30:00
NaN,"Clear",2023-09-30T02:00:00,11.6,18.2,65.23,"41.83019005524591, 12.46317478841414",0,0,1020.1,"LIRF,16242099999,16239099999,AT416,16224099999,LIRA",18.2,10,68,5.5,1,70.6868,30-Sep-2023 02:00:00
NaN,"Clear",2023-09-30T02:30:00,11.6,18.2,65.23,"41.83019005524591, 12.46317478841414",0,0,1020.1,"LIRF,16242099999,16239099999,AT416,16224099999,LIRA",18.2,10,68,5.5,1,71.9593,30-Sep-2023 02:30:00
NaN,"Clear",2023-09-30T03:00:00,12.4,16,78.98,"41.83019005524591, 12.46317478841414",0,0,1020.1,"LIRF,16242099999,16239099999,AT416,16224099999,LIRA",16,10,46,6,1,39.1447,30-Sep-2023 03:00:00
NaN,"Clear",2023-09-30T03:30:00,12.4,16,78.98,"41.83019005524591, 12.46317478841414",0,0,1020.1,"LIRF,16242099999,16239099999,AT416,16224099999,LIRA",16,10,46,6,1,43.5718,30-Sep-2023 03:30:00
NaN,"Clear",2023-09-30T04:00:00,12.6,16,79.83,"41.83019005524591, 12.46317478841414",0,0,1020,"LIRF,16242099999,16239099999,AT416,16224099999,LIRA",16,10,37,4.1,1,21.5718,30-Sep-2023 04:00:00
NaN,"Clear",2023-09-30T04:30:00,12.6,16,79.83,"41.83019005524591, 12.46317478841414",0,0,1020,"LIRF,16242099999,16239099999,AT416,16224099999,LIRA",16,10,37,4.1,1,1.27249999999999,30-Sep-2023 04:30:00
NaN,"Clear",2023-09-30T05:00:00,12.2,16.8,74.08,"41.83019005524591, 12.46317478841414",0,0,1020.1,"LIRF,16242099999,16239099999,AT416,16224099999,LIRA",16.8,10,60,5.5,1,0,30-Sep-2023 05:00:00
NaN,"Clear",2023-09-30T05:30:00,12.2,16.8,74.08,"41.83019005524591, 12.46317478841414",0,0,1020.1,"LIRF,16242099999,16239099999,AT416,16224099999,LIRA",16.8,10,60,5.5,1,0,30-Sep-2023 05:30:00
NaN,"Clear",2023-09-30T06:00:00,12,16.8,73.15,"41.83019005524591, 12.46317478841414",0,0,1020.1,"LIRF,16242099999,16239099999,AT416,16224099999,LIRA",16.8,10,72,5.5,1,0,30-Sep-2023 06:00:00
NaN,"Clear",2023-09-30T06:30:00,12,16.8,73.15,"41.83019005524591, 12.46317478841414",0,0,1020.1,"LIRF,16242099999,16239099999,AT416,16224099999,LIRA",16.8,10,72,5.5,1,0,30-Sep-2023 06:30:00
NaN,"Clear",2023-09-30T07:00:00,11.2,15.4,75.82,"41.83019005524591, 12.46317478841414",0,0,1020.1,"LIRF,16242099999,16239099999,AT416,16224099999,LIRA",15.4,10,31,8,1,63.0827,30-Sep-2023 07:00:00
NaN,"Clear",2023-09-30T07:30:00,11.2,15.4,75.82,"41.83019005524591, 12.46317478841414",0,0,1020.1,"LIRF,16242099999,16239099999,AT416,16224099999,LIRA",15.4,10,31,8,1,66.7431,30-Sep-2023 07:30:00
NaN,"Clear",2023-09-30T08:00:00,12,16,76.74,"41.83019005524591, 12.46317478841414",0,0,1020.8,"LIRF,16242099999,16239099999,AT416,16224099999,LIRA",16,10,54,7.2,1,45.633,30-Sep-2023 08:00:00
NaN,"Clear",2023-09-30T08:30:00,12,16,76.74,"41.83019005524591, 12.46317478841414",0,0,1020.8,"LIRF,16242099999,16239099999,AT416,16224099999,LIRA",16,10,54,7.2,1,81.6185,30-Sep-2023 08:30:00
NaN,"Clear",2023-09-30T09:00:00,12.2,17.5,71.19,"41.83019005524591, 12.46317478841414",0,0,1020.8,"LIRF,16242099999,16239099999,AT416,16224099999,LIRA",17.5,10,48,7.6,1,370.041,30-Sep-2023 09:00:00
NaN,"Clear",2023-09-30T09:30:00,12.2,17.5,71.19,"41.83019005524591, 12.46317478841414",0,0,1020.8,"LIRF,16242099999,16239099999,AT416,16224099999,LIRA",17.5,10,48,7.6,1,328.3643,30-Sep-2023 09:30:00
NaN,"Clear",2023-09-30T10:00:00,13,20.4,62.35,"41.83019005524591, 12.46317478841414",0,0,1021.1,"LIRF,16242099999,16239099999,AT416,16224099999,LIRA",20.4,10,27,8,1,375.9528,30-Sep-2023 10:00:00
NaN,"Clear",2023-09-30T10:30:00,13,20.4,62.35,"41.83019005524591, 12.46317478841414",0,0,1021.1,"LIRF,16242099999,16239099999,AT416,16224099999,LIRA",20.4,10,27,8,1,286.3733,30-Sep-2023 10:30:00
NaN,"Clear",2023-09-30T11:00:00,12.8,23.2,52.14,"41.83019005524591, 12.46317478841414",0,0,1021.8,"LIRF,16242099999,16239099999,AT416,16224099999,LIRA",23.2,10,45,10,1,166.3946,30-Sep-2023 11:00:00
NaN,"Clear",2023-09-30T11:30:00,12.8,23.2,52.14,"41.83019005524591, 12.46317478841414",0,0,1021.8,"LIRF,16242099999,16239099999,AT416,16224099999,LIRA",23.2,10,45,10,1,284.2176,30-Sep-2023 11:30:00
NaN,"Clear",2023-09-30T12:00:00,14,26.1,47.17,"41.83019005524591, 12.46317478841414",0,0,1021.1,"LIRF,16242099999,16239099999,AT416,16224099999,LIRA",26.1,10,115,4.8,1,317.2532,30-Sep-2023 12:00:00
NaN,"Clear",2023-09-30T12:30:00,14,26.1,47.17,"41.83019005524591, 12.46317478841414",0,0,1021.1,"LIRF,16242099999,16239099999,AT416,16224099999,LIRA",26.1,10,115,4.8,1,420.4822,30-Sep-2023 12:30:00
26.6,"Partially cloudy",2023-09-30T13:00:00,15.1,28,45.64,"41.83019005524591, 12.46317478841414",0,0,1020.9,"LIRF,16242099999,16239099999,AT416,16224099999,LIRA",27.9,10,NaN,4,1,430.8921,30-Sep-2023 13:00:00
26.6,"Partially cloudy",2023-09-30T13:30:00,15.1,28,45.64,"41.83019005524591, 12.46317478841414",0,0,1020.9,"LIRF,16242099999,16239099999,AT416,16224099999,LIRA",27.9,10,NaN,4,1,364.1821,30-Sep-2023 13:30:00
26.6,"Partially cloudy",2023-09-30T14:00:00,13.1,27.3,40.81,"41.83019005524591, 12.46317478841414",0,0,1020.8,"LIRF,16242099999,16239099999,AT416,16224099999,LIRA",27.6,10,264,10.6,1,228.0694,30-Sep-2023 14:00:00
26.6,"Partially cloudy",2023-09-30T14:30:00,13.1,27.3,40.81,"41.83019005524591, 12.46317478841414",0,0,1020.8,"LIRF,16242099999,16239099999,AT416,16224099999,LIRA",27.6,10,264,10.6,1,225.5305,30-Sep-2023 14:30:00
26.6,"Partially cloudy",2023-09-30T15:00:00,17.7,27.7,57.52,"41.83019005524591, 12.46317478841414",0,0,1020.1,"LIRF,16242099999,16239099999,AT416,16224099999,LIRA",26.8,10,232,11.8,1,114.6629,30-Sep-2023 15:00:00
26.6,"Partially cloudy",2023-09-30T15:30:00,17.7,27.7,57.52,"41.83019005524591, 12.46317478841414",0,0,1020.1,"LIRF,16242099999,16239099999,AT416,16224099999,LIRA",26.8,10,232,11.8,1,189.8388,30-Sep-2023 15:30:00
26.7,"Partially cloudy",2023-09-30T16:00:00,16.6,26.6,54.14,"41.83019005524591, 12.46317478841414",0,0,1020.1,"LIRF,16242099999,16239099999,AT416,16224099999,LIRA",26.6,10,256,13.4,1,168.4977,30-Sep-2023 16:00:00
26.7,"Partially cloudy",2023-09-30T16:30:00,16.6,26.6,54.14,"41.83019005524591, 12.46317478841414",0,0,1020.1,"LIRF,16242099999,16239099999,AT416,16224099999,LIRA",26.6,10,256,13.4,1,122.8489,30-Sep-2023 16:30:00
26.6,"Partially cloudy",2023-09-30T17:00:00,16.1,26.6,52.5,"41.83019005524591, 12.46317478841414",0,0,1020,"LIRF,16242099999,16239099999,AT416,16224099999,LIRA",26.6,10,224,13.4,1,102.3837,30-Sep-2023 17:00:00
26.6,"Partially cloudy",2023-09-30T17:30:00,16.1,26.6,52.5,"41.83019005524591, 12.46317478841414",0,0,1020,"LIRF,16242099999,16239099999,AT416,16224099999,LIRA",26.6,10,224,13.4,1,97.2503,30-Sep-2023 17:30:00
NaN,"Clear",2023-09-30T18:00:00,16.7,25.6,57.84,"41.83019005524591, 12.46317478841414",0,0,1020.1,"LIRF,16242099999,16239099999,AT416,16224099999,LIRA",25.6,10,242,11.5,1,234.0874,30-Sep-2023 18:00:00
NaN,"Clear",2023-09-30T18:30:00,16.7,25.6,57.84,"41.83019005524591, 12.46317478841414",0,0,1020.1,"LIRF,16242099999,16239099999,AT416,16224099999,LIRA",25.6,10,242,11.5,1,170.0563,30-Sep-2023 18:30:00
NaN,"Clear",2023-09-30T19:00:00,14.7,23.8,56.93,"41.83019005524591, 12.46317478841414",0,0,1020.1,"LIRF,16242099999,16239099999,AT416,16224099999,LIRA",23.8,10,254,9.3,1,95.6386,30-Sep-2023 19:00:00
NaN,"Clear",2023-09-30T19:30:00,14.7,23.8,56.93,"41.83019005524591, 12.46317478841414",0,0,1020.1,"LIRF,16242099999,16239099999,AT416,16224099999,LIRA",23.8,10,254,9.3,1,52.6451,30-Sep-2023 19:30:00
NaN,"Clear",2023-09-30T20:00:00,13.9,21.8,60.78,"41.83019005524591, 12.46317478841414",0,0,1020.8,"LIRF,16242099999,16239099999,AT416,16224099999,LIRA",21.8,10,230,5.8,1,52.927,30-Sep-2023 20:00:00
NaN,"Clear",2023-09-30T20:30:00,13.9,21.8,60.78,"41.83019005524591, 12.46317478841414",0,0,1020.8,"LIRF,16242099999,16239099999,AT416,16224099999,LIRA",21.8,10,230,5.8,1,87.2078,30-Sep-2023 20:30:00
NaN,"Clear",2023-09-30T21:00:00,14.6,21.9,63.29,"41.83019005524591, 12.46317478841414",0,0,1020.8,"LIRF,16242099999,16239099999,AT416,16224099999,LIRA",21.9,10,172,7,1,98.3623,30-Sep-2023 21:00:00
NaN,"Clear",2023-09-30T21:30:00,14.6,21.9,63.29,"41.83019005524591, 12.46317478841414",0,0,1020.8,"LIRF,16242099999,16239099999,AT416,16224099999,LIRA",21.9,10,172,7,1,43.3623,30-Sep-2023 21:30:00
NaN,"Clear",2023-09-30T22:00:00,14.6,21,66.82,"41.83019005524591, 12.46317478841414",0,0,1020.8,"LIRF,16242099999,16239099999,AT416,16224099999,LIRA",21,10,150,3.3,1,12.8709,30-Sep-2023 22:00:00
NaN,"Clear",2023-09-30T22:30:00,14.6,21,66.82,"41.83019005524591, 12.46317478841414",0,0,1020.8,"LIRF,16242099999,16239099999,AT416,16224099999,LIRA",21,10,150,3.3,1,1.8709,30-Sep-2023 22:30:00
NaN,"Clear",2023-09-30T23:00:00,13.4,20.6,63.44,"41.83019005524591, 12.46317478841414",0,0,1021.1,"LIRF,16242099999,16239099999,AT416,16224099999,LIRA",20.6,10,170,3.6,1,0,30-Sep-2023 23:00:00
NaN,"Clear",2023-09-30T23:30:00,13.4,20.6,63.44,"41.83019005524591, 12.46317478841414",0,0,1021.1,"LIRF,16242099999,16239099999,AT416,16224099999,LIRA",20.6,10,170,3.6,1,0,30-Sep-2023 23:30:00
0,"Clear",2023-10-01T00:00:00,13.5,19.6,67.84,"41.83019005524591, 12.46317478841414",0,0,1021.8,"LIRF,16242099999,16239099999,AT416,16224099999,LIRA",19.6,10,166,7,1,0,01-Oct-2023 00:00:00
0,"Clear",2023-10-01T00:30:00,13.5,19.6,67.84,"41.83019005524591, 12.46317478841414",0,0,1021.8,"LIRF,16242099999,16239099999,AT416,16224099999,LIRA",19.6,10,166,7,1,43.4444,01-Oct-2023 00:30:00
0,"Clear",2023-10-01T01:00:00,13.5,19.2,69.6,"41.83019005524591, 12.46317478841414",0,0,1021.1,"LIRF,16242099999,16239099999,AT416,16224099999,LIRA",19.2,9.8,137,3.6,1,128.3121,01-Oct-2023 01:00:00
0,"Clear",2023-10-01T01:30:00,13.5,19.2,69.6,"41.83019005524591, 12.46317478841414",0,0,1021.1,"LIRF,16242099999,16239099999,AT416,16224099999,LIRA",19.2,9.8,137,3.6,1,105.0081,01-Oct-2023 01:30:00
0,"Clear",2023-10-01T02:00:00,13.2,18.2,72.67,"41.83019005524591, 12.46317478841414",0,0,1021.8,"LIRF,16242099999,16239099999,AT416,16224099999,LIRA",18.2,9.6,19,3.7,1,124.8589,01-Oct-2023 02:00:00
0,"Clear",2023-10-01T02:30:00,13.2,18.2,72.67,"41.83019005524591, 12.46317478841414",0,0,1021.8,"LIRF,16242099999,16239099999,AT416,16224099999,LIRA",18.2,9.6,19,3.7,1,70.4145,01-Oct-2023 02:30:00
0,"Clear",2023-10-01T03:00:00,11,16.6,69.48,"41.83019005524591, 12.46317478841414",0,0,1021.8,"LIRF,16242099999,16239099999,AT416,16224099999,LIRA",16.6,9.6,50,5.1,1,31.4171,01-Oct-2023 03:00:00
0,"Clear",2023-10-01T03:30:00,11,16.6,69.48,"41.83019005524591, 12.46317478841414",0,0,1021.8,"LIRF,16242099999,16239099999,AT416,16224099999,LIRA",16.6,9.6,50,5.1,1,12.5494,01-Oct-2023 03:30:00
0,"Clear",2023-10-01T04:00:00,11,16.6,69.48,"41.83019005524591, 12.46317478841414",0,0,1021.1,"LIRF,16242099999,16239099999,AT416,16224099999,LIRA",16.6,10,36,5.6,1,1.54940000000001,01-Oct-2023 04:00:00
0,"Clear",2023-10-01T04:30:00,11,16.6,69.48,"41.83019005524591, 12.46317478841414",0,0,1021.1,"LIRF,16242099999,16239099999,AT416,16224099999,LIRA",16.6,10,36,5.6,1,48.4036,01-Oct-2023 04:30:00
0,"Clear",2023-10-01T05:00:00,11.8,15,81.15,"41.83019005524591, 12.46317478841414",0,0,1021.1,"LIRF,16242099999,16239099999,AT416,16224099999,LIRA",15,10,38,3.7,1,37.4036,01-Oct-2023 05:00:00
0,"Clear",2023-10-01T05:30:00,11.8,15,81.15,"41.83019005524591, 12.46317478841414",0,0,1021.1,"LIRF,16242099999,16239099999,AT416,16224099999,LIRA",15,10,38,3.7,1,26.4036,01-Oct-2023 05:30:00
0,"Clear",2023-10-01T06:00:00,12.4,15,84.05,"41.83019005524591, 12.46317478841414",0,0,1021.1,"LIRF,16242099999,16239099999,AT416,16224099999,LIRA",15,10,23,5.2,1,15.4036,01-Oct-2023 06:00:00
0,"Clear",2023-10-01T06:30:00,12.4,15,84.05,"41.83019005524591, 12.46317478841414",0,0,1021.1,"LIRF,16242099999,16239099999,AT416,16224099999,LIRA",15,10,23,5.2,1,23.6304,01-Oct-2023 06:30:00
0,"Clear",2023-10-01T07:00:00,12.2,14.9,83.88,"41.83019005524591, 12.46317478841414",0,0,1021.8,"LIRF,16242099999,16239099999,AT416,16224099999,LIRA",14.9,10,23,5.5,1,8.2268,01-Oct-2023 07:00:00
0,"Clear",2023-10-01T07:30:00,12.2,14.9,83.88,"41.83019005524591, 12.46317478841414",0,0,1021.8,"LIRF,16242099999,16239099999,AT416,16224099999,LIRA",14.9,10,23,5.5,1,20.7569,01-Oct-2023 07:30:00
NaN,"Clear",2023-10-01T08:00:00,12.2,15.9,78.67,"41.83019005524591, 12.46317478841414",0,0,1022.1,"LIRF,16242099999,16239099999,AT416,16224099999,LIRA",15.9,10,52,5.5,1,9.7569,01-Oct-2023 08:00:00
NaN,"Clear",2023-10-01T08:30:00,12.2,15.9,78.67,"41.83019005524591, 12.46317478841414",0,0,1022.1,"LIRF,16242099999,16239099999,AT416,16224099999,LIRA",15.9,10,52,5.5,1,128.7083,01-Oct-2023 08:30:00
NaN,"Clear",2023-10-01T09:00:00,12.9,18,72.19,"41.83019005524591, 12.46317478841414",0,0,1022.8,"LIRF,16242099999,16239099999,AT416,16224099999,LIRA",18,10,34,7.7,1,92.395,01-Oct-2023 09:00:00
NaN,"Clear",2023-10-01T09:30:00,12.9,18,72.19,"41.83019005524591, 12.46317478841414",0,0,1022.8,"LIRF,16242099999,16239099999,AT416,16224099999,LIRA",18,10,34,7.7,1,167.9874,01-Oct-2023 09:30:00
27.7,"Partially cloudy",2023-10-01T10:00:00,13.1,20.4,63.13,"41.83019005524591, 12.46317478841414",0,0,1022.9,"LIRF,16242099999,16239099999,AT416,16224099999,LIRA",20.4,10,23,6.7,1,176.4377,01-Oct-2023 10:00:00
27.7,"Partially cloudy",2023-10-01T10:30:00,13.1,20.4,63.13,"41.83019005524591, 12.46317478841414",0,0,1022.9,"LIRF,16242099999,16239099999,AT416,16224099999,LIRA",20.4,10,23,6.7,1,173.0785,01-Oct-2023 10:30:00
27.7,"Partially cloudy",2023-10-01T11:00:00,14.9,24.1,56.38,"41.83019005524591, 12.46317478841414",0,0,1023.1,"LIRF,16242099999,16239099999,AT416,16224099999,LIRA",24.1,10,12,6.2,1,124.2887,01-Oct-2023 11:00:00
27.7,"Partially cloudy",2023-10-01T11:30:00,14.9,24.1,56.38,"41.83019005524591, 12.46317478841414",0,0,1023.1,"LIRF,16242099999,16239099999,AT416,16224099999,LIRA",24.1,10,12,6.2,1,118.4587,01-Oct-2023 11:30:00
NaN,"Clear",2023-10-01T12:00:00,15.1,25.9,51.24,"41.83019005524591, 12.46317478841414",0,0,1023.1,"LIRF,16242099999,16239099999,AT416,16224099999,LIRA",25.9,10,220,5.4,1,85.8224,01-Oct-2023 12:00:00
NaN,"Clear",2023-10-01T12:30:00,15.1,25.9,51.24,"41.83019005524591, 12.46317478841414",0,0,1023.1,"LIRF,16242099999,16239099999,AT416,16224099999,LIRA",25.9,10,220,5.4,1,209.7777,01-Oct-2023 12:30:00
NaN,"Clear",2023-10-01T13:00:00,14.3,27.7,43.88,"41.83019005524591, 12.46317478841414",0,0,1023.1,"LIRF,16242099999,16239099999,AT416,16224099999,LIRA",27.7,10,200,6.2,1,381.9901,01-Oct-2023 13:00:00
NaN,"Clear",2023-10-01T13:30:00,14.3,27.7,43.88,"41.83019005524591, 12.46317478841414",0,0,1023.1,"LIRF,16242099999,16239099999,AT416,16224099999,LIRA",27.7,10,200,6.2,1,378.2226,01-Oct-2023 13:30:00
NaN,"Clear",2023-10-01T14:00:00,14.5,28.3,42.3,"41.83019005524591, 12.46317478841414",0,0,1022.8,"LIRF,16242099999,16239099999,AT416,16224099999,LIRA",28.5,10,222,6.2,1,339.7699,01-Oct-2023 14:00:00
NaN,"Clear",2023-10-01T14:30:00,14.5,28.3,42.3,"41.83019005524591, 12.46317478841414",0,0,1022.8,"LIRF,16242099999,16239099999,AT416,16224099999,LIRA",28.5,10,222,6.2,1,206.0544,01-Oct-2023 14:30:00
NaN,"Clear",2023-10-01T15:00:00,15.6,28.5,46.03,"41.83019005524591, 12.46317478841414",0,0,1022.1,"LIRF,16242099999,16239099999,AT416,16224099999,LIRA",28.4,10,210,9.3,1,87.7605,01-Oct-2023 15:00:00
NaN,"Clear",2023-10-01T15:30:00,15.6,28.5,46.03,"41.83019005524591, 12.46317478841414",0,0,1022.1,"LIRF,16242099999,16239099999,AT416,16224099999,LIRA",28.4,10,210,9.3,1,37.0785,01-Oct-2023 15:30:00
NaN,"Clear",2023-10-01T16:00:00,15.6,27.8,47.92,"41.83019005524591, 12.46317478841414",0,0,1022.1,"LIRF,16242099999,16239099999,AT416,16224099999,LIRA",27.6,10,222,12.2,1,45.2671,01-Oct-2023 16:00:00
NaN,"Clear",2023-10-01T16:30:00,15.6,27.8,47.92,"41.83019005524591, 12.46317478841414",0,0,1022.1,"LIRF,16242099999,16239099999,AT416,16224099999,LIRA",27.6,10,222,12.2,1,102.6424,01-Oct-2023 16:30:00
NaN,"Clear",2023-10-01T17:00:00,15.2,27.6,47.45,"41.83019005524591, 12.46317478841414",0,0,1021.8,"LIRF,16242099999,16239099999,AT416,16224099999,LIRA",27.4,10,247,12.2,1,126.765,01-Oct-2023 17:00:00
NaN,"Clear",2023-10-01T17:30:00,15.2,27.6,47.45,"41.83019005524591, 12.46317478841414",0,0,1021.8,"LIRF,16242099999,16239099999,AT416,16224099999,LIRA",27.4,10,247,12.2,1,101.3242,01-Oct-2023 17:30:00
NaN,"Clear",2023-10-01T18:00:00,15.7,25.6,54.39,"41.83019005524591, 12.46317478841414",0,0,1022,"LIRF,16242099999,16239099999,AT416,16224099999,LIRA",25.6,10,230,11.5,1,44.3993,01-Oct-2023 18:00:00
NaN,"Clear",2023-10-01T18:30:00,15.7,25.6,54.39,"41.83019005524591, 12.46317478841414",0,0,1022,"LIRF,16242099999,16239099999,AT416,16224099999,LIRA",25.6,10,230,11.5,1,27.1888,01-Oct-2023 18:30:00
NaN,"Clear",2023-10-01T19:00:00,15.9,23.6,62.05,"41.83019005524591, 12.46317478841414",0,0,1022.1,"LIRF,16242099999,16239099999,AT416,16224099999,LIRA",23.6,10,234,7.9,1,6.0689,01-Oct-2023 19:00:00
NaN,"Clear",2023-10-01T19:30:00,15.9,23.6,62.05,"41.83019005524591, 12.46317478841414",0,0,1022.1,"LIRF,16242099999,16239099999,AT416,16224099999,LIRA",23.6,10,234,7.9,1,0,01-Oct-2023 19:30:00
NaN,"Clear",2023-10-01T20:00:00,16.5,21.8,71.91,"41.83019005524591, 12.46317478841414",0,0,1022.8,"LIRF,16242099999,16239099999,AT416,16224099999,LIRA",21.8,10,212,6.7,1,43.0786,01-Oct-2023 20:00:00
NaN,"Clear",2023-10-01T20:30:00,16.5,21.8,71.91,"41.83019005524591, 12.46317478841414",0,0,1022.8,"LIRF,16242099999,16239099999,AT416,16224099999,LIRA",21.8,10,212,6.7,1,32.0786,01-Oct-2023 20:30:00
NaN,"Clear",2023-10-01T21:00:00,16.3,21.8,70.79,"41.83019005524591, 12.46317478841414",0,0,1022.8,"LIRF,16242099999,16239099999,AT416,16224099999,LIRA",21.8,10,280,3.6,1,22.1158,01-Oct-2023 21:00:00
NaN,"Clear",2023-10-01T21:30:00,16.3,21.8,70.79,"41.83019005524591, 12.46317478841414",0,0,1022.8,"LIRF,16242099999,16239099999,AT416,16224099999,LIRA",21.8,10,280,3.6,1,0,01-Oct-2023 21:30:00
NaN,"Clear",2023-10-01T22:00:00,16.3,21,74.39,"41.83019005524591, 12.46317478841414",0,0,1023,"LIRF,16242099999,16239099999,AT416,16224099999,LIRA",21,10,270,1.9,1,0,01-Oct-2023 22:00:00
NaN,"Clear",2023-10-01T22:30:00,16.3,21,74.39,"41.83019005524591, 12.46317478841414",0,0,1023,"LIRF,16242099999,16239099999,AT416,16224099999,LIRA",21,10,270,1.9,1,0,01-Oct-2023 22:30:00
NaN,"Clear",2023-10-01T23:00:00,14.7,20.6,69.02,"41.83019005524591, 12.46317478841414",0,0,1023.1,"LIRF,16242099999,16239099999,AT416,16224099999,LIRA",20.6,10,134,6.4,1,0,01-Oct-2023 23:00:00
NaN,"Clear",2023-10-01T23:30:00,14.7,20.6,69.02,"41.83019005524591, 12.46317478841414",0,0,1023.1,"LIRF,16242099999,16239099999,AT416,16224099999,LIRA",20.6,10,134,6.4,1,0,01-Oct-2023 23:30:00
NaN,"Clear",2023-10-02T00:00:00,13.8,18.8,72.52,"41.83019005524591, 12.46317478841414",0,0,1023.1,"LIRF,16242099999,16239099999,AT416,16224099999,LIRA",18.8,10,138,4.4,1.5241579027564e-12,0,02-Oct-2023 00:00:00
NaN,"Clear",2023-10-02T00:30:00,13.8,18.8,72.52,"41.83019005524591, 12.46317478841414",0,0,1023.1,"LIRF,16242099999,16239099999,AT416,16224099999,LIRA",18.8,10,138,4.4,1.51571675877553e-12,20.0133,02-Oct-2023 00:30:00
0,"Clear",2023-10-02T01:00:00,14.4,19.2,73.62,"41.83019005524591, 12.46317478841414",0,0,1023.1,"LIRF,16242099999,16239099999,AT416,16224099999,LIRA",19.2,9.2,29,4,1.50732817110788e-12,9.0133,02-Oct-2023 01:00:00
0,"Clear",2023-10-02T01:30:00,14.4,19.2,73.62,"41.83019005524591, 12.46317478841414",0,0,1023.1,"LIRF,16242099999,16239099999,AT416,16224099999,LIRA",19.2,9.2,29,4,1.4989917763268e-12,0,02-Oct-2023 01:30:00
0,"Clear",2023-10-02T02:00:00,13.4,18.2,73.32,"41.83019005524591, 12.46317478841414",0,0,1023.1,"LIRF,16242099999,16239099999,AT416,16224099999,LIRA",18.2,8.6,80,7.6,1.49070721390747e-12,0,02-Oct-2023 02:00:00
0,"Clear",2023-10-02T02:30:00,13.4,18.2,73.32,"41.83019005524591, 12.46317478841414",0,0,1023.1,"LIRF,16242099999,16239099999,AT416,16224099999,LIRA",18.2,8.6,80,7.6,1.48247412606212e-12,0,02-Oct-2023 02:30:00
0,"Clear",2023-10-02T03:00:00,12.8,17,75.86,"41.83019005524591, 12.46317478841414",0,0,1023.1,"LIRF,16242099999,16239099999,AT416,16224099999,LIRA",17,9,30,5.8,1.47429215758062e-12,17.3835,02-Oct-2023 03:00:00
0,"Clear",2023-10-02T03:30:00,12.8,17,75.86,"41.83019005524591, 12.46317478841414",0,0,1023.1,"LIRF,16242099999,16239099999,AT416,16224099999,LIRA",17,9,30,5.8,1.46616095608406e-12,6.3835,02-Oct-2023 03:30:00
0,"Clear",2023-10-02T04:00:00,15.5,16.3,95.28,"41.83019005524591, 12.46317478841414",0,0,1023.3,"LIRF,16242099999,AT416,16224099999",16.3,5,80,4.1,1.45808017186322e-12,0,02-Oct-2023 04:00:00
0,"Clear",2023-10-02T04:30:00,15.5,16.3,95.28,"41.83019005524591, 12.46317478841414",0,0,1023.3,"LIRF,16242099999,AT416,16224099999",16.3,5,80,4.1,1.45004945772226e-12,0,02-Oct-2023 04:30:00
0,"Clear",2023-10-02T05:00:00,12.5,15.9,80.53,"41.83019005524591, 12.46317478841414",0,0,1023.1,"LIRF,16242099999,16239099999,AT416,16224099999,LIRA",15.9,9.4,29,6.3,1.44206846922783e-12,5.2487,02-Oct-2023 05:00:00
0,"Clear",2023-10-02T05:30:00,12.5,15.9,80.53,"41.83019005524591, 12.46317478841414",0,0,1023.1,"LIRF,16242099999,16239099999,AT416,16224099999,LIRA",15.9,9.4,29,6.3,1.43413686455063e-12,0,02-Oct-2023 05:30:00
NaN,"Clear",2023-10-02T06:00:00,13.1,15.9,83.84,"41.83019005524591, 12.46317478841414",0,0,1023.1,"LIRF,16242099999,16239099999,AT416,16224099999,LIRA",15.9,10,52,5.2,1.42625430431228e-12,41.9284,02-Oct-2023 06:00:00
NaN,"Clear",2023-10-02T06:30:00,13.1,15.9,83.84,"41.83019005524591, 12.46317478841414",0,0,1023.1,"LIRF,16242099999,16239099999,AT416,16224099999,LIRA",15.9,10,52,5.2,1.41842045182993e-12,94.6461,02-Oct-2023 06:30:00
NaN,"Clear",2023-10-02T07:00:00,13,16,82.42,"41.83019005524591, 12.46317478841414",0,0,1023.8,"LIRF,16242099999,16239099999,AT416,16224099999,16234099999,LIRA",16,10,43,5.4,1.41063497296094e-12,61.6461,02-Oct-2023 07:00:00
NaN,"Clear",2023-10-02T07:30:00,13,16,82.42,"41.83019005524591, 12.46317478841414",0,0,1023.8,"LIRF,16242099999,16239099999,AT416,16224099999,16234099999,LIRA",16,10,43,5.4,1.40289753595273e-12,32.5204,02-Oct-2023 07:30:00
NaN,"Clear",2023-10-02T08:00:00,12.9,15.7,83.39,"41.83019005524591, 12.46317478841414",0,0,1023.9,"LIRF,16242099999,16239099999,AT416,16224099999,16234099999,LIRA",15.7,10,53,7.6,1.39520781168307e-12,190.7764,02-Oct-2023 08:00:00
NaN,"Clear",2023-10-02T08:30:00,12.9,15.7,83.39,"41.83019005524591, 12.46317478841414",0,0,1023.9,"LIRF,16242099999,16239099999,AT416,16224099999,16234099999,LIRA",15.7,10,53,7.6,1.38756547350783e-12,478.7722,02-Oct-2023 08:30:00
NaN,"Clear",2023-10-02T09:00:00,13.2,18,73.62,"41.83019005524591, 12.46317478841414",0,0,1024.1,"LIRF,16242099999,16239099999,AT416,16224099999,16234099999,LIRA",18,10,20,6.7,1.37997019711367e-12,352.5784,02-Oct-2023 09:00:00
NaN,"Clear",2023-10-02T09:30:00,13.2,18,73.62,"41.83019005524591, 12.46317478841414",0,0,1024.1,"LIRF,16242099999,16239099999,AT416,16224099999,16234099999,LIRA",18,10,20,6.7,1.37242166075416e-12,330.9365,02-Oct-2023 09:30:00
NaN,"Clear",2023-10-02T10:00:00,13,20.4,62.31,"41.83019005524591, 12.46317478841414",0,0,1024.8,"LIRF,16242099999,16239099999,AT416,16224099999,16234099999,LIRA",20.4,10,43,7.7,1.36491954510044e-12,435.7016,02-Oct-2023 10:00:00
NaN,"Clear",2023-10-02T10:30:00,13,20.4,62.31,"41.83019005524591, 12.46317478841414",0,0,1024.8,"LIRF,16242099999,16239099999,AT416,16224099999,16234099999,LIRA",20.4,10,43,7.7,1.35746353309685e-12,462.763,02-Oct-2023 10:30:00
NaN,"Clear",2023-10-02T11:00:00,13.2,24.1,50.28,"41.83019005524591, 12.46317478841414",0,0,1024.8,"LIRF,16242099999,16239099999,AT416,16224099999,16234099999,LIRA",24.1,10,32,7.7,1.35005331019276e-12,345.7416,02-Oct-2023 11:00:00
NaN,"Clear",2023-10-02T11:30:00,13.2,24.1,50.28,"41.83019005524591, 12.46317478841414",0,0,1024.8,"LIRF,16242099999,16239099999,AT416,16224099999,16234099999,LIRA",24.1,10,32,7.7,1.34268856419626e-12,194.035,02-Oct-2023 11:30:00
NaN,"Clear",2023-10-02T12:00:00,14.3,27,46.53,"41.83019005524591, 12.46317478841414",0,0,1024.8,"LIRF,16242099999,16239099999,AT416,16224099999,16234099999,LIRA",26.7,10,319,7.6,1.3353689851325e-12,211.3876,02-Oct-2023 12:00:00
NaN,"Clear",2023-10-02T12:30:00,14.3,27,46.53,"41.83019005524591, 12.46317478841414",0,0,1024.8,"LIRF,16242099999,16239099999,AT416,16224099999,16234099999,LIRA",26.7,10,319,7.6,1.3280942654715e-12,178.229,02-Oct-2023 12:30:00
NaN,"Clear",2023-10-02T13:00:00,13.3,27.5,41.09,"41.83019005524591, 12.46317478841414",0,0,1024.8,"LIRF,16242099999,16239099999,AT416,16224099999,16234099999,LIRA",27.7,10,33,6.8,1.32086409998461e-12,300.0703,02-Oct-2023 13:00:00
NaN,"Clear",2023-10-02T13:30:00,13.3,27.5,41.09,"41.83019005524591, 12.46317478841414",0,0,1024.8,"LIRF,16242099999,16239099999,AT416,16224099999,16234099999,LIRA",27.7,10,33,6.8,1.31367818560564e-12,211.9001,02-Oct-2023 13:30:00
NaN,"Clear",2023-10-02T14:00:00,13.6,27.6,41.86,"41.83019005524591, 12.46317478841414",0,0,1024.1,"LIRF,16242099999,16239099999,AT416,16224099999,16234099999,LIRA",27.8,10,220,11,1.30653622165464e-12,293.3646,02-Oct-2023 14:00:00
NaN,"Clear",2023-10-02T14:30:00,13.6,27.6,41.86,"41.83019005524591, 12.46317478841414",0,0,1024.1,"LIRF,16242099999,16239099999,AT416,16224099999,16234099999,LIRA",27.8,10,220,11,1.29943790969716e-12,385.9963,02-Oct-2023 14:30:00
NaN,"Clear",2023-10-02T15:00:00,15.4,27.3,49.46,"41.83019005524591, 12.46317478841414",0,0,1023.8,"LIRF,16242099999,16239099999,AT416,16224099999,16234099999,LIRA",26.9,10,251,13.2,1.29238295340802e-12,258.0694,02-Oct-2023 15:00:00
NaN,"Clear",2023-10-02T15:30:00,15.4,27.3,49.46,"41.83019005524591, 12.46317478841414",0,0,1023.8,"LIRF,16242099999,16239099999,AT416,16224099999,16234099999,LIRA",26.9,10,251,13.2,1.2853710587912e-12,239.9303,02-Oct-2023 15:30:00
NaN,"Clear",2023-10-02T16:00:00,15.5,27.9,47.42,"41.83019005524591, 12.46317478841414",0,0,1023.8,"LIRF,16242099999,16239099999,AT416,16224099999,16234099999,LIRA",27.7,10,226,10.3,1.27840193404178e-12,170.8869,02-Oct-2023 16:00:00
NaN,"Clear",2023-10-02T16:30:00,15.5,27.9,47.42,"41.83019005524591, 12.46317478841414",0,0,1023.8,"LIRF,16242099999,16239099999,AT416,16224099999,16234099999,LIRA",27.7,10,226,10.3,1.27147528941237e-12,201.4522,02-Oct-2023 16:30:00
NaN,"Clear",2023-10-02T17:00:00,16.4,27.3,53.13,"41.83019005524591, 12.46317478841414",0,0,1023.1,"LIRF,16242099999,16239099999,AT416,16224099999,16234099999,LIRA",26.7,10,221,8.3,1.26459083742912e-12,225.1531,02-Oct-2023 17:00:00
NaN,"Clear",2023-10-02T17:30:00,16.4,27.3,53.13,"41.83019005524591, 12.46317478841414",0,0,1023.1,"LIRF,16242099999,16239099999,AT416,16224099999,16234099999,LIRA",26.7,10,221,8.3,1.2577482927563e-12,330.9462,02-Oct-2023 17:30:00
NaN,"Clear",2023-10-02T18:00:00,16.4,25.9,56.02,"41.83019005524591, 12.46317478841414",0,0,1023.1,"LIRF,16242099999,16239099999,AT416,16224099999,16234099999,LIRA",25.9,10,225,9.9,1.25094737206533e-12,143.2683,02-Oct-2023 18:00:00
NaN,"Clear",2023-10-02T18:30:00,16.4,25.9,56.02,"41.83019005524591, 12.46317478841414",0,0,1023.1,"LIRF,16242099999,16239099999,AT416,16224099999,16234099999,LIRA",25.9,10,225,9.9,1.24418779424701e-12,138.0854,02-Oct-2023 18:30:00
0,"Clear",2023-10-02T19:00:00,16.8,23.9,64.48,"41.83019005524591, 12.46317478841414",0,0,1023.1,"LIRF,16242099999,16239099999,AT416,16224099999,16234099999,LIRA",23.9,10,238,9,1.23746928027866e-12,105.9365,02-Oct-2023 19:00:00
0,"Clear",2023-10-02T19:30:00,16.8,23.9,64.48,"41.83019005524591, 12.46317478841414",0,0,1023.1,"LIRF,16242099999,16239099999,AT416,16224099999,16234099999,LIRA",23.9,10,238,9,1.23079155309572e-12,227.483,02-Oct-2023 19:30:00
0,"Clear",2023-10-02T20:00:00,17.5,22.8,71.87,"41.83019005524591, 12.46317478841414",0,0,1023.8,"LIRF,16242099999,16239099999,AT416,16224099999,16234099999,LIRA",22.8,10,238,5.5,1.22415433780019e-12,125.6301,02-Oct-2023 20:00:00
0,"Clear",2023-10-02T20:30:00,17.5,22.8,71.87,"41.83019005524591, 12.46317478841414",0,0,1023.8,"LIRF,16242099999,16239099999,AT416,16224099999,16234099999,LIRA",22.8,10,238,5.5,1.21755736153042e-12,28.3066,02-Oct-2023 20:30:00
NaN,"Clear",2023-10-02T21:00:00,18.3,21,84.71,"41.83019005524591, 12.46317478841414",0,0,1023.8,"LIRF,16242099999,16239099999,AT416,16224099999,LIRA",21,10,228,4.7,1.21100035333504e-12,14.4662,02-Oct-2023 21:00:00
NaN,"Clear",2023-10-02T21:30:00,18.3,21,84.71,"41.83019005524591, 12.46317478841414",0,0,1023.8,"LIRF,16242099999,16239099999,AT416,16224099999,LIRA",21,10,228,4.7,1.20448304437787e-12,0,02-Oct-2023 21:30:00
0,"Clear",2023-10-02T22:00:00,18.9,20.6,89.99,"41.83019005524591, 12.46317478841414",0,0,1024.1,"LIRF,16242099999,16239099999,AT416,16224099999,LIRA",20.6,9.8,230,3.6,1.19800516781015e-12,0,02-Oct-2023 22:00:00
0,"Clear",2023-10-02T22:30:00,18.9,20.6,89.99,"41.83019005524591, 12.46317478841414",0,0,1024.1,"LIRF,16242099999,16239099999,AT416,16224099999,LIRA",20.6,9.8,230,3.6,1.1915664586469e-12,15.1384,02-Oct-2023 22:30:00
0,"Clear",2023-10-02T23:00:00,17.9,19.6,89.76,"41.83019005524591, 12.46317478841414",0,0,1024.1,"LIRF,16242099999,16239099999,AT416,16224099999,LIRA",19.6,9.6,60,2.2,1.1851666539682e-12,4.1384,02-Oct-2023 23:00:00
0,"Clear",2023-10-02T23:30:00,17.9,19.6,89.76,"41.83019005524591, 12.46317478841414",0,0,1024.1,"LIRF,16242099999,16239099999,AT416,16224099999,LIRA",19.6,9.6,60,2.2,1.17880549279392e-12,0,02-Oct-2023 23:30:00
0,"Clear",2023-10-03T00:00:00,16.2,19.6,80.88,"41.83019005524591, 12.46317478841414",0,0,1024.1,"LIRF,16242099999,16239099999,AT416,16224099999,LIRA",19.6,9.6,70,4.4,1.17248271596242e-12,20.6997,03-Oct-2023 00:00:00
0,"Clear",2023-10-03T00:30:00,16.2,19.6,80.88,"41.83019005524591, 12.46317478841414",0,0,1024.1,"LIRF,16242099999,16239099999,AT416,16224099999,LIRA",19.6,9.6,70,4.4,1.16619806632831e-12,46.8873,03-Oct-2023 00:30:00
0,"Clear",2023-10-03T01:00:00,17,18.6,90.16,"41.83019005524591, 12.46317478841414",0,0,1024.1,"LIRF,16242099999,16239099999,AT416,16224099999,LIRA",18.6,8.8,66,4,1.15995128863958e-12,15.1876,03-Oct-2023 01:00:00
0,"Clear",2023-10-03T01:30:00,17,18.6,90.16,"41.83019005524591, 12.46317478841414",0,0,1024.1,"LIRF,16242099999,16239099999,AT416,16224099999,LIRA",18.6,8.8,66,4,1.15374212941858e-12,0,03-Oct-2023 01:30:00
0,"Clear",2023-10-03T02:00:00,16.2,18.6,85.79,"41.83019005524591, 12.46317478841414",0,0,1024,"LIRF,16242099999,16239099999,AT416,16224099999,LIRA",18.6,8.4,52,5,1.14757033715639e-12,0,03-Oct-2023 02:00:00
0,"Clear",2023-10-03T02:30:00,16.2,18.6,85.79,"41.83019005524591, 12.46317478841414",0,0,1024,"LIRF,16242099999,16239099999,AT416,16224099999,LIRA",18.6,8.4,52,5,1.14143566219221e-12,0,03-Oct-2023 02:30:00
0,"Clear",2023-10-03T03:00:00,15,18.2,81.56,"41.83019005524591, 12.46317478841414",0,0,1023.8,"LIRF,16242099999,16239099999,AT416,16224099999,LIRA",18.2,8.4,58,5.4,1.13533785659669e-12,0,03-Oct-2023 03:00:00
0,"Clear",2023-10-03T03:30:00,15,18.2,81.56,"41.83019005524591, 12.46317478841414",0,0,1023.8,"LIRF,16242099999,16239099999,AT416,16224099999,LIRA",18.2,8.4,58,5.4,1.12927667436283e-12,0,03-Oct-2023 03:30:00
0,"Clear",2023-10-03T04:00:00,15.1,15.4,98.4,"41.83019005524591, 12.46317478841414",0,0,1023.3,"LIRF,16242099999,AT416,16224099999",15.4,2,29,3.8,1.12325187128776e-12,0,03-Oct-2023 04:00:00
0,"Clear",2023-10-03T04:30:00,15.1,15.4,98.4,"41.83019005524591, 12.46317478841414",0,0,1023.3,"LIRF,16242099999,AT416,16224099999",15.4,2,29,3.8,1.11726320485814e-12,0,03-Oct-2023 04:30:00
0,"Clear",2023-10-03T05:00:00,15.2,16.8,90.19,"41.83019005524591, 12.46317478841414",0,0,1023,"LIRF,16242099999,16239099999,AT416,16224099999,LIRA",16.8,8.8,40,5,1.1113104344379e-12,0,03-Oct-2023 05:00:00
0,"Clear",2023-10-03T05:30:00,15.2,16.8,90.19,"41.83019005524591, 12.46317478841414",0,0,1023,"LIRF,16242099999,16239099999,AT416,16224099999,LIRA",16.8,8.8,40,5,1.10539332115215e-12,0,03-Oct-2023 05:30:00
0,"Clear",2023-10-03T06:00:00,14.4,16,90.29,"41.83019005524591, 12.46317478841414",0,0,1022.8,"LIRF,16242099999,16239099999,AT416,16224099999,LIRA",16,9.2,41,5.4,1.09951162777479e-12,17.8411,03-Oct-2023 06:00:00
0,"Clear",2023-10-03T06:30:00,14.4,16,90.29,"41.83019005524591, 12.46317478841414",0,0,1022.8,"LIRF,16242099999,16239099999,AT416,16224099999,LIRA",16,9.2,41,5.4,1.093665118913e-12,48.7695,03-Oct-2023 06:30:00
0,"Clear",2023-10-03T07:00:00,14.2,16.5,86.23,"41.83019005524591, 12.46317478841414",0,0,1022.9,"LIRF,16242099999,16239099999,AT416,16224099999,16234099999,LIRA",16.5,9.2,47,4.3,1.08785356089329e-12,76.9038,03-Oct-2023 07:00:00
0,"Clear",2023-10-03T07:30:00,14.2,16.5,86.23,"41.83019005524591, 12.46317478841414",0,0,1022.9,"LIRF,16242099999,16239099999,AT416,16224099999,16234099999,LIRA",16.5,9.2,47,4.3,1.08207672165133e-12,261.7915,03-Oct-2023 07:30:00
0,"Clear",2023-10-03T08:00:00,14,16.4,86.07,"41.83019005524591, 12.46317478841414",0,0,1023,"LIRF,16242099999,16239099999,AT416,16224099999,16234099999,LIRA",16.4,9.4,27,5.2,1.07633437091312e-12,268.0264,03-Oct-2023 08:00:00
0,"Clear",2023-10-03T08:30:00,14,16.4,86.07,"41.83019005524591, 12.46317478841414",0,0,1023,"LIRF,16242099999,16239099999,AT416,16224099999,16234099999,LIRA",16.4,9.4,27,5.2,1.07062628008332e-12,277.2942,03-Oct-2023 08:30:00
NaN,"Clear",2023-10-03T09:00:00,14.6,17.8,81.86,"41.83019005524591, 12.46317478841414",0,0,1023.1,"LIRF,16242099999,16239099999,AT416,16224099999,16234099999,LIRA",17.8,10,10,4.6,1.06495222213703e-12,334.5641,03-Oct-2023 09:00:00
NaN,"Clear",2023-10-03T09:30:00,14.6,17.8,81.86,"41.83019005524591, 12.46317478841414",0,0,1023.1,"LIRF,16242099999,16239099999,AT416,16224099999,16234099999,LIRA",17.8,10,10,4.6,1.05931197179792e-12,282.9754,03-Oct-2023 09:30:00
NaN,"Clear",2023-10-03T10:00:00,14.4,21.2,65.37,"41.83019005524591, 12.46317478841414",0,0,1023.8,"LIRF,16242099999,16239099999,AT416,16224099999,16234099999,LIRA",21.2,10,34,5.7,1.05370530542863e-12,365.8383,03-Oct-2023 10:00:00
NaN,"Clear",2023-10-03T10:30:00,14.4,21.2,65.37,"41.83019005524591, 12.46317478841414",0,0,1023.8,"LIRF,16242099999,16239099999,AT416,16224099999,16234099999,LIRA",21.2,10,34,5.7,1.04813200092453e-12,351.6675,03-Oct-2023 10:30:00
NaN,"Clear",2023-10-03T11:00:00,15.3,24.2,57.57,"41.83019005524591, 12.46317478841414",0,0,1023.9,"LIRF,16242099999,16239099999,AT416,16224099999,16234099999,LIRA",24.2,10,182,2.6,1.0425918378889e-12,494.2329,03-Oct-2023 11:00:00
NaN,"Clear",2023-10-03T11:30:00,15.3,24.2,57.57,"41.83019005524591, 12.46317478841414",0,0,1023.9,"LIRF,16242099999,16239099999,AT416,16224099999,16234099999,LIRA",24.2,10,182,2.6,1.03708459752523e-12,411.3426,03-Oct-2023 11:30:00
NaN,"Clear",2023-10-03T12:00:00,15,27.3,47.78,"41.83019005524591, 12.46317478841414",0,0,1023.9,"LIRF,16242099999,16239099999,AT416,16224099999,16234099999,LIRA",27,10,180,5.7,1.03161006253313e-12,467.8851,03-Oct-2023 12:00:00
NaN,"Clear",2023-10-03T12:30:00,15,27.3,47.78,"41.83019005524591, 12.46317478841414",0,0,1023.9,"LIRF,16242099999,16239099999,AT416,16224099999,16234099999,LIRA",27,10,180,5.7,1.02616801728035e-12,392.8045,03-Oct-2023 12:30:00
NaN,"Clear",2023-10-03T13:00:00,14.3,28.4,41.73,"41.83019005524591, 12.46317478841414",0,0,1023.8,"LIRF,16242099999,16239099999,AT416,16224099999,16234099999,LIRA",28.6,10,226,7.3,1.0207582476972e-12,313.976,03-Oct-2023 13:00:00
NaN,"Clear",2023-10-03T13:30:00,14.3,28.4,41.73,"41.83019005524591, 12.46317478841414",0,0,1023.8,"LIRF,16242099999,16239099999,AT416,16224099999,16234099999,LIRA",28.6,10,226,7.3,1.01538054117432e-12,228.8695,03-Oct-2023 13:30:00
NaN,"Rain",2023-10-03T14:00:00,15.6,29.4,43.11,"41.83019005524591, 12.46317478841414",0.049,100,1023.1,"LIRF,16242099999,16239099999,AT416,16224099999,16234099999,LIRA",29.4,10,241,11.8,1.01003468673184e-12,234.0419,03-Oct-2023 14:00:00
NaN,"Rain",2023-10-03T14:30:00,15.6,29.4,43.11,"41.83019005524591, 12.46317478841414",0.049,100,1023.1,"LIRF,16242099999,16239099999,AT416,16224099999,16234099999,LIRA",29.4,10,241,11.8,1.00472047491568e-12,226.9388,03-Oct-2023 14:30:00
NaN,"Clear",2023-10-03T15:00:00,14.9,28.4,43.71,"41.83019005524591, 12.46317478841414",0,0,1023,"LIRF,16242099999,16239099999,AT416,16224099999,16234099999,LIRA",28.5,10,246,15,9.99437697697303e-13,216.5661,03-Oct-2023 15:00:00
NaN,"Clear",2023-10-03T15:30:00,14.9,28.4,43.71,"41.83019005524591, 12.46317478841414",0,0,1023,"LIRF,16242099999,16239099999,AT416,16224099999,16234099999,LIRA",28.5,10,246,15,9.94186148639874e-13,406.2142,03-Oct-2023 15:30:00
NaN,"Clear",2023-10-03T16:00:00,14.5,28.1,42.93,"41.83019005524591, 12.46317478841414",0,0,1022.8,"LIRF,16242099999,16239099999,AT416,16224099999,16234099999,LIRA",28.2,10,237,13.2,9.8896562279661e-13,276.0202,03-Oct-2023 16:00:00
NaN,"Clear",2023-10-03T16:30:00,14.5,28.1,42.93,"41.83019005524591, 12.46317478841414",0,0,1022.8,"LIRF,16242099999,16239099999,AT416,16224099999,16234099999,LIRA",28.2,10,237,13.2,9.83775916612288e-13,59.1212,03-Oct-2023 16:30:00
NaN,"Clear",2023-10-03T17:00:00,13.1,27.3,41.19,"41.83019005524591, 12.46317478841414",0,0,1022.8,"LIRF,16242099999,16239099999,AT416,16224099999,16234099999,LIRA",27.4,10,245,13.1,9.7861682808665e-13,168.4539,03-Oct-2023 17:00:00
NaN,"Clear",2023-10-03T17:30:00,13.1,27.3,41.19,"41.83019005524591, 12.46317478841414",0,0,1022.8,"LIRF,16242099999,16239099999,AT416,16224099999,16234099999,LIRA",27.4,10,245,13.1,9.73488156674576e-13,323.6734,03-Oct-2023 17:30:00
NaN,"Clear",2023-10-03T18:00:00,11.6,26.4,39.58,"41.83019005524591, 12.46317478841414",0,0,1022.1,"LIRF,16242099999,16239099999,AT416,16224099999,16234099999,LIRA",26.4,10,245,9.9,9.68389703189446e-13,213.252,03-Oct-2023 18:00:00
NaN,"Clear",2023-10-03T18:30:00,11.6,26.4,39.58,"41.83019005524591, 12.46317478841414",0,0,1022.1,"LIRF,16242099999,16239099999,AT416,16224099999,16234099999,LIRA",26.4,10,245,9.9,9.63321269963751e-13,109.2272,03-Oct-2023 18:30:00
NaN,"Clear",2023-10-03T19:00:00,13.6,24.6,50.24,"41.83019005524591, 12.46317478841414",0,0,1022.8,"LIRF,16242099999,16239099999,AT416,LIRA",24.6,10,240,7.6,9.58282660751113e-13,75.2977,03-Oct-2023 19:00:00
NaN,"Clear",2023-10-03T19:30:00,13.6,24.6,50.24,"41.83019005524591, 12.46317478841414",0,0,1022.8,"LIRF,16242099999,16239099999,AT416,LIRA",24.6,10,240,7.6,9.53273680631433e-13,151.7649,03-Oct-2023 19:30:00
NaN,"Clear",2023-10-03T20:00:00,15,21.8,65.46,"41.83019005524591, 12.46317478841414",0,0,1022.8,"LIRF,16242099999,16239099999,AT416,16224099999,16234099999,LIRA",21.8,10,243,5.9,9.48294136168764e-13,162.9742,03-Oct-2023 20:00:00
NaN,"Clear",2023-10-03T20:30:00,15,21.8,65.46,"41.83019005524591, 12.46317478841414",0,0,1022.8,"LIRF,16242099999,16239099999,AT416,16224099999,16234099999,LIRA",21.8,10,243,5.9,9.43343835315148e-13,91.877,03-Oct-2023 20:30:00
NaN,"Clear",2023-10-03T21:00:00,17.3,20.9,79.81,"41.83019005524591, 12.46317478841414",0,0,1022.8,"LIRF,16242099999,16239099999,AT416,16224099999,LIRA",20.9,10,270,4.4,9.38422587317501e-13,43.2814,03-Oct-2023 21:00:00
NaN,"Clear",2023-10-03T21:30:00,17.3,20.9,79.81,"41.83019005524591, 12.46317478841414",0,0,1022.8,"LIRF,16242099999,16239099999,AT416,16224099999,LIRA",20.9,10,270,4.4,9.33530202872813e-13,11.6389,03-Oct-2023 21:30:00
0,"Clear",2023-10-03T22:00:00,16.4,20,79.81,"41.83019005524591, 12.46317478841414",0,0,1023,"LIRF,16242099999,16239099999,AT416,16224099999,LIRA",20,9.8,NaN,2.2,9.2866649403375e-13,0,03-Oct-2023 22:00:00
0,"Clear",2023-10-03T22:30:00,16.4,20,79.81,"41.83019005524591, 12.46317478841414",0,0,1023,"LIRF,16242099999,16239099999,AT416,16224099999,LIRA",20,9.8,NaN,2.2,9.2383127411725e-13,0,03-Oct-2023 22:30:00
0,"Clear",2023-10-03T23:00:00,13.7,19.6,68.94,"41.83019005524591, 12.46317478841414",0,0,1023,"LIRF,16242099999,16239099999,AT416,16224099999,LIRA",19.6,9.8,164,4.7,9.19024357857094e-13,15.346,03-Oct-2023 23:00:00
0,"Clear",2023-10-03T23:30:00,13.7,19.6,68.94,"41.83019005524591, 12.46317478841414",0,0,1023,"LIRF,16242099999,16239099999,AT416,16224099999,LIRA",19.6,9.8,164,4.7,9.14245561311241e-13,4.346,03-Oct-2023 23:30:00
0,"Clear",2023-10-04T00:00:00,13.7,18.8,72.51,"41.83019005524591, 12.46317478841414",0,0,1023,"LIRF,16242099999,16239099999,AT416,16224099999,LIRA",18.8,9.6,130,6.7,9.09494701772101e-13,0,04-Oct-2023 00:00:00
0,"Clear",2023-10-04T00:30:00,13.7,18.8,72.51,"41.83019005524591, 12.46317478841414",0,0,1023,"LIRF,16242099999,16239099999,AT416,16224099999,LIRA",18.8,9.6,130,6.7,9.0477159791652e-13,114.4373,04-Oct-2023 00:30:00
0,"Clear",2023-10-04T01:00:00,12.2,18.6,66.49,"41.83019005524591, 12.46317478841414",0,0,1023,"LIRF,16242099999,16239099999,AT416,16224099999,LIRA",18.6,9.6,57,3.9,9.00076069714816e-13,129.2232,04-Oct-2023 01:00:00
0,"Clear",2023-10-04T01:30:00,12.2,18.6,66.49,"41.83019005524591, 12.46317478841414",0,0,1023,"LIRF,16242099999,16239099999,AT416,16224099999,LIRA",18.6,9.6,57,3.9,8.95407938342693e-13,92.8161,04-Oct-2023 01:30:00
23.5,"Partially cloudy",2023-10-04T02:00:00,12.5,18.2,69.17,"41.83019005524591, 12.46317478841414",0,0,1022.8,"LIRF,16242099999,16239099999,AT416,16224099999,LIRA",18.2,9.4,30,3.9,8.90767026328688e-13,53.595,04-Oct-2023 02:00:00
23.5,"Partially cloudy",2023-10-04T02:30:00,12.5,18.2,69.17,"41.83019005524591, 12.46317478841414",0,0,1022.8,"LIRF,16242099999,16239099999,AT416,16224099999,LIRA",18.2,9.4,30,3.9,8.86153157464875e-13,20.595,04-Oct-2023 02:30:00
0,"Clear",2023-10-04T03:00:00,12.2,17.8,70.08,"41.83019005524591, 12.46317478841414",0,0,1022.8,"LIRF,16242099999,16239099999,AT416,16224099999,LIRA",17.8,8.6,118,6.7,8.81566156720386e-13,3.7859,04-Oct-2023 03:00:00
0,"Clear",2023-10-04T03:30:00,12.2,17.8,70.08,"41.83019005524591, 12.46317478841414",0,0,1022.8,"LIRF,16242099999,16239099999,AT416,16224099999,LIRA",17.8,8.6,118,6.7,8.77005850386368e-13,0,04-Oct-2023 03:30:00
0,"Clear",2023-10-04T04:00:00,11.3,17.6,66.52,"41.83019005524591, 12.46317478841414",0,0,1022.8,"LIRF,16242099999,16239099999,AT416,16224099999,LIRA",17.6,8.4,118,5.4,8.72472065988315e-13,0,04-Oct-2023 04:00:00
0,"Clear",2023-10-04T04:30:00,11.3,17.6,66.52,"41.83019005524591, 12.46317478841414",0,0,1022.8,"LIRF,16242099999,16239099999,AT416,16224099999,LIRA",17.6,8.4,118,5.4,8.67964632201168e-13,0,04-Oct-2023 04:30:00
0,"Clear",2023-10-04T05:00:00,12.6,17.4,73.7,"41.83019005524591, 12.46317478841414",0,0,1022.1,"LIRF,16242099999,16239099999,AT416,16224099999,LIRA",17.4,9.2,127,4.5,8.63483378991828e-13,0,04-Oct-2023 05:00:00
0,"Clear",2023-10-04T05:30:00,12.6,17.4,73.7,"41.83019005524591, 12.46317478841414",0,0,1022.1,"LIRF,16242099999,16239099999,AT416,16224099999,LIRA",17.4,9.2,127,4.5,8.59028137533084e-13,0,04-Oct-2023 05:30:00
78.2,"Partially cloudy",2023-10-04T06:00:00,14.2,16.6,85.89,"41.83019005524591, 12.46317478841414",0,0,1022,"LIRF,16242099999,16239099999,AT416,16224099999,LIRA",16.6,6.4,40,5.9,8.54598740120257e-13,41.9497,04-Oct-2023 06:00:00
78.2,"Partially cloudy",2023-10-04T06:30:00,14.2,16.6,85.89,"41.83019005524591, 12.46317478841414",0,0,1022,"LIRF,16242099999,16239099999,AT416,16224099999,LIRA",16.6,6.4,40,5.9,8.50195020311312e-13,30.9497,04-Oct-2023 06:30:00
23.5,"Partially cloudy",2023-10-04T07:00:00,14.8,16.4,90.67,"41.83019005524591, 12.46317478841414",0,0,1022.1,"LIRF,16242099999,16239099999,AT416,16224099999,16234099999,LIRA",16.4,8.3,36,7.2,8.45816812842358e-13,113.5832,04-Oct-2023 07:00:00
23.5,"Partially cloudy",2023-10-04T07:30:00,14.8,16.4,90.67,"41.83019005524591, 12.46317478841414",0,0,1022.1,"LIRF,16242099999,16239099999,AT416,16224099999,16234099999,LIRA",16.4,8.3,36,7.2,8.41463953545791e-13,307.4346,04-Oct-2023 07:30:00
27.7,"Rain, Partially cloudy",2023-10-04T08:00:00,12.1,15.9,78.09,"41.83019005524591, 12.46317478841414",0.049,100,1022.1,"LIRF,16242099999,16239099999,AT416,16224099999,16234099999,LIRA",15.9,8.9,24,8.9,8.37136279488066e-13,514.1113,04-Oct-2023 08:00:00
27.7,"Rain, Partially cloudy",2023-10-04T08:30:00,12.1,15.9,78.09,"41.83019005524591, 12.46317478841414",0.049,100,1022.1,"LIRF,16242099999,16239099999,AT416,16224099999,16234099999,LIRA",15.9,8.9,24,8.9,8.32833628886721e-13,646.894,04-Oct-2023 08:30:00
27.7,"Partially cloudy",2023-10-04T09:00:00,12.3,17,74,"41.83019005524591, 12.46317478841414",0,0,1022.8,"LIRF,16242099999,16239099999,AT416,16224099999,16234099999,LIRA",17,9.1,37,6.9,8.28555841030003e-13,489.1455,04-Oct-2023 09:00:00
27.7,"Partially cloudy",2023-10-04T09:30:00,12.3,17,74,"41.83019005524591, 12.46317478841414",0,0,1022.8,"LIRF,16242099999,16239099999,AT416,16224099999,16234099999,LIRA",17,9.1,37,6.9,8.24302756412329e-13,508.7856,04-Oct-2023 09:30:00
NaN,"Clear",2023-10-04T10:00:00,11.2,20,57.09,"41.83019005524591, 12.46317478841414",0,0,1023,"LIRF,16242099999,16239099999,AT416,16234099999,LIRA",20,10,49,7.7,8.20074216652813e-13,646.844,04-Oct-2023 10:00:00
NaN,"Clear",2023-10-04T10:30:00,11.2,20,57.09,"41.83019005524591, 12.46317478841414",0,0,1023,"LIRF,16242099999,16239099999,AT416,16234099999,LIRA",20,10,49,7.7,8.15870064416344e-13,403.7785,04-Oct-2023 10:30:00
NaN,"Clear",2023-10-04T11:00:00,12.8,23.2,52.14,"41.83019005524591, 12.46317478841414",0,0,1023,"LIRF,16242099999,16239099999,AT416,16234099999,LIRA",23.2,10,306,5.3,8.11690143546774e-13,208.3777,04-Oct-2023 11:00:00
NaN,"Clear",2023-10-04T11:30:00,12.8,23.2,52.14,"41.83019005524591, 12.46317478841414",0,0,1023,"LIRF,16242099999,16239099999,AT416,16234099999,LIRA",23.2,10,306,5.3,8.07534298986921e-13,355.3428,04-Oct-2023 11:30:00
NaN,"Clear",2023-10-04T12:00:00,11.2,25.9,39.72,"41.83019005524591, 12.46317478841414",0,0,1023.1,"LIRF,16242099999,16239099999,AT416,16224099999,16234099999,LIRA",25.9,10,238,10.5,8.03402376701065e-13,393.6085,04-Oct-2023 12:00:00
NaN,"Clear",2023-10-04T12:30:00,11.2,25.9,39.72,"41.83019005524591, 12.46317478841414",0,0,1023.1,"LIRF,16242099999,16239099999,AT416,16224099999,16234099999,LIRA",25.9,10,238,10.5,7.99294223805915e-13,406.3091,04-Oct-2023 12:30:00
NaN,"Clear",2023-10-04T13:00:00,12.1,27.1,38.75,"41.83019005524591, 12.46317478841414",0,0,1023.1,"LIRF,16242099999,16239099999,AT416,16224099999,16234099999,LIRA",27.3,10,250,12.3,7.95209688492048e-13,419.6243,04-Oct-2023 13:00:00
NaN,"Clear",2023-10-04T13:30:00,12.1,27.1,38.75,"41.83019005524591, 12.46317478841414",0,0,1023.1,"LIRF,16242099999,16239099999,AT416,16224099999,16234099999,LIRA",27.3,10,250,12.3,7.91148619947796e-13,352.7357,04-Oct-2023 13:30:00
NaN,"Clear",2023-10-04T14:00:00,13.1,26.9,42.69,"41.83019005524591, 12.46317478841414",0,0,1022.8,"LIRF,16242099999,16239099999,AT416,16224099999,16234099999,LIRA",26.8,10,237,12.9,7.87110868488038e-13,292.9287,04-Oct-2023 14:00:00
NaN,"Clear",2023-10-04T14:30:00,13.1,26.9,42.69,"41.83019005524591, 12.46317478841414",0,0,1022.8,"LIRF,16242099999,16239099999,AT416,16224099999,16234099999,LIRA",26.8,10,237,12.9,7.83096285477039e-13,292.1663,04-Oct-2023 14:30:00
27.7,"Partially cloudy",2023-10-04T15:00:00,14.8,27,48.05,"41.83019005524591, 12.46317478841414",0,0,1022.8,"LIRF,16242099999,16239099999,AT416,16224099999,16234099999,LIRA",26.7,10,242,13.9,7.79104723253712e-13,296.4224,04-Oct-2023 15:00:00
27.7,"Partially cloudy",2023-10-04T15:30:00,14.8,27,48.05,"41.83019005524591, 12.46317478841414",0,0,1022.8,"LIRF,16242099999,16239099999,AT416,16224099999,16234099999,LIRA",26.7,10,242,13.9,7.75136035258256e-13,239.5661,04-Oct-2023 15:30:00
NaN,"Clear",2023-10-04T16:00:00,14.4,26,48.86,"41.83019005524591, 12.46317478841414",NaN,0,1022,"LIRF,AT416,LIRA",26,10,237,15,7.71190075956383e-13,216.7757,04-Oct-2023 16:00:00
NaN,"Clear",2023-10-04T16:30:00,14.4,26,48.86,"41.83019005524591, 12.46317478841414",NaN,0,1022,"LIRF,AT416,LIRA",26,10,237,15,7.67266700765919e-13,192.483,04-Oct-2023 16:30:00
30,"Partially cloudy",2023-10-04T17:00:00,16,25.8,54.8,"41.83019005524591, 12.46317478841414",0,0,1022.1,"LIRF,16242099999,16239099999,AT416,16224099999,16234099999,LIRA",25.8,10,225,13.8,7.63365766181333e-13,163.8638,04-Oct-2023 17:00:00
30,"Partially cloudy",2023-10-04T17:30:00,16,25.8,54.8,"41.83019005524591, 12.46317478841414",0,0,1022.1,"LIRF,16242099999,16239099999,AT416,16224099999,16234099999,LIRA",25.8,10,225,13.8,7.59487129699322e-13,174.7553,04-Oct-2023 17:30:00
28,"Partially cloudy",2023-10-04T18:00:00,17,24.2,64.11,"41.83019005524591, 12.46317478841414",0,0,1022,"LIRF,16242099999,16239099999,AT416,16224099999,16234099999,LIRA",24.2,10,233,11.8,7.55630649746721e-13,228.095,04-Oct-2023 18:00:00
28,"Partially cloudy",2023-10-04T18:30:00,17,24.2,64.11,"41.83019005524591, 12.46317478841414",0,0,1022,"LIRF,16242099999,16239099999,AT416,16224099999,16234099999,LIRA",24.2,10,233,11.8,7.51796185802962e-13,200.2158,04-Oct-2023 18:30:00
28,"Partially cloudy",2023-10-04T19:00:00,16.5,23,67,"41.83019005524591, 12.46317478841414",0,0,1022.1,"LIRF,16242099999,16239099999,AT416,16224099999,16234099999,LIRA",23,9.9,214,8.3,7.47983598326996e-13,163.9936,04-Oct-2023 19:00:00
28,"Partially cloudy",2023-10-04T19:30:00,16.5,23,67,"41.83019005524591, 12.46317478841414",0,0,1022.1,"LIRF,16242099999,16239099999,AT416,16224099999,16234099999,LIRA",23,9.9,214,8.3,7.44192748686477e-13,159.7705,04-Oct-2023 19:30:00
28,"Partially cloudy",2023-10-04T20:00:00,17.2,22.1,74,"41.83019005524591, 12.46317478841414",0,0,1022.8,"LIRF,16242099999,16239099999,AT416,16224099999,16234099999,LIRA",22.1,10,203,6.5,7.40423499278201e-13,133.9679,04-Oct-2023 20:00:00
28,"Partially cloudy",2023-10-04T20:30:00,17.2,22.1,74,"41.83019005524591, 12.46317478841414",0,0,1022.8,"LIRF,16242099999,16239099999,AT416,16224099999,16234099999,LIRA",22.1,10,203,6.5,7.3667571345632e-13,129.4027,04-Oct-2023 20:30:00
50,"Partially cloudy",2023-10-04T21:00:00,18.2,21.3,82.18,"41.83019005524591, 12.46317478841414",0,0,1022.8,"LIRF,16242099999,16239099999,AT416,16224099999,LIRA",21.3,10,179,8.9,7.32949255462793e-13,127.2652,04-Oct-2023 21:00:00
50,"Partially cloudy",2023-10-04T21:30:00,18.2,21.3,82.18,"41.83019005524591, 12.46317478841414",0,0,1022.8,"LIRF,16242099999,16239099999,AT416,16224099999,LIRA",21.3,10,179,8.9,7.29243990545828e-13,94.6465,04-Oct-2023 21:30:00
27.7,"Partially cloudy",2023-10-04T22:00:00,18.2,20.3,87.25,"41.83019005524591, 12.46317478841414",0,0,1022.8,"LIRF,16242099999,16239099999,AT416,16224099999,LIRA",20.3,10,182,7.5,7.25559784889377e-13,16.7111,04-Oct-2023 22:00:00
27.7,"Partially cloudy",2023-10-04T22:30:00,18.2,20.3,87.25,"41.83019005524591, 12.46317478841414",0,0,1022.8,"LIRF,16242099999,16239099999,AT416,16224099999,LIRA",20.3,10,182,7.5,7.2189650554481e-13,0,04-Oct-2023 22:30:00
50,"Partially cloudy",2023-10-04T23:00:00,18.2,20.3,87.4,"41.83019005524591, 12.46317478841414",0,0,1023,"LIRF,16242099999,16239099999,AT416,16224099999,LIRA",20.3,10,149,5.4,7.18254020547414e-13,0,04-Oct-2023 23:00:00
50,"Partially cloudy",2023-10-04T23:30:00,18.2,20.3,87.4,"41.83019005524591, 12.46317478841414",0,0,1023,"LIRF,16242099999,16239099999,AT416,16224099999,LIRA",20.3,10,149,5.4,7.14632198847127e-13,0,04-Oct-2023 23:30:00
50,"Partially cloudy",2023-10-05T00:00:00,17.4,20.2,84.19,"41.83019005524591, 12.46317478841414",0,0,1022.8,"LIRF,16242099999,16239099999,AT416,16224099999,LIRA",20.2,10,136,9.3,7.11030910241429e-13,0,05-Oct-2023 00:00:00
50,"Partially cloudy",2023-10-05T00:30:00,17.4,20.2,84.19,"41.83019005524591, 12.46317478841414",0,0,1022.8,"LIRF,16242099999,16239099999,AT416,16224099999,LIRA",20.2,10,136,9.3,7.07450025489915e-13,0,05-Oct-2023 00:30:00
50,"Partially cloudy",2023-10-05T01:00:00,16.4,20.2,79.16,"41.83019005524591, 12.46317478841414",0,0,1022.8,"LIRF,16242099999,16239099999,AT416,16224099999,LIRA",20.2,10,120,7.5,7.03889416246258e-13,38.6695,05-Oct-2023 01:00:00
50,"Partially cloudy",2023-10-05T01:30:00,16.4,20.2,79.16,"41.83019005524591, 12.46317478841414",0,0,1022.8,"LIRF,16242099999,16239099999,AT416,16224099999,LIRA",20.2,10,120,7.5,7.00348954992285e-13,16.6695,05-Oct-2023 01:30:00
NaN,"Clear",2023-10-05T02:00:00,17.2,20,84.17,"41.83019005524591, 12.46317478841414",0,0,1022.8,"LIRF,16242099999,16239099999,AT416,16224099999,LIRA",20,10,120,9.7,6.9682851515066e-13,0,05-Oct-2023 02:00:00
NaN,"Clear",2023-10-05T02:30:00,17.2,20,84.17,"41.83019005524591, 12.46317478841414",0,0,1022.8,"LIRF,16242099999,16239099999,AT416,16224099999,LIRA",20,10,120,9.7,6.93327971018054e-13,46.7422,05-Oct-2023 02:30:00
NaN,"Clear",2023-10-05T03:00:00,18,19.7,89.47,"41.83019005524591, 12.46317478841414",0,0,1022.8,"LIRF,16242099999,16239099999,AT416,16224099999,LIRA",19.7,10,128,8.2,6.89847197700376e-13,35.7422,05-Oct-2023 03:00:00
NaN,"Clear",2023-10-05T03:30:00,18,19.7,89.47,"41.83019005524591, 12.46317478841414",0,0,1022.8,"LIRF,16242099999,16239099999,AT416,16224099999,LIRA",19.7,10,128,8.2,6.86386071223613e-13,24.7422,05-Oct-2023 03:30:00
NaN,"Clear",2023-10-05T04:00:00,16.4,18.8,86.11,"41.83019005524591, 12.46317478841414",0,0,1022,"LIRF,16242099999,16239099999,AT416,16224099999,LIRA",18.8,10,80,4.4,6.82944468468168e-13,13.7422,05-Oct-2023 04:00:00
NaN,"Clear",2023-10-05T04:30:00,16.4,18.8,86.11,"41.83019005524591, 12.46317478841414",0,0,1022,"LIRF,16242099999,16239099999,AT416,16224099999,LIRA",18.8,10,80,4.4,6.79522267105238e-13,2.7422,05-Oct-2023 04:30:00
27.7,"Partially cloudy",2023-10-05T05:00:00,16.2,18.8,85.07,"41.83019005524591, 12.46317478841414",0,0,1021.8,"LIRF,16242099999,16239099999,AT416,16224099999,LIRA",18.8,10,55,3.3,6.76119345705827e-13,0,05-Oct-2023 05:00:00
27.7,"Partially cloudy",2023-10-05T05:30:00,16.2,18.8,85.07,"41.83019005524591, 12.46317478841414",0,0,1021.8,"LIRF,16242099999,16239099999,AT416,16224099999,LIRA",18.8,10,55,3.3,6.72735583676249e-13,0,05-Oct-2023 05:30:00
27.7,"Partially cloudy",2023-10-05T06:00:00,16,18.7,84.18,"41.83019005524591, 12.46317478841414",0,0,1021.8,"LIRF,16242099999,16239099999,AT416,16224099999,LIRA",18.7,10,47,3.9,6.69370861195613e-13,0,05-Oct-2023 06:00:00
27.7,"Partially cloudy",2023-10-05T06:30:00,16,18.7,84.18,"41.83019005524591, 12.46317478841414",0,0,1021.8,"LIRF,16242099999,16239099999,AT416,16224099999,LIRA",18.7,10,47,3.9,6.66025059323053e-13,18.1257,05-Oct-2023 06:30:00
27.7,"Partially cloudy",2023-10-05T07:00:00,17.4,19.3,88.57,"41.83019005524591, 12.46317478841414",0,0,1021.9,"LIRF,16242099999,16239099999,AT416,16224099999,16234099999,LIRA",19.3,10,122,7,6.62698059934364e-13,7.1257,05-Oct-2023 07:00:00
27.7,"Partially cloudy",2023-10-05T07:30:00,17.4,19.3,88.57,"41.83019005524591, 12.46317478841414",0,0,1021.9,"LIRF,16242099999,16239099999,AT416,16224099999,16234099999,LIRA",19.3,10,122,7,6.59389745660582e-13,48.2546,05-Oct-2023 07:30:00
55,"Partially cloudy",2023-10-05T08:00:00,17.4,19.9,85.5,"41.83019005524591, 12.46317478841414",0,0,1022.1,"LIRF,16242099999,16239099999,AT416,16224099999,16234099999,LIRA",19.9,9.8,142,8.4,6.56099999993459e-13,209.608,05-Oct-2023 08:00:00
55,"Partially cloudy",2023-10-05T08:30:00,17.4,19.9,85.5,"41.83019005524591, 12.46317478841414",0,0,1022.1,"LIRF,16242099999,16239099999,AT416,16224099999,16234099999,LIRA",19.9,9.8,142,8.4,6.52828707223208e-13,203.777,05-Oct-2023 08:30:00
43.9,"Partially cloudy",2023-10-05T09:00:00,17.6,21.3,79.51,"41.83019005524591, 12.46317478841414",0,0,1022.8,"LIRF,16242099999,16239099999,AT416,16224099999,16234099999,LIRA",21.3,9.8,146,7.3,6.49575752378155e-13,141.593,05-Oct-2023 09:00:00
43.9,"Partially cloudy",2023-10-05T09:30:00,17.6,21.3,79.51,"41.83019005524591, 12.46317478841414",0,0,1022.8,"LIRF,16242099999,16239099999,AT416,16224099999,16234099999,LIRA",21.3,9.8,146,7.3,6.46341021328497e-13,386.0523,05-Oct-2023 09:30:00
33.5,"Partially cloudy",2023-10-05T10:00:00,18,23,73.52,"41.83019005524591, 12.46317478841414",0,0,1023.1,"LIRF,16242099999,16239099999,AT416,16224099999,16234099999,LIRA",23,9.8,181,10.1,6.43124400725128e-13,332.4333,05-Oct-2023 10:00:00
33.5,"Partially cloudy",2023-10-05T10:30:00,18,23,73.52,"41.83019005524591, 12.46317478841414",0,0,1023.1,"LIRF,16242099999,16239099999,AT416,16224099999,16234099999,LIRA",23,9.8,181,10.1,6.39925777940348e-13,272.6347,05-Oct-2023 10:30:00
49.2,"Partially cloudy",2023-10-05T11:00:00,17.1,24,65.22,"41.83019005524591, 12.46317478841414",0,0,1023.8,"LIRF,16242099999,16239099999,AT416,16224099999,16234099999,LIRA",24,9.9,158,5.9,6.36745041169926e-13,272.5152,05-Oct-2023 11:00:00
49.2,"Partially cloudy",2023-10-05T11:30:00,17.1,24,65.22,"41.83019005524591, 12.46317478841414",0,0,1023.8,"LIRF,16242099999,16239099999,AT416,16224099999,16234099999,LIRA",24,9.9,158,5.9,6.33582079372997e-13,170.3297,05-Oct-2023 11:30:00
57.2,"Partially cloudy",2023-10-05T12:00:00,16.4,24.9,59.22,"41.83019005524591, 12.46317478841414",0,0,1023.8,"LIRF,16242099999,16239099999,AT416,16224099999,16234099999,LIRA",24.9,9.9,95,15.4,6.30436782213797e-13,262.9697,05-Oct-2023 12:00:00
57.2,"Partially cloudy",2023-10-05T12:30:00,16.4,24.9,59.22,"41.83019005524591, 12.46317478841414",0,0,1023.8,"LIRF,16242099999,16239099999,AT416,16224099999,16234099999,LIRA",24.9,9.9,95,15.4,6.27309040162071e-13,263.7166,05-Oct-2023 12:30:00
58.2,"Partially cloudy",2023-10-05T13:00:00,15.6,25.7,53.63,"41.83019005524591, 12.46317478841414",0,0,1023.8,"LIRF,16242099999,16239099999,AT416,16224099999,16234099999,LIRA",25.7,9.9,195,11.9,6.24198744434008e-13,192.7097,05-Oct-2023 13:00:00
58.2,"Partially cloudy",2023-10-05T13:30:00,15.6,25.7,53.63,"41.83019005524591, 12.46317478841414",0,0,1023.8,"LIRF,16242099999,16239099999,AT416,16224099999,16234099999,LIRA",25.7,9.9,195,11.9,6.21105786934997e-13,280.4055,05-Oct-2023 13:30:00
50,"Partially cloudy",2023-10-05T14:00:00,15.4,25.8,52.54,"41.83019005524591, 12.46317478841414",NaN,0,1023,"LIRF,AT416,LIRA",25.8,10,211,15.6,6.18030060358393e-13,262.184,05-Oct-2023 14:00:00
50,"Partially cloudy",2023-10-05T14:30:00,15.4,25.8,52.54,"41.83019005524591, 12.46317478841414",NaN,0,1023,"LIRF,AT416,LIRA",25.8,10,211,15.6,6.1497145812749e-13,349.827,05-Oct-2023 14:30:00
50,"Partially cloudy",2023-10-05T15:00:00,15.5,25.8,52.94,"41.83019005524591, 12.46317478841414",0,0,1022.8,"LIRF,16242099999,16239099999,AT416,16234099999,LIRA",25.8,10,223,15.4,6.11929874339254e-13,364.2782,05-Oct-2023 15:00:00
50,"Partially cloudy",2023-10-05T15:30:00,15.5,25.8,52.94,"41.83019005524591, 12.46317478841414",0,0,1022.8,"LIRF,16242099999,16239099999,AT416,16234099999,LIRA",25.8,10,223,15.4,6.08905203861502e-13,254.9984,05-Oct-2023 15:30:00
26.9,"Partially cloudy",2023-10-05T16:00:00,16.3,25.8,55.98,"41.83019005524591, 12.46317478841414",0,0,1022.1,"LIRF,16242099999,16239099999,AT416,16224099999,16234099999,LIRA",25.8,9.9,205,11,6.05897342275865e-13,205.98,05-Oct-2023 16:00:00
26.9,"Partially cloudy",2023-10-05T16:30:00,16.3,25.8,55.98,"41.83019005524591, 12.46317478841414",0,0,1022.1,"LIRF,16242099999,16239099999,AT416,16224099999,16234099999,LIRA",25.8,9.9,205,11,6.02906185822507e-13,300.0447,05-Oct-2023 16:30:00
26.9,"Partially cloudy",2023-10-05T17:00:00,16.3,24.8,59.41,"41.83019005524591, 12.46317478841414",0,0,1022,"LIRF,16242099999,16239099999,AT416,16224099999,16234099999,LIRA",24.8,9.9,232,15,5.99931631495723e-13,153.2035,05-Oct-2023 17:00:00
26.9,"Partially cloudy",2023-10-05T17:30:00,16.3,24.8,59.41,"41.83019005524591, 12.46317478841414",0,0,1022,"LIRF,16242099999,16239099999,AT416,16224099999,16234099999,LIRA",24.8,9.9,232,15,5.9697357698789e-13,108.3173,05-Oct-2023 17:30:00
26.9,"Partially cloudy",2023-10-05T18:00:00,16.6,24,63.23,"41.83019005524591, 12.46317478841414",0,0,1022,"LIRF,16242099999,16239099999,AT416,16224099999,16234099999,LIRA",24,9.9,235,11.6,5.94031920635138e-13,191.4469,05-Oct-2023 18:00:00
26.9,"Partially cloudy",2023-10-05T18:30:00,16.6,24,63.23,"41.83019005524591, 12.46317478841414",0,0,1022,"LIRF,16242099999,16239099999,AT416,16224099999,16234099999,LIRA",24,9.9,235,11.6,5.91106561511406e-13,129.8459,05-Oct-2023 18:30:00
30,"Partially cloudy",2023-10-05T19:00:00,16.6,22.8,68.11,"41.83019005524591, 12.46317478841414",0,0,1022.8,"LIRF,16242099999,16239099999,AT416,16224099999,16234099999,LIRA",22.8,9.9,235,7.7,5.88197399373356e-13,185.0877,05-Oct-2023 19:00:00
30,"Partially cloudy",2023-10-05T19:30:00,16.6,22.8,68.11,"41.83019005524591, 12.46317478841414",0,0,1022.8,"LIRF,16242099999,16239099999,AT416,16224099999,16234099999,LIRA",22.8,9.9,235,7.7,5.85304334606982e-13,132.5316,05-Oct-2023 19:30:00
30,"Partially cloudy",2023-10-05T20:00:00,17.4,21,79.82,"41.83019005524591, 12.46317478841414",0,0,1022.8,"LIRF,16242099999,16239099999,AT416,16224099999,16234099999,LIRA",21,9.9,217,6.7,5.82427268320144e-13,102.0538,05-Oct-2023 20:00:00
30,"Partially cloudy",2023-10-05T20:30:00,17.4,21,79.82,"41.83019005524591, 12.46317478841414",0,0,1022.8,"LIRF,16242099999,16239099999,AT416,16224099999,16234099999,LIRA",21,9.9,217,6.7,5.79566102288437e-13,47.7047,05-Oct-2023 20:30:00
NaN,"Clear",2023-10-05T21:00:00,17.2,20.8,80,"41.83019005524591, 12.46317478841414",NaN,0,1022.9,"LIRF,AT416,LIRA",20.8,10,171,5.1,5.76720738902711e-13,72.1274,05-Oct-2023 21:00:00
NaN,"Clear",2023-10-05T21:30:00,17.2,20.8,80,"41.83019005524591, 12.46317478841414",NaN,0,1022.9,"LIRF,AT416,LIRA",20.8,10,171,5.1,5.73891081260115e-13,95.3723,05-Oct-2023 21:30:00
NaN,"Clear",2023-10-05T22:00:00,16.4,19.8,80.91,"41.83019005524591, 12.46317478841414",0,0,1023,"LIRF,16242099999,16239099999,AT416,16224099999,LIRA",19.8,10,92,5,5.71077033110899e-13,62.3723,05-Oct-2023 22:00:00
NaN,"Clear",2023-10-05T22:30:00,16.4,19.8,80.91,"41.83019005524591, 12.46317478841414",0,0,1023,"LIRF,16242099999,16239099999,AT416,16224099999,LIRA",19.8,10,92,5,5.6827849880683e-13,39.9944,05-Oct-2023 22:30:00
NaN,"Clear",2023-10-05T23:00:00,16.2,19.7,80.56,"41.83019005524591, 12.46317478841414",NaN,0,1023,"LIRF,AT416,LIRA",19.7,10,119,3.9,5.65495383390774e-13,15.5717,05-Oct-2023 23:00:00
NaN,"Clear",2023-10-05T23:30:00,16.2,19.7,80.56,"41.83019005524591, 12.46317478841414",NaN,0,1023,"LIRF,AT416,LIRA",19.7,10,119,3.9,5.62727592544408e-13,0,05-Oct-2023 23:30:00
NaN,"Clear",2023-10-06T00:00:00,16.4,18.8,86.11,"41.83019005524591, 12.46317478841414",0,0,1023,"LIRF,16242099999,16239099999,AT416,16224099999,LIRA",18.8,10,111,4,5.59975032537519e-13,0,06-Oct-2023 00:00:00
NaN,"Clear",2023-10-06T00:30:00,16.4,18.8,86.11,"41.83019005524591, 12.46317478841414",0,0,1023,"LIRF,16242099999,16239099999,AT416,16224099999,LIRA",18.8,10,111,4,5.57237610316148e-13,19.3712,06-Oct-2023 00:30:00
0,"Clear",2023-10-06T01:00:00,16,18.6,85.05,"41.83019005524591, 12.46317478841414",0,0,1022.8,"LIRF,16242099999,16239099999,AT416,16224099999,LIRA",18.6,9.2,126,4.4,5.54515233451195e-13,8.3712,06-Oct-2023 01:00:00
0,"Clear",2023-10-06T01:30:00,16,18.6,85.05,"41.83019005524591, 12.46317478841414",0,0,1022.8,"LIRF,16242099999,16239099999,AT416,16224099999,LIRA",18.6,9.2,126,4.4,5.51807810088586e-13,0,06-Oct-2023 01:30:00
0,"Clear",2023-10-06T02:00:00,15.2,17.6,85.99,"41.83019005524591, 12.46317478841414",0,0,1022.8,"LIRF,16242099999,16239099999,AT416,16224099999,LIRA",17.6,9.2,70,5.4,5.49115249036e-13,33.0712,06-Oct-2023 02:00:00
0,"Clear",2023-10-06T02:30:00,15.2,17.6,85.99,"41.83019005524591, 12.46317478841414",0,0,1022.8,"LIRF,16242099999,16239099999,AT416,16224099999,LIRA",17.6,9.2,70,5.4,5.46437459712356e-13,11.0712,06-Oct-2023 02:30:00
0,"Clear",2023-10-06T03:00:00,15,17.4,85.97,"41.83019005524591, 12.46317478841414",0,0,1022.8,"LIRF,16242099999,16239099999,AT416,16224099999,LIRA",17.4,9,359,4,5.43774352098821e-13,0,06-Oct-2023 03:00:00
0,"Clear",2023-10-06T03:30:00,15,17.4,85.97,"41.83019005524591, 12.46317478841414",0,0,1022.8,"LIRF,16242099999,16239099999,AT416,16224099999,LIRA",17.4,9,359,4,5.4112583682416e-13,0,06-Oct-2023 03:30:00
0,"Clear",2023-10-06T04:00:00,14.5,16.8,85.91,"41.83019005524591, 12.46317478841414",0,0,1023,"LIRF,16242099999,16239099999,AT416,16224099999,LIRA",16.8,8.8,67,5.5,5.38491825115072e-13,0,06-Oct-2023 04:00:00
0,"Clear",2023-10-06T04:30:00,14.5,16.8,85.91,"41.83019005524591, 12.46317478841414",0,0,1023,"LIRF,16242099999,16239099999,AT416,16224099999,LIRA",16.8,8.8,67,5.5,5.35872228748042e-13,0,06-Oct-2023 04:30:00
0,"Clear",2023-10-06T05:00:00,15.2,16.8,90.35,"41.83019005524591, 12.46317478841414",0,0,1022.1,"LIRF,16242099999,16239099999,AT416,16224099999,LIRA",16.8,9,60,2.2,5.33266960133315e-13,0,06-Oct-2023 05:00:00
0,"Clear",2023-10-06T05:30:00,15.2,16.8,90.35,"41.83019005524591, 12.46317478841414",0,0,1022.1,"LIRF,16242099999,16239099999,AT416,16224099999,LIRA",16.8,9,60,2.2,5.30675932266088e-13,0,06-Oct-2023 05:30:00
0,"Clear",2023-10-06T06:00:00,15.3,15.3,100,"41.83019005524591, 12.46317478841414",0,0,1022.3,"LIRF,16242099999,AT416,16224099999",15.3,3,69,3.6,5.28099058679169e-13,0,06-Oct-2023 06:00:00
0,"Clear",2023-10-06T06:30:00,15.3,15.3,100,"41.83019005524591, 12.46317478841414",0,0,1022.3,"LIRF,16242099999,AT416,16224099999",15.3,3,69,3.6,5.25536253525617e-13,18.1257,06-Oct-2023 06:30:00
0,"Clear",2023-10-06T07:00:00,15,16.5,90.68,"41.83019005524591, 12.46317478841414",0,0,1022.8,"LIRF,16242099999,16239099999,AT416,16224099999,16234099999,LIRA",16.5,9.1,43,5.4,5.22987431530761e-13,7.1257,06-Oct-2023 07:00:00
0,"Clear",2023-10-06T07:30:00,15,16.5,90.68,"41.83019005524591, 12.46317478841414",0,0,1022.8,"LIRF,16242099999,16239099999,AT416,16224099999,16234099999,LIRA",16.5,9.1,43,5.4,5.20452507945658e-13,60.2101,06-Oct-2023 07:30:00
10.4,"Rain",2023-10-06T08:00:00,15.2,16,95.14,"41.83019005524591, 12.46317478841414",0.013,100,1023,"LIRF,16242099999,16239099999,AT416,16224099999,16234099999,LIRA",16,8.9,39,9.1,5.17931398628422e-13,120.1187,06-Oct-2023 08:00:00
10.4,"Rain",2023-10-06T08:30:00,15.2,16,95.14,"41.83019005524591, 12.46317478841414",0.013,100,1023,"LIRF,16242099999,16239099999,AT416,16224099999,16234099999,LIRA",16,8.9,39,9.1,5.15424019997046e-13,298.2744,06-Oct-2023 08:30:00
10.4,"Clear",2023-10-06T09:00:00,15.4,17.9,85.3,"41.83019005524591, 12.46317478841414",0,0,1023.1,"LIRF,16242099999,16239099999,AT416,16224099999,16234099999,LIRA",17.9,9.7,66,3.3,5.12930288983658e-13,220.8308,06-Oct-2023 09:00:00
10.4,"Clear",2023-10-06T09:30:00,15.4,17.9,85.3,"41.83019005524591, 12.46317478841414",0,0,1023.1,"LIRF,16242099999,16239099999,AT416,16224099999,16234099999,LIRA",17.9,9.7,66,3.3,5.10450123114546e-13,93.2559,06-Oct-2023 09:30:00
30,"Partially cloudy",2023-10-06T10:00:00,15.4,20.1,74.44,"41.83019005524591, 12.46317478841414",0,0,1023.8,"LIRF,16242099999,16239099999,AT416,16224099999,16234099999,LIRA",20.1,10,12,6.1,5.07983440463785e-13,121.4178,06-Oct-2023 10:00:00
30,"Partially cloudy",2023-10-06T10:30:00,15.4,20.1,74.44,"41.83019005524591, 12.46317478841414",0,0,1023.8,"LIRF,16242099999,16239099999,AT416,16224099999,16234099999,LIRA",20.1,10,12,6.1,5.05530159608258e-13,417.2384,06-Oct-2023 10:30:00
50,"Partially cloudy",2023-10-06T11:00:00,15.4,22.2,65.38,"41.83019005524591, 12.46317478841414",0,0,1024,"LIRF,16242099999,16239099999,AT416,16224099999,16234099999,LIRA",22.2,10,28,10.1,5.03090199706416e-13,428.4117,06-Oct-2023 11:00:00
50,"Partially cloudy",2023-10-06T11:30:00,15.4,22.2,65.38,"41.83019005524591, 12.46317478841414",0,0,1024,"LIRF,16242099999,16239099999,AT416,16224099999,16234099999,LIRA",22.2,10,28,10.1,5.00663480452683e-13,431.2198,06-Oct-2023 11:30:00
38.2,"Partially cloudy",2023-10-06T12:00:00,16,24.2,60.12,"41.83019005524591, 12.46317478841414",0,0,1023.8,"LIRF,16242099999,16239099999,AT416,16224099999,16234099999,LIRA",24.2,10,110,5,4.98249922033233e-13,431.9283,06-Oct-2023 12:00:00
38.2,"Partially cloudy",2023-10-06T12:30:00,16,24.2,60.12,"41.83019005524591, 12.46317478841414",0,0,1023.8,"LIRF,16242099999,16239099999,AT416,16224099999,16234099999,LIRA",24.2,10,110,5,0.0416666666666661,429.8696,06-Oct-2023 12:30:00
30.5,"Partially cloudy",2023-10-06T13:00:00,16.3,26,55.26,"41.83019005524591, 12.46317478841414",0,0,1023.8,"LIRF,16242099999,16239099999,AT416,16224099999,16234099999,LIRA",26,10,320,7.9,0.0833333333333339,310.0287,06-Oct-2023 13:00:00
30.5,"Partially cloudy",2023-10-06T13:30:00,16.3,26,55.26,"41.83019005524591, 12.46317478841414",0,0,1023.8,"LIRF,16242099999,16239099999,AT416,16224099999,16234099999,LIRA",26,10,320,7.9,0.125,364.288,06-Oct-2023 13:30:00
30.5,"Partially cloudy",2023-10-06T14:00:00,15.4,26.6,50.21,"41.83019005524591, 12.46317478841414",0,0,1022.8,"LIRF,16242099999,16239099999,AT416,16224099999,16234099999,LIRA",26.6,10,332,9.2,0.166666666666666,476.4794,06-Oct-2023 14:00:00
30.5,"Partially cloudy",2023-10-06T14:30:00,15.4,26.6,50.21,"41.83019005524591, 12.46317478841414",0,0,1022.8,"LIRF,16242099999,16239099999,AT416,16224099999,16234099999,LIRA",26.6,10,332,9.2,0.208333333333334,424.2885,06-Oct-2023 14:30:00
27.5,"Partially cloudy",2023-10-06T15:00:00,14.7,26.6,47.92,"41.83019005524591, 12.46317478841414",0,0,1022.1,"LIRF,16242099999,16239099999,AT416,16224099999,16234099999,LIRA",26.6,10,271,7.4,0.25,492.9728,06-Oct-2023 15:00:00
27.5,"Partially cloudy",2023-10-06T15:30:00,14.7,26.6,47.92,"41.83019005524591, 12.46317478841414",0,0,1022.1,"LIRF,16242099999,16239099999,AT416,16224099999,16234099999,LIRA",26.6,10,271,7.4,0.291666666666666,352.28,06-Oct-2023 15:30:00
27.5,"Partially cloudy",2023-10-06T16:00:00,15.4,26.5,50.52,"41.83019005524591, 12.46317478841414",0,0,1022,"LIRF,16242099999,16239099999,AT416,16224099999,16234099999,LIRA",26.5,10,267,10.2,0.333333333333334,230.9138,06-Oct-2023 16:00:00
27.5,"Partially cloudy",2023-10-06T16:30:00,15.4,26.5,50.52,"41.83019005524591, 12.46317478841414",0,0,1022,"LIRF,16242099999,16239099999,AT416,16224099999,16234099999,LIRA",26.5,10,267,10.2,0.375,223.674,06-Oct-2023 16:30:00
27.4,"Partially cloudy",2023-10-06T17:00:00,17.2,25.7,59.3,"41.83019005524591, 12.46317478841414",0,0,1022,"LIRF,16242099999,16239099999,AT416,16224099999,16234099999,LIRA",25.7,10,238,14.4,0.416666666666666,112.0469,06-Oct-2023 17:00:00
27.4,"Partially cloudy",2023-10-06T17:30:00,17.2,25.7,59.3,"41.83019005524591, 12.46317478841414",0,0,1022,"LIRF,16242099999,16239099999,AT416,16224099999,16234099999,LIRA",25.7,10,238,14.4,0.458333333333334,144.903,06-Oct-2023 17:30:00
NaN,"Clear",2023-10-06T18:00:00,17.3,24.7,63.37,"41.83019005524591, 12.46317478841414",0,0,1022,"LIRF,16242099999,16239099999,AT416,16224099999,16234099999,LIRA",24.7,10,238,12,0.5,86.3654,06-Oct-2023 18:00:00
NaN,"Clear",2023-10-06T18:30:00,17.3,24.7,63.37,"41.83019005524591, 12.46317478841414",0,0,1022,"LIRF,16242099999,16239099999,AT416,16224099999,16234099999,LIRA",24.7,10,238,12,0.541666666666666,78.7579,06-Oct-2023 18:30:00
NaN,"Clear",2023-10-06T19:00:00,17.3,22.8,71.21,"41.83019005524591, 12.46317478841414",0,0,1022.1,"LIRF,16242099999,16239099999,AT416,16224099999,16234099999,LIRA",22.8,10,247,7.7,0.583333333333334,200.6041,06-Oct-2023 19:00:00
NaN,"Clear",2023-10-06T19:30:00,17.3,22.8,71.21,"41.83019005524591, 12.46317478841414",0,0,1022.1,"LIRF,16242099999,16239099999,AT416,16224099999,16234099999,LIRA",22.8,10,247,7.7,0.625,273.6288,06-Oct-2023 19:30:00
NaN,"Clear",2023-10-06T20:00:00,18.1,21.2,82.35,"41.83019005524591, 12.46317478841414",0,0,1022.8,"LIRF,16242099999,16239099999,AT416,16224099999,16234099999,LIRA",21.2,10,229,5.7,0.666666666666666,159.5749,06-Oct-2023 20:00:00
NaN,"Clear",2023-10-06T20:30:00,18.1,21.2,82.35,"41.83019005524591, 12.46317478841414",0,0,1022.8,"LIRF,16242099999,16239099999,AT416,16224099999,16234099999,LIRA",21.2,10,229,5.7,0.708333333333334,155.3037,06-Oct-2023 20:30:00
NaN,"Clear",2023-10-06T21:00:00,18.1,21.2,82.58,"41.83019005524591, 12.46317478841414",0,0,1022.8,"LIRF,16242099999,16239099999,AT416,16224099999,LIRA",21.2,10,260,4.4,0.75,102.5487,06-Oct-2023 21:00:00
NaN,"Clear",2023-10-06T21:30:00,18.1,21.2,82.58,"41.83019005524591, 12.46317478841414",0,0,1022.8,"LIRF,16242099999,16239099999,AT416,16224099999,LIRA",21.2,10,260,4.4,0.791666666666666,62.3639,06-Oct-2023 21:30:00
0,"Clear",2023-10-06T22:00:00,17,20.8,78.83,"41.83019005524591, 12.46317478841414",0,0,1022.8,"LIRF,16242099999,16239099999,AT416,16224099999,LIRA",20.8,10,130,7.8,0.833333333333334,23.0112,06-Oct-2023 22:00:00
0,"Clear",2023-10-06T22:30:00,17,20.8,78.83,"41.83019005524591, 12.46317478841414",0,0,1022.8,"LIRF,16242099999,16239099999,AT416,16224099999,LIRA",20.8,10,130,7.8,0.875,12.0112,06-Oct-2023 22:30:00
0,"Clear",2023-10-06T23:00:00,16.5,21,75.83,"41.83019005524591, 12.46317478841414",0,0,1022.8,"LIRF,16242099999,16239099999,AT416,16224099999,LIRA",21,10,125,5,0.916666666666666,1.0112,06-Oct-2023 23:00:00
0,"Clear",2023-10-06T23:30:00,16.5,21,75.83,"41.83019005524591, 12.46317478841414",0,0,1022.8,"LIRF,16242099999,16239099999,AT416,16224099999,LIRA",21,10,125,5,0.958333333333334,0,06-Oct-2023 23:30:00
0,"Clear",2023-10-07T00:00:00,15.6,20.6,73.09,"41.83019005524591, 12.46317478841414",0,0,1023.1,"LIRF,16242099999,16239099999,AT416,16224099999,LIRA",20.6,9.8,60,4.1,1,58.3021,07-Oct-2023 00:00:00
0,"Clear",2023-10-07T00:30:00,15.6,20.6,73.09,"41.83019005524591, 12.46317478841414",0,0,1023.1,"LIRF,16242099999,16239099999,AT416,16224099999,LIRA",20.6,9.8,60,4.1,1,139.9443,07-Oct-2023 00:30:00
0,"Clear",2023-10-07T01:00:00,15.4,19.4,77.72,"41.83019005524591, 12.46317478841414",0,0,1023.1,"LIRF,16242099999,16239099999,AT416,16224099999,LIRA",19.4,9.2,4,3.6,1,83.4046,07-Oct-2023 01:00:00
0,"Clear",2023-10-07T01:30:00,15.4,19.4,77.72,"41.83019005524591, 12.46317478841414",0,0,1023.1,"LIRF,16242099999,16239099999,AT416,16224099999,LIRA",19.4,9.2,4,3.6,1,71.6216,07-Oct-2023 01:30:00
0,"Clear",2023-10-07T02:00:00,15.4,18.6,81.61,"41.83019005524591, 12.46317478841414",0,0,1023.1,"LIRF,16242099999,16239099999,AT416,16224099999,LIRA",18.6,9.2,39,5.9,1,27.6216,07-Oct-2023 02:00:00
0,"Clear",2023-10-07T02:30:00,15.4,18.6,81.61,"41.83019005524591, 12.46317478841414",0,0,1023.1,"LIRF,16242099999,16239099999,AT416,16224099999,LIRA",18.6,9.2,39,5.9,1,43.2648,07-Oct-2023 02:30:00
0,"Clear",2023-10-07T03:00:00,16.2,17.8,90.1,"41.83019005524591, 12.46317478841414",0,0,1022.8,"LIRF,16242099999,16239099999,AT416,16224099999,LIRA",17.8,9.4,78,5.5,1,28.7771,07-Oct-2023 03:00:00
0,"Clear",2023-10-07T03:30:00,16.2,17.8,90.1,"41.83019005524591, 12.46317478841414",0,0,1022.8,"LIRF,16242099999,16239099999,AT416,16224099999,LIRA",17.8,9.4,78,5.5,1,17.7771,07-Oct-2023 03:30:00
0,"Clear",2023-10-07T04:00:00,15.4,17.8,85.56,"41.83019005524591, 12.46317478841414",0,0,1022.8,"LIRF,16242099999,16239099999,AT416,16224099999,LIRA",17.8,9.4,94,4.1,1,6.7771,07-Oct-2023 04:00:00
0,"Clear",2023-10-07T04:30:00,15.4,17.8,85.56,"41.83019005524591, 12.46317478841414",0,0,1022.8,"LIRF,16242099999,16239099999,AT416,16224099999,LIRA",17.8,9.4,94,4.1,1,0,07-Oct-2023 04:30:00
0,"Clear",2023-10-07T05:00:00,15.2,16.9,89.87,"41.83019005524591, 12.46317478841414",0,0,1022.8,"LIRF,16242099999,16239099999,AT416,16224099999,LIRA",16.9,9.4,61,2.4,1,0,07-Oct-2023 05:00:00
0,"Clear",2023-10-07T05:30:00,15.2,16.9,89.87,"41.83019005524591, 12.46317478841414",0,0,1022.8,"LIRF,16242099999,16239099999,AT416,16224099999,LIRA",16.9,9.4,61,2.4,1,0,07-Oct-2023 05:30:00
0,"Clear",2023-10-07T06:00:00,14.6,17,85.48,"41.83019005524591, 12.46317478841414",0,0,1022.8,"LIRF,16242099999,16239099999,AT416,16224099999,LIRA",17,10,62,2.4,1,17.8411,07-Oct-2023 06:00:00
0,"Clear",2023-10-07T06:30:00,14.6,17,85.48,"41.83019005524591, 12.46317478841414",0,0,1022.8,"LIRF,16242099999,16239099999,AT416,16224099999,LIRA",17,10,62,2.4,1,6.8411,07-Oct-2023 06:30:00
0,"Clear",2023-10-07T07:00:00,15.2,17.6,85.54,"41.83019005524591, 12.46317478841414",0,0,1022.8,"LIRF,16242099999,16239099999,AT416,16224099999,LIRA",17.6,9.8,46,5.6,1,0,07-Oct-2023 07:00:00
0,"Clear",2023-10-07T07:30:00,15.2,17.6,85.54,"41.83019005524591, 12.46317478841414",0,0,1022.8,"LIRF,16242099999,16239099999,AT416,16224099999,LIRA",17.6,9.8,46,5.6,1,35.6079,07-Oct-2023 07:30:00
NaN,"Clear",2023-10-07T08:00:00,15.2,17,88.79,"41.83019005524591, 12.46317478841414",0,0,1022.8,"LIRF,16242099999,16239099999,AT416,16224099999,LIRA",17,10,60,4.1,1,96.7198,07-Oct-2023 08:00:00
NaN,"Clear",2023-10-07T08:30:00,15.2,17,88.79,"41.83019005524591, 12.46317478841414",0,0,1022.8,"LIRF,16242099999,16239099999,AT416,16224099999,LIRA",17,10,60,4.1,1,100.5965,07-Oct-2023 08:30:00
NaN,"Clear",2023-10-07T09:00:00,15.9,18.2,86.59,"41.83019005524591, 12.46317478841414",0,0,1023.1,"LIRF,16242099999,16239099999,AT416,16224099999,LIRA",18.2,10,29,5.5,1,202.7796,07-Oct-2023 09:00:00
NaN,"Clear",2023-10-07T09:30:00,15.9,18.2,86.59,"41.83019005524591, 12.46317478841414",0,0,1023.1,"LIRF,16242099999,16239099999,AT416,16224099999,LIRA",18.2,10,29,5.5,1,201.0859,07-Oct-2023 09:30:00
NaN,"Clear",2023-10-07T10:00:00,15,20.4,70.99,"41.83019005524591, 12.46317478841414",0,0,1023.8,"LIRF,16242099999,16239099999,AT416,16224099999,LIRA",20.4,10,30,6.6,1,185.3161,07-Oct-2023 10:00:00
NaN,"Clear",2023-10-07T10:30:00,15,20.4,70.99,"41.83019005524591, 12.46317478841414",0,0,1023.8,"LIRF,16242099999,16239099999,AT416,16224099999,LIRA",20.4,10,30,6.6,1,165.4952,07-Oct-2023 10:30:00
NaN,"Clear",2023-10-07T11:00:00,16.2,23.2,64.75,"41.83019005524591, 12.46317478841414",0,0,1023.8,"LIRF,16242099999,16239099999,AT416,16224099999,LIRA",23.2,10,60,4.1,1,171.7475,07-Oct-2023 11:00:00
NaN,"Clear",2023-10-07T11:30:00,16.2,23.2,64.75,"41.83019005524591, 12.46317478841414",0,0,1023.8,"LIRF,16242099999,16239099999,AT416,16224099999,LIRA",23.2,10,60,4.1,1,138.6456,07-Oct-2023 11:30:00
28,"Partially cloudy",2023-10-07T12:00:00,17.1,25,61.57,"41.83019005524591, 12.46317478841414",0,0,1023.8,"LIRF,16242099999,16239099999,AT416,16224099999,LIRA",25,10,NaN,5.8,1,218.4764,07-Oct-2023 12:00:00
28,"Partially cloudy",2023-10-07T12:30:00,17.1,25,61.57,"41.83019005524591, 12.46317478841414",0,0,1023.8,"LIRF,16242099999,16239099999,AT416,16224099999,LIRA",25,10,NaN,5.8,1,264.84,07-Oct-2023 12:30:00
26.9,"Partially cloudy",2023-10-07T13:00:00,16.5,27.4,53.28,"41.83019005524591, 12.46317478841414",0,0,1023.8,"LIRF,16242099999,16239099999,AT416,16224099999,LIRA",26.8,10,200,8.5,1,314.0228,07-Oct-2023 13:00:00
26.9,"Partially cloudy",2023-10-07T13:30:00,16.5,27.4,53.28,"41.83019005524591, 12.46317478841414",0,0,1023.8,"LIRF,16242099999,16239099999,AT416,16224099999,LIRA",26.8,10,200,8.5,1,203.8031,07-Oct-2023 13:30:00
45.7,"Partially cloudy",2023-10-07T14:00:00,17.3,26,58.94,"41.83019005524591, 12.46317478841414",0,0,1023,"LIRF,16242099999,16239099999,AT416,16224099999,LIRA",26,10,276,10.3,1,183.7494,07-Oct-2023 14:00:00
45.7,"Partially cloudy",2023-10-07T14:30:00,17.3,26,58.94,"41.83019005524591, 12.46317478841414",0,0,1023,"LIRF,16242099999,16239099999,AT416,16224099999,LIRA",26,10,276,10.3,1,226.3057,07-Oct-2023 14:30:00
50,"Partially cloudy",2023-10-07T15:00:00,17.3,27.6,56.28,"41.83019005524591, 12.46317478841414",0,0,1022.8,"LIRF,16242099999,16239099999,AT416,16224099999,LIRA",26.8,10,236,11.2,1,314.3281,07-Oct-2023 15:00:00
50,"Partially cloudy",2023-10-07T15:30:00,17.3,27.6,56.28,"41.83019005524591, 12.46317478841414",0,0,1022.8,"LIRF,16242099999,16239099999,AT416,16224099999,LIRA",26.8,10,236,11.2,1,309.336,07-Oct-2023 15:30:00
50,"Partially cloudy",2023-10-07T16:00:00,18.2,26.6,59.89,"41.83019005524591, 12.46317478841414",0,0,1022.1,"LIRF,16242099999,16239099999,AT416,16224099999,LIRA",26.6,10,261,16.8,1,214.3707,07-Oct-2023 16:00:00
50,"Partially cloudy",2023-10-07T16:30:00,18.2,26.6,59.89,"41.83019005524591, 12.46317478841414",0,0,1022.1,"LIRF,16242099999,16239099999,AT416,16224099999,LIRA",26.6,10,261,16.8,1,161.9092,07-Oct-2023 16:30:00
26.7,"Partially cloudy",2023-10-07T17:00:00,17.2,25.8,59.09,"41.83019005524591, 12.46317478841414",0,0,1022.1,"LIRF,16242099999,16239099999,AT416,16224099999,LIRA",25.8,10,261,14.7,1,161.5208,07-Oct-2023 17:00:00
26.7,"Partially cloudy",2023-10-07T17:30:00,17.2,25.8,59.09,"41.83019005524591, 12.46317478841414",0,0,1022.1,"LIRF,16242099999,16239099999,AT416,16224099999,LIRA",25.8,10,261,14.7,1,149.1576,07-Oct-2023 17:30:00
26.7,"Partially cloudy",2023-10-07T18:00:00,15.8,24.8,57.28,"41.83019005524591, 12.46317478841414",0,0,1022.1,"LIRF,16242099999,16239099999,AT416,16224099999,LIRA",24.8,10,263,13.2,1,185.1149,07-Oct-2023 18:00:00
26.7,"Partially cloudy",2023-10-07T18:30:00,15.8,24.8,57.28,"41.83019005524591, 12.46317478841414",0,0,1022.1,"LIRF,16242099999,16239099999,AT416,16224099999,LIRA",24.8,10,263,13.2,1,168.2554,07-Oct-2023 18:30:00
NaN,"Clear",2023-10-07T19:00:00,15.7,23,63.64,"41.83019005524591, 12.46317478841414",0,0,1022.8,"LIRF,16242099999,16239099999,AT416,16224099999,LIRA",23,10,248,8.2,1,155.8098,07-Oct-2023 19:00:00
NaN,"Clear",2023-10-07T19:30:00,15.7,23,63.64,"41.83019005524591, 12.46317478841414",0,0,1022.8,"LIRF,16242099999,16239099999,AT416,16224099999,LIRA",23,10,248,8.2,1,250.554,07-Oct-2023 19:30:00
NaN,"Clear",2023-10-07T20:00:00,16.5,22,71.2,"41.83019005524591, 12.46317478841414",0,0,1022.8,"LIRF,16242099999,16239099999,AT416,16224099999,LIRA",22,10,214,7.8,1,248.4868,07-Oct-2023 20:00:00
NaN,"Clear",2023-10-07T20:30:00,16.5,22,71.2,"41.83019005524591, 12.46317478841414",0,0,1022.8,"LIRF,16242099999,16239099999,AT416,16224099999,LIRA",22,10,214,7.8,1,103.7741,07-Oct-2023 20:30:00
NaN,"Clear",2023-10-07T21:00:00,17.3,22,74.56,"41.83019005524591, 12.46317478841414",0,0,1022.9,"LIRF,16242099999,16239099999,AT416,16224099999,LIRA",22,10,280,4.4,1,74.2235,07-Oct-2023 21:00:00
NaN,"Clear",2023-10-07T21:30:00,17.3,22,74.56,"41.83019005524591, 12.46317478841414",0,0,1022.9,"LIRF,16242099999,16239099999,AT416,16224099999,LIRA",22,10,280,4.4,1,35.7863,07-Oct-2023 21:30:00
NaN,"Clear",2023-10-07T22:00:00,16.3,21,74.52,"41.83019005524591, 12.46317478841414",0,0,1023.1,"LIRF,16242099999,16239099999,AT416,16224099999,LIRA",21,10,98,5.9,1,13.4686,07-Oct-2023 22:00:00
NaN,"Clear",2023-10-07T22:30:00,16.3,21,74.52,"41.83019005524591, 12.46317478841414",0,0,1023.1,"LIRF,16242099999,16239099999,AT416,16224099999,LIRA",21,10,98,5.9,1,2.4686,07-Oct-2023 22:30:00
NaN,"Clear",2023-10-07T23:00:00,15.3,20.6,71.82,"41.83019005524591, 12.46317478841414",0,0,1023.1,"LIRF,16242099999,16239099999,AT416,16224099999,LIRA",20.6,10,160,6.7,1,0,07-Oct-2023 23:00:00
NaN,"Clear",2023-10-07T23:30:00,15.3,20.6,71.82,"41.83019005524591, 12.46317478841414",0,0,1023.1,"LIRF,16242099999,16239099999,AT416,16224099999,LIRA",20.6,10,160,6.7,1,0,07-Oct-2023 23:30:00
NaN,"Clear",2023-10-08T00:00:00,16.1,19.6,80.19,"41.83019005524591, 12.46317478841414",0,0,1023.1,"LIRF,16242099999,16239099999,AT416,16224099999,LIRA",19.6,10,136,5.1,1,65.5623,08-Oct-2023 00:00:00
NaN,"Clear",2023-10-08T00:30:00,16.1,19.6,80.19,"41.83019005524591, 12.46317478841414",0,0,1023.1,"LIRF,16242099999,16239099999,AT416,16224099999,LIRA",19.6,10,136,5.1,1,125.1287,08-Oct-2023 00:30:00
NaN,"Clear",2023-10-08T01:00:00,14.2,19.2,72.59,"41.83019005524591, 12.46317478841414",0,0,1023.1,"LIRF,16242099999,16239099999,AT416,16224099999,LIRA",19.2,10,115,4.5,1,169.1895,08-Oct-2023 01:00:00
NaN,"Clear",2023-10-08T01:30:00,14.2,19.2,72.59,"41.83019005524591, 12.46317478841414",0,0,1023.1,"LIRF,16242099999,16239099999,AT416,16224099999,LIRA",19.2,10,115,4.5,1,126.2896,08-Oct-2023 01:30:00
NaN,"Clear",2023-10-08T02:00:00,14.2,18.4,76.49,"41.83019005524591, 12.46317478841414",0,0,1022.8,"LIRF,16242099999,16239099999,AT416,16224099999,LIRA",18.4,10,34,2.4,1,71.2896,08-Oct-2023 02:00:00
NaN,"Clear",2023-10-08T02:30:00,14.2,18.4,76.49,"41.83019005524591, 12.46317478841414",0,0,1022.8,"LIRF,16242099999,16239099999,AT416,16224099999,LIRA",18.4,10,34,2.4,1,29.3357,08-Oct-2023 02:30:00
NaN,"Clear",2023-10-08T03:00:00,14,16.6,84.69,"41.83019005524591, 12.46317478841414",0,0,1022.8,"LIRF,16242099999,16239099999,AT416,16224099999,LIRA",16.6,10,50,3.6,1,119.0962,08-Oct-2023 03:00:00
NaN,"Clear",2023-10-08T03:30:00,14,16.6,84.69,"41.83019005524591, 12.46317478841414",0,0,1022.8,"LIRF,16242099999,16239099999,AT416,16224099999,LIRA",16.6,10,50,3.6,1,78.7605,08-Oct-2023 03:30:00
NaN,"Clear",2023-10-08T04:00:00,14.4,16.2,89.04,"41.83019005524591, 12.46317478841414",0,0,1022.8,"LIRF,16242099999,16239099999,AT416,16224099999,LIRA",16.2,10,6,6.7,1,50.4642,08-Oct-2023 04:00:00
NaN,"Clear",2023-10-08T04:30:00,14.4,16.2,89.04,"41.83019005524591, 12.46317478841414",0,0,1022.8,"LIRF,16242099999,16239099999,AT416,16224099999,LIRA",16.2,10,6,6.7,1,28.4642,08-Oct-2023 04:30:00
0,"Clear",2023-10-08T05:00:00,14.2,15.9,90.12,"41.83019005524591, 12.46317478841414",0,0,1022.1,"LIRF,16242099999,16239099999,AT416,16224099999,LIRA",15.9,9.6,27,7.1,1,6.46420000000001,08-Oct-2023 05:00:00
0,"Clear",2023-10-08T05:30:00,14.2,15.9,90.12,"41.83019005524591, 12.46317478841414",0,0,1022.1,"LIRF,16242099999,16239099999,AT416,16224099999,LIRA",15.9,9.6,27,7.1,1,0,08-Oct-2023 05:30:00
NaN,"Clear",2023-10-08T06:00:00,13.4,15.3,88.8,"41.83019005524591, 12.46317478841414",0,0,1022.1,"LIRF,16242099999,16239099999,AT416,16224099999,LIRA",15.3,10,28,7.6,1,17.8411,08-Oct-2023 06:00:00
NaN,"Clear",2023-10-08T06:30:00,13.4,15.3,88.8,"41.83019005524591, 12.46317478841414",0,0,1022.1,"LIRF,16242099999,16239099999,AT416,16224099999,LIRA",15.3,10,28,7.6,1,6.8411,08-Oct-2023 06:30:00
NaN,"Clear",2023-10-08T07:00:00,13.2,15.1,88.79,"41.83019005524591, 12.46317478841414",0,0,1022.1,"LIRF,16242099999,16239099999,AT416,16224099999,LIRA",15.1,10,38,8,1,20.9571,08-Oct-2023 07:00:00
NaN,"Clear",2023-10-08T07:30:00,13.2,15.1,88.79,"41.83019005524591, 12.46317478841414",0,0,1022.1,"LIRF,16242099999,16239099999,AT416,16224099999,LIRA",15.1,10,38,8,1,55.9751,08-Oct-2023 07:30:00
NaN,"Clear",2023-10-08T08:00:00,13.2,15.1,88.79,"41.83019005524591, 12.46317478841414",0,0,1022.8,"LIRF,16242099999,16239099999,AT416,16224099999,LIRA",15.1,10,78,6.5,1,82.7613,08-Oct-2023 08:00:00
NaN,"Clear",2023-10-08T08:30:00,13.2,15.1,88.79,"41.83019005524591, 12.46317478841414",0,0,1022.8,"LIRF,16242099999,16239099999,AT416,16224099999,LIRA",15.1,10,78,6.5,1,60.7613,08-Oct-2023 08:30:00
NaN,"Clear",2023-10-08T09:00:00,13.4,17.2,78.32,"41.83019005524591, 12.46317478841414",0,0,1023.1,"LIRF,16242099999,16239099999,AT416,16224099999,LIRA",17.2,10,60,10.8,1,97.4357,08-Oct-2023 09:00:00
NaN,"Clear",2023-10-08T09:30:00,13.4,17.2,78.32,"41.83019005524591, 12.46317478841414",0,0,1023.1,"LIRF,16242099999,16239099999,AT416,16224099999,LIRA",17.2,10,60,10.8,1,42.4357,08-Oct-2023 09:30:00
NaN,"Clear",2023-10-08T10:00:00,13.2,19.6,66.62,"41.83019005524591, 12.46317478841414",0,0,1023.8,"LIRF,16242099999,16239099999,AT416,16224099999,LIRA",19.6,10,25,11.4,1,93.0029,08-Oct-2023 10:00:00
NaN,"Clear",2023-10-08T10:30:00,13.2,19.6,66.62,"41.83019005524591, 12.46317478841414",0,0,1023.8,"LIRF,16242099999,16239099999,AT416,16224099999,LIRA",19.6,10,25,11.4,1,219.0032,08-Oct-2023 10:30:00
NaN,"Clear",2023-10-08T11:00:00,13.2,22.4,56.16,"41.83019005524591, 12.46317478841414",0,0,1023.8,"LIRF,16242099999,16239099999,AT416,16224099999,LIRA",22.4,10,50,3.3,1,249.5953,08-Oct-2023 11:00:00
NaN,"Clear",2023-10-08T11:30:00,13.2,22.4,56.16,"41.83019005524591, 12.46317478841414",0,0,1023.8,"LIRF,16242099999,16239099999,AT416,16224099999,LIRA",22.4,10,50,3.3,1,145.4771,08-Oct-2023 11:30:00
NaN,"Clear",2023-10-08T12:00:00,12.4,24.4,47.28,"41.83019005524591, 12.46317478841414",0,0,1023.1,"LIRF,16242099999,16239099999,AT416,16224099999,LIRA",24.4,10,303,5.1,1,160.5467,08-Oct-2023 12:00:00
NaN,"Clear",2023-10-08T12:30:00,12.4,24.4,47.28,"41.83019005524591, 12.46317478841414",0,0,1023.1,"LIRF,16242099999,16239099999,AT416,16224099999,LIRA",24.4,10,303,5.1,1,187.4906,08-Oct-2023 12:30:00
NaN,"Clear",2023-10-08T13:00:00,12.8,26,43.96,"41.83019005524591, 12.46317478841414",0,0,1023.1,"LIRF,16242099999,16239099999,AT416,16224099999,LIRA",26,10,334,9.9,1,202.5342,08-Oct-2023 13:00:00
NaN,"Clear",2023-10-08T13:30:00,12.8,26,43.96,"41.83019005524591, 12.46317478841414",0,0,1023.1,"LIRF,16242099999,16239099999,AT416,16224099999,LIRA",26,10,334,9.9,1,168.1495,08-Oct-2023 13:30:00
NaN,"Clear",2023-10-08T14:00:00,12.2,27.1,38.87,"41.83019005524591, 12.46317478841414",0,0,1022.8,"LIRF,16242099999,16239099999,AT416,16224099999,LIRA",27.4,10,328,10.7,1,85.1475,08-Oct-2023 14:00:00
NaN,"Clear",2023-10-08T14:30:00,12.2,27.1,38.87,"41.83019005524591, 12.46317478841414",0,0,1022.8,"LIRF,16242099999,16239099999,AT416,16224099999,LIRA",27.4,10,328,10.7,1,49.574,08-Oct-2023 14:30:00
NaN,"Clear",2023-10-08T15:00:00,10.8,27.4,33.92,"41.83019005524591, 12.46317478841414",0,0,1022.1,"LIRF,16242099999,16239099999,AT416,16224099999,LIRA",28.2,10,310,11,1,37.2997,08-Oct-2023 15:00:00
NaN,"Clear",2023-10-08T15:30:00,10.8,27.4,33.92,"41.83019005524591, 12.46317478841414",0,0,1022.1,"LIRF,16242099999,16239099999,AT416,16224099999,LIRA",28.2,10,310,11,1,33.7128,08-Oct-2023 15:30:00
NaN,"Clear",2023-10-08T16:00:00,16.3,28.5,48.42,"41.83019005524591, 12.46317478841414",0,0,1021.8,"LIRF,16242099999,16239099999,AT416,16224099999,LIRA",28.2,10,280,10.6,1,109.7201,08-Oct-2023 16:00:00
NaN,"Clear",2023-10-08T16:30:00,16.3,28.5,48.42,"41.83019005524591, 12.46317478841414",0,0,1021.8,"LIRF,16242099999,16239099999,AT416,16224099999,LIRA",28.2,10,280,10.6,1,67.9145,08-Oct-2023 16:30:00
NaN,"Clear",2023-10-08T17:00:00,16.3,27.9,50.78,"41.83019005524591, 12.46317478841414",0,0,1021.8,"LIRF,16242099999,16239099999,AT416,16224099999,LIRA",27.4,10,272,14.8,1,57.2877,08-Oct-2023 17:00:00
NaN,"Clear",2023-10-08T17:30:00,16.3,27.9,50.78,"41.83019005524591, 12.46317478841414",0,0,1021.8,"LIRF,16242099999,16239099999,AT416,16224099999,LIRA",27.4,10,272,14.8,1,160.872,08-Oct-2023 17:30:00
NaN,"Clear",2023-10-08T18:00:00,15.8,25.6,54.49,"41.83019005524591, 12.46317478841414",0,0,1021.8,"LIRF,16242099999,16239099999,AT416,16224099999,LIRA",25.6,10,271,13.2,1,98.7529,08-Oct-2023 18:00:00
NaN,"Clear",2023-10-08T18:30:00,15.8,25.6,54.49,"41.83019005524591, 12.46317478841414",0,0,1021.8,"LIRF,16242099999,16239099999,AT416,16224099999,LIRA",25.6,10,271,13.2,1,148.6625,08-Oct-2023 18:30:00
NaN,"Clear",2023-10-08T19:00:00,16.7,23.8,64.59,"41.83019005524591, 12.46317478841414",0,0,1022.1,"LIRF,16242099999,16239099999,AT416,16224099999,LIRA",23.8,10,233,6.2,1,115.5903,08-Oct-2023 19:00:00
NaN,"Clear",2023-10-08T19:30:00,16.7,23.8,64.59,"41.83019005524591, 12.46317478841414",0,0,1022.1,"LIRF,16242099999,16239099999,AT416,16224099999,LIRA",23.8,10,233,6.2,1,110.2728,08-Oct-2023 19:30:00
NaN,"Clear",2023-10-08T20:00:00,16.7,22.8,68.49,"41.83019005524591, 12.46317478841414",0,0,1022.8,"LIRF,16242099999,16239099999,AT416,16224099999,LIRA",22.8,10,208,7.5,1,38.4372,08-Oct-2023 20:00:00
NaN,"Clear",2023-10-08T20:30:00,16.7,22.8,68.49,"41.83019005524591, 12.46317478841414",0,0,1022.8,"LIRF,16242099999,16239099999,AT416,16224099999,LIRA",22.8,10,208,7.5,1,18.3559,08-Oct-2023 20:30:00
NaN,"Clear",2023-10-08T21:00:00,16.6,22.8,68.25,"41.83019005524591, 12.46317478841414",0,0,1023.1,"LIRF,16242099999,16239099999,AT416,16224099999,LIRA",22.8,10,186,8.2,1,7.3559,08-Oct-2023 21:00:00
NaN,"Clear",2023-10-08T21:30:00,16.6,22.8,68.25,"41.83019005524591, 12.46317478841414",0,0,1023.1,"LIRF,16242099999,16239099999,AT416,16224099999,LIRA",22.8,10,186,8.2,1,0,08-Oct-2023 21:30:00
NaN,"Clear",2023-10-08T22:00:00,16.6,22,71.57,"41.83019005524591, 12.46317478841414",0,0,1023.1,"LIRF,16242099999,16239099999,AT416,16224099999,LIRA",22,10,202,7.5,1,19.4856,08-Oct-2023 22:00:00
NaN,"Clear",2023-10-08T22:30:00,16.6,22,71.57,"41.83019005524591, 12.46317478841414",0,0,1023.1,"LIRF,16242099999,16239099999,AT416,16224099999,LIRA",22,10,202,7.5,1,8.4856,08-Oct-2023 22:30:00
NaN,"Clear",2023-10-08T23:00:00,14.5,20.8,67.15,"41.83019005524591, 12.46317478841414",0,0,1023.8,"LIRF,16242099999,16239099999,AT416,16224099999,LIRA",20.8,10,133,5.8,1,0,08-Oct-2023 23:00:00
NaN,"Clear",2023-10-08T23:30:00,14.5,20.8,67.15,"41.83019005524591, 12.46317478841414",0,0,1023.8,"LIRF,16242099999,16239099999,AT416,16224099999,LIRA",20.8,10,133,5.8,1,0,08-Oct-2023 23:30:00
NaN,"Clear",2023-10-09T00:00:00,15.3,19.8,75.51,"41.83019005524591, 12.46317478841414",0,0,1023.8,"LIRF,16242099999,16239099999,AT416,16224099999,LIRA",19.8,10,60,2.1,2.84699174221051e-13,67.6215,09-Oct-2023 00:00:00
NaN,"Clear",2023-10-09T00:30:00,15.3,19.8,75.51,"41.83019005524591, 12.46317478841414",0,0,1023.8,"LIRF,16242099999,16239099999,AT416,16224099999,LIRA",19.8,10,60,2.1,2.83419988813755e-13,93.9612,09-Oct-2023 00:30:00
NaN,"Clear",2023-10-09T01:00:00,13.6,19.6,68.22,"41.83019005524591, 12.46317478841414",0,0,1023.8,"LIRF,16242099999,16239099999,AT416,16224099999,LIRA",19.6,10,38,2.6,2.82147265747247e-13,83.2172,09-Oct-2023 01:00:00
NaN,"Clear",2023-10-09T01:30:00,13.6,19.6,68.22,"41.83019005524591, 12.46317478841414",0,0,1023.8,"LIRF,16242099999,16239099999,AT416,16224099999,LIRA",19.6,10,38,2.6,2.80880968753048e-13,50.2172,09-Oct-2023 01:30:00
NaN,"Clear",2023-10-09T02:00:00,13.2,17.4,76.33,"41.83019005524591, 12.46317478841414",0,0,1023.8,"LIRF,16242099999,16239099999,AT416,16224099999,LIRA",17.4,10,5,5.4,2.79621061807638e-13,20.1906,09-Oct-2023 02:00:00
NaN,"Clear",2023-10-09T02:30:00,13.2,17.4,76.33,"41.83019005524591, 12.46317478841414",0,0,1023.8,"LIRF,16242099999,16239099999,AT416,16224099999,LIRA",17.4,10,5,5.4,2.78367509109454e-13,4.33969999999999,09-Oct-2023 02:30:00
NaN,"Clear",2023-10-09T03:00:00,13.4,17.8,75.32,"41.83019005524591, 12.46317478841414",0,0,1023.1,"LIRF,16242099999,16239099999,AT416,16224099999,LIRA",17.8,10,36,7.1,2.77120275056543e-13,0,09-Oct-2023 03:00:00
NaN,"Clear",2023-10-09T03:30:00,13.4,17.8,75.32,"41.83019005524591, 12.46317478841414",0,0,1023.1,"LIRF,16242099999,16239099999,AT416,16224099999,LIRA",17.8,10,36,7.1,2.75879324287106e-13,0,09-Oct-2023 03:30:00
NaN,"Clear",2023-10-09T04:00:00,13.5,17,79.41,"41.83019005524591, 12.46317478841414",0,0,1022.8,"LIRF,16242099999,16239099999,AT416,16224099999,LIRA",17,10,42,9.3,2.74644621656862e-13,0,09-Oct-2023 04:00:00
NaN,"Clear",2023-10-09T04:30:00,13.5,17,79.41,"41.83019005524591, 12.46317478841414",0,0,1022.8,"LIRF,16242099999,16239099999,AT416,16224099999,LIRA",17,10,42,9.3,2.73416132217039e-13,0,09-Oct-2023 04:30:00
NaN,"Clear",2023-10-09T05:00:00,12.5,16.8,75.42,"41.83019005524591, 12.46317478841414",0,0,1022.9,"LIRF,16242099999,16239099999,AT416,16224099999,LIRA",16.8,10,40,7.9,2.72193821254326e-13,0,09-Oct-2023 05:00:00
NaN,"Clear",2023-10-09T05:30:00,12.5,16.8,75.42,"41.83019005524591, 12.46317478841414",0,0,1022.9,"LIRF,16242099999,16239099999,AT416,16224099999,LIRA",16.8,10,40,7.9,2.70977654268577e-13,19.3698,09-Oct-2023 05:30:00
NaN,"Clear",2023-10-09T06:00:00,11.6,15.9,76.08,"41.83019005524591, 12.46317478841414",0,0,1023.1,"LIRF,16242099999,16239099999,AT416,16224099999,LIRA",15.9,10,23,5.4,2.69767596951154e-13,8.3698,09-Oct-2023 06:00:00
NaN,"Clear",2023-10-09T06:30:00,11.6,15.9,76.08,"41.83019005524591, 12.46317478841414",0,0,1023.1,"LIRF,16242099999,16239099999,AT416,16224099999,LIRA",15.9,10,23,5.4,2.68563615224277e-13,0,09-Oct-2023 06:30:00
NaN,"Clear",2023-10-09T07:00:00,11.6,16.5,72.52,"41.83019005524591, 12.46317478841414",0,0,1023.1,"LIRF,16242099999,16239099999,AT416,16224099999,16234099999,LIRA",16.5,10,62,5.4,2.67365675219083e-13,0,09-Oct-2023 07:00:00
NaN,"Clear",2023-10-09T07:30:00,11.6,16.5,72.52,"41.83019005524591, 12.46317478841414",0,0,1023.1,"LIRF,16242099999,16239099999,AT416,16224099999,16234099999,LIRA",16.5,10,62,5.4,2.66173743254293e-13,59.6681,09-Oct-2023 07:30:00
NaN,"Clear",2023-10-09T08:00:00,11.8,17.7,68.38,"41.83019005524591, 12.46317478841414",0,0,1023.8,"LIRF,16242099999,16239099999,AT416,16224099999,16234099999,LIRA",17.7,10,46,5.8,2.64987785874991e-13,98.3311,09-Oct-2023 08:00:00
NaN,"Clear",2023-10-09T08:30:00,11.8,17.7,68.38,"41.83019005524591, 12.46317478841414",0,0,1023.8,"LIRF,16242099999,16239099999,AT416,16224099999,16234099999,LIRA",17.7,10,46,5.8,2.63807769831012e-13,274.5562,09-Oct-2023 08:30:00
NaN,"Clear",2023-10-09T09:00:00,13.4,18.2,74.03,"41.83019005524591, 12.46317478841414",0,0,1024.1,"LIRF,16242099999,16239099999,AT416,16224099999,16234099999,LIRA",18.2,10,33,8.3,2.62633662055947e-13,312.4957,09-Oct-2023 09:00:00
NaN,"Clear",2023-10-09T09:30:00,13.4,18.2,74.03,"41.83019005524591, 12.46317478841414",0,0,1024.1,"LIRF,16242099999,16239099999,AT416,16224099999,16234099999,LIRA",18.2,10,33,8.3,2.61465429705341e-13,275.5114,09-Oct-2023 09:30:00
NaN,"Clear",2023-10-09T10:00:00,12.3,20.4,59.43,"41.83019005524591, 12.46317478841414",0,0,1024.1,"LIRF,16242099999,16239099999,AT416,16224099999,16234099999,LIRA",20.4,10,28,9.9,2.60303040135423e-13,310.6509,09-Oct-2023 10:00:00
NaN,"Clear",2023-10-09T10:30:00,12.3,20.4,59.43,"41.83019005524591, 12.46317478841414",0,0,1024.1,"LIRF,16242099999,16239099999,AT416,16224099999,16234099999,LIRA",20.4,10,28,9.9,2.59146460882423e-13,372.5646,09-Oct-2023 10:30:00
NaN,"Clear",2023-10-09T11:00:00,11.6,24.3,44.8,"41.83019005524591, 12.46317478841414",0,0,1024.1,"LIRF,16242099999,16239099999,AT416,16224099999,16234099999,LIRA",24.3,10,22,8,2.57995659700219e-13,312.8282,09-Oct-2023 11:00:00
NaN,"Clear",2023-10-09T11:30:00,11.6,24.3,44.8,"41.83019005524591, 12.46317478841414",0,0,1024.1,"LIRF,16242099999,16239099999,AT416,16224099999,16234099999,LIRA",24.3,10,22,8,2.56850604539386e-13,272.3478,09-Oct-2023 11:30:00
NaN,"Clear",2023-10-09T12:00:00,11.8,26.9,38.54,"41.83019005524591, 12.46317478841414",0,0,1024.1,"LIRF,16242099999,16239099999,AT416,16224099999,16234099999,LIRA",27.2,10,360,9.4,2.55711263526836e-13,293.7845,09-Oct-2023 12:00:00
NaN,"Clear",2023-10-09T12:30:00,11.8,26.9,38.54,"41.83019005524591, 12.46317478841414",0,0,1024.1,"LIRF,16242099999,16239099999,AT416,16224099999,16234099999,LIRA",27.2,10,360,9.4,2.54577605002907e-13,291.2798,09-Oct-2023 12:30:00
NaN,"Clear",2023-10-09T13:00:00,13,28.1,38.06,"41.83019005524591, 12.46317478841414",0,0,1023.8,"LIRF,16242099999,16239099999,AT416,16224099999,16234099999,LIRA",28.7,10,335,8.3,2.53449597500735e-13,430.782,09-Oct-2023 13:00:00
NaN,"Clear",2023-10-09T13:30:00,13,28.1,38.06,"41.83019005524591, 12.46317478841414",0,0,1023.8,"LIRF,16242099999,16239099999,AT416,16224099999,16234099999,LIRA",28.7,10,335,8.3,2.52327209726207e-13,531.9734,09-Oct-2023 13:30:00
NaN,"Clear",2023-10-09T14:00:00,13.2,29.3,35.69,"41.83019005524591, 12.46317478841414",0,0,1022.8,"LIRF,16242099999,16239099999,AT416,16224099999,16234099999,LIRA",30,10,294,10.6,2.51210410594505e-13,427.6918,09-Oct-2023 14:00:00
NaN,"Clear",2023-10-09T14:30:00,13.2,29.3,35.69,"41.83019005524591, 12.46317478841414",0,0,1022.8,"LIRF,16242099999,16239099999,AT416,16224099999,16234099999,LIRA",30,10,294,10.6,2.50099169209795e-13,340.5837,09-Oct-2023 14:30:00
NaN,"Clear",2023-10-09T15:00:00,12.9,29.3,34.9,"41.83019005524591, 12.46317478841414",0,0,1022.1,"LIRF,16242099999,16239099999,AT416,16224099999,16234099999,LIRA",30.1,10,296,9,2.48993454845483e-13,224.2567,09-Oct-2023 15:00:00
NaN,"Clear",2023-10-09T15:30:00,12.9,29.3,34.9,"41.83019005524591, 12.46317478841414",0,0,1022.1,"LIRF,16242099999,16239099999,AT416,16224099999,16234099999,LIRA",30.1,10,296,9,2.47893236980229e-13,162.7141,09-Oct-2023 15:30:00
NaN,"Clear",2023-10-09T16:00:00,14.8,29.1,41.21,"41.83019005524591, 12.46317478841414",0,0,1022,"LIRF,16242099999,16239099999,AT416,16224099999,16234099999,LIRA",29.4,10,279,16.1,2.46798485277941e-13,131.1894,09-Oct-2023 16:00:00
NaN,"Clear",2023-10-09T16:30:00,14.8,29.1,41.21,"41.83019005524591, 12.46317478841414",0,0,1022,"LIRF,16242099999,16239099999,AT416,16224099999,16234099999,LIRA",29.4,10,279,16.1,2.45709169568337e-13,198.37,09-Oct-2023 16:30:00
NaN,"Clear",2023-10-09T17:00:00,15.2,27.8,46.83,"41.83019005524591, 12.46317478841414",0,0,1021.8,"LIRF,16242099999,16239099999,AT416,16224099999,16234099999,LIRA",27.6,10,279,16.4,2.4462525988243e-13,198.9529,09-Oct-2023 17:00:00
NaN,"Clear",2023-10-09T17:30:00,15.2,27.8,46.83,"41.83019005524591, 12.46317478841414",0,0,1021.8,"LIRF,16242099999,16239099999,AT416,16224099999,16234099999,LIRA",27.6,10,279,16.4,2.43546726432825e-13,125.7225,09-Oct-2023 17:30:00
NaN,"Clear",2023-10-09T18:00:00,13.1,26.5,43.56,"41.83019005524591, 12.46317478841414",0,0,1021.8,"LIRF,16242099999,16239099999,AT416,16224099999,16234099999,LIRA",26.5,10,262,13.7,2.42473539594584e-13,211.7715,09-Oct-2023 18:00:00
NaN,"Clear",2023-10-09T18:30:00,13.1,26.5,43.56,"41.83019005524591, 12.46317478841414",0,0,1021.8,"LIRF,16242099999,16239099999,AT416,16224099999,16234099999,LIRA",26.5,10,262,13.7,2.41405669940181e-13,172.8429,09-Oct-2023 18:30:00
NaN,"Clear",2023-10-09T19:00:00,14.7,23.9,56.41,"41.83019005524591, 12.46317478841414",0,0,1021.8,"LIRF,16242099999,16239099999,AT416,16224099999,16234099999,LIRA",23.9,10,236,8.6,2.40343088220117e-13,123.8411,09-Oct-2023 19:00:00
NaN,"Clear",2023-10-09T19:30:00,14.7,23.9,56.41,"41.83019005524591, 12.46317478841414",0,0,1021.8,"LIRF,16242099999,16239099999,AT416,16224099999,16234099999,LIRA",23.9,10,236,8.6,2.39285765344053e-13,79.8411,09-Oct-2023 19:30:00
NaN,"Clear",2023-10-09T20:00:00,16.2,23,65.89,"41.83019005524591, 12.46317478841414",0,0,1022.1,"LIRF,16242099999,16239099999,AT416,16224099999,16234099999,LIRA",23,10,222,9.6,2.3823367241528e-13,74.6468,09-Oct-2023 20:00:00
NaN,"Clear",2023-10-09T20:30:00,16.2,23,65.89,"41.83019005524591, 12.46317478841414",0,0,1022.1,"LIRF,16242099999,16239099999,AT416,16224099999,16234099999,LIRA",23,10,222,9.6,2.37186780711605e-13,56.0662,09-Oct-2023 20:30:00
NaN,"Clear",2023-10-09T21:00:00,16.2,22,69.73,"41.83019005524591, 12.46317478841414",0,0,1022.1,"LIRF,16242099999,16239099999,AT416,16224099999,LIRA",22,10,211,8.2,2.36145061666791e-13,91.1563,09-Oct-2023 21:00:00
NaN,"Clear",2023-10-09T21:30:00,16.2,22,69.73,"41.83019005524591, 12.46317478841414",0,0,1022.1,"LIRF,16242099999,16239099999,AT416,16224099999,LIRA",22,10,211,8.2,2.35108486904509e-13,51.9587,09-Oct-2023 21:30:00
NaN,"Clear",2023-10-09T22:00:00,17.2,21.9,74.68,"41.83019005524591, 12.46317478841414",0,0,1022.8,"LIRF,16242099999,16239099999,AT416,16224099999,LIRA",21.9,10,201,6.2,2.34077028219526e-13,21.9307,09-Oct-2023 22:00:00
NaN,"Clear",2023-10-09T22:30:00,17.2,21.9,74.68,"41.83019005524591, 12.46317478841414",0,0,1022.8,"LIRF,16242099999,16239099999,AT416,16224099999,LIRA",21.9,10,201,6.2,2.33050657559418e-13,9.71390000000001,09-Oct-2023 22:30:00
NaN,"Clear",2023-10-09T23:00:00,16.4,20,79.95,"41.83019005524591, 12.46317478841414",0,0,1022.8,"LIRF,16242099999,16239099999,AT416,16224099999,LIRA",20,10,176,7.1,2.32029347058034e-13,0,09-Oct-2023 23:00:00
NaN,"Clear",2023-10-09T23:30:00,16.4,20,79.95,"41.83019005524591, 12.46317478841414",0,0,1022.8,"LIRF,16242099999,16239099999,AT416,16224099999,LIRA",20,10,176,7.1,2.31013069016963e-13,0,09-Oct-2023 23:30:00
0,"Clear",2023-10-10T00:00:00,14.8,20.2,71.24,"41.83019005524591, 12.46317478841414",0,0,1022.1,"LIRF,16242099999,16239099999,AT416,16224099999,LIRA",20.2,10,192,7.1,2.30001795887531e-13,0,10-Oct-2023 00:00:00
0,"Clear",2023-10-10T00:30:00,14.8,20.2,71.24,"41.83019005524591, 12.46317478841414",0,0,1022.1,"LIRF,16242099999,16239099999,AT416,16224099999,LIRA",20.2,10,192,7.1,2.28995500303772e-13,48.8296,10-Oct-2023 00:30:00
0,"Clear",2023-10-10T01:00:00,11.2,18.6,62.03,"41.83019005524591, 12.46317478841414",0,0,1022.1,"LIRF,16242099999,16239099999,AT416,16224099999,LIRA",18.6,10,50,4.4,2.27994155064183e-13,37.8296,10-Oct-2023 01:00:00
0,"Clear",2023-10-10T01:30:00,11.2,18.6,62.03,"41.83019005524591, 12.46317478841414",0,0,1022.1,"LIRF,16242099999,16239099999,AT416,16224099999,LIRA",18.6,10,50,4.4,2.26997733113984e-13,26.8296,10-Oct-2023 01:30:00
0,"Clear",2023-10-10T02:00:00,9.4,17.6,58.65,"41.83019005524591, 12.46317478841414",0,0,1022,"LIRF,16242099999,16239099999,AT416,16224099999,LIRA",17.6,10,37,3.6,2.26006207577618e-13,32.4409,10-Oct-2023 02:00:00
0,"Clear",2023-10-10T02:30:00,9.4,17.6,58.65,"41.83019005524591, 12.46317478841414",0,0,1022,"LIRF,16242099999,16239099999,AT416,16224099999,LIRA",17.6,10,37,3.6,2.25019551740779e-13,10.4409,10-Oct-2023 02:30:00
0,"Clear",2023-10-10T03:00:00,10.1,15.7,69.29,"41.83019005524591, 12.46317478841414",0,0,1021.8,"LIRF,16242099999,16239099999,AT416,16224099999,LIRA",15.7,10,30,5.1,2.24037739032937e-13,0,10-Oct-2023 03:00:00
0,"Clear",2023-10-10T03:30:00,10.1,15.7,69.29,"41.83019005524591, 12.46317478841414",0,0,1021.8,"LIRF,16242099999,16239099999,AT416,16224099999,LIRA",15.7,10,30,5.1,2.23060743059373e-13,0,10-Oct-2023 03:30:00
0,"Clear",2023-10-10T04:00:00,11.6,15.7,77.01,"41.83019005524591, 12.46317478841414",0,0,1021.8,"LIRF,16242099999,16239099999,AT416,16224099999,LIRA",15.7,10,20,5,2.22088537583474e-13,0,10-Oct-2023 04:00:00
0,"Clear",2023-10-10T04:30:00,11.6,15.7,77.01,"41.83019005524591, 12.46317478841414",0,0,1021.8,"LIRF,16242099999,16239099999,AT416,16224099999,LIRA",15.7,10,20,5,2.21121096509523e-13,0,10-Oct-2023 04:30:00
0,"Clear",2023-10-10T05:00:00,11.6,15.7,77.01,"41.83019005524591, 12.46317478841414",0,0,1021.1,"LIRF,16242099999,16239099999,AT416,16224099999,LIRA",15.7,10,59,4.7,2.20158393914266e-13,0,10-Oct-2023 05:00:00
0,"Clear",2023-10-10T05:30:00,11.6,15.7,77.01,"41.83019005524591, 12.46317478841414",0,0,1021.1,"LIRF,16242099999,16239099999,AT416,16224099999,LIRA",15.7,10,59,4.7,2.19200404029481e-13,0,10-Oct-2023 05:30:00
0,"Clear",2023-10-10T06:00:00,11.5,14.7,81.1,"41.83019005524591, 12.46317478841414",0,0,1021.1,"LIRF,16242099999,16239099999,AT416,16224099999,LIRA",14.7,10,28,7.1,2.1824710122502e-13,0,10-Oct-2023 06:00:00
0,"Clear",2023-10-10T06:30:00,11.5,14.7,81.1,"41.83019005524591, 12.46317478841414",0,0,1021.1,"LIRF,16242099999,16239099999,AT416,16224099999,LIRA",14.7,10,28,7.1,2.17298460039926e-13,59.3772,10-Oct-2023 06:30:00
0,"Clear",2023-10-10T07:00:00,11.4,15.3,77.54,"41.83019005524591, 12.46317478841414",0,0,1021.1,"LIRF,16242099999,16239099999,AT416,16224099999,16234099999,LIRA",15.3,10,51,7.8,2.16354455165258e-13,38.3535,10-Oct-2023 07:00:00
0,"Clear",2023-10-10T07:30:00,11.4,15.3,77.54,"41.83019005524591, 12.46317478841414",0,0,1021.1,"LIRF,16242099999,16239099999,AT416,16224099999,16234099999,LIRA",15.3,10,51,7.8,2.15415061427392e-13,146.7783,10-Oct-2023 07:30:00
NaN,"Clear",2023-10-10T08:00:00,10.7,16.3,69.37,"41.83019005524591, 12.46317478841414",0,0,1021.1,"LIRF,16242099999,16239099999,AT416,16224099999,16234099999,LIRA",16.3,10,55,7.2,2.14480253818687e-13,246.0031,10-Oct-2023 08:00:00
NaN,"Clear",2023-10-10T08:30:00,10.7,16.3,69.37,"41.83019005524591, 12.46317478841414",0,0,1021.1,"LIRF,16242099999,16239099999,AT416,16224099999,16234099999,LIRA",16.3,10,55,7.2,2.1355000748057e-13,202.6899,10-Oct-2023 08:30:00
NaN,"Clear",2023-10-10T09:00:00,11.7,17.8,67.47,"41.83019005524591, 12.46317478841414",0,0,1021.8,"LIRF,16242099999,16239099999,AT416,16224099999,16234099999,LIRA",17.8,10,41,6.6,2.12624297687083e-13,168.6603,10-Oct-2023 09:00:00
NaN,"Clear",2023-10-10T09:30:00,11.7,17.8,67.47,"41.83019005524591, 12.46317478841414",0,0,1021.8,"LIRF,16242099999,16239099999,AT416,16224099999,16234099999,LIRA",17.8,10,41,6.6,2.11703099875111e-13,279.3958,10-Oct-2023 09:30:00
NaN,"Clear",2023-10-10T10:00:00,12.3,20.1,60.95,"41.83019005524591, 12.46317478841414",0,0,1022.1,"LIRF,16242099999,16239099999,AT416,16224099999,16234099999,LIRA",20.1,10,20,7.9,2.10786389627718e-13,186.318,10-Oct-2023 10:00:00
NaN,"Clear",2023-10-10T10:30:00,12.3,20.1,60.95,"41.83019005524591, 12.46317478841414",0,0,1022.1,"LIRF,16242099999,16239099999,AT416,16224099999,16234099999,LIRA",20.1,10,20,7.9,2.09874142657943e-13,192.6404,10-Oct-2023 10:30:00
NaN,"Clear",2023-10-10T11:00:00,11.3,23.2,47.08,"41.83019005524591, 12.46317478841414",0,0,1022.1,"LIRF,16242099999,16239099999,AT416,16224099999,16234099999,LIRA",23.2,10,22,5.3,2.08966334838592e-13,245.9359,10-Oct-2023 11:00:00
NaN,"Clear",2023-10-10T11:30:00,11.3,23.2,47.08,"41.83019005524591, 12.46317478841414",0,0,1022.1,"LIRF,16242099999,16239099999,AT416,16224099999,16234099999,LIRA",23.2,10,22,5.3,2.0806294218582e-13,198.1987,10-Oct-2023 11:30:00
NaN,"Clear",2023-10-10T12:00:00,10.1,25.8,37.32,"41.83019005524591, 12.46317478841414",0,0,1021.9,"LIRF,16242099999,16239099999,AT416,16224099999,16234099999,LIRA",25.8,10,336,8.1,2.07163940843174e-13,142.2281,10-Oct-2023 12:00:00
NaN,"Clear",2023-10-10T12:30:00,10.1,25.8,37.32,"41.83019005524591, 12.46317478841414",0,0,1021.9,"LIRF,16242099999,16239099999,AT416,16224099999,16234099999,LIRA",25.8,10,336,8.1,2.06269307110953e-13,273.9849,10-Oct-2023 12:30:00
NaN,"Clear",2023-10-10T13:00:00,10.3,26.9,34.33,"41.83019005524591, 12.46317478841414",0,0,1021.8,"LIRF,16242099999,16239099999,AT416,16224099999,16234099999,LIRA",27.4,10,318,9,2.05379017430039e-13,146.2491,10-Oct-2023 13:00:00
NaN,"Clear",2023-10-10T13:30:00,10.3,26.9,34.33,"41.83019005524591, 12.46317478841414",0,0,1021.8,"LIRF,16242099999,16239099999,AT416,16224099999,16234099999,LIRA",27.4,10,318,9,2.04493048366174e-13,206.9102,10-Oct-2023 13:30:00
NaN,"Clear",2023-10-10T14:00:00,6.4,27.3,24.5,"41.83019005524591, 12.46317478841414",0,0,1021.1,"LIRF,16242099999,16239099999,AT416,16224099999,16234099999,LIRA",28.6,10,334,11.8,2.03611376638901e-13,283.0648,10-Oct-2023 14:00:00
NaN,"Clear",2023-10-10T14:30:00,6.4,27.3,24.5,"41.83019005524591, 12.46317478841414",0,0,1021.1,"LIRF,16242099999,16239099999,AT416,16224099999,16234099999,LIRA",28.6,10,334,11.8,2.02733979105637e-13,261.8454,10-Oct-2023 14:30:00
NaN,"Clear",2023-10-10T15:00:00,8.2,28.6,25.35,"41.83019005524591, 12.46317478841414",0,0,1020.1,"LIRF,16242099999,16239099999,AT416,16224099999,16234099999,LIRA",30.2,10,294,10.4,2.0186083274618e-13,303.5086,10-Oct-2023 15:00:00
NaN,"Clear",2023-10-10T15:30:00,8.2,28.6,25.35,"41.83019005524591, 12.46317478841414",0,0,1020.1,"LIRF,16242099999,16239099999,AT416,16224099999,16234099999,LIRA",30.2,10,294,10.4,2.0099191469124e-13,280.788,10-Oct-2023 15:30:00
NaN,"Clear",2023-10-10T16:00:00,10.6,28.3,31.17,"41.83019005524591, 12.46317478841414",0,0,1020.1,"LIRF,16242099999,16239099999,AT416,16224099999,16234099999,LIRA",29.5,10,286,13.5,2.00127202206748e-13,225.706,10-Oct-2023 16:00:00
NaN,"Clear",2023-10-10T16:30:00,10.6,28.3,31.17,"41.83019005524591, 12.46317478841414",0,0,1020.1,"LIRF,16242099999,16239099999,AT416,16224099999,16234099999,LIRA",29.5,10,286,13.5,1.9926667267859e-13,238.0314,10-Oct-2023 16:30:00
NaN,"Clear",2023-10-10T17:00:00,10.5,27.6,32.66,"41.83019005524591, 12.46317478841414",0,0,1019.8,"LIRF,16242099999,16239099999,AT416,16224099999,16234099999,LIRA",28.5,10,283,14.5,1.98410303640735e-13,276.7007,10-Oct-2023 17:00:00
NaN,"Clear",2023-10-10T17:30:00,10.5,27.6,32.66,"41.83019005524591, 12.46317478841414",0,0,1019.8,"LIRF,16242099999,16239099999,AT416,16224099999,16234099999,LIRA",28.5,10,283,14.5,1.97558072759771e-13,204.6764,10-Oct-2023 17:30:00
NaN,"Clear",2023-10-10T18:00:00,10.9,26.5,37.2,"41.83019005524591, 12.46317478841414",0,0,1020.1,"LIRF,16242099999,16239099999,AT416,16224099999,16234099999,LIRA",26.7,10,275,14.1,1.96709957819873e-13,248.8425,10-Oct-2023 18:00:00
NaN,"Clear",2023-10-10T18:30:00,10.9,26.5,37.2,"41.83019005524591, 12.46317478841414",0,0,1020.1,"LIRF,16242099999,16239099999,AT416,16224099999,16234099999,LIRA",26.7,10,275,14.1,1.95865936750522e-13,195.9713,10-Oct-2023 18:30:00
NaN,"Clear",2023-10-10T19:00:00,12.5,23.8,49.02,"41.83019005524591, 12.46317478841414",0,0,1020,"LIRF,16242099999,16239099999,AT416,16234099999,LIRA",23.8,10,257,8.8,1.95025987611274e-13,183.2575,10-Oct-2023 19:00:00
NaN,"Clear",2023-10-10T19:30:00,12.5,23.8,49.02,"41.83019005524591, 12.46317478841414",0,0,1020,"LIRF,16242099999,16239099999,AT416,16234099999,LIRA",23.8,10,257,8.8,1.9419008857695e-13,167.3343,10-Oct-2023 19:30:00
NaN,"Clear",2023-10-10T20:00:00,13.3,23.7,52.19,"41.83019005524591, 12.46317478841414",0,0,1020.8,"LIRF,16242099999,16239099999,AT416,16224099999,16234099999,LIRA",23.7,10,116,8.3,1.9335821796496e-13,104.5905,10-Oct-2023 20:00:00
NaN,"Clear",2023-10-10T20:30:00,13.3,23.7,52.19,"41.83019005524591, 12.46317478841414",0,0,1020.8,"LIRF,16242099999,16239099999,AT416,16224099999,16234099999,LIRA",23.7,10,116,8.3,1.925303542203e-13,42.8114,10-Oct-2023 20:30:00
NaN,"Clear",2023-10-10T21:00:00,15.5,22,66.8,"41.83019005524591, 12.46317478841414",0,0,1020.9,"LIRF,16242099999,16239099999,AT416,16224099999,LIRA",22,10,202,6.8,1.91706475900953e-13,62.9327,10-Oct-2023 21:00:00
NaN,"Clear",2023-10-10T21:30:00,15.5,22,66.8,"41.83019005524591, 12.46317478841414",0,0,1020.9,"LIRF,16242099999,16239099999,AT416,16224099999,LIRA",22,10,202,6.8,1.90886561704833e-13,40.9327,10-Oct-2023 21:30:00
NaN,"Clear",2023-10-10T22:00:00,16.5,21,75.31,"41.83019005524591, 12.46317478841414",0,0,1021.1,"LIRF,16242099999,16239099999,AT416,16224099999,LIRA",21,10,178,7.8,1.90070590454997e-13,25.0939,10-Oct-2023 22:00:00
NaN,"Clear",2023-10-10T22:30:00,16.5,21,75.31,"41.83019005524591, 12.46317478841414",0,0,1021.1,"LIRF,16242099999,16239099999,AT416,16224099999,LIRA",21,10,178,7.8,1.89258541085267e-13,14.0939,10-Oct-2023 22:30:00
NaN,"Clear",2023-10-10T23:00:00,15.5,20.8,71.73,"41.83019005524591, 12.46317478841414",0,0,1021.1,"LIRF,16242099999,16239099999,AT416,16224099999,LIRA",20.8,10,126,4.1,1.88450392666787e-13,3.0939,10-Oct-2023 23:00:00
NaN,"Clear",2023-10-10T23:30:00,15.5,20.8,71.73,"41.83019005524591, 12.46317478841414",0,0,1021.1,"LIRF,16242099999,16239099999,AT416,16224099999,LIRA",20.8,10,126,4.1,1.87646124393454e-13,0,10-Oct-2023 23:30:00
